IGES file created via the IRIT solid modeling environment with irit2igs S      1
From Data/MSRevolv.igs                                                  S      2
1H,,1H;,4HIrit,17HData/MSRevolv.igs,12HIrit Ver. 15,                    G      1
12HIrit Ver. 15,32,38,6,308,15,7HUnknown,1.0,2,2HMM,,,                  G      2
13H260414.175557,0.000001,10.0,7HUnknown,7HUnknown,,,13H260414.175557;  G      3
     128       1               1       1       0       0       000000000D      1
     128       2       8      15       0       0       0               0D      2
     128      16               1       1       0       0       000000000D      3
     128       2       8      15       0       0       0               0D      4
     128      31               1       1       0       0       000000000D      5
     128       2       8      15       0       0       0               0D      6
     128      46               1       1       0       0       000000000D      7
     128       2       8      15       0       0       0               0D      8
     128      61               1       1       0       0       000000000D      9
     128       2       8      15       0       0       0               0D     10
     128      76               1       1       0       0       000000000D     11
     128       2       8      15       0       0       0               0D     12
     128      91               1       1       0       0       000000000D     13
     128       2       8      15       0       0       0               0D     14
     128     106               1       1       0       0       000000000D     15
     128       2       8      15       0       0       0               0D     16
     128     121               1       1       0       0       000000000D     17
     128       2       8      15       0       0       0               0D     18
     128     136               1       1       0       0       000000000D     19
     128       2       8      15       0       0       0               0D     20
     128     151               1       1       0       0       000000000D     21
     128       2       8      15       0       0       0               0D     22
     128     166               1       1       0       0       000000000D     23
     128       2       8      15       0       0       0               0D     24
     128     181               1       1       0       0       000000000D     25
     128       2       8      15       0       0       0               0D     26
     128     196               1       1       0       0       000000000D     27
     128       2       8      15       0       0       0               0D     28
     128     211               1       1       0       0       000000000D     29
     128       2       8      15       0       0       0               0D     30
     128     226               1       1       0       0       000000000D     31
     128       2       8      15       0       0       0               0D     32
     128     241               1       1       0       0       000000000D     33
     128       2       8      15       0       0       0               0D     34
     128     256               1       1       0       0       000000000D     35
     128       2       8      15       0       0       0               0D     36
     128     271               1       1       0       0       000000000D     37
     128       2       8      15       0       0       0               0D     38
     128     286               1       1       0       0       000000000D     39
     128       2       8      15       0       0       0               0D     40
     128     301               1       1       0       0       000000000D     41
     128       2       8      15       0       0       0               0D     42
     128     316               1       1       0       0       000000000D     43
     128       2       8      15       0       0       0               0D     44
     128     331               1       1       0       0       000000000D     45
     128       2       8      15       0       0       0               0D     46
     128     346               1       1       0       0       000000000D     47
     128       2       8      15       0       0       0               0D     48
     128     361               1       1       0       0       000000000D     49
     128       2       8      15       0       0       0               0D     50
     128     376               1       1       0       0       000000000D     51
     128       2       8      15       0       0       0               0D     52
     128     391               1       1       0       0       000000000D     53
     128       2       8      15       0       0       0               0D     54
     128     406               1       1       0       0       000000000D     55
     128       2       8      15       0       0       0               0D     56
     128     421               1       1       0       0       000000000D     57
     128       2       8      15       0       0       0               0D     58
     128     436               1       1       0       0       000000000D     59
     128       2       8      15       0       0       0               0D     60
     128     451               1       1       0       0       000000000D     61
     128       2       8      15       0       0       0               0D     62
     128     466               1       1       0       0       000000000D     63
     128       2       8      15       0       0       0               0D     64
     128     481               1       1       0       0       000000000D     65
     128       2       8      15       0       0       0               0D     66
     128     496               1       1       0       0       000000000D     67
     128       2       8      15       0       0       0               0D     68
     128     511               1       1       0       0       000000000D     69
     128       2       8      15       0       0       0               0D     70
     128     526               1       1       0       0       000000000D     71
     128       2       8      15       0       0       0               0D     72
     128     541               1       1       0       0       000000000D     73
     128       2       8      15       0       0       0               0D     74
     128     556               1       1       0       0       000000000D     75
     128       2       8      15       0       0       0               0D     76
     128     571               1       1       0       0       000000000D     77
     128       2       8      15       0       0       0               0D     78
     128     586               1       1       0       0       000000000D     79
     128       2       8      15       0       0       0               0D     80
     128     601               1       1       0       0       000000000D     81
     128       2       8      15       0       0       0               0D     82
     128     616               1       1       0       0       000000000D     83
     128       2       8      15       0       0       0               0D     84
     128     631               1       1       0       0       000000000D     85
     128       2       8      15       0       0       0               0D     86
     128     646               1       1       0       0       000000000D     87
     128       2       8      15       0       0       0               0D     88
     128     661               1       1       0       0       000000000D     89
     128       2       8      15       0       0       0               0D     90
     128     676               1       1       0       0       000000000D     91
     128       2       8      15       0       0       0               0D     92
     128     691               1       1       0       0       000000000D     93
     128       2       8      15       0       0       0               0D     94
     128     706               1       1       0       0       000000000D     95
     128       2       8      15       0       0       0               0D     96
     128     721               1       1       0       0       000000000D     97
     128       2       8      15       0       0       0               0D     98
     128     736               1       1       0       0       000000000D     99
     128       2       8      15       0       0       0               0D    100
     128     751               1       1       0       0       000000000D    101
     128       2       8      15       0       0       0               0D    102
     128     766               1       1       0       0       000000000D    103
     128       2       8      15       0       0       0               0D    104
     128     781               1       1       0       0       000000000D    105
     128       2       8      15       0       0       0               0D    106
     128     796               1       1       0       0       000000000D    107
     128       2       8      15       0       0       0               0D    108
     128     811               1       1       0       0       000000000D    109
     128       2       8      15       0       0       0               0D    110
     128     826               1       1       0       0       000000000D    111
     128       2       8      15       0       0       0               0D    112
     128     841               1       1       0       0       000000000D    113
     128       2       8      15       0       0       0               0D    114
     128     856               1       1       0       0       000000000D    115
     128       2       8      15       0       0       0               0D    116
     128     871               1       1       0       0       000000000D    117
     128       2       8      15       0       0       0               0D    118
     128     886               1       1       0       0       000000000D    119
     128       2       8      15       0       0       0               0D    120
     128     901               1       1       0       0       000000000D    121
     128       2       8      15       0       0       0               0D    122
     128     916               1       1       0       0       000000000D    123
     128       2       8      15       0       0       0               0D    124
     128     931               1       1       0       0       000000000D    125
     128       2       8      15       0       0       0               0D    126
     128     946               1       1       0       0       000000000D    127
     128       2       8      15       0       0       0               0D    128
     128     961               1       1       0       0       000000000D    129
     128       2       8      15       0       0       0               0D    130
     128     976               1       1       0       0       000000000D    131
     128       2       8      15       0       0       0               0D    132
     128     991               1       1       0       0       000000000D    133
     128       2       8      15       0       0       0               0D    134
     128    1006               1       1       0       0       000000000D    135
     128       2       8      15       0       0       0               0D    136
     128    1021               1       1       0       0       000000000D    137
     128       2       8      15       0       0       0               0D    138
     128    1036               1       1       0       0       000000000D    139
     128       2       8      15       0       0       0               0D    140
     128    1051               1       1       0       0       000000000D    141
     128       2       8      15       0       0       0               0D    142
     128    1066               1       1       0       0       000000000D    143
     128       2       8      15       0       0       0               0D    144
     128    1081               1       1       0       0       000000000D    145
     128       2       8      15       0       0       0               0D    146
     128    1096               1       1       0       0       000000000D    147
     128       2       8      15       0       0       0               0D    148
     128    1111               1       1       0       0       000000000D    149
     128       2       8      15       0       0       0               0D    150
     128    1126               1       1       0       0       000000000D    151
     128       2       8      15       0       0       0               0D    152
     128    1141               1       1       0       0       000000000D    153
     128       2       8      15       0       0       0               0D    154
     128    1156               1       1       0       0       000000000D    155
     128       2       8      15       0       0       0               0D    156
     128    1171               1       1       0       0       000000000D    157
     128       2       8      15       0       0       0               0D    158
     128    1186               1       1       0       0       000000000D    159
     128       2       8      15       0       0       0               0D    160
     128    1201               1       1       0       0       000000000D    161
     128       2       8      15       0       0       0               0D    162
     128    1216               1       1       0       0       000000000D    163
     128       2       8      15       0       0       0               0D    164
     128    1231               1       1       0       0       000000000D    165
     128       2       8      15       0       0       0               0D    166
     128    1246               1       1       0       0       000000000D    167
     128       2       8      15       0       0       0               0D    168
     128    1261               1       1       0       0       000000000D    169
     128       2       8      15       0       0       0               0D    170
     128    1276               1       1       0       0       000000000D    171
     128       2       8      15       0       0       0               0D    172
     128    1291               1       1       0       0       000000000D    173
     128       2       8      15       0       0       0               0D    174
     128    1306               1       1       0       0       000000000D    175
     128       2       8      15       0       0       0               0D    176
     128    1321               1       1       0       0       000000000D    177
     128       2       8      15       0       0       0               0D    178
     128    1336               1       1       0       0       000000000D    179
     128       2       8      15       0       0       0               0D    180
     128    1351               1       1       0       0       000000000D    181
     128       2       8      15       0       0       0               0D    182
     128    1366               1       1       0       0       000000000D    183
     128       2       8      15       0       0       0               0D    184
     128    1381               1       1       0       0       000000000D    185
     128       2       8      15       0       0       0               0D    186
     128    1396               1       1       0       0       000000000D    187
     128       2       8      15       0       0       0               0D    188
     128    1411               1       1       0       0       000000000D    189
     128       2       8      15       0       0       0               0D    190
     128    1426               1       1       0       0       000000000D    191
     128       2       8      15       0       0       0               0D    192
     128    1441               1       1       0       0       000000000D    193
     128       2       8      15       0       0       0               0D    194
     128    1456               1       1       0       0       000000000D    195
     128       2       8      15       0       0       0               0D    196
     128    1471               1       1       0       0       000000000D    197
     128       2       8      15       0       0       0               0D    198
     128    1486               1       1       0       0       000000000D    199
     128       2       8      15       0       0       0               0D    200
     128    1501               1       1       0       0       000000000D    201
     128       2       8      15       0       0       0               0D    202
     128    1516               1       1       0       0       000000000D    203
     128       2       8      15       0       0       0               0D    204
     128    1531               1       1       0       0       000000000D    205
     128       2       8      15       0       0       0               0D    206
     128    1546               1       1       0       0       000000000D    207
     128       2       8      15       0       0       0               0D    208
     128    1561               1       1       0       0       000000000D    209
     128       2       8      15       0       0       0               0D    210
     128    1576               1       1       0       0       000000000D    211
     128       2       8      15       0       0       0               0D    212
     128    1591               1       1       0       0       000000000D    213
     128       2       8      15       0       0       0               0D    214
     128    1606               1       1       0       0       000000000D    215
     128       2       8      15       0       0       0               0D    216
     128    1621               1       1       0       0       000000000D    217
     128       2       8      15       0       0       0               0D    218
     128    1636               1       1       0       0       000000000D    219
     128       2       8      15       0       0       0               0D    220
     128    1651               1       1       0       0       000000000D    221
     128       2       8      15       0       0       0               0D    222
     128    1666               1       1       0       0       000000000D    223
     128       2       8      15       0       0       0               0D    224
     128    1681               1       1       0       0       000000000D    225
     128       2       8      15       0       0       0               0D    226
     128    1696               1       1       0       0       000000000D    227
     128       2       8      15       0       0       0               0D    228
     128    1711               1       1       0       0       000000000D    229
     128       2       8      15       0       0       0               0D    230
     128    1726               1       1       0       0       000000000D    231
     128       2       8      15       0       0       0               0D    232
     128    1741               1       1       0       0       000000000D    233
     128       2       8      15       0       0       0               0D    234
     128    1756               1       1       0       0       000000000D    235
     128       2       8      15       0       0       0               0D    236
     128    1771               1       1       0       0       000000000D    237
     128       2       8      15       0       0       0               0D    238
     128    1786               1       1       0       0       000000000D    239
     128       2       8      15       0       0       0               0D    240
     128    1801               1       1       0       0       000000000D    241
     128       2       8      15       0       0       0               0D    242
     128    1816               1       1       0       0       000000000D    243
     128       2       8      15       0       0       0               0D    244
     128    1831               1       1       0       0       000000000D    245
     128       2       8      15       0       0       0               0D    246
     128    1846               1       1       0       0       000000000D    247
     128       2       8      15       0       0       0               0D    248
     128    1861               1       1       0       0       000000000D    249
     128       2       8      15       0       0       0               0D    250
     128    1876               1       1       0       0       000000000D    251
     128       2       8      15       0       0       0               0D    252
     128    1891               1       1       0       0       000000000D    253
     128       2       8      15       0       0       0               0D    254
     128    1906               1       1       0       0       000000000D    255
     128       2       8      15       0       0       0               0D    256
     128    1921               1       1       0       0       000000000D    257
     128       2       8      15       0       0       0               0D    258
     128    1936               1       1       0       0       000000000D    259
     128       2       8      15       0       0       0               0D    260
     128    1951               1       1       0       0       000000000D    261
     128       2       8      15       0       0       0               0D    262
     128    1966               1       1       0       0       000000000D    263
     128       2       8      15       0       0       0               0D    264
     128    1981               1       1       0       0       000000000D    265
     128       2       8      15       0       0       0               0D    266
     128    1996               1       1       0       0       000000000D    267
     128       2       8      15       0       0       0               0D    268
     128    2011               1       1       0       0       000000000D    269
     128       2       8      15       0       0       0               0D    270
     128    2026               1       1       0       0       000000000D    271
     128       2       8      15       0       0       0               0D    272
     128    2041               1       1       0       0       000000000D    273
     128       2       8      15       0       0       0               0D    274
     128    2056               1       1       0       0       000000000D    275
     128       2       8      15       0       0       0               0D    276
     128    2071               1       1       0       0       000000000D    277
     128       2       8      15       0       0       0               0D    278
     128    2086               1       1       0       0       000000000D    279
     128       2       8      15       0       0       0               0D    280
     128    2101               1       1       0       0       000000000D    281
     128       2       8      15       0       0       0               0D    282
     128    2116               1       1       0       0       000000000D    283
     128       2       8      15       0       0       0               0D    284
     128    2131               1       1       0       0       000000000D    285
     128       2       8      15       0       0       0               0D    286
     128    2146               1       1       0       0       000000000D    287
     128       2       8      15       0       0       0               0D    288
     128    2161               1       1       0       0       000000000D    289
     128       2       8      15       0       0       0               0D    290
     128    2176               1       1       0       0       000000000D    291
     128       2       8      15       0       0       0               0D    292
     128    2191               1       1       0       0       000000000D    293
     128       2       8      15       0       0       0               0D    294
     128    2206               1       1       0       0       000000000D    295
     128       2       8      15       0       0       0               0D    296
     128    2221               1       1       0       0       000000000D    297
     128       2       8      15       0       0       0               0D    298
     128    2236               1       1       0       0       000000000D    299
     128       2       8      15       0       0       0               0D    300
     128    2251               1       1       0       0       000000000D    301
     128       2       8      15       0       0       0               0D    302
     128    2266               1       1       0       0       000000000D    303
     128       2       8      15       0       0       0               0D    304
     128    2281               1       1       0       0       000000000D    305
     128       2       8      15       0       0       0               0D    306
     128    2296               1       1       0       0       000000000D    307
     128       2       8      15       0       0       0               0D    308
     128    2311               1       1       0       0       000000000D    309
     128       2       8      15       0       0       0               0D    310
     128    2326               1       1       0       0       000000000D    311
     128       2       8      15       0       0       0               0D    312
     128    2341               1       1       0       0       000000000D    313
     128       2       8      15       0       0       0               0D    314
     128    2356               1       1       0       0       000000000D    315
     128       2       8      15       0       0       0               0D    316
     128    2371               1       1       0       0       000000000D    317
     128       2       8      15       0       0       0               0D    318
     128    2386               1       1       0       0       000000000D    319
     128       2       8      15       0       0       0               0D    320
     128    2401               1       1       0       0       000000000D    321
     128       2       8      15       0       0       0               0D    322
     128    2416               1       1       0       0       000000000D    323
     128       2       8      15       0       0       0               0D    324
     128    2431               1       1       0       0       000000000D    325
     128       2       8      15       0       0       0               0D    326
     128    2446               1       1       0       0       000000000D    327
     128       2       8      15       0       0       0               0D    328
     128    2461               1       1       0       0       000000000D    329
     128       2       8      15       0       0       0               0D    330
     128    2476               1       1       0       0       000000000D    331
     128       2       8      15       0       0       0               0D    332
     128    2491               1       1       0       0       000000000D    333
     128       2       8      15       0       0       0               0D    334
     128    2506               1       1       0       0       000000000D    335
     128       2       8      15       0       0       0               0D    336
     128    2521               1       1       0       0       000000000D    337
     128       2       8      15       0       0       0               0D    338
     128    2536               1       1       0       0       000000000D    339
     128       2       8      15       0       0       0               0D    340
     128    2551               1       1       0       0       000000000D    341
     128       2       8      15       0       0       0               0D    342
     128    2566               1       1       0       0       000000000D    343
     128       2       8      15       0       0       0               0D    344
     128    2581               1       1       0       0       000000000D    345
     128       2       8      15       0       0       0               0D    346
     128    2596               1       1       0       0       000000000D    347
     128       2       8      15       0       0       0               0D    348
     128    2611               1       1       0       0       000000000D    349
     128       2       8      15       0       0       0               0D    350
     128    2626               1       1       0       0       000000000D    351
     128       2       8      15       0       0       0               0D    352
     128    2641               1       1       0       0       000000000D    353
     128       2       8      15       0       0       0               0D    354
     128    2656               1       1       0       0       000000000D    355
     128       2       8      15       0       0       0               0D    356
     128    2671               1       1       0       0       000000000D    357
     128       2       8      15       0       0       0               0D    358
     128    2686               1       1       0       0       000000000D    359
     128       2       8      15       0       0       0               0D    360
     128    2701               1       1       0       0       000000000D    361
     128       2       8      15       0       0       0               0D    362
     128    2716               1       1       0       0       000000000D    363
     128       2       8      15       0       0       0               0D    364
     128    2731               1       1       0       0       000000000D    365
     128       2       8      15       0       0       0               0D    366
     128    2746               1       1       0       0       000000000D    367
     128       2       8      15       0       0       0               0D    368
     128    2761               1       1       0       0       000000000D    369
     128       2       8      15       0       0       0               0D    370
     128    2776               1       1       0       0       000000000D    371
     128       2       8      15       0       0       0               0D    372
     128    2791               1       1       0       0       000000000D    373
     128       2       8      15       0       0       0               0D    374
     128    2806               1       1       0       0       000000000D    375
     128       2       8      15       0       0       0               0D    376
     128    2821               1       1       0       0       000000000D    377
     128       2       8      15       0       0       0               0D    378
     128    2836               1       1       0       0       000000000D    379
     128       2       8      15       0       0       0               0D    380
     128    2851               1       1       0       0       000000000D    381
     128       2       8      15       0       0       0               0D    382
     128    2866               1       1       0       0       000000000D    383
     128       2       8      15       0       0       0               0D    384
     128    2881               1       1       0       0       000000000D    385
     128       2       8      15       0       0       0               0D    386
     128    2896               1       1       0       0       000000000D    387
     128       2       8      15       0       0       0               0D    388
     128    2911               1       1       0       0       000000000D    389
     128       2       8      15       0       0       0               0D    390
     128    2926               1       1       0       0       000000000D    391
     128       2       8      15       0       0       0               0D    392
     128    2941               1       1       0       0       000000000D    393
     128       2       8      15       0       0       0               0D    394
     128    2956               1       1       0       0       000000000D    395
     128       2       8      15       0       0       0               0D    396
     128    2971               1       1       0       0       000000000D    397
     128       2       8      15       0       0       0               0D    398
     128    2986               1       1       0       0       000000000D    399
     128       2       8      15       0       0       0               0D    400
     128    3001               1       1       0       0       000000000D    401
     128       2       8      15       0       0       0               0D    402
     128    3016               1       1       0       0       000000000D    403
     128       2       8      15       0       0       0               0D    404
     128    3031               1       1       0       0       000000000D    405
     128       2       8      15       0       0       0               0D    406
     128    3046               1       1       0       0       000000000D    407
     128       2       8      15       0       0       0               0D    408
     128    3061               1       1       0       0       000000000D    409
     128       2       8      15       0       0       0               0D    410
     128    3076               1       1       0       0       000000000D    411
     128       2       8      15       0       0       0               0D    412
     128    3091               1       1       0       0       000000000D    413
     128       2       8      15       0       0       0               0D    414
     128    3106               1       1       0       0       000000000D    415
     128       2       8      15       0       0       0               0D    416
     128    3121               1       1       0       0       000000000D    417
     128       2       8      15       0       0       0               0D    418
     128    3136               1       1       0       0       000000000D    419
     128       2       8      15       0       0       0               0D    420
     128    3151               1       1       0       0       000000000D    421
     128       2       8      15       0       0       0               0D    422
     128    3166               1       1       0       0       000000000D    423
     128       2       8      15       0       0       0               0D    424
     128    3181               1       1       0       0       000000000D    425
     128       2       8      15       0       0       0               0D    426
     128    3196               1       1       0       0       000000000D    427
     128       2       8      15       0       0       0               0D    428
     128    3211               1       1       0       0       000000000D    429
     128       2       8      15       0       0       0               0D    430
     128    3226               1       1       0       0       000000000D    431
     128       2       8      15       0       0       0               0D    432
     128    3241               1       1       0       0       000000000D    433
     128       2       8      15       0       0       0               0D    434
     128    3256               1       1       0       0       000000000D    435
     128       2       8      15       0       0       0               0D    436
     128    3271               1       1       0       0       000000000D    437
     128       2       8      15       0       0       0               0D    438
     128    3286               1       1       0       0       000000000D    439
     128       2       8      15       0       0       0               0D    440
     128    3301               1       1       0       0       000000000D    441
     128       2       8      15       0       0       0               0D    442
     128    3316               1       1       0       0       000000000D    443
     128       2       8      15       0       0       0               0D    444
     128    3331               1       1       0       0       000000000D    445
     128       2       8      15       0       0       0               0D    446
     128    3346               1       1       0       0       000000000D    447
     128       2       8      15       0       0       0               0D    448
     128    3361               1       1       0       0       000000000D    449
     128       2       8      15       0       0       0               0D    450
     128    3376               1       1       0       0       000000000D    451
     128       2       8      15       0       0       0               0D    452
     128    3391               1       1       0       0       000000000D    453
     128       2       8      15       0       0       0               0D    454
     128    3406               1       1       0       0       000000000D    455
     128       2       8      15       0       0       0               0D    456
     128    3421               1       1       0       0       000000000D    457
     128       2       8      15       0       0       0               0D    458
     128    3436               1       1       0       0       000000000D    459
     128       2       8      15       0       0       0               0D    460
     128    3451               1       1       0       0       000000000D    461
     128       2       8      15       0       0       0               0D    462
     128    3466               1       1       0       0       000000000D    463
     128       2       8      15       0       0       0               0D    464
     128    3481               1       1       0       0       000000000D    465
     128       2       8      15       0       0       0               0D    466
     128    3496               1       1       0       0       000000000D    467
     128       2       8      15       0       0       0               0D    468
     128    3511               1       1       0       0       000000000D    469
     128       2       8      15       0       0       0               0D    470
     128    3526               1       1       0       0       000000000D    471
     128       2       8      15       0       0       0               0D    472
     128    3541               1       1       0       0       000000000D    473
     128       2       8      15       0       0       0               0D    474
     128    3556               1       1       0       0       000000000D    475
     128       2       8      15       0       0       0               0D    476
     128    3571               1       1       0       0       000000000D    477
     128       2       8      15       0       0       0               0D    478
     128    3586               1       1       0       0       000000000D    479
     128       2       8      15       0       0       0               0D    480
     128    3601               1       1       0       0       000000000D    481
     128       2       8      15       0       0       0               0D    482
     128    3616               1       1       0       0       000000000D    483
     128       2       8      15       0       0       0               0D    484
     128    3631               1       1       0       0       000000000D    485
     128       2       8      15       0       0       0               0D    486
     128    3646               1       1       0       0       000000000D    487
     128       2       8      15       0       0       0               0D    488
     128    3661               1       1       0       0       000000000D    489
     128       2       8      15       0       0       0               0D    490
     128    3676               1       1       0       0       000000000D    491
     128       2       8      15       0       0       0               0D    492
     128    3691               1       1       0       0       000000000D    493
     128       2       8      15       0       0       0               0D    494
     128    3706               1       1       0       0       000000000D    495
     128       2       8      15       0       0       0               0D    496
     128    3721               1       1       0       0       000000000D    497
     128       2       8      15       0       0       0               0D    498
     128    3736               1       1       0       0       000000000D    499
     128       2       8      15       0       0       0               0D    500
     128    3751               1       1       0       0       000000000D    501
     128       2       8      15       0       0       0               0D    502
     128    3766               1       1       0       0       000000000D    503
     128       2       8      15       0       0       0               0D    504
     128    3781               1       1       0       0       000000000D    505
     128       2       8      15       0       0       0               0D    506
     128    3796               1       1       0       0       000000000D    507
     128       2       8      15       0       0       0               0D    508
     128    3811               1       1       0       0       000000000D    509
     128       2       8      15       0       0       0               0D    510
     128    3826               1       1       0       0       000000000D    511
     128       2       8      15       0       0       0               0D    512
     128    3841               1       1       0       0       000000000D    513
     128       2       8      15       0       0       0               0D    514
     128    3856               1       1       0       0       000000000D    515
     128       2       8      15       0       0       0               0D    516
     128    3871               1       1       0       0       000000000D    517
     128       2       8      15       0       0       0               0D    518
     128    3886               1       1       0       0       000000000D    519
     128       2       8      15       0       0       0               0D    520
     128    3901               1       1       0       0       000000000D    521
     128       2       8      15       0       0       0               0D    522
     128    3916               1       1       0       0       000000000D    523
     128       2       8      15       0       0       0               0D    524
     128    3931               1       1       0       0       000000000D    525
     128       2       8      15       0       0       0               0D    526
     128    3946               1       1       0       0       000000000D    527
     128       2       8      15       0       0       0               0D    528
     128    3961               1       1       0       0       000000000D    529
     128       2       8      15       0       0       0               0D    530
     128    3976               1       1       0       0       000000000D    531
     128       2       8      15       0       0       0               0D    532
     128    3991               1       1       0       0       000000000D    533
     128       2       8      15       0       0       0               0D    534
     128    4006               1       1       0       0       000000000D    535
     128       2       8      15       0       0       0               0D    536
     128    4021               1       1       0       0       000000000D    537
     128       2       8      15       0       0       0               0D    538
     128    4036               1       1       0       0       000000000D    539
     128       2       8      15       0       0       0               0D    540
     128    4051               1       1       0       0       000000000D    541
     128       2       8      15       0       0       0               0D    542
     128    4066               1       1       0       0       000000000D    543
     128       2       8      15       0       0       0               0D    544
     128    4081               1       1       0       0       000000000D    545
     128       2       8      15       0       0       0               0D    546
     128    4096               1       1       0       0       000000000D    547
     128       2       8      15       0       0       0               0D    548
     128    4111               1       1       0       0       000000000D    549
     128       2       8      15       0       0       0               0D    550
     128    4126               1       1       0       0       000000000D    551
     128       2       8      15       0       0       0               0D    552
     128    4141               1       1       0       0       000000000D    553
     128       2       8      15       0       0       0               0D    554
     128    4156               1       1       0       0       000000000D    555
     128       2       8      15       0       0       0               0D    556
     128    4171               1       1       0       0       000000000D    557
     128       2       8      15       0       0       0               0D    558
     128    4186               1       1       0       0       000000000D    559
     128       2       8      15       0       0       0               0D    560
     128    4201               1       1       0       0       000000000D    561
     128       2       8      15       0       0       0               0D    562
     128    4216               1       1       0       0       000000000D    563
     128       2       8      15       0       0       0               0D    564
     128    4231               1       1       0       0       000000000D    565
     128       2       8      15       0       0       0               0D    566
     128    4246               1       1       0       0       000000000D    567
     128       2       8      15       0       0       0               0D    568
     128    4261               1       1       0       0       000000000D    569
     128       2       8      15       0       0       0               0D    570
     128    4276               1       1       0       0       000000000D    571
     128       2       8      15       0       0       0               0D    572
     128    4291               1       1       0       0       000000000D    573
     128       2       8      15       0       0       0               0D    574
     128    4306               1       1       0       0       000000000D    575
     128       2       8      15       0       0       0               0D    576
     128    4321               1       1       0       0       000000000D    577
     128       2       8      15       0       0       0               0D    578
     128    4336               1       1       0       0       000000000D    579
     128       2       8      15       0       0       0               0D    580
     128    4351               1       1       0       0       000000000D    581
     128       2       8      15       0       0       0               0D    582
     128    4366               1       1       0       0       000000000D    583
     128       2       8      15       0       0       0               0D    584
     128    4381               1       1       0       0       000000000D    585
     128       2       8      15       0       0       0               0D    586
     128    4396               1       1       0       0       000000000D    587
     128       2       8      15       0       0       0               0D    588
     128    4411               1       1       0       0       000000000D    589
     128       2       8      15       0       0       0               0D    590
     128    4426               1       1       0       0       000000000D    591
     128       2       8      15       0       0       0               0D    592
     128    4441               1       1       0       0       000000000D    593
     128       2       8      15       0       0       0               0D    594
     128    4456               1       1       0       0       000000000D    595
     128       2       8      15       0       0       0               0D    596
     128    4471               1       1       0       0       000000000D    597
     128       2       8      15       0       0       0               0D    598
     128    4486               1       1       0       0       000000000D    599
     128       2       8      15       0       0       0               0D    600
     128    4501               1       1       0       0       000000000D    601
     128       2       8      15       0       0       0               0D    602
     128    4516               1       1       0       0       000000000D    603
     128       2       8      15       0       0       0               0D    604
     128    4531               1       1       0       0       000000000D    605
     128       2       8      15       0       0       0               0D    606
     128    4546               1       1       0       0       000000000D    607
     128       2       8      15       0       0       0               0D    608
     128    4561               1       1       0       0       000000000D    609
     128       2       8      15       0       0       0               0D    610
     128    4576               1       1       0       0       000000000D    611
     128       2       8      15       0       0       0               0D    612
     128    4591               1       1       0       0       000000000D    613
     128       2       8      15       0       0       0               0D    614
     128    4606               1       1       0       0       000000000D    615
     128       2       8      15       0       0       0               0D    616
     128    4621               1       1       0       0       000000000D    617
     128       2       8      15       0       0       0               0D    618
     128    4636               1       1       0       0       000000000D    619
     128       2       8      15       0       0       0               0D    620
     128    4651               1       1       0       0       000000000D    621
     128       2       8      15       0       0       0               0D    622
     128    4666               1       1       0       0       000000000D    623
     128       2       8      15       0       0       0               0D    624
     128    4681               1       1       0       0       000000000D    625
     128       2       8      15       0       0       0               0D    626
     128    4696               1       1       0       0       000000000D    627
     128       2       8      15       0       0       0               0D    628
     128    4711               1       1       0       0       000000000D    629
     128       2       8      15       0       0       0               0D    630
     128    4726               1       1       0       0       000000000D    631
     128       2       8      15       0       0       0               0D    632
     128    4741               1       1       0       0       000000000D    633
     128       2       8      15       0       0       0               0D    634
     128    4756               1       1       0       0       000000000D    635
     128       2       8      15       0       0       0               0D    636
     128    4771               1       1       0       0       000000000D    637
     128       2       8      15       0       0       0               0D    638
     128    4786               1       1       0       0       000000000D    639
     128       2       8      15       0       0       0               0D    640
     128    4801               1       1       0       0       000000000D    641
     128       2       8      15       0       0       0               0D    642
     128    4816               1       1       0       0       000000000D    643
     128       2       8      15       0       0       0               0D    644
     128    4831               1       1       0       0       000000000D    645
     128       2       8      15       0       0       0               0D    646
     128    4846               1       1       0       0       000000000D    647
     128       2       8      15       0       0       0               0D    648
     128    4861               1       1       0       0       000000000D    649
     128       2       8      15       0       0       0               0D    650
     128    4876               1       1       0       0       000000000D    651
     128       2       8      15       0       0       0               0D    652
     128    4891               1       1       0       0       000000000D    653
     128       2       8      15       0       0       0               0D    654
     128    4906               1       1       0       0       000000000D    655
     128       2       8      15       0       0       0               0D    656
     128    4921               1       1       0       0       000000000D    657
     128       2       8      15       0       0       0               0D    658
     128    4936               1       1       0       0       000000000D    659
     128       2       8      15       0       0       0               0D    660
     128    4951               1       1       0       0       000000000D    661
     128       2       8      15       0       0       0               0D    662
     128    4966               1       1       0       0       000000000D    663
     128       2       8      15       0       0       0               0D    664
     128    4981               1       1       0       0       000000000D    665
     128       2       8      15       0       0       0               0D    666
     128    4996               1       1       0       0       000000000D    667
     128       2       8      15       0       0       0               0D    668
     128    5011               1       1       0       0       000000000D    669
     128       2       8      15       0       0       0               0D    670
     128    5026               1       1       0       0       000000000D    671
     128       2       8      15       0       0       0               0D    672
     128    5041               1       1       0       0       000000000D    673
     128       2       8      15       0       0       0               0D    674
     128    5056               1       1       0       0       000000000D    675
     128       2       8      15       0       0       0               0D    676
     128    5071               1       1       0       0       000000000D    677
     128       2       8      15       0       0       0               0D    678
     128    5086               1       1       0       0       000000000D    679
     128       2       8      15       0       0       0               0D    680
     128    5101               1       1       0       0       000000000D    681
     128       2       8      15       0       0       0               0D    682
     128    5116               1       1       0       0       000000000D    683
     128       2       8      15       0       0       0               0D    684
     128    5131               1       1       0       0       000000000D    685
     128       2       8      15       0       0       0               0D    686
     128    5146               1       1       0       0       000000000D    687
     128       2       8      15       0       0       0               0D    688
     128    5161               1       1       0       0       000000000D    689
     128       2       8      15       0       0       0               0D    690
     128    5176               1       1       0       0       000000000D    691
     128       2       8      15       0       0       0               0D    692
     128    5191               1       1       0       0       000000000D    693
     128       2       8      15       0       0       0               0D    694
     128    5206               1       1       0       0       000000000D    695
     128       2       8      15       0       0       0               0D    696
     128    5221               1       1       0       0       000000000D    697
     128       2       8      15       0       0       0               0D    698
     128    5236               1       1       0       0       000000000D    699
     128       2       8      15       0       0       0               0D    700
     128    5251               1       1       0       0       000000000D    701
     128       2       8      15       0       0       0               0D    702
     128    5266               1       1       0       0       000000000D    703
     128       2       8      15       0       0       0               0D    704
     128    5281               1       1       0       0       000000000D    705
     128       2       8      15       0       0       0               0D    706
     128    5296               1       1       0       0       000000000D    707
     128       2       8      15       0       0       0               0D    708
     128    5311               1       1       0       0       000000000D    709
     128       2       8      15       0       0       0               0D    710
     128    5326               1       1       0       0       000000000D    711
     128       2       8      15       0       0       0               0D    712
     128    5341               1       1       0       0       000000000D    713
     128       2       8      15       0       0       0               0D    714
     128    5356               1       1       0       0       000000000D    715
     128       2       8      15       0       0       0               0D    716
     128    5371               1       1       0       0       000000000D    717
     128       2       8      15       0       0       0               0D    718
     128    5386               1       1       0       0       000000000D    719
     128       2       8      15       0       0       0               0D    720
     128    5401               1       1       0       0       000000000D    721
     128       2       8      15       0       0       0               0D    722
     128    5416               1       1       0       0       000000000D    723
     128       2       8      15       0       0       0               0D    724
     128    5431               1       1       0       0       000000000D    725
     128       2       8      15       0       0       0               0D    726
     128    5446               1       1       0       0       000000000D    727
     128       2       8      15       0       0       0               0D    728
     128    5461               1       1       0       0       000000000D    729
     128       2       8      15       0       0       0               0D    730
     128    5476               1       1       0       0       000000000D    731
     128       2       8      15       0       0       0               0D    732
     128    5491               1       1       0       0       000000000D    733
     128       2       8      15       0       0       0               0D    734
     128    5506               1       1       0       0       000000000D    735
     128       2       8      15       0       0       0               0D    736
     128    5521               1       1       0       0       000000000D    737
     128       2       8      15       0       0       0               0D    738
     128    5536               1       1       0       0       000000000D    739
     128       2       8      15       0       0       0               0D    740
     128    5551               1       1       0       0       000000000D    741
     128       2       8      15       0       0       0               0D    742
     128    5566               1       1       0       0       000000000D    743
     128       2       8      15       0       0       0               0D    744
     128    5581               1       1       0       0       000000000D    745
     128       2       8      15       0       0       0               0D    746
     128    5596               1       1       0       0       000000000D    747
     128       2       8      15       0       0       0               0D    748
     128    5611               1       1       0       0       000000000D    749
     128       2       8      15       0       0       0               0D    750
     128    5626               1       1       0       0       000000000D    751
     128       2       8      15       0       0       0               0D    752
     128    5641               1       1       0       0       000000000D    753
     128       2       8      15       0       0       0               0D    754
     128    5656               1       1       0       0       000000000D    755
     128       2       8      15       0       0       0               0D    756
     128    5671               1       1       0       0       000000000D    757
     128       2       8      15       0       0       0               0D    758
     128    5686               1       1       0       0       000000000D    759
     128       2       8      15       0       0       0               0D    760
     128    5701               1       1       0       0       000000000D    761
     128       2       8      15       0       0       0               0D    762
     128    5716               1       1       0       0       000000000D    763
     128       2       8      15       0       0       0               0D    764
     128    5731               1       1       0       0       000000000D    765
     128       2       8      15       0       0       0               0D    766
     128    5746               1       1       0       0       000000000D    767
     128       2       8      15       0       0       0               0D    768
     128    5761               1       1       0       0       000000000D    769
     128       2       8      15       0       0       0               0D    770
     128    5776               1       1       0       0       000000000D    771
     128       2       8      15       0       0       0               0D    772
     128    5791               1       1       0       0       000000000D    773
     128       2       8      15       0       0       0               0D    774
     128    5806               1       1       0       0       000000000D    775
     128       2       8      15       0       0       0               0D    776
     128    5821               1       1       0       0       000000000D    777
     128       2       8      15       0       0       0               0D    778
     128    5836               1       1       0       0       000000000D    779
     128       2       8      15       0       0       0               0D    780
     128    5851               1       1       0       0       000000000D    781
     128       2       8      15       0       0       0               0D    782
     128    5866               1       1       0       0       000000000D    783
     128       2       8      15       0       0       0               0D    784
     128    5881               1       1       0       0       000000000D    785
     128       2       8      15       0       0       0               0D    786
     128    5896               1       1       0       0       000000000D    787
     128       2       8      15       0       0       0               0D    788
     128    5911               1       1       0       0       000000000D    789
     128       2       8      15       0       0       0               0D    790
     128    5926               1       1       0       0       000000000D    791
     128       2       8      15       0       0       0               0D    792
     128    5941               1       1       0       0       000000000D    793
     128       2       8      15       0       0       0               0D    794
     128    5956               1       1       0       0       000000000D    795
     128       2       8      15       0       0       0               0D    796
     128    5971               1       1       0       0       000000000D    797
     128       2       8      15       0       0       0               0D    798
     128    5986               1       1       0       0       000000000D    799
     128       2       8      15       0       0       0               0D    800
     128    6001               1       1       0       0       000000000D    801
     128       2       8      15       0       0       0               0D    802
     128    6016               1       1       0       0       000000000D    803
     128       2       8      15       0       0       0               0D    804
     128    6031               1       1       0       0       000000000D    805
     128       2       8      15       0       0       0               0D    806
     128    6046               1       1       0       0       000000000D    807
     128       2       8      15       0       0       0               0D    808
     128    6061               1       1       0       0       000000000D    809
     128       2       8      15       0       0       0               0D    810
     128    6076               1       1       0       0       000000000D    811
     128       2       8      15       0       0       0               0D    812
     128    6091               1       1       0       0       000000000D    813
     128       2       8      15       0       0       0               0D    814
     128    6106               1       1       0       0       000000000D    815
     128       2       8      15       0       0       0               0D    816
     128    6121               1       1       0       0       000000000D    817
     128       2       8      15       0       0       0               0D    818
     128    6136               1       1       0       0       000000000D    819
     128       2       8      15       0       0       0               0D    820
     128    6151               1       1       0       0       000000000D    821
     128       2       8      15       0       0       0               0D    822
     128    6166               1       1       0       0       000000000D    823
     128       2       8      15       0       0       0               0D    824
     128    6181               1       1       0       0       000000000D    825
     128       2       8      15       0       0       0               0D    826
     128    6196               1       1       0       0       000000000D    827
     128       2       8      15       0       0       0               0D    828
     128    6211               1       1       0       0       000000000D    829
     128       2       8      15       0       0       0               0D    830
     128    6226               1       1       0       0       000000000D    831
     128       2       8      15       0       0       0               0D    832
     128    6241               1       1       0       0       000000000D    833
     128       2       8      15       0       0       0               0D    834
     128    6256               1       1       0       0       000000000D    835
     128       2       8      15       0       0       0               0D    836
     128    6271               1       1       0       0       000000000D    837
     128       2       8      15       0       0       0               0D    838
     128    6286               1       1       0       0       000000000D    839
     128       2       8      15       0       0       0               0D    840
     128    6301               1       1       0       0       000000000D    841
     128       2       8      15       0       0       0               0D    842
     128    6316               1       1       0       0       000000000D    843
     128       2       8      15       0       0       0               0D    844
     128    6331               1       1       0       0       000000000D    845
     128       2       8      15       0       0       0               0D    846
     128    6346               1       1       0       0       000000000D    847
     128       2       8      15       0       0       0               0D    848
     128    6361               1       1       0       0       000000000D    849
     128       2       8      15       0       0       0               0D    850
     128    6376               1       1       0       0       000000000D    851
     128       2       8      15       0       0       0               0D    852
     128    6391               1       1       0       0       000000000D    853
     128       2       8      15       0       0       0               0D    854
     128    6406               1       1       0       0       000000000D    855
     128       2       8      15       0       0       0               0D    856
     128    6421               1       1       0       0       000000000D    857
     128       2       8      15       0       0       0               0D    858
     128    6436               1       1       0       0       000000000D    859
     128       2       8      15       0       0       0               0D    860
     128    6451               1       1       0       0       000000000D    861
     128       2       8      15       0       0       0               0D    862
     128    6466               1       1       0       0       000000000D    863
     128       2       8      15       0       0       0               0D    864
128,3,3,3,3,0,0,1,0,0,0.000000,0.000000,0.000000,0.000000,             1P      1
1.000000,1.000000,1.000000,1.000000,0.000000,0.000000,                 1P      2
0.000000,0.000000,1.000000,1.000000,1.000000,1.000000,                 1P      3
1.000000,1.000000,1.000000,1.000000,1.000000,1.000000,                 1P      4
1.000000,1.000000,1.000000,1.000000,1.000000,1.000000,                 1P      5
1.000000,1.000000,1.000000,1.000000,1.274210,-1.274210,                1P      6
-0.045318,1.294318,-1.294318,-0.102742,1.294318,-1.294318,             1P      7
-0.178722,1.274210,-1.274210,-0.215024,1.340185,-1.208236,             1P      8
-0.045318,1.337293,-1.247119,-0.104385,1.337293,-1.247119,             1P      9
-0.179228,1.340185,-1.208236,-0.215024,1.534822,-1.000628,             1P     10
-0.025171,1.508931,-1.058286,-0.099713,1.508931,-1.058286,             1P     11
-0.187250,1.534822,-1.000628,-0.236371,1.590827,-0.949566,             1P     12
-0.010525,1.541937,-1.025999,-0.096310,1.541937,-1.025999,             1P     13
-0.192310,1.590827,-0.949566,-0.250525,0.000000,1.000000,              1P     14
0.000000,1.000000;                                                     1P     15
128,3,3,3,3,0,0,1,0,0,0.000000,0.000000,0.000000,0.000000,             3P     16
1.000000,1.000000,1.000000,1.000000,0.000000,0.000000,                 3P     17
0.000000,0.000000,1.000000,1.000000,1.000000,1.000000,                 3P     18
1.000000,1.000000,1.000000,1.000000,1.000000,1.000000,                 3P     19
1.000000,1.000000,1.000000,1.000000,1.000000,1.000000,                 3P     20
1.000000,1.000000,1.000000,1.000000,1.158060,-1.158060,                3P     21
-0.188932,1.114131,-1.114131,-0.138688,1.114131,-1.114131,             3P     22
-0.062708,1.158060,-1.158060,-0.019226,1.218021,-1.098100,             3P     23
-0.188932,1.154518,-1.079184,-0.140451,1.154518,-1.079184,             3P     24
-0.065609,1.218021,-1.098100,-0.019226,1.364017,-0.888090,             3P     25
-0.204139,1.280941,-0.894188,-0.143591,1.280941,-0.894188,             3P     26
-0.056053,1.364017,-0.888090,0.007061,1.391531,-0.830606,              3P     27
-0.214225,1.288881,-0.861718,-0.145840,1.288881,-0.861718,             3P     28
-0.049840,1.391531,-0.830606,0.025775,0.000000,1.000000,               3P     29
0.000000,1.000000;                                                     3P     30
128,3,3,3,3,0,0,1,0,0,0.000000,0.000000,0.000000,0.000000,             5P     31
1.000000,1.000000,1.000000,1.000000,0.000000,0.000000,                 5P     32
0.000000,0.000000,1.000000,1.000000,1.000000,1.000000,                 5P     33
1.000000,1.000000,1.000000,1.000000,1.000000,1.000000,                 5P     34
1.000000,1.000000,1.000000,1.000000,1.000000,1.000000,                 5P     35
1.000000,1.000000,1.000000,1.000000,1.158060,-1.158060,                5P     36
-0.019226,1.201990,-1.201990,0.024256,1.254103,-1.254103,              5P     37
0.012105,1.274210,-1.274210,-0.045318,1.218021,-1.098100,              5P     38
-0.019226,1.251362,-1.162602,0.020506,1.303639,-1.214222,              5P     39
0.008220,1.340185,-1.208236,-0.045318,1.364017,-0.888090,              5P     40
0.007061,1.400979,-0.975970,0.040997,1.467629,-1.029903,               5P     41
0.026528,1.534822,-1.000628,-0.025171,1.391531,-0.830606,              5P     42
0.025775,1.425396,-0.943204,0.054605,1.499704,-1.000789,               5P     43
0.038645,1.590827,-0.949566,-0.010525,0.000000,1.000000,               5P     44
0.000000,1.000000;                                                     5P     45
128,3,3,3,3,0,0,1,0,0,0.000000,0.000000,0.000000,0.000000,             7P     46
1.000000,1.000000,1.000000,1.000000,0.000000,0.000000,                 7P     47
0.000000,0.000000,1.000000,1.000000,1.000000,1.000000,                 7P     48
1.000000,1.000000,1.000000,1.000000,1.000000,1.000000,                 7P     49
1.000000,1.000000,1.000000,1.000000,1.000000,1.000000,                 7P     50
1.000000,1.000000,1.000000,1.000000,1.274210,-1.274210,                7P     51
-0.215024,1.254103,-1.254103,-0.251326,1.201990,-1.201990,             7P     52
-0.239176,1.158060,-1.158060,-0.188932,1.340185,-1.208236,             7P     53
-0.215024,1.303639,-1.214222,-0.247970,1.251362,-1.162602,             7P     54
-0.235683,1.218021,-1.098100,-0.188932,1.534822,-1.000628,             7P     55
-0.236371,1.467629,-1.029903,-0.263914,1.400979,-0.975970,             7P     56
-0.249445,1.364017,-0.888090,-0.204139,1.590827,-0.949566,             7P     57
-0.250525,1.499704,-1.000789,-0.273355,1.425396,-0.943204,             7P     58
-0.257395,1.391531,-0.830606,-0.214225,0.000000,1.000000,              7P     59
0.000000,1.000000;                                                     7P     60
128,3,3,3,3,0,0,1,0,0,0.000000,0.000000,0.000000,0.000000,             9P     61
1.000000,1.000000,1.000000,1.000000,0.000000,0.000000,                 9P     62
0.000000,0.000000,1.000000,1.000000,1.000000,1.000000,                 9P     63
1.000000,1.000000,1.000000,1.000000,1.000000,1.000000,                 9P     64
1.000000,1.000000,1.000000,1.000000,1.000000,1.000000,                 9P     65
1.000000,1.000000,1.000000,1.000000,1.802005,0.000000,                 9P     66
-0.215024,1.830442,0.000000,-0.178722,1.830442,0.000000,               9P     67
-0.102742,1.802005,0.000000,-0.045318,1.802005,-0.079638,              9P     68
-0.215024,1.826257,-0.051806,-0.179228,1.826257,-0.051806,             9P     69
-0.104385,1.802005,-0.079638,-0.045318,1.801135,-0.334965,             9P     70
-0.236371,1.821202,-0.279301,-0.187250,1.821202,-0.279301,             9P     71
-0.099713,1.801135,-0.334965,-0.025171,1.807625,-0.406074,             9P     72
-0.250525,1.823507,-0.322578,-0.192310,1.823507,-0.322578,             9P     73
-0.096310,1.807625,-0.406074,-0.010525,0.000000,1.000000,              9P     74
0.000000,1.000000;                                                     9P     75
128,3,3,3,3,0,0,1,0,0,0.000000,0.000000,0.000000,0.000000,            11P     76
1.000000,1.000000,1.000000,1.000000,0.000000,0.000000,                11P     77
0.000000,0.000000,1.000000,1.000000,1.000000,1.000000,                11P     78
1.000000,1.000000,1.000000,1.000000,1.000000,1.000000,                11P     79
1.000000,1.000000,1.000000,1.000000,1.000000,1.000000,                11P     80
1.000000,1.000000,1.000000,1.000000,1.637745,0.000000,                11P     81
-0.019226,1.575619,0.000000,-0.062708,1.575619,0.000000,              11P     82
-0.138688,1.637745,0.000000,-0.188932,1.637745,-0.072379,             11P     83
-0.019226,1.578276,-0.042938,-0.065609,1.578276,-0.042938,            11P     84
-0.140451,1.637745,-0.072379,-0.188932,1.599894,-0.298483,            11P     85
0.007061,1.543083,-0.239602,-0.056053,1.543083,-0.239602,             11P     86
-0.143591,1.599894,-0.298483,-0.204139,1.581169,-0.355202,            11P     87
0.025775,1.527016,-0.266880,-0.049840,1.527016,-0.266880,             11P     88
-0.145840,1.581169,-0.355202,-0.214225,0.000000,1.000000,             11P     89
0.000000,1.000000;                                                    11P     90
128,3,3,3,3,0,0,1,0,0,0.000000,0.000000,0.000000,0.000000,            13P     91
1.000000,1.000000,1.000000,1.000000,0.000000,0.000000,                13P     92
0.000000,0.000000,1.000000,1.000000,1.000000,1.000000,                13P     93
1.000000,1.000000,1.000000,1.000000,1.000000,1.000000,                13P     94
1.000000,1.000000,1.000000,1.000000,1.000000,1.000000,                13P     95
1.000000,1.000000,1.000000,1.000000,1.637745,0.000000,                13P     96
-0.188932,1.699871,0.000000,-0.239176,1.773569,0.000000,              13P     97
-0.251326,1.802005,0.000000,-0.215024,1.637745,-0.072379,             13P     98
-0.188932,1.705907,-0.051321,-0.235683,1.779256,-0.051445,            13P     99
-0.247970,1.802005,-0.079638,-0.215024,1.599894,-0.298483,            13P    100
-0.204139,1.686419,-0.263688,-0.249445,1.771746,-0.271258,            13P    101
-0.263914,1.801135,-0.334965,-0.236371,1.581169,-0.355202,            13P    102
-0.214225,1.682135,-0.301726,-0.257395,1.775518,-0.311797,            13P    103
-0.273355,1.807625,-0.406074,-0.250525,0.000000,1.000000,             13P    104
0.000000,1.000000;                                                    13P    105
128,3,3,3,3,0,0,1,0,0,0.000000,0.000000,0.000000,0.000000,            15P    106
1.000000,1.000000,1.000000,1.000000,0.000000,0.000000,                15P    107
0.000000,0.000000,1.000000,1.000000,1.000000,1.000000,                15P    108
1.000000,1.000000,1.000000,1.000000,1.000000,1.000000,                15P    109
1.000000,1.000000,1.000000,1.000000,1.000000,1.000000,                15P    110
1.000000,1.000000,1.000000,1.000000,1.802005,0.000000,                15P    111
-0.045318,1.773569,0.000000,0.012105,1.699871,0.000000,               15P    112
0.024256,1.637745,0.000000,-0.019226,1.802005,-0.079638,              15P    113
-0.045318,1.779256,-0.051445,0.008220,1.705907,-0.051321,             15P    114
0.020506,1.637745,-0.072379,-0.019226,1.801135,-0.334965,             15P    115
-0.025171,1.771746,-0.271258,0.026528,1.686419,-0.263688,             15P    116
0.040997,1.599894,-0.298483,0.007061,1.807625,-0.406074,              15P    117
-0.010525,1.775518,-0.311797,0.038645,1.682135,-0.301726,             15P    118
0.054605,1.581169,-0.355202,0.025775,0.000000,1.000000,               15P    119
0.000000,1.000000;                                                    15P    120
128,3,3,3,3,0,0,1,0,0,0.000000,0.000000,0.000000,0.000000,            17P    121
1.000000,1.000000,1.000000,1.000000,0.000000,0.000000,                17P    122
0.000000,0.000000,1.000000,1.000000,1.000000,1.000000,                17P    123
1.000000,1.000000,1.000000,1.000000,1.000000,1.000000,                17P    124
1.000000,1.000000,1.000000,1.000000,1.000000,1.000000,                17P    125
1.000000,1.000000,1.000000,1.000000,1.390310,-0.378838,               17P    126
0.013853,1.384466,-0.467512,0.065134,1.329667,-0.606659,              17P    127
0.065134,1.271104,-0.678805,0.013853,1.421969,-0.387464,              17P    128
0.009165,1.409389,-0.476630,0.058948,1.355097,-0.615477,              17P    129
0.058948,1.300048,-0.694262,0.009165,1.540783,-0.376592,              17P    130
0.014243,1.508747,-0.498031,0.062527,1.442240,-0.668361,              17P    131
0.062527,1.377984,-0.785566,0.014243,1.581169,-0.355202,              17P    132
0.025775,1.534356,-0.496999,0.072560,1.460314,-0.686895,              17P    133
0.072560,1.391531,-0.830606,0.025775,0.000000,1.000000,               17P    134
0.000000,1.000000;                                                    17P    135
128,3,3,3,3,0,0,1,0,0,0.000000,0.000000,0.000000,0.000000,            19P    136
1.000000,1.000000,1.000000,1.000000,0.000000,0.000000,                19P    137
0.000000,0.000000,1.000000,1.000000,1.000000,1.000000,                19P    138
1.000000,1.000000,1.000000,1.000000,1.000000,1.000000,                19P    139
1.000000,1.000000,1.000000,1.000000,1.000000,1.000000,                19P    140
1.000000,1.000000,1.000000,1.000000,1.271104,-0.678805,               19P    141
-0.155853,1.329667,-0.606659,-0.198297,1.384466,-0.467512,            19P    142
-0.198297,1.390310,-0.378838,-0.155853,1.300048,-0.694262,            19P    143
-0.160540,1.355097,-0.615477,-0.197242,1.409389,-0.476630,            19P    144
-0.197242,1.421969,-0.387464,-0.160540,1.377984,-0.785566,            19P    145
-0.196957,1.442240,-0.668361,-0.227915,1.508747,-0.498031,            19P    146
-0.227915,1.540783,-0.376592,-0.196957,1.391531,-0.830606,            19P    147
-0.214225,1.460314,-0.686895,-0.239440,1.534356,-0.496999,            19P    148
-0.239440,1.581169,-0.355202,-0.214225,0.000000,1.000000,             19P    149
0.000000,1.000000;                                                    19P    150
128,3,3,3,3,0,0,1,0,0,0.000000,0.000000,0.000000,0.000000,            21P    151
1.000000,1.000000,1.000000,1.000000,0.000000,0.000000,                21P    152
0.000000,0.000000,1.000000,1.000000,1.000000,1.000000,                21P    153
1.000000,1.000000,1.000000,1.000000,1.000000,1.000000,                21P    154
1.000000,1.000000,1.000000,1.000000,1.000000,1.000000,                21P    155
1.000000,1.000000,1.000000,1.000000,1.390310,-0.378838,               21P    156
-0.155853,1.396155,-0.290164,-0.113408,1.396155,-0.290164,            21P    157
-0.037428,1.390310,-0.378838,0.013853,1.421969,-0.387464,             21P    158
-0.160540,1.407814,-0.298908,-0.117259,1.407814,-0.298908,            21P    159
-0.042417,1.421969,-0.387464,0.009165,1.540783,-0.376592,             21P    160
-0.196957,1.506629,-0.288153,-0.139008,1.506629,-0.288153,            21P    161
-0.051471,1.540783,-0.376592,0.014243,1.581169,-0.355202,             21P    162
-0.214225,1.527016,-0.266880,-0.145840,1.527016,-0.266880,            21P    163
-0.049840,1.581169,-0.355202,0.025775,0.000000,1.000000,              21P    164
0.000000,1.000000;                                                    21P    165
128,3,3,3,3,0,0,1,0,0,0.000000,0.000000,0.000000,0.000000,            23P    166
1.000000,1.000000,1.000000,1.000000,0.000000,0.000000,                23P    167
0.000000,0.000000,1.000000,1.000000,1.000000,1.000000,                23P    168
1.000000,1.000000,1.000000,1.000000,1.000000,1.000000,                23P    169
1.000000,1.000000,1.000000,1.000000,1.000000,1.000000,                23P    170
1.000000,1.000000,1.000000,1.000000,1.271104,-0.678805,               23P    171
0.013853,1.212541,-0.750950,-0.037428,1.212541,-0.750950,             23P    172
-0.113408,1.271104,-0.678805,-0.155853,1.300048,-0.694262,            23P    173
0.009165,1.226789,-0.752729,-0.042417,1.226789,-0.752729,             23P    174
-0.117259,1.300048,-0.694262,-0.160540,1.377984,-0.785566,            23P    175
0.014243,1.290031,-0.830356,-0.051471,1.290031,-0.830356,             23P    176
-0.139008,1.377984,-0.785566,-0.196957,1.391531,-0.830606,            23P    177
0.025775,1.288881,-0.861718,-0.049840,1.288881,-0.861718,             23P    178
-0.145840,1.391531,-0.830606,-0.214225,0.000000,1.000000,             23P    179
0.000000,1.000000;                                                    23P    180
128,3,3,3,3,0,0,1,0,0,0.000000,0.000000,0.000000,0.000000,            25P    181
1.000000,1.000000,1.000000,1.000000,0.000000,0.000000,                25P    182
0.000000,0.000000,1.000000,1.000000,1.000000,1.000000,                25P    183
1.000000,1.000000,1.000000,1.000000,1.000000,1.000000,                25P    184
1.000000,1.000000,1.000000,1.000000,1.000000,1.000000,                25P    185
1.000000,1.000000,1.000000,1.000000,1.945084,-0.530005,               25P    186
-0.230853,1.930103,-0.652208,-0.273297,1.854021,-0.845412,            25P    187
-0.273297,1.778310,-0.949667,-0.230853,1.908903,-0.520146,            25P    188
-0.230853,1.910916,-0.644512,-0.270944,1.835784,-0.836307,            25P    189
-0.270944,1.745232,-0.932002,-0.230853,1.820468,-0.443785,            25P    190
-0.241393,1.828601,-0.597393,-0.279131,1.743544,-0.814861,            25P    191
-0.279131,1.627276,-0.929076,-0.241393,1.807625,-0.406074,            25P    192
-0.250525,1.823850,-0.583847,-0.285910,1.730839,-0.821909,            25P    193
-0.285910,1.590827,-0.949566,-0.250525,0.000000,1.000000,             25P    194
0.000000,1.000000;                                                    25P    195
128,3,3,3,3,0,0,1,0,0,0.000000,0.000000,0.000000,0.000000,            27P    196
1.000000,1.000000,1.000000,1.000000,0.000000,0.000000,                27P    197
0.000000,0.000000,1.000000,1.000000,1.000000,1.000000,                27P    198
1.000000,1.000000,1.000000,1.000000,1.000000,1.000000,                27P    199
1.000000,1.000000,1.000000,1.000000,1.000000,1.000000,                27P    200
1.000000,1.000000,1.000000,1.000000,1.778310,-0.949667,               27P    201
-0.061147,1.854021,-0.845412,-0.009866,1.930103,-0.652208,            27P    202
-0.009866,1.945084,-0.530005,-0.061147,1.745232,-0.932002,            27P    203
-0.061147,1.835784,-0.836307,-0.014755,1.910916,-0.644512,            27P    204
-0.014755,1.908903,-0.520146,-0.061147,1.627276,-0.929076,            27P    205
-0.030193,1.743544,-0.814861,0.011311,1.828601,-0.597393,             27P    206
0.011311,1.820468,-0.443785,-0.030193,1.590827,-0.949566,             27P    207
-0.010525,1.730839,-0.821909,0.026090,1.823850,-0.583847,             27P    208
0.026090,1.807625,-0.406074,-0.010525,0.000000,1.000000,              27P    209
0.000000,1.000000;                                                    27P    210
128,3,3,3,3,0,0,1,0,0,0.000000,0.000000,0.000000,0.000000,            29P    211
1.000000,1.000000,1.000000,1.000000,0.000000,0.000000,                29P    212
0.000000,0.000000,1.000000,1.000000,1.000000,1.000000,                29P    213
1.000000,1.000000,1.000000,1.000000,1.000000,1.000000,                29P    214
1.000000,1.000000,1.000000,1.000000,1.000000,1.000000,                29P    215
1.000000,1.000000,1.000000,1.000000,1.945084,-0.530005,               29P    216
-0.061147,1.960065,-0.407802,-0.112428,1.960065,-0.407802,            29P    217
-0.188408,1.945084,-0.530005,-0.230853,1.908903,-0.520146,            29P    218
-0.061147,1.924184,-0.410846,-0.116119,1.924184,-0.410846,            29P    219
-0.190962,1.908903,-0.520146,-0.230853,1.820468,-0.443785,            29P    220
-0.030193,1.836050,-0.347386,-0.102687,1.836050,-0.347386,            29P    221
-0.190224,1.820468,-0.443785,-0.241393,1.807625,-0.406074,            29P    222
-0.010525,1.823507,-0.322578,-0.096310,1.823507,-0.322578,            29P    223
-0.192310,1.807625,-0.406074,-0.250525,0.000000,1.000000,             29P    224
0.000000,1.000000;                                                    29P    225
128,3,3,3,3,0,0,1,0,0,0.000000,0.000000,0.000000,0.000000,            31P    226
1.000000,1.000000,1.000000,1.000000,0.000000,0.000000,                31P    227
0.000000,0.000000,1.000000,1.000000,1.000000,1.000000,                31P    228
1.000000,1.000000,1.000000,1.000000,1.000000,1.000000,                31P    229
1.000000,1.000000,1.000000,1.000000,1.000000,1.000000,                31P    230
1.000000,1.000000,1.000000,1.000000,1.778310,-0.949667,               31P    231
-0.230853,1.702600,-1.053923,-0.188408,1.702600,-1.053923,            31P    232
-0.112428,1.778310,-0.949667,-0.061147,1.745232,-0.932002,            31P    233
-0.230853,1.678462,-1.026983,-0.190962,1.678462,-1.026983,            31P    234
-0.116119,1.745232,-0.932002,-0.061147,1.627276,-0.929076,            31P    235
-0.241393,1.569446,-1.014783,-0.190224,1.569446,-1.014783,            31P    236
-0.102687,1.627276,-0.929076,-0.030193,1.590827,-0.949566,            31P    237
-0.250525,1.541937,-1.025999,-0.192310,1.541937,-1.025999,            31P    238
-0.096310,1.590827,-0.949566,-0.010525,0.000000,1.000000,             31P    239
0.000000,1.000000;                                                    31P    240
128,3,3,3,3,0,0,1,0,0,0.000000,0.000000,0.000000,0.000000,            33P    241
1.000000,1.000000,1.000000,1.000000,0.000000,0.000000,                33P    242
0.000000,0.000000,1.000000,1.000000,1.000000,1.000000,                33P    243
1.000000,1.000000,1.000000,1.000000,1.000000,1.000000,                33P    244
1.000000,1.000000,1.000000,1.000000,1.000000,1.000000,                33P    245
1.000000,1.000000,1.000000,1.000000,1.945084,-0.530005,               33P    246
-0.230853,1.960065,-0.407802,-0.188408,1.960065,-0.407802,            33P    247
-0.112428,1.945084,-0.530005,-0.061147,1.930103,-0.652208,            33P    248
-0.273297,1.914853,-0.605491,-0.199611,1.914853,-0.605491,            33P    249
-0.092389,1.930103,-0.652208,-0.009866,1.854021,-0.845412,            33P    250
-0.273297,1.808541,-0.874181,-0.199611,1.808541,-0.874181,            33P    251
-0.092389,1.854021,-0.845412,-0.009866,1.778310,-0.949667,            33P    252
-0.230853,1.702600,-1.053923,-0.188408,1.702600,-1.053923,            33P    253
-0.112428,1.778310,-0.949667,-0.061147,0.000000,1.000000,             33P    254
0.000000,1.000000;                                                    33P    255
128,3,3,3,3,0,0,1,0,0,0.000000,0.000000,0.000000,0.000000,            35P    256
1.000000,1.000000,1.000000,1.000000,0.000000,0.000000,                35P    257
0.000000,0.000000,1.000000,1.000000,1.000000,1.000000,                35P    258
1.000000,1.000000,1.000000,1.000000,1.000000,1.000000,                35P    259
1.000000,1.000000,1.000000,1.000000,1.000000,1.000000,                35P    260
1.000000,1.000000,1.000000,1.000000,1.757662,-0.478935,               35P    261
-0.358079,1.685826,-0.573478,-0.350280,1.622074,-0.735487,            35P    262
-0.350280,1.606958,-0.858160,-0.358079,1.709420,-0.465790,            35P    263
-0.333079,1.651631,-0.561929,-0.336284,1.590154,-0.719078,            35P    264
-0.336284,1.562853,-0.834607,-0.333079,1.602830,-0.390530,            35P    265
-0.241579,1.549817,-0.511338,-0.255789,1.481345,-0.686701,            35P    266
-0.255789,1.432590,-0.818161,-0.241579,1.581169,-0.355202,            35P    267
-0.214225,1.534356,-0.496999,-0.239440,1.460314,-0.686895,            35P    268
-0.239440,1.391531,-0.830606,-0.214225,0.000000,1.000000,             35P    269
0.000000,1.000000;                                                    35P    270
128,3,3,3,3,0,0,1,0,0,0.000000,0.000000,0.000000,0.000000,            37P    271
1.000000,1.000000,1.000000,1.000000,0.000000,0.000000,                37P    272
0.000000,0.000000,1.000000,1.000000,1.000000,1.000000,                37P    273
1.000000,1.000000,1.000000,1.000000,1.000000,1.000000,                37P    274
1.000000,1.000000,1.000000,1.000000,1.000000,1.000000,                37P    275
1.000000,1.000000,1.000000,1.000000,1.751852,-0.935538,               37P    276
-0.384171,1.851752,-0.846353,-0.390314,1.929076,-0.650050,            37P    277
-0.390314,1.916144,-0.522120,-0.384171,1.707747,-0.911985,            37P    278
-0.359171,1.813805,-0.827898,-0.375061,1.889145,-0.635597,            37P    279
-0.375061,1.867903,-0.508975,-0.359171,1.610383,-0.918992,            37P    280
-0.273811,1.734222,-0.811031,-0.299448,1.819202,-0.593759,            37P    281
-0.299448,1.801272,-0.439472,-0.273811,1.590827,-0.949566,            37P    282
-0.250525,1.730839,-0.821909,-0.285910,1.823850,-0.583847,            37P    283
-0.285910,1.807625,-0.406074,-0.250525,0.000000,1.000000,             37P    284
0.000000,1.000000;                                                    37P    285
128,3,3,3,3,0,0,1,0,0,0.000000,0.000000,0.000000,0.000000,            39P    286
1.000000,1.000000,1.000000,1.000000,0.000000,0.000000,                39P    287
0.000000,0.000000,1.000000,1.000000,1.000000,1.000000,                39P    288
1.000000,1.000000,1.000000,1.000000,1.000000,1.000000,                39P    289
1.000000,1.000000,1.000000,1.000000,1.000000,1.000000,                39P    290
1.000000,1.000000,1.000000,1.000000,1.916144,-0.522120,               39P    291
-0.384171,1.903212,-0.394189,-0.378029,1.829497,-0.384393,            39P    292
-0.365878,1.757662,-0.478935,-0.358079,1.867903,-0.508975,            39P    293
-0.359171,1.856132,-0.393117,-0.363820,1.783413,-0.384083,            39P    294
-0.351534,1.709420,-0.465790,-0.333079,1.801272,-0.439472,            39P    295
-0.273811,1.777342,-0.333767,-0.287205,1.692300,-0.323577,            39P    296
-0.272737,1.602830,-0.390530,-0.241579,1.807625,-0.406074,            39P    297
-0.250525,1.775518,-0.311797,-0.273355,1.682135,-0.301726,            39P    298
-0.257395,1.581169,-0.355202,-0.214225,0.000000,1.000000,             39P    299
0.000000,1.000000;                                                    39P    300
128,3,3,3,3,0,0,1,0,0,0.000000,0.000000,0.000000,0.000000,            41P    301
1.000000,1.000000,1.000000,1.000000,0.000000,0.000000,                41P    302
0.000000,0.000000,1.000000,1.000000,1.000000,1.000000,                41P    303
1.000000,1.000000,1.000000,1.000000,1.000000,1.000000,                41P    304
1.000000,1.000000,1.000000,1.000000,1.000000,1.000000,                41P    305
1.000000,1.000000,1.000000,1.000000,1.606958,-0.858160,               41P    306
-0.358079,1.591842,-0.980833,-0.365878,1.651952,-1.024723,            41P    307
-0.378029,1.751852,-0.935538,-0.384171,1.562853,-0.834607,            41P    308
-0.333079,1.558020,-0.949301,-0.351534,1.616818,-0.993136,            41P    309
-0.363820,1.707747,-0.911985,-0.359171,1.432590,-0.818161,            41P    310
-0.241579,1.449005,-0.932695,-0.272737,1.517457,-0.984292,            41P    311
-0.287205,1.610383,-0.918992,-0.273811,1.391531,-0.830606,            41P    312
-0.214225,1.425396,-0.943204,-0.257395,1.499704,-1.000789,            41P    313
-0.273355,1.590827,-0.949566,-0.250525,0.000000,1.000000,             41P    314
0.000000,1.000000;                                                    41P    315
128,3,3,3,3,0,0,1,0,0,0.000000,0.000000,0.000000,0.000000,            43P    316
1.000000,1.000000,1.000000,1.000000,0.000000,0.000000,                43P    317
0.000000,0.000000,1.000000,1.000000,1.000000,1.000000,                43P    318
1.000000,1.000000,1.000000,1.000000,1.000000,1.000000,                43P    319
1.000000,1.000000,1.000000,1.000000,1.000000,1.000000,                43P    320
1.000000,1.000000,1.000000,1.000000,1.757662,-0.478935,               43P    321
-0.358079,1.829497,-0.384393,-0.365878,1.903212,-0.394189,            43P    322
-0.378029,1.916144,-0.522120,-0.384171,1.685826,-0.573478,            43P    323
-0.350280,1.758443,-0.558670,-0.362726,1.857389,-0.587161,            43P    324
-0.379524,1.929076,-0.650050,-0.390314,1.622074,-0.735487,            43P    325
-0.350280,1.662693,-0.800717,-0.362726,1.754090,-0.848204,            43P    326
-0.379524,1.851752,-0.846353,-0.390314,1.606958,-0.858160,            43P    327
-0.358079,1.591842,-0.980833,-0.365878,1.651952,-1.024723,            43P    328
-0.378029,1.751852,-0.935538,-0.384171,0.000000,1.000000,             43P    329
0.000000,1.000000;                                                    43P    330
128,3,3,3,3,0,0,1,0,0,0.000000,0.000000,0.000000,0.000000,            45P    331
1.000000,1.000000,1.000000,1.000000,0.000000,0.000000,                45P    332
0.000000,0.000000,1.000000,1.000000,1.000000,1.000000,                45P    333
1.000000,1.000000,1.000000,1.000000,1.000000,1.000000,                45P    334
1.000000,1.000000,1.000000,1.000000,1.000000,1.000000,                45P    335
1.000000,1.000000,1.000000,1.000000,1.916144,-0.522120,               45P    336
0.215829,1.929076,-0.650050,0.209686,1.851752,-0.846353,              45P    337
0.209686,1.751852,-0.935538,0.215829,1.867903,-0.508975,              45P    338
0.165829,1.889145,-0.635597,0.173939,1.813805,-0.827898,              45P    339
0.173939,1.707747,-0.911985,0.165829,1.801272,-0.439472,              45P    340
0.023789,1.819202,-0.593759,0.046152,1.734222,-0.811031,              45P    341
0.046152,1.610383,-0.918992,0.023789,1.807625,-0.406074,              45P    342
-0.010525,1.823850,-0.583847,0.026090,1.730839,-0.821909,             45P    343
0.026090,1.590827,-0.949566,-0.010525,0.000000,1.000000,              45P    344
0.000000,1.000000;                                                    45P    345
128,3,3,3,3,0,0,1,0,0,0.000000,0.000000,0.000000,0.000000,            47P    346
1.000000,1.000000,1.000000,1.000000,0.000000,0.000000,                47P    347
0.000000,0.000000,1.000000,1.000000,1.000000,1.000000,                47P    348
1.000000,1.000000,1.000000,1.000000,1.000000,1.000000,                47P    349
1.000000,1.000000,1.000000,1.000000,1.000000,1.000000,                47P    350
1.000000,1.000000,1.000000,1.000000,1.606958,-0.858160,               47P    351
0.241921,1.622074,-0.735487,0.249720,1.685826,-0.573478,              47P    352
0.249720,1.757662,-0.478935,0.241921,1.562853,-0.834607,              47P    353
0.191921,1.590154,-0.719078,0.212716,1.651631,-0.561929,              47P    354
0.212716,1.709420,-0.465790,0.191921,1.432590,-0.818161,              47P    355
0.056021,1.481345,-0.686701,0.089811,1.549817,-0.511338,              47P    356
0.089811,1.602830,-0.390530,0.056021,1.391531,-0.830606,              47P    357
0.025775,1.460314,-0.686895,0.072560,1.534356,-0.496999,              47P    358
0.072560,1.581169,-0.355202,0.025775,0.000000,1.000000,               47P    359
0.000000,1.000000;                                                    47P    360
128,3,3,3,3,0,0,1,0,0,0.000000,0.000000,0.000000,0.000000,            49P    361
1.000000,1.000000,1.000000,1.000000,0.000000,0.000000,                49P    362
0.000000,0.000000,1.000000,1.000000,1.000000,1.000000,                49P    363
1.000000,1.000000,1.000000,1.000000,1.000000,1.000000,                49P    364
1.000000,1.000000,1.000000,1.000000,1.000000,1.000000,                49P    365
1.000000,1.000000,1.000000,1.000000,1.757662,-0.478935,               49P    366
0.241921,1.829497,-0.384393,0.234122,1.903212,-0.394189,              49P    367
0.221971,1.916144,-0.522120,0.215829,1.709420,-0.465790,              49P    368
0.191921,1.783413,-0.384083,0.197466,1.856132,-0.393117,              49P    369
0.185180,1.867903,-0.508975,0.165829,1.602830,-0.390530,              49P    370
0.056021,1.692300,-0.323577,0.072863,1.777342,-0.333767,              49P    371
0.058395,1.801272,-0.439472,0.023789,1.581169,-0.355202,              49P    372
0.025775,1.682135,-0.301726,0.054605,1.775518,-0.311797,              49P    373
0.038645,1.807625,-0.406074,-0.010525,0.000000,1.000000,              49P    374
0.000000,1.000000;                                                    49P    375
128,3,3,3,3,0,0,1,0,0,0.000000,0.000000,0.000000,0.000000,            51P    376
1.000000,1.000000,1.000000,1.000000,0.000000,0.000000,                51P    377
0.000000,0.000000,1.000000,1.000000,1.000000,1.000000,                51P    378
1.000000,1.000000,1.000000,1.000000,1.000000,1.000000,                51P    379
1.000000,1.000000,1.000000,1.000000,1.000000,1.000000,                51P    380
1.000000,1.000000,1.000000,1.000000,1.751852,-0.935538,               51P    381
0.215829,1.651952,-1.024723,0.221971,1.591842,-0.980833,              51P    382
0.234122,1.606958,-0.858160,0.241921,1.707747,-0.911985,              51P    383
0.165829,1.616818,-0.993136,0.185180,1.558020,-0.949301,              51P    384
0.197466,1.562853,-0.834607,0.191921,1.610383,-0.918992,              51P    385
0.023789,1.517457,-0.984292,0.058395,1.449005,-0.932695,              51P    386
0.072863,1.432590,-0.818161,0.056021,1.590827,-0.949566,              51P    387
-0.010525,1.499704,-1.000789,0.038645,1.425396,-0.943204,             51P    388
0.054605,1.391531,-0.830606,0.025775,0.000000,1.000000,               51P    389
0.000000,1.000000;                                                    51P    390
128,3,3,3,3,0,0,1,0,0,0.000000,0.000000,0.000000,0.000000,            53P    391
1.000000,1.000000,1.000000,1.000000,0.000000,0.000000,                53P    392
0.000000,0.000000,1.000000,1.000000,1.000000,1.000000,                53P    393
1.000000,1.000000,1.000000,1.000000,1.000000,1.000000,                53P    394
1.000000,1.000000,1.000000,1.000000,1.000000,1.000000,                53P    395
1.000000,1.000000,1.000000,1.000000,1.916144,-0.522120,               53P    396
0.215829,1.903212,-0.394189,0.221971,1.829497,-0.384393,              53P    397
0.234122,1.757662,-0.478935,0.241921,1.929076,-0.650050,              53P    398
0.209686,1.857389,-0.587161,0.220476,1.758443,-0.558670,              53P    399
0.237274,1.685826,-0.573478,0.249720,1.851752,-0.846353,              53P    400
0.209686,1.754090,-0.848204,0.220476,1.662693,-0.800717,              53P    401
0.237274,1.622074,-0.735487,0.249720,1.751852,-0.935538,              53P    402
0.215829,1.651952,-1.024723,0.221971,1.591842,-0.980833,              53P    403
0.234122,1.606958,-0.858160,0.241921,0.000000,1.000000,               53P    404
0.000000,1.000000;                                                    53P    405
128,3,3,3,3,0,0,1,0,0,0.000000,0.000000,0.000000,0.000000,            55P    406
1.000000,1.000000,1.000000,1.000000,0.000000,0.000000,                55P    407
0.000000,0.000000,1.000000,1.000000,1.000000,1.000000,                55P    408
1.000000,1.000000,1.000000,1.000000,1.000000,1.000000,                55P    409
1.000000,1.000000,1.000000,1.000000,1.000000,1.000000,                55P    410
1.000000,1.000000,1.000000,1.000000,0.000000,-1.802005,               55P    411
-0.045318,0.000000,-1.830442,-0.102742,0.000000,-1.830442,            55P    412
-0.178722,0.000000,-1.802005,-0.215024,0.079638,-1.802005,            55P    413
-0.045318,0.051806,-1.826257,-0.104385,0.051806,-1.826257,            55P    414
-0.179228,0.079638,-1.802005,-0.215024,0.334965,-1.801135,            55P    415
-0.025171,0.279301,-1.821202,-0.099713,0.279301,-1.821202,            55P    416
-0.187250,0.334965,-1.801135,-0.236371,0.406074,-1.807625,            55P    417
-0.010525,0.322578,-1.823507,-0.096310,0.322578,-1.823507,            55P    418
-0.192310,0.406074,-1.807625,-0.250525,0.000000,1.000000,             55P    419
0.000000,1.000000;                                                    55P    420
128,3,3,3,3,0,0,1,0,0,0.000000,0.000000,0.000000,0.000000,            57P    421
1.000000,1.000000,1.000000,1.000000,0.000000,0.000000,                57P    422
0.000000,0.000000,1.000000,1.000000,1.000000,1.000000,                57P    423
1.000000,1.000000,1.000000,1.000000,1.000000,1.000000,                57P    424
1.000000,1.000000,1.000000,1.000000,1.000000,1.000000,                57P    425
1.000000,1.000000,1.000000,1.000000,0.000000,-1.637745,               57P    426
-0.188932,0.000000,-1.575619,-0.138688,0.000000,-1.575619,            57P    427
-0.062708,0.000000,-1.637745,-0.019226,0.072379,-1.637745,            57P    428
-0.188932,0.042938,-1.578276,-0.140451,0.042938,-1.578276,            57P    429
-0.065609,0.072379,-1.637745,-0.019226,0.298483,-1.599894,            57P    430
-0.204139,0.239602,-1.543083,-0.143591,0.239602,-1.543083,            57P    431
-0.056053,0.298483,-1.599894,0.007061,0.355202,-1.581169,             57P    432
-0.214225,0.266880,-1.527016,-0.145840,0.266880,-1.527016,            57P    433
-0.049840,0.355202,-1.581169,0.025775,0.000000,1.000000,              57P    434
0.000000,1.000000;                                                    57P    435
128,3,3,3,3,0,0,1,0,0,0.000000,0.000000,0.000000,0.000000,            59P    436
1.000000,1.000000,1.000000,1.000000,0.000000,0.000000,                59P    437
0.000000,0.000000,1.000000,1.000000,1.000000,1.000000,                59P    438
1.000000,1.000000,1.000000,1.000000,1.000000,1.000000,                59P    439
1.000000,1.000000,1.000000,1.000000,1.000000,1.000000,                59P    440
1.000000,1.000000,1.000000,1.000000,0.000000,-1.637745,               59P    441
-0.019226,0.000000,-1.699871,0.024256,0.000000,-1.773569,             59P    442
0.012105,0.000000,-1.802005,-0.045318,0.072379,-1.637745,             59P    443
-0.019226,0.051321,-1.705907,0.020506,0.051445,-1.779256,             59P    444
0.008220,0.079638,-1.802005,-0.045318,0.298483,-1.599894,             59P    445
0.007061,0.263688,-1.686419,0.040997,0.271258,-1.771746,              59P    446
0.026528,0.334965,-1.801135,-0.025171,0.355202,-1.581169,             59P    447
0.025775,0.301726,-1.682135,0.054605,0.311797,-1.775518,              59P    448
0.038645,0.406074,-1.807625,-0.010525,0.000000,1.000000,              59P    449
0.000000,1.000000;                                                    59P    450
128,3,3,3,3,0,0,1,0,0,0.000000,0.000000,0.000000,0.000000,            61P    451
1.000000,1.000000,1.000000,1.000000,0.000000,0.000000,                61P    452
0.000000,0.000000,1.000000,1.000000,1.000000,1.000000,                61P    453
1.000000,1.000000,1.000000,1.000000,1.000000,1.000000,                61P    454
1.000000,1.000000,1.000000,1.000000,1.000000,1.000000,                61P    455
1.000000,1.000000,1.000000,1.000000,0.000000,-1.802005,               61P    456
-0.215024,0.000000,-1.773569,-0.251326,0.000000,-1.699871,            61P    457
-0.239176,0.000000,-1.637745,-0.188932,0.079638,-1.802005,            61P    458
-0.215024,0.051445,-1.779256,-0.247970,0.051321,-1.705907,            61P    459
-0.235683,0.072379,-1.637745,-0.188932,0.334965,-1.801135,            61P    460
-0.236371,0.271258,-1.771746,-0.263914,0.263688,-1.686419,            61P    461
-0.249445,0.298483,-1.599894,-0.204139,0.406074,-1.807625,            61P    462
-0.250525,0.311797,-1.775518,-0.273355,0.301726,-1.682135,            61P    463
-0.257395,0.355202,-1.581169,-0.214225,0.000000,1.000000,             61P    464
0.000000,1.000000;                                                    61P    465
128,3,3,3,3,0,0,1,0,0,0.000000,0.000000,0.000000,0.000000,            63P    466
1.000000,1.000000,1.000000,1.000000,0.000000,0.000000,                63P    467
0.000000,0.000000,1.000000,1.000000,1.000000,1.000000,                63P    468
1.000000,1.000000,1.000000,1.000000,1.000000,1.000000,                63P    469
1.000000,1.000000,1.000000,1.000000,1.000000,1.000000,                63P    470
1.000000,1.000000,1.000000,1.000000,1.274210,-1.274210,               63P    471
-0.215024,1.294318,-1.294318,-0.178722,1.294318,-1.294318,            63P    472
-0.102742,1.274210,-1.274210,-0.045318,1.208236,-1.340185,            63P    473
-0.215024,1.247119,-1.337293,-0.179228,1.247119,-1.337293,            63P    474
-0.104385,1.208236,-1.340185,-0.045318,1.000628,-1.534822,            63P    475
-0.236371,1.058286,-1.508931,-0.187250,1.058286,-1.508931,            63P    476
-0.099713,1.000628,-1.534822,-0.025171,0.949566,-1.590827,            63P    477
-0.250525,1.025999,-1.541937,-0.192310,1.025999,-1.541937,            63P    478
-0.096310,0.949566,-1.590827,-0.010525,0.000000,1.000000,             63P    479
0.000000,1.000000;                                                    63P    480
128,3,3,3,3,0,0,1,0,0,0.000000,0.000000,0.000000,0.000000,            65P    481
1.000000,1.000000,1.000000,1.000000,0.000000,0.000000,                65P    482
0.000000,0.000000,1.000000,1.000000,1.000000,1.000000,                65P    483
1.000000,1.000000,1.000000,1.000000,1.000000,1.000000,                65P    484
1.000000,1.000000,1.000000,1.000000,1.000000,1.000000,                65P    485
1.000000,1.000000,1.000000,1.000000,1.158060,-1.158060,               65P    486
-0.019226,1.114131,-1.114131,-0.062708,1.114131,-1.114131,            65P    487
-0.138688,1.158060,-1.158060,-0.188932,1.098100,-1.218021,            65P    488
-0.019226,1.079184,-1.154518,-0.065609,1.079184,-1.154518,            65P    489
-0.140451,1.098100,-1.218021,-0.188932,0.888090,-1.364017,            65P    490
0.007061,0.894188,-1.280941,-0.056053,0.894188,-1.280941,             65P    491
-0.143591,0.888090,-1.364017,-0.204139,0.830606,-1.391531,            65P    492
0.025775,0.861718,-1.288881,-0.049840,0.861718,-1.288881,             65P    493
-0.145840,0.830606,-1.391531,-0.214225,0.000000,1.000000,             65P    494
0.000000,1.000000;                                                    65P    495
128,3,3,3,3,0,0,1,0,0,0.000000,0.000000,0.000000,0.000000,            67P    496
1.000000,1.000000,1.000000,1.000000,0.000000,0.000000,                67P    497
0.000000,0.000000,1.000000,1.000000,1.000000,1.000000,                67P    498
1.000000,1.000000,1.000000,1.000000,1.000000,1.000000,                67P    499
1.000000,1.000000,1.000000,1.000000,1.000000,1.000000,                67P    500
1.000000,1.000000,1.000000,1.000000,1.158060,-1.158060,               67P    501
-0.188932,1.201990,-1.201990,-0.239176,1.254103,-1.254103,            67P    502
-0.251326,1.274210,-1.274210,-0.215024,1.098100,-1.218021,            67P    503
-0.188932,1.162602,-1.251362,-0.235683,1.214222,-1.303639,            67P    504
-0.247970,1.208236,-1.340185,-0.215024,0.888090,-1.364017,            67P    505
-0.204139,0.975970,-1.400979,-0.249445,1.029903,-1.467629,            67P    506
-0.263914,1.000628,-1.534822,-0.236371,0.830606,-1.391531,            67P    507
-0.214225,0.943204,-1.425396,-0.257395,1.000789,-1.499704,            67P    508
-0.273355,0.949566,-1.590827,-0.250525,0.000000,1.000000,             67P    509
0.000000,1.000000;                                                    67P    510
128,3,3,3,3,0,0,1,0,0,0.000000,0.000000,0.000000,0.000000,            69P    511
1.000000,1.000000,1.000000,1.000000,0.000000,0.000000,                69P    512
0.000000,0.000000,1.000000,1.000000,1.000000,1.000000,                69P    513
1.000000,1.000000,1.000000,1.000000,1.000000,1.000000,                69P    514
1.000000,1.000000,1.000000,1.000000,1.000000,1.000000,                69P    515
1.000000,1.000000,1.000000,1.000000,1.274210,-1.274210,               69P    516
-0.045318,1.254103,-1.254103,0.012105,1.201990,-1.201990,             69P    517
0.024256,1.158060,-1.158060,-0.019226,1.208236,-1.340185,             69P    518
-0.045318,1.214222,-1.303639,0.008220,1.162602,-1.251362,             69P    519
0.020506,1.098100,-1.218021,-0.019226,1.000628,-1.534822,             69P    520
-0.025171,1.029903,-1.467629,0.026528,0.975970,-1.400979,             69P    521
0.040997,0.888090,-1.364017,0.007061,0.949566,-1.590827,              69P    522
-0.010525,1.000789,-1.499704,0.038645,0.943204,-1.425396,             69P    523
0.054605,0.830606,-1.391531,0.025775,0.000000,1.000000,               69P    524
0.000000,1.000000;                                                    69P    525
128,3,3,3,3,0,0,1,0,0,0.000000,0.000000,0.000000,0.000000,            71P    526
1.000000,1.000000,1.000000,1.000000,0.000000,0.000000,                71P    527
0.000000,0.000000,1.000000,1.000000,1.000000,1.000000,                71P    528
1.000000,1.000000,1.000000,1.000000,1.000000,1.000000,                71P    529
1.000000,1.000000,1.000000,1.000000,1.000000,1.000000,                71P    530
1.000000,1.000000,1.000000,1.000000,0.678805,-1.271104,               71P    531
0.013853,0.606659,-1.329667,0.065134,0.467512,-1.384466,              71P    532
0.065134,0.378838,-1.390310,0.013853,0.694262,-1.300048,              71P    533
0.009165,0.615477,-1.355097,0.058948,0.476630,-1.409389,              71P    534
0.058948,0.387464,-1.421969,0.009165,0.785566,-1.377984,              71P    535
0.014243,0.668361,-1.442240,0.062527,0.498031,-1.508747,              71P    536
0.062527,0.376592,-1.540783,0.014243,0.830606,-1.391531,              71P    537
0.025775,0.686895,-1.460314,0.072560,0.496999,-1.534356,              71P    538
0.072560,0.355202,-1.581169,0.025775,0.000000,1.000000,               71P    539
0.000000,1.000000;                                                    71P    540
128,3,3,3,3,0,0,1,0,0,0.000000,0.000000,0.000000,0.000000,            73P    541
1.000000,1.000000,1.000000,1.000000,0.000000,0.000000,                73P    542
0.000000,0.000000,1.000000,1.000000,1.000000,1.000000,                73P    543
1.000000,1.000000,1.000000,1.000000,1.000000,1.000000,                73P    544
1.000000,1.000000,1.000000,1.000000,1.000000,1.000000,                73P    545
1.000000,1.000000,1.000000,1.000000,0.378838,-1.390310,               73P    546
-0.155853,0.467512,-1.384466,-0.198297,0.606659,-1.329667,            73P    547
-0.198297,0.678805,-1.271104,-0.155853,0.387464,-1.421969,            73P    548
-0.160540,0.476630,-1.409389,-0.197242,0.615477,-1.355097,            73P    549
-0.197242,0.694262,-1.300048,-0.160540,0.376592,-1.540783,            73P    550
-0.196957,0.498031,-1.508747,-0.227915,0.668361,-1.442240,            73P    551
-0.227915,0.785566,-1.377984,-0.196957,0.355202,-1.581169,            73P    552
-0.214225,0.496999,-1.534356,-0.239440,0.686895,-1.460314,            73P    553
-0.239440,0.830606,-1.391531,-0.214225,0.000000,1.000000,             73P    554
0.000000,1.000000;                                                    73P    555
128,3,3,3,3,0,0,1,0,0,0.000000,0.000000,0.000000,0.000000,            75P    556
1.000000,1.000000,1.000000,1.000000,0.000000,0.000000,                75P    557
0.000000,0.000000,1.000000,1.000000,1.000000,1.000000,                75P    558
1.000000,1.000000,1.000000,1.000000,1.000000,1.000000,                75P    559
1.000000,1.000000,1.000000,1.000000,1.000000,1.000000,                75P    560
1.000000,1.000000,1.000000,1.000000,0.678805,-1.271104,               75P    561
-0.155853,0.750950,-1.212541,-0.113408,0.750950,-1.212541,            75P    562
-0.037428,0.678805,-1.271104,0.013853,0.694262,-1.300048,             75P    563
-0.160540,0.752729,-1.226789,-0.117259,0.752729,-1.226789,            75P    564
-0.042417,0.694262,-1.300048,0.009165,0.785566,-1.377984,             75P    565
-0.196957,0.830356,-1.290031,-0.139008,0.830356,-1.290031,            75P    566
-0.051471,0.785566,-1.377984,0.014243,0.830606,-1.391531,             75P    567
-0.214225,0.861718,-1.288881,-0.145840,0.861718,-1.288881,            75P    568
-0.049840,0.830606,-1.391531,0.025775,0.000000,1.000000,              75P    569
0.000000,1.000000;                                                    75P    570
128,3,3,3,3,0,0,1,0,0,0.000000,0.000000,0.000000,0.000000,            77P    571
1.000000,1.000000,1.000000,1.000000,0.000000,0.000000,                77P    572
0.000000,0.000000,1.000000,1.000000,1.000000,1.000000,                77P    573
1.000000,1.000000,1.000000,1.000000,1.000000,1.000000,                77P    574
1.000000,1.000000,1.000000,1.000000,1.000000,1.000000,                77P    575
1.000000,1.000000,1.000000,1.000000,0.378838,-1.390310,               77P    576
0.013853,0.290164,-1.396155,-0.037428,0.290164,-1.396155,             77P    577
-0.113408,0.378838,-1.390310,-0.155853,0.387464,-1.421969,            77P    578
0.009165,0.298908,-1.407814,-0.042417,0.298908,-1.407814,             77P    579
-0.117259,0.387464,-1.421969,-0.160540,0.376592,-1.540783,            77P    580
0.014243,0.288153,-1.506629,-0.051471,0.288153,-1.506629,             77P    581
-0.139008,0.376592,-1.540783,-0.196957,0.355202,-1.581169,            77P    582
0.025775,0.266880,-1.527016,-0.049840,0.266880,-1.527016,             77P    583
-0.145840,0.355202,-1.581169,-0.214225,0.000000,1.000000,             77P    584
0.000000,1.000000;                                                    77P    585
128,3,3,3,3,0,0,1,0,0,0.000000,0.000000,0.000000,0.000000,            79P    586
1.000000,1.000000,1.000000,1.000000,0.000000,0.000000,                79P    587
0.000000,0.000000,1.000000,1.000000,1.000000,1.000000,                79P    588
1.000000,1.000000,1.000000,1.000000,1.000000,1.000000,                79P    589
1.000000,1.000000,1.000000,1.000000,1.000000,1.000000,                79P    590
1.000000,1.000000,1.000000,1.000000,0.949667,-1.778310,               79P    591
-0.230853,0.845412,-1.854021,-0.273297,0.652208,-1.930103,            79P    592
-0.273297,0.530005,-1.945084,-0.230853,0.932002,-1.745232,            79P    593
-0.230853,0.836307,-1.835784,-0.270944,0.644512,-1.910916,            79P    594
-0.270944,0.520146,-1.908903,-0.230853,0.929076,-1.627276,            79P    595
-0.241393,0.814861,-1.743544,-0.279131,0.597393,-1.828601,            79P    596
-0.279131,0.443785,-1.820468,-0.241393,0.949566,-1.590827,            79P    597
-0.250525,0.821909,-1.730839,-0.285910,0.583847,-1.823850,            79P    598
-0.285910,0.406074,-1.807625,-0.250525,0.000000,1.000000,             79P    599
0.000000,1.000000;                                                    79P    600
128,3,3,3,3,0,0,1,0,0,0.000000,0.000000,0.000000,0.000000,            81P    601
1.000000,1.000000,1.000000,1.000000,0.000000,0.000000,                81P    602
0.000000,0.000000,1.000000,1.000000,1.000000,1.000000,                81P    603
1.000000,1.000000,1.000000,1.000000,1.000000,1.000000,                81P    604
1.000000,1.000000,1.000000,1.000000,1.000000,1.000000,                81P    605
1.000000,1.000000,1.000000,1.000000,0.530005,-1.945084,               81P    606
-0.061147,0.652208,-1.930103,-0.009866,0.845412,-1.854021,            81P    607
-0.009866,0.949667,-1.778310,-0.061147,0.520146,-1.908903,            81P    608
-0.061147,0.644512,-1.910916,-0.014755,0.836307,-1.835784,            81P    609
-0.014755,0.932002,-1.745232,-0.061147,0.443785,-1.820468,            81P    610
-0.030193,0.597393,-1.828601,0.011311,0.814861,-1.743544,             81P    611
0.011311,0.929076,-1.627276,-0.030193,0.406074,-1.807625,             81P    612
-0.010525,0.583847,-1.823850,0.026090,0.821909,-1.730839,             81P    613
0.026090,0.949566,-1.590827,-0.010525,0.000000,1.000000,              81P    614
0.000000,1.000000;                                                    81P    615
128,3,3,3,3,0,0,1,0,0,0.000000,0.000000,0.000000,0.000000,            83P    616
1.000000,1.000000,1.000000,1.000000,0.000000,0.000000,                83P    617
0.000000,0.000000,1.000000,1.000000,1.000000,1.000000,                83P    618
1.000000,1.000000,1.000000,1.000000,1.000000,1.000000,                83P    619
1.000000,1.000000,1.000000,1.000000,1.000000,1.000000,                83P    620
1.000000,1.000000,1.000000,1.000000,0.949667,-1.778310,               83P    621
-0.061147,1.053923,-1.702600,-0.112428,1.053923,-1.702600,            83P    622
-0.188408,0.949667,-1.778310,-0.230853,0.932002,-1.745232,            83P    623
-0.061147,1.026983,-1.678462,-0.116119,1.026983,-1.678462,            83P    624
-0.190962,0.932002,-1.745232,-0.230853,0.929076,-1.627276,            83P    625
-0.030193,1.014783,-1.569446,-0.102687,1.014783,-1.569446,            83P    626
-0.190224,0.929076,-1.627276,-0.241393,0.949566,-1.590827,            83P    627
-0.010525,1.025999,-1.541937,-0.096310,1.025999,-1.541937,            83P    628
-0.192310,0.949566,-1.590827,-0.250525,0.000000,1.000000,             83P    629
0.000000,1.000000;                                                    83P    630
128,3,3,3,3,0,0,1,0,0,0.000000,0.000000,0.000000,0.000000,            85P    631
1.000000,1.000000,1.000000,1.000000,0.000000,0.000000,                85P    632
0.000000,0.000000,1.000000,1.000000,1.000000,1.000000,                85P    633
1.000000,1.000000,1.000000,1.000000,1.000000,1.000000,                85P    634
1.000000,1.000000,1.000000,1.000000,1.000000,1.000000,                85P    635
1.000000,1.000000,1.000000,1.000000,0.530005,-1.945084,               85P    636
-0.230853,0.407802,-1.960065,-0.188408,0.407802,-1.960065,            85P    637
-0.112428,0.530005,-1.945084,-0.061147,0.520146,-1.908903,            85P    638
-0.230853,0.410846,-1.924184,-0.190962,0.410846,-1.924184,            85P    639
-0.116119,0.520146,-1.908903,-0.061147,0.443785,-1.820468,            85P    640
-0.241393,0.347386,-1.836050,-0.190224,0.347386,-1.836050,            85P    641
-0.102687,0.443785,-1.820468,-0.030193,0.406074,-1.807625,            85P    642
-0.250525,0.322578,-1.823507,-0.192310,0.322578,-1.823507,            85P    643
-0.096310,0.406074,-1.807625,-0.010525,0.000000,1.000000,             85P    644
0.000000,1.000000;                                                    85P    645
128,3,3,3,3,0,0,1,0,0,0.000000,0.000000,0.000000,0.000000,            87P    646
1.000000,1.000000,1.000000,1.000000,0.000000,0.000000,                87P    647
0.000000,0.000000,1.000000,1.000000,1.000000,1.000000,                87P    648
1.000000,1.000000,1.000000,1.000000,1.000000,1.000000,                87P    649
1.000000,1.000000,1.000000,1.000000,1.000000,1.000000,                87P    650
1.000000,1.000000,1.000000,1.000000,0.949667,-1.778310,               87P    651
-0.230853,1.053923,-1.702600,-0.188408,1.053923,-1.702600,            87P    652
-0.112428,0.949667,-1.778310,-0.061147,0.845412,-1.854021,            87P    653
-0.273297,0.874181,-1.808541,-0.199611,0.874181,-1.808541,            87P    654
-0.092389,0.845412,-1.854021,-0.009866,0.652208,-1.930103,            87P    655
-0.273297,0.605491,-1.914853,-0.199611,0.605491,-1.914853,            87P    656
-0.092389,0.652208,-1.930103,-0.009866,0.530005,-1.945084,            87P    657
-0.230853,0.407802,-1.960065,-0.188408,0.407802,-1.960065,            87P    658
-0.112428,0.530005,-1.945084,-0.061147,0.000000,1.000000,             87P    659
0.000000,1.000000;                                                    87P    660
128,3,3,3,3,0,0,1,0,0,0.000000,0.000000,0.000000,0.000000,            89P    661
1.000000,1.000000,1.000000,1.000000,0.000000,0.000000,                89P    662
0.000000,0.000000,1.000000,1.000000,1.000000,1.000000,                89P    663
1.000000,1.000000,1.000000,1.000000,1.000000,1.000000,                89P    664
1.000000,1.000000,1.000000,1.000000,1.000000,1.000000,                89P    665
1.000000,1.000000,1.000000,1.000000,0.858160,-1.606958,               89P    666
-0.358079,0.735487,-1.622074,-0.350280,0.573478,-1.685826,            89P    667
-0.350280,0.478935,-1.757662,-0.358079,0.834607,-1.562853,            89P    668
-0.333079,0.719078,-1.590154,-0.336284,0.561929,-1.651631,            89P    669
-0.336284,0.465790,-1.709420,-0.333079,0.818161,-1.432590,            89P    670
-0.241579,0.686701,-1.481345,-0.255789,0.511338,-1.549817,            89P    671
-0.255789,0.390530,-1.602830,-0.241579,0.830606,-1.391531,            89P    672
-0.214225,0.686895,-1.460314,-0.239440,0.496999,-1.534356,            89P    673
-0.239440,0.355202,-1.581169,-0.214225,0.000000,1.000000,             89P    674
0.000000,1.000000;                                                    89P    675
128,3,3,3,3,0,0,1,0,0,0.000000,0.000000,0.000000,0.000000,            91P    676
1.000000,1.000000,1.000000,1.000000,0.000000,0.000000,                91P    677
0.000000,0.000000,1.000000,1.000000,1.000000,1.000000,                91P    678
1.000000,1.000000,1.000000,1.000000,1.000000,1.000000,                91P    679
1.000000,1.000000,1.000000,1.000000,1.000000,1.000000,                91P    680
1.000000,1.000000,1.000000,1.000000,0.522120,-1.916144,               91P    681
-0.384171,0.650050,-1.929076,-0.390314,0.846353,-1.851752,            91P    682
-0.390314,0.935538,-1.751852,-0.384171,0.508975,-1.867903,            91P    683
-0.359171,0.635597,-1.889145,-0.375061,0.827898,-1.813805,            91P    684
-0.375061,0.911985,-1.707747,-0.359171,0.439472,-1.801272,            91P    685
-0.273811,0.593759,-1.819202,-0.299448,0.811031,-1.734222,            91P    686
-0.299448,0.918992,-1.610383,-0.273811,0.406074,-1.807625,            91P    687
-0.250525,0.583847,-1.823850,-0.285910,0.821909,-1.730839,            91P    688
-0.285910,0.949566,-1.590827,-0.250525,0.000000,1.000000,             91P    689
0.000000,1.000000;                                                    91P    690
128,3,3,3,3,0,0,1,0,0,0.000000,0.000000,0.000000,0.000000,            93P    691
1.000000,1.000000,1.000000,1.000000,0.000000,0.000000,                93P    692
0.000000,0.000000,1.000000,1.000000,1.000000,1.000000,                93P    693
1.000000,1.000000,1.000000,1.000000,1.000000,1.000000,                93P    694
1.000000,1.000000,1.000000,1.000000,1.000000,1.000000,                93P    695
1.000000,1.000000,1.000000,1.000000,0.935538,-1.751852,               93P    696
-0.384171,1.024723,-1.651952,-0.378029,0.980833,-1.591842,            93P    697
-0.365878,0.858160,-1.606958,-0.358079,0.911985,-1.707747,            93P    698
-0.359171,0.993136,-1.616818,-0.363820,0.949301,-1.558020,            93P    699
-0.351534,0.834607,-1.562853,-0.333079,0.918992,-1.610383,            93P    700
-0.273811,0.984292,-1.517457,-0.287205,0.932695,-1.449005,            93P    701
-0.272737,0.818161,-1.432590,-0.241579,0.949566,-1.590827,            93P    702
-0.250525,1.000789,-1.499704,-0.273355,0.943204,-1.425396,            93P    703
-0.257395,0.830606,-1.391531,-0.214225,0.000000,1.000000,             93P    704
0.000000,1.000000;                                                    93P    705
128,3,3,3,3,0,0,1,0,0,0.000000,0.000000,0.000000,0.000000,            95P    706
1.000000,1.000000,1.000000,1.000000,0.000000,0.000000,                95P    707
0.000000,0.000000,1.000000,1.000000,1.000000,1.000000,                95P    708
1.000000,1.000000,1.000000,1.000000,1.000000,1.000000,                95P    709
1.000000,1.000000,1.000000,1.000000,1.000000,1.000000,                95P    710
1.000000,1.000000,1.000000,1.000000,0.478935,-1.757662,               95P    711
-0.358079,0.384393,-1.829497,-0.365878,0.394189,-1.903212,            95P    712
-0.378029,0.522120,-1.916144,-0.384171,0.465790,-1.709420,            95P    713
-0.333079,0.384083,-1.783413,-0.351534,0.393117,-1.856132,            95P    714
-0.363820,0.508975,-1.867903,-0.359171,0.390530,-1.602830,            95P    715
-0.241579,0.323577,-1.692300,-0.272737,0.333767,-1.777342,            95P    716
-0.287205,0.439472,-1.801272,-0.273811,0.355202,-1.581169,            95P    717
-0.214225,0.301726,-1.682135,-0.257395,0.311797,-1.775518,            95P    718
-0.273355,0.406074,-1.807625,-0.250525,0.000000,1.000000,             95P    719
0.000000,1.000000;                                                    95P    720
128,3,3,3,3,0,0,1,0,0,0.000000,0.000000,0.000000,0.000000,            97P    721
1.000000,1.000000,1.000000,1.000000,0.000000,0.000000,                97P    722
0.000000,0.000000,1.000000,1.000000,1.000000,1.000000,                97P    723
1.000000,1.000000,1.000000,1.000000,1.000000,1.000000,                97P    724
1.000000,1.000000,1.000000,1.000000,1.000000,1.000000,                97P    725
1.000000,1.000000,1.000000,1.000000,0.858160,-1.606958,               97P    726
-0.358079,0.980833,-1.591842,-0.365878,1.024723,-1.651952,            97P    727
-0.378029,0.935538,-1.751852,-0.384171,0.735487,-1.622074,            97P    728
-0.350280,0.800717,-1.662693,-0.362726,0.848204,-1.754090,            97P    729
-0.379524,0.846353,-1.851752,-0.390314,0.573478,-1.685826,            97P    730
-0.350280,0.558670,-1.758443,-0.362726,0.587161,-1.857389,            97P    731
-0.379524,0.650050,-1.929076,-0.390314,0.478935,-1.757662,            97P    732
-0.358079,0.384393,-1.829497,-0.365878,0.394189,-1.903212,            97P    733
-0.378029,0.522120,-1.916144,-0.384171,0.000000,1.000000,             97P    734
0.000000,1.000000;                                                    97P    735
128,3,3,3,3,0,0,1,0,0,0.000000,0.000000,0.000000,0.000000,            99P    736
1.000000,1.000000,1.000000,1.000000,0.000000,0.000000,                99P    737
0.000000,0.000000,1.000000,1.000000,1.000000,1.000000,                99P    738
1.000000,1.000000,1.000000,1.000000,1.000000,1.000000,                99P    739
1.000000,1.000000,1.000000,1.000000,1.000000,1.000000,                99P    740
1.000000,1.000000,1.000000,1.000000,0.935538,-1.751852,               99P    741
0.215829,0.846353,-1.851752,0.209686,0.650050,-1.929076,              99P    742
0.209686,0.522120,-1.916144,0.215829,0.911985,-1.707747,              99P    743
0.165829,0.827898,-1.813805,0.173939,0.635597,-1.889145,              99P    744
0.173939,0.508975,-1.867903,0.165829,0.918992,-1.610383,              99P    745
0.023789,0.811031,-1.734222,0.046152,0.593759,-1.819202,              99P    746
0.046152,0.439472,-1.801272,0.023789,0.949566,-1.590827,              99P    747
-0.010525,0.821909,-1.730839,0.026090,0.583847,-1.823850,             99P    748
0.026090,0.406074,-1.807625,-0.010525,0.000000,1.000000,              99P    749
0.000000,1.000000;                                                    99P    750
128,3,3,3,3,0,0,1,0,0,0.000000,0.000000,0.000000,0.000000,           101P    751
1.000000,1.000000,1.000000,1.000000,0.000000,0.000000,               101P    752
0.000000,0.000000,1.000000,1.000000,1.000000,1.000000,               101P    753
1.000000,1.000000,1.000000,1.000000,1.000000,1.000000,               101P    754
1.000000,1.000000,1.000000,1.000000,1.000000,1.000000,               101P    755
1.000000,1.000000,1.000000,1.000000,0.478935,-1.757662,              101P    756
0.241921,0.573478,-1.685826,0.249720,0.735487,-1.622074,             101P    757
0.249720,0.858160,-1.606958,0.241921,0.465790,-1.709420,             101P    758
0.191921,0.561929,-1.651631,0.212716,0.719078,-1.590154,             101P    759
0.212716,0.834607,-1.562853,0.191921,0.390530,-1.602830,             101P    760
0.056021,0.511338,-1.549817,0.089811,0.686701,-1.481345,             101P    761
0.089811,0.818161,-1.432590,0.056021,0.355202,-1.581169,             101P    762
0.025775,0.496999,-1.534356,0.072560,0.686895,-1.460314,             101P    763
0.072560,0.830606,-1.391531,0.025775,0.000000,1.000000,              101P    764
0.000000,1.000000;                                                   101P    765
128,3,3,3,3,0,0,1,0,0,0.000000,0.000000,0.000000,0.000000,           103P    766
1.000000,1.000000,1.000000,1.000000,0.000000,0.000000,               103P    767
0.000000,0.000000,1.000000,1.000000,1.000000,1.000000,               103P    768
1.000000,1.000000,1.000000,1.000000,1.000000,1.000000,               103P    769
1.000000,1.000000,1.000000,1.000000,1.000000,1.000000,               103P    770
1.000000,1.000000,1.000000,1.000000,0.858160,-1.606958,              103P    771
0.241921,0.980833,-1.591842,0.234122,1.024723,-1.651952,             103P    772
0.221971,0.935538,-1.751852,0.215829,0.834607,-1.562853,             103P    773
0.191921,0.949301,-1.558020,0.197466,0.993136,-1.616818,             103P    774
0.185180,0.911985,-1.707747,0.165829,0.818161,-1.432590,             103P    775
0.056021,0.932695,-1.449005,0.072863,0.984292,-1.517457,             103P    776
0.058395,0.918992,-1.610383,0.023789,0.830606,-1.391531,             103P    777
0.025775,0.943204,-1.425396,0.054605,1.000789,-1.499704,             103P    778
0.038645,0.949566,-1.590827,-0.010525,0.000000,1.000000,             103P    779
0.000000,1.000000;                                                   103P    780
128,3,3,3,3,0,0,1,0,0,0.000000,0.000000,0.000000,0.000000,           105P    781
1.000000,1.000000,1.000000,1.000000,0.000000,0.000000,               105P    782
0.000000,0.000000,1.000000,1.000000,1.000000,1.000000,               105P    783
1.000000,1.000000,1.000000,1.000000,1.000000,1.000000,               105P    784
1.000000,1.000000,1.000000,1.000000,1.000000,1.000000,               105P    785
1.000000,1.000000,1.000000,1.000000,0.522120,-1.916144,              105P    786
0.215829,0.394189,-1.903212,0.221971,0.384393,-1.829497,             105P    787
0.234122,0.478935,-1.757662,0.241921,0.508975,-1.867903,             105P    788
0.165829,0.393117,-1.856132,0.185180,0.384083,-1.783413,             105P    789
0.197466,0.465790,-1.709420,0.191921,0.439472,-1.801272,             105P    790
0.023789,0.333767,-1.777342,0.058395,0.323577,-1.692300,             105P    791
0.072863,0.390530,-1.602830,0.056021,0.406074,-1.807625,             105P    792
-0.010525,0.311797,-1.775518,0.038645,0.301726,-1.682135,            105P    793
0.054605,0.355202,-1.581169,0.025775,0.000000,1.000000,              105P    794
0.000000,1.000000;                                                   105P    795
128,3,3,3,3,0,0,1,0,0,0.000000,0.000000,0.000000,0.000000,           107P    796
1.000000,1.000000,1.000000,1.000000,0.000000,0.000000,               107P    797
0.000000,0.000000,1.000000,1.000000,1.000000,1.000000,               107P    798
1.000000,1.000000,1.000000,1.000000,1.000000,1.000000,               107P    799
1.000000,1.000000,1.000000,1.000000,1.000000,1.000000,               107P    800
1.000000,1.000000,1.000000,1.000000,0.935538,-1.751852,              107P    801
0.215829,1.024723,-1.651952,0.221971,0.980833,-1.591842,             107P    802
0.234122,0.858160,-1.606958,0.241921,0.846353,-1.851752,             107P    803
0.209686,0.848204,-1.754090,0.220476,0.800717,-1.662693,             107P    804
0.237274,0.735487,-1.622074,0.249720,0.650050,-1.929076,             107P    805
0.209686,0.587161,-1.857389,0.220476,0.558670,-1.758443,             107P    806
0.237274,0.573478,-1.685826,0.249720,0.522120,-1.916144,             107P    807
0.215829,0.394189,-1.903212,0.221971,0.384393,-1.829497,             107P    808
0.234122,0.478935,-1.757662,0.241921,0.000000,1.000000,              107P    809
0.000000,1.000000;                                                   107P    810
128,3,3,3,3,0,0,1,0,0,0.000000,0.000000,0.000000,0.000000,           109P    811
1.000000,1.000000,1.000000,1.000000,0.000000,0.000000,               109P    812
0.000000,0.000000,1.000000,1.000000,1.000000,1.000000,               109P    813
1.000000,1.000000,1.000000,1.000000,1.000000,1.000000,               109P    814
1.000000,1.000000,1.000000,1.000000,1.000000,1.000000,               109P    815
1.000000,1.000000,1.000000,1.000000,0.893459,-0.893459,              109P    816
0.027645,0.906454,-0.906454,-0.023034,0.906454,-0.906454,            109P    817
-0.099013,0.893459,-0.893459,-0.142061,0.939720,-0.847199,           109P    818
0.027645,0.934590,-0.872464,-0.025725,0.934590,-0.872464,            109P    819
-0.100568,0.939720,-0.847199,-0.142061,1.079632,-0.704036,           109P    820
0.050639,1.056377,-0.741570,-0.019254,1.056377,-0.741570,            109P    821
-0.106791,1.079632,-0.704036,-0.160561,1.122210,-0.669848,           109P    822
0.066725,1.080831,-0.719652,-0.015460,1.080831,-0.719652,            109P    823
-0.111460,1.122210,-0.669848,-0.173275,0.000000,1.000000,            109P    824
0.000000,1.000000;                                                   109P    825
128,3,3,3,3,0,0,1,0,0,0.000000,0.000000,0.000000,0.000000,           111P    826
1.000000,1.000000,1.000000,1.000000,0.000000,0.000000,               111P    827
0.000000,0.000000,1.000000,1.000000,1.000000,1.000000,               111P    828
1.000000,1.000000,1.000000,1.000000,1.000000,1.000000,               111P    829
1.000000,1.000000,1.000000,1.000000,1.000000,1.000000,               111P    830
1.000000,1.000000,1.000000,1.000000,0.807309,-0.807309,              111P    831
-0.158395,0.772835,-0.772835,-0.124837,0.772835,-0.772835,           111P    832
-0.048857,0.807309,-0.807309,0.011311,0.849109,-0.765509,            111P    833
-0.158395,0.799064,-0.747937,-0.125839,0.799064,-0.747937,           111P    834
-0.050996,0.849109,-0.765509,0.011311,0.952961,-0.620577,            111P    835
-0.181129,0.887344,-0.619907,-0.135743,0.887344,-0.619907,           111P    836
-0.048206,0.952961,-0.620577,0.030071,0.974434,-0.581641,            111P    837
-0.196975,0.893245,-0.597872,-0.142990,0.893245,-0.597872,           111P    838
-0.046990,0.974434,-0.581641,0.043025,0.000000,1.000000,             111P    839
0.000000,1.000000;                                                   111P    840
128,3,3,3,3,0,0,1,0,0,0.000000,0.000000,0.000000,0.000000,           113P    841
1.000000,1.000000,1.000000,1.000000,0.000000,0.000000,               113P    842
0.000000,0.000000,1.000000,1.000000,1.000000,1.000000,               113P    843
1.000000,1.000000,1.000000,1.000000,1.000000,1.000000,               113P    844
1.000000,1.000000,1.000000,1.000000,1.000000,1.000000,               113P    845
1.000000,1.000000,1.000000,1.000000,0.807309,-0.807309,              113P    846
0.011311,0.841783,-0.841783,0.071479,0.880464,-0.880464,             113P    847
0.078323,0.893459,-0.893459,0.027645,0.849109,-0.765509,             113P    848
0.011311,0.875900,-0.813813,0.069814,0.914728,-0.852140,             113P    849
0.076239,0.939720,-0.847199,0.027645,0.952961,-0.620577,             113P    850
0.030071,0.982601,-0.684788,0.088321,1.032111,-0.724836,             113P    851
0.095737,1.079632,-0.704036,0.050639,0.974434,-0.581641,             113P    852
0.043025,1.001939,-0.662751,0.100655,1.057144,-0.705514,             113P    853
0.108695,1.122210,-0.669848,0.066725,0.000000,1.000000,              113P    854
0.000000,1.000000;                                                   113P    855
128,3,3,3,3,0,0,1,0,0,0.000000,0.000000,0.000000,0.000000,           115P    856
1.000000,1.000000,1.000000,1.000000,0.000000,0.000000,               115P    857
0.000000,0.000000,1.000000,1.000000,1.000000,1.000000,               115P    858
1.000000,1.000000,1.000000,1.000000,1.000000,1.000000,               115P    859
1.000000,1.000000,1.000000,1.000000,1.000000,1.000000,               115P    860
1.000000,1.000000,1.000000,1.000000,0.893459,-0.893459,              115P    861
-0.142061,0.880464,-0.880464,-0.185108,0.841783,-0.841783,           115P    862
-0.191953,0.807309,-0.807309,-0.158395,0.939720,-0.847199,           115P    863
-0.142061,0.914728,-0.852140,-0.179951,0.875900,-0.813813,           115P    864
-0.186375,0.849109,-0.765509,-0.158395,1.079632,-0.704036,           115P    865
-0.160561,1.032111,-0.724836,-0.194705,0.982601,-0.684788,           115P    866
-0.202120,0.952961,-0.620577,-0.181129,1.122210,-0.669848,           115P    867
-0.173275,1.057144,-0.705514,-0.203305,1.001939,-0.662751,           115P    868
-0.211345,0.974434,-0.581641,-0.196975,0.000000,1.000000,            115P    869
0.000000,1.000000;                                                   115P    870
128,3,3,3,3,0,0,1,0,0,0.000000,0.000000,0.000000,0.000000,           117P    871
1.000000,1.000000,1.000000,1.000000,0.000000,0.000000,               117P    872
0.000000,0.000000,1.000000,1.000000,1.000000,1.000000,               117P    873
1.000000,1.000000,1.000000,1.000000,1.000000,1.000000,               117P    874
1.000000,1.000000,1.000000,1.000000,1.000000,1.000000,               117P    875
1.000000,1.000000,1.000000,1.000000,1.263542,0.000000,               117P    876
-0.142061,1.281920,0.000000,-0.099013,1.281920,0.000000,             117P    877
-0.023034,1.263542,0.000000,0.027645,1.263542,-0.055841,             117P    878
-0.142061,1.276918,-0.035621,-0.100568,1.276918,-0.035621,           117P    879
-0.025725,1.263542,-0.055841,0.027645,1.267078,-0.235509,            117P    880
-0.160561,1.275452,-0.195069,-0.106791,1.275452,-0.195069,           117P    881
-0.019254,1.267078,-0.235509,0.050639,1.275146,-0.286455,            117P    882
-0.173275,1.278518,-0.225796,-0.111460,1.278518,-0.225796,           117P    883
-0.015460,1.275146,-0.286455,0.066725,0.000000,1.000000,             117P    884
0.000000,1.000000;                                                   117P    885
128,3,3,3,3,0,0,1,0,0,0.000000,0.000000,0.000000,0.000000,           119P    886
1.000000,1.000000,1.000000,1.000000,0.000000,0.000000,               119P    887
0.000000,0.000000,1.000000,1.000000,1.000000,1.000000,               119P    888
1.000000,1.000000,1.000000,1.000000,1.000000,1.000000,               119P    889
1.000000,1.000000,1.000000,1.000000,1.000000,1.000000,               119P    890
1.000000,1.000000,1.000000,1.000000,1.141708,0.000000,               119P    891
0.011311,1.092954,0.000000,-0.048857,1.092954,0.000000,              119P    892
-0.124837,1.141708,0.000000,-0.158395,1.141708,-0.050457,            119P    893
0.011311,1.093040,-0.029049,-0.050996,1.093040,-0.029049,            119P    894
-0.125839,1.141708,-0.050457,-0.158395,1.117835,-0.208452,           119P    895
0.030071,1.069253,-0.165636,-0.048206,1.069253,-0.165636,            119P    896
-0.135743,1.117835,-0.208452,-0.181129,1.107230,-0.248734,           119P    897
0.043025,1.058733,-0.184510,-0.046990,1.058733,-0.184510,            119P    898
-0.142990,1.107230,-0.248734,-0.196975,0.000000,1.000000,            119P    899
0.000000,1.000000;                                                   119P    900
128,3,3,3,3,0,0,1,0,0,0.000000,0.000000,0.000000,0.000000,           121P    901
1.000000,1.000000,1.000000,1.000000,0.000000,0.000000,               121P    902
0.000000,0.000000,1.000000,1.000000,1.000000,1.000000,               121P    903
1.000000,1.000000,1.000000,1.000000,1.000000,1.000000,               121P    904
1.000000,1.000000,1.000000,1.000000,1.000000,1.000000,               121P    905
1.000000,1.000000,1.000000,1.000000,1.141708,0.000000,               121P    906
-0.158395,1.190461,0.000000,-0.191953,1.245165,0.000000,             121P    907
-0.185108,1.263542,0.000000,-0.142061,1.141708,-0.050457,            121P    908
-0.158395,1.194093,-0.035901,-0.186375,1.248563,-0.036002,           121P    909
-0.179951,1.263542,-0.055841,-0.142061,1.117835,-0.208452,           121P    910
-0.181129,1.182989,-0.184769,-0.202120,1.246362,-0.190402,           121P    911
-0.194705,1.267078,-0.235509,-0.160561,1.107230,-0.248734,           121P    912
-0.196975,1.182240,-0.212255,-0.211345,1.251604,-0.219749,           121P    913
-0.203305,1.275146,-0.286455,-0.173275,0.000000,1.000000,            121P    914
0.000000,1.000000;                                                   121P    915
128,3,3,3,3,0,0,1,0,0,0.000000,0.000000,0.000000,0.000000,           123P    916
1.000000,1.000000,1.000000,1.000000,0.000000,0.000000,               123P    917
0.000000,0.000000,1.000000,1.000000,1.000000,1.000000,               123P    918
1.000000,1.000000,1.000000,1.000000,1.000000,1.000000,               123P    919
1.000000,1.000000,1.000000,1.000000,1.000000,1.000000,               123P    920
1.000000,1.000000,1.000000,1.000000,1.263542,0.000000,               123P    921
0.027645,1.245165,0.000000,0.078323,1.190461,0.000000,               123P    922
0.071479,1.141708,0.000000,0.011311,1.263542,-0.055841,              123P    923
0.027645,1.248563,-0.036002,0.076239,1.194093,-0.035901,             123P    924
0.069814,1.141708,-0.050457,0.011311,1.267078,-0.235509,             123P    925
0.050639,1.246362,-0.190402,0.095737,1.182989,-0.184769,             123P    926
0.088321,1.117835,-0.208452,0.030071,1.275146,-0.286455,             123P    927
0.066725,1.251604,-0.219749,0.108695,1.182240,-0.212255,             123P    928
0.100655,1.107230,-0.248734,0.043025,0.000000,1.000000,              123P    929
0.000000,1.000000;                                                   123P    930
128,3,3,3,3,0,0,1,0,0,0.000000,0.000000,0.000000,0.000000,           125P    931
1.000000,1.000000,1.000000,1.000000,0.000000,0.000000,               125P    932
0.000000,0.000000,1.000000,1.000000,1.000000,1.000000,               125P    933
1.000000,1.000000,1.000000,1.000000,1.000000,1.000000,               125P    934
1.000000,1.000000,1.000000,1.000000,1.000000,1.000000,               125P    935
1.000000,1.000000,1.000000,1.000000,0.980260,-0.267106,              125P    936
-0.061147,0.981169,-0.330997,-0.009866,0.942101,-0.430190,           125P    937
-0.009866,0.896212,-0.478602,-0.061147,0.998351,-0.272035,           125P    938
-0.042397,0.995018,-0.336008,0.002585,0.956339,-0.434902,            125P    939
0.002585,0.912751,-0.487435,-0.042397,1.077227,-0.263325,            125P    940
0.019973,1.060772,-0.349569,0.058657,1.013600,-0.470353,             125P    941
0.058657,0.963432,-0.549196,0.019973,1.107230,-0.248734,             125P    942
0.043025,1.080718,-0.349437,0.075410,1.028118,-0.484299,             125P    943
0.075410,0.974434,-0.581641,0.043025,0.000000,1.000000,              125P    944
0.000000,1.000000;                                                   125P    945
128,3,3,3,3,0,0,1,0,0,0.000000,0.000000,0.000000,0.000000,           127P    946
1.000000,1.000000,1.000000,1.000000,0.000000,0.000000,               127P    947
0.000000,0.000000,1.000000,1.000000,1.000000,1.000000,               127P    948
1.000000,1.000000,1.000000,1.000000,1.000000,1.000000,               127P    949
1.000000,1.000000,1.000000,1.000000,1.000000,1.000000,               127P    950
1.000000,1.000000,1.000000,1.000000,0.896212,-0.478602,              127P    951
-0.230853,0.942101,-0.430190,-0.273297,0.981169,-0.330997,           127P    952
-0.273297,0.980260,-0.267106,-0.230853,0.912751,-0.487435,           127P    953
-0.212103,0.956339,-0.434902,-0.253604,0.995018,-0.336008,           127P    954
-0.253604,0.998351,-0.272035,-0.212103,0.963432,-0.549196,           127P    955
-0.191227,1.013600,-0.470353,-0.231785,1.060772,-0.349569,           127P    956
-0.231785,1.077227,-0.263325,-0.191227,0.974434,-0.581641,           127P    957
-0.196975,1.028118,-0.484299,-0.236590,1.080718,-0.349437,           127P    958
-0.236590,1.107230,-0.248734,-0.196975,0.000000,1.000000,            127P    959
0.000000,1.000000;                                                   127P    960
128,3,3,3,3,0,0,1,0,0,0.000000,0.000000,0.000000,0.000000,           129P    961
1.000000,1.000000,1.000000,1.000000,0.000000,0.000000,               129P    962
0.000000,0.000000,1.000000,1.000000,1.000000,1.000000,               129P    963
1.000000,1.000000,1.000000,1.000000,1.000000,1.000000,               129P    964
1.000000,1.000000,1.000000,1.000000,1.000000,1.000000,               129P    965
1.000000,1.000000,1.000000,1.000000,0.980260,-0.267106,              129P    966
-0.230853,0.979352,-0.203215,-0.188408,0.979352,-0.203215,           129P    967
-0.112428,0.980260,-0.267106,-0.061147,0.998351,-0.272035,           129P    968
-0.212103,0.981580,-0.208033,-0.173622,0.981580,-0.208033,           129P    969
-0.098779,0.998351,-0.272035,-0.042397,1.077227,-0.263325,           129P    970
-0.191227,1.044592,-0.199212,-0.142878,1.044592,-0.199212,           129P    971
-0.055341,1.077227,-0.263325,0.019973,1.107230,-0.248734,            129P    972
-0.196975,1.058733,-0.184510,-0.142990,1.058733,-0.184510,           129P    973
-0.046990,1.107230,-0.248734,0.043025,0.000000,1.000000,             129P    974
0.000000,1.000000;                                                   129P    975
128,3,3,3,3,0,0,1,0,0,0.000000,0.000000,0.000000,0.000000,           131P    976
1.000000,1.000000,1.000000,1.000000,0.000000,0.000000,               131P    977
0.000000,0.000000,1.000000,1.000000,1.000000,1.000000,               131P    978
1.000000,1.000000,1.000000,1.000000,1.000000,1.000000,               131P    979
1.000000,1.000000,1.000000,1.000000,1.000000,1.000000,               131P    980
1.000000,1.000000,1.000000,1.000000,0.896212,-0.478602,              131P    981
-0.061147,0.850323,-0.527014,-0.112428,0.850323,-0.527014,           131P    982
-0.188408,0.896212,-0.478602,-0.230853,0.912751,-0.487435,           131P    983
-0.042397,0.855096,-0.525120,-0.098779,0.855096,-0.525120,           131P    984
-0.173622,0.912751,-0.487435,-0.212103,0.963432,-0.549196,           131P    985
0.019973,0.894010,-0.576154,-0.055341,0.894010,-0.576154,            131P    986
-0.142878,0.963432,-0.549196,-0.191227,0.974434,-0.581641,           131P    987
0.043025,0.893245,-0.597872,-0.046990,0.893245,-0.597872,            131P    988
-0.142990,0.974434,-0.581641,-0.196975,0.000000,1.000000,            131P    989
0.000000,1.000000;                                                   131P    990
128,3,3,3,3,0,0,1,0,0,0.000000,0.000000,0.000000,0.000000,           133P    991
1.000000,1.000000,1.000000,1.000000,0.000000,0.000000,               133P    992
0.000000,0.000000,1.000000,1.000000,1.000000,1.000000,               133P    993
1.000000,1.000000,1.000000,1.000000,1.000000,1.000000,               133P    994
1.000000,1.000000,1.000000,1.000000,1.000000,1.000000,               133P    995
1.000000,1.000000,1.000000,1.000000,0.980260,-0.267106,              133P    996
-0.061147,0.979352,-0.203215,-0.112428,0.979352,-0.203215,           133P    997
-0.188408,0.980260,-0.267106,-0.230853,0.981169,-0.330997,           133P    998
-0.009866,0.965267,-0.304540,-0.092389,0.965267,-0.304540,           133P    999
-0.199611,0.981169,-0.330997,-0.273297,0.942101,-0.430190,           133P   1000
-0.009866,0.911206,-0.441168,-0.092389,0.911206,-0.441168,           133P   1001
-0.199611,0.942101,-0.430190,-0.273297,0.896212,-0.478602,           133P   1002
-0.061147,0.850323,-0.527014,-0.112428,0.850323,-0.527014,           133P   1003
-0.188408,0.896212,-0.478602,-0.230853,0.000000,1.000000,            133P   1004
0.000000,1.000000;                                                   133P   1005
128,3,3,3,3,0,0,1,0,0,0.000000,0.000000,0.000000,0.000000,           135P   1006
1.000000,1.000000,1.000000,1.000000,0.000000,0.000000,               135P   1007
0.000000,0.000000,1.000000,1.000000,1.000000,1.000000,               135P   1008
1.000000,1.000000,1.000000,1.000000,1.000000,1.000000,               135P   1009
1.000000,1.000000,1.000000,1.000000,1.000000,1.000000,               135P   1010
1.000000,1.000000,1.000000,1.000000,1.390310,-0.378838,              135P   1011
-0.155853,1.384466,-0.467512,-0.198297,1.329667,-0.606659,           135P   1012
-0.198297,1.271104,-0.678805,-0.155853,1.358652,-0.370212,           135P   1013
-0.151165,1.366131,-0.460236,-0.190057,1.312032,-0.598308,           135P   1014
-0.190057,1.242160,-0.663348,-0.151165,1.284562,-0.313137,           135P   1015
-0.161263,1.297849,-0.423225,-0.196601,1.236933,-0.578934,           135P   1016
-0.196601,1.148237,-0.655582,-0.161263,1.275146,-0.286455,           135P   1017
-0.173275,1.295315,-0.413820,-0.205060,1.228656,-0.584379,           135P   1018
-0.205060,1.122210,-0.669848,-0.173275,0.000000,1.000000,            135P   1019
0.000000,1.000000;                                                   135P   1020
128,3,3,3,3,0,0,1,0,0,0.000000,0.000000,0.000000,0.000000,           137P   1021
1.000000,1.000000,1.000000,1.000000,0.000000,0.000000,               137P   1022
0.000000,0.000000,1.000000,1.000000,1.000000,1.000000,               137P   1023
1.000000,1.000000,1.000000,1.000000,1.000000,1.000000,               137P   1024
1.000000,1.000000,1.000000,1.000000,1.000000,1.000000,               137P   1025
1.000000,1.000000,1.000000,1.000000,1.271104,-0.678805,              137P   1026
0.013853,1.329667,-0.606659,0.065134,1.384466,-0.467512,             137P   1027
0.065134,1.390310,-0.378838,0.013853,1.242160,-0.663348,             137P   1028
0.018540,1.312032,-0.598308,0.066133,1.366131,-0.460236,             137P   1029
0.066133,1.358652,-0.370212,0.018540,1.148237,-0.655582,             137P   1030
0.049937,1.236933,-0.578934,0.093841,1.297849,-0.423225,             137P   1031
0.093841,1.284562,-0.313137,0.049937,1.122210,-0.669848,             137P   1032
0.066725,1.228656,-0.584379,0.106940,1.295315,-0.413820,             137P   1033
0.106940,1.275146,-0.286455,0.066725,0.000000,1.000000,              137P   1034
0.000000,1.000000;                                                   137P   1035
128,3,3,3,3,0,0,1,0,0,0.000000,0.000000,0.000000,0.000000,           139P   1036
1.000000,1.000000,1.000000,1.000000,0.000000,0.000000,               139P   1037
0.000000,0.000000,1.000000,1.000000,1.000000,1.000000,               139P   1038
1.000000,1.000000,1.000000,1.000000,1.000000,1.000000,               139P   1039
1.000000,1.000000,1.000000,1.000000,1.000000,1.000000,               139P   1040
1.000000,1.000000,1.000000,1.000000,1.390310,-0.378838,              139P   1041
0.013853,1.396155,-0.290164,-0.037428,1.396155,-0.290164,            139P   1042
-0.113408,1.390310,-0.378838,-0.155853,1.358652,-0.370212,           139P   1043
0.018540,1.363673,-0.290876,-0.035232,1.363673,-0.290876,            139P   1044
-0.110074,1.358652,-0.370212,-0.151165,1.284562,-0.313137,           139P   1045
0.049937,1.288759,-0.243140,-0.020157,1.288759,-0.243140,            139P   1046
-0.107694,1.284562,-0.313137,-0.161263,1.275146,-0.286455,           139P   1047
0.066725,1.278518,-0.225796,-0.015460,1.278518,-0.225796,            139P   1048
-0.111460,1.275146,-0.286455,-0.173275,0.000000,1.000000,            139P   1049
0.000000,1.000000;                                                   139P   1050
128,3,3,3,3,0,0,1,0,0,0.000000,0.000000,0.000000,0.000000,           141P   1051
1.000000,1.000000,1.000000,1.000000,0.000000,0.000000,               141P   1052
0.000000,0.000000,1.000000,1.000000,1.000000,1.000000,               141P   1053
1.000000,1.000000,1.000000,1.000000,1.000000,1.000000,               141P   1054
1.000000,1.000000,1.000000,1.000000,1.000000,1.000000,               141P   1055
1.000000,1.000000,1.000000,1.000000,1.271104,-0.678805,              141P   1056
-0.155853,1.212541,-0.750950,-0.113408,1.212541,-0.750950,           141P   1057
-0.037428,1.271104,-0.678805,0.013853,1.242160,-0.663348,            141P   1058
-0.151165,1.189325,-0.728046,-0.110074,1.189325,-0.728046,           141P   1059
-0.035232,1.242160,-0.663348,0.018540,1.148237,-0.655582,            141P   1060
-0.161263,1.101129,-0.712833,-0.107694,1.101129,-0.712833,           141P   1061
-0.020157,1.148237,-0.655582,0.049937,1.122210,-0.669848,            141P   1062
-0.173275,1.080831,-0.719652,-0.111460,1.080831,-0.719652,           141P   1063
-0.015460,1.122210,-0.669848,0.066725,0.000000,1.000000,             141P   1064
0.000000,1.000000;                                                   141P   1065
128,3,3,3,3,0,0,1,0,0,0.000000,0.000000,0.000000,0.000000,           143P   1066
1.000000,1.000000,1.000000,1.000000,0.000000,0.000000,               143P   1067
0.000000,0.000000,1.000000,1.000000,1.000000,1.000000,               143P   1068
1.000000,1.000000,1.000000,1.000000,1.000000,1.000000,               143P   1069
1.000000,1.000000,1.000000,1.000000,1.000000,1.000000,               143P   1070
1.000000,1.000000,1.000000,1.000000,1.279074,-0.348528,              143P   1071
-0.327542,1.228022,-0.417661,-0.336429,1.181524,-0.535822,           143P   1072
-0.336429,1.169405,-0.624495,-0.327542,1.230833,-0.335383,           143P   1073
-0.302542,1.191909,-0.405243,-0.321672,1.147326,-0.519175,           143P   1074
-0.321672,1.125300,-0.600941,-0.302542,1.126629,-0.274423,           143P   1075
-0.218569,1.093727,-0.360203,-0.247941,1.044950,-0.485097,           143P   1076
-0.247941,1.006910,-0.575148,-0.218569,1.107230,-0.248734,           143P   1077
-0.196975,1.080718,-0.349437,-0.236590,1.028118,-0.484299,           143P   1078
-0.236590,0.974434,-0.581641,-0.196975,0.000000,1.000000,            143P   1079
0.000000,1.000000;                                                   143P   1080
128,3,3,3,3,0,0,1,0,0,0.000000,0.000000,0.000000,0.000000,           145P   1081
1.000000,1.000000,1.000000,1.000000,0.000000,0.000000,               145P   1082
0.000000,0.000000,1.000000,1.000000,1.000000,1.000000,               145P   1083
1.000000,1.000000,1.000000,1.000000,1.000000,1.000000,               145P   1084
1.000000,1.000000,1.000000,1.000000,1.000000,1.000000,               145P   1085
1.000000,1.000000,1.000000,1.000000,1.276875,-0.681887,              145P   1086
-0.311208,1.351844,-0.618033,-0.310605,1.408405,-0.474445,           145P   1087
-0.310605,1.396622,-0.380558,-0.311208,1.232770,-0.658333,           145P   1088
-0.286208,1.313165,-0.599862,-0.296401,1.368026,-0.459871,           145P   1089
-0.296401,1.348381,-0.367413,-0.286208,1.138762,-0.649927,           145P   1090
-0.198001,1.232437,-0.577273,-0.218990,1.293450,-0.421314,           145P   1091
-0.218990,1.273797,-0.310719,-0.198001,1.122210,-0.669848,           145P   1092
-0.173275,1.228656,-0.584379,-0.205060,1.295315,-0.413820,           145P   1093
-0.205060,1.275146,-0.286455,-0.173275,0.000000,1.000000,            145P   1094
0.000000,1.000000;                                                   145P   1095
128,3,3,3,3,0,0,1,0,0,0.000000,0.000000,0.000000,0.000000,           147P   1096
1.000000,1.000000,1.000000,1.000000,0.000000,0.000000,               147P   1097
0.000000,0.000000,1.000000,1.000000,1.000000,1.000000,               147P   1098
1.000000,1.000000,1.000000,1.000000,1.000000,1.000000,               147P   1099
1.000000,1.000000,1.000000,1.000000,1.000000,1.000000,               147P   1100
1.000000,1.000000,1.000000,1.000000,1.396622,-0.380558,              147P   1101
-0.311208,1.384840,-0.286671,-0.311811,1.330125,-0.279394,           147P   1102
-0.318655,1.279074,-0.348528,-0.327542,1.348381,-0.367413,           147P   1103
-0.286208,1.338275,-0.283219,-0.295801,1.284274,-0.276502,           147P   1104
-0.302226,1.230833,-0.335383,-0.302542,1.273797,-0.310719,           147P   1105
-0.198001,1.255494,-0.234796,-0.217996,1.192333,-0.227217,           147P   1106
-0.225412,1.126629,-0.274423,-0.218569,1.275146,-0.286455,           147P   1107
-0.173275,1.251604,-0.219749,-0.203305,1.182240,-0.212255,           147P   1108
-0.211345,1.107230,-0.248734,-0.196975,0.000000,1.000000,            147P   1109
0.000000,1.000000;                                                   147P   1110
128,3,3,3,3,0,0,1,0,0,0.000000,0.000000,0.000000,0.000000,           149P   1111
1.000000,1.000000,1.000000,1.000000,0.000000,0.000000,               149P   1112
0.000000,0.000000,1.000000,1.000000,1.000000,1.000000,               149P   1113
1.000000,1.000000,1.000000,1.000000,1.000000,1.000000,               149P   1114
1.000000,1.000000,1.000000,1.000000,1.000000,1.000000,               149P   1115
1.000000,1.000000,1.000000,1.000000,1.169405,-0.624495,              149P   1116
-0.327542,1.157285,-0.713168,-0.318655,1.201906,-0.745740,           149P   1117
-0.311811,1.276875,-0.681887,-0.311208,1.125300,-0.600941,           149P   1118
-0.302542,1.121910,-0.683670,-0.302226,1.165580,-0.716215,           149P   1119
-0.295801,1.232770,-0.658333,-0.286208,1.006910,-0.575148,           149P   1120
-0.218569,1.020377,-0.657727,-0.225412,1.071225,-0.696041,           149P   1121
-0.217996,1.138762,-0.649927,-0.198001,0.974434,-0.581641,           149P   1122
-0.196975,1.001939,-0.662751,-0.211345,1.057144,-0.705514,           149P   1123
-0.203305,1.122210,-0.669848,-0.173275,0.000000,1.000000,            149P   1124
0.000000,1.000000;                                                   149P   1125
128,3,3,3,3,0,0,1,0,0,0.000000,0.000000,0.000000,0.000000,           151P   1126
1.000000,1.000000,1.000000,1.000000,0.000000,0.000000,               151P   1127
0.000000,0.000000,1.000000,1.000000,1.000000,1.000000,               151P   1128
1.000000,1.000000,1.000000,1.000000,1.000000,1.000000,               151P   1129
1.000000,1.000000,1.000000,1.000000,1.000000,1.000000,               151P   1130
1.000000,1.000000,1.000000,1.000000,1.279074,-0.348528,              151P   1131
-0.327542,1.330125,-0.279394,-0.318655,1.384840,-0.286671,           151P   1132
-0.311811,1.396622,-0.380558,-0.311208,1.228022,-0.417661,           151P   1133
-0.336429,1.280081,-0.406563,-0.324379,1.353496,-0.427705,           151P   1134
-0.314371,1.408405,-0.474445,-0.310605,1.181524,-0.535822,           151P   1135
-0.336429,1.210292,-0.582984,-0.324379,1.278107,-0.618215,           151P   1136
-0.314371,1.351844,-0.618033,-0.310605,1.169405,-0.624495,           151P   1137
-0.327542,1.157285,-0.713168,-0.318655,1.201906,-0.745740,           151P   1138
-0.311811,1.276875,-0.681887,-0.311208,0.000000,1.000000,            151P   1139
0.000000,1.000000;                                                   151P   1140
128,3,3,3,3,0,0,1,0,0,0.000000,0.000000,0.000000,0.000000,           153P   1141
1.000000,1.000000,1.000000,1.000000,0.000000,0.000000,               153P   1142
0.000000,0.000000,1.000000,1.000000,1.000000,1.000000,               153P   1143
1.000000,1.000000,1.000000,1.000000,1.000000,1.000000,               153P   1144
1.000000,1.000000,1.000000,1.000000,1.000000,1.000000,               153P   1145
1.000000,1.000000,1.000000,1.000000,1.396622,-0.380558,              153P   1146
0.288792,1.408405,-0.474445,0.289395,1.351844,-0.618033,             153P   1147
0.289395,1.276875,-0.681887,0.288792,1.348381,-0.367413,             153P   1148
0.238792,1.368026,-0.459871,0.252599,1.313165,-0.599862,             153P   1149
0.252599,1.232770,-0.658333,0.238792,1.273797,-0.310719,             153P   1150
0.099599,1.293450,-0.421314,0.126610,1.232437,-0.577273,             153P   1151
0.126610,1.138762,-0.649927,0.099599,1.275146,-0.286455,             153P   1152
0.066725,1.295315,-0.413820,0.106940,1.228656,-0.584379,             153P   1153
0.106940,1.122210,-0.669848,0.066725,0.000000,1.000000,              153P   1154
0.000000,1.000000;                                                   153P   1155
128,3,3,3,3,0,0,1,0,0,0.000000,0.000000,0.000000,0.000000,           155P   1156
1.000000,1.000000,1.000000,1.000000,0.000000,0.000000,               155P   1157
0.000000,0.000000,1.000000,1.000000,1.000000,1.000000,               155P   1158
1.000000,1.000000,1.000000,1.000000,1.000000,1.000000,               155P   1159
1.000000,1.000000,1.000000,1.000000,1.000000,1.000000,               155P   1160
1.000000,1.000000,1.000000,1.000000,1.169405,-0.624495,              155P   1161
0.272458,1.181524,-0.535822,0.263571,1.228022,-0.417661,             155P   1162
0.263571,1.279074,-0.348528,0.272458,1.125300,-0.600941,             155P   1163
0.222458,1.147326,-0.519175,0.227328,1.191909,-0.405243,             155P   1164
0.227328,1.230833,-0.335383,0.222458,1.006910,-0.575148,             155P   1165
0.079031,1.044950,-0.485097,0.097659,1.093727,-0.360203,             155P   1166
0.097659,1.126629,-0.274423,0.079031,0.974434,-0.581641,             155P   1167
0.043025,1.028118,-0.484299,0.075410,1.080718,-0.349437,             155P   1168
0.075410,1.107230,-0.248734,0.043025,0.000000,1.000000,              155P   1169
0.000000,1.000000;                                                   155P   1170
128,3,3,3,3,0,0,1,0,0,0.000000,0.000000,0.000000,0.000000,           157P   1171
1.000000,1.000000,1.000000,1.000000,0.000000,0.000000,               157P   1172
0.000000,0.000000,1.000000,1.000000,1.000000,1.000000,               157P   1173
1.000000,1.000000,1.000000,1.000000,1.000000,1.000000,               157P   1174
1.000000,1.000000,1.000000,1.000000,1.000000,1.000000,               157P   1175
1.000000,1.000000,1.000000,1.000000,1.279074,-0.348528,              157P   1176
0.272458,1.330125,-0.279394,0.281345,1.384840,-0.286671,             157P   1177
0.288189,1.396622,-0.380558,0.288792,1.230833,-0.335383,             157P   1178
0.222458,1.284274,-0.276502,0.246774,1.338275,-0.283219,             157P   1179
0.253199,1.348381,-0.367413,0.238792,1.126629,-0.274423,             157P   1180
0.079031,1.192333,-0.227217,0.120188,1.255494,-0.234796,             157P   1181
0.127604,1.273797,-0.310719,0.099599,1.107230,-0.248734,             157P   1182
0.043025,1.182240,-0.212255,0.100655,1.251604,-0.219749,             157P   1183
0.108695,1.275146,-0.286455,0.066725,0.000000,1.000000,              157P   1184
0.000000,1.000000;                                                   157P   1185
128,3,3,3,3,0,0,1,0,0,0.000000,0.000000,0.000000,0.000000,           159P   1186
1.000000,1.000000,1.000000,1.000000,0.000000,0.000000,               159P   1187
0.000000,0.000000,1.000000,1.000000,1.000000,1.000000,               159P   1188
1.000000,1.000000,1.000000,1.000000,1.000000,1.000000,               159P   1189
1.000000,1.000000,1.000000,1.000000,1.000000,1.000000,               159P   1190
1.000000,1.000000,1.000000,1.000000,1.276875,-0.681887,              159P   1191
0.288792,1.201906,-0.745740,0.288189,1.157285,-0.713168,             159P   1192
0.281345,1.169405,-0.624495,0.272458,1.232770,-0.658333,             159P   1193
0.238792,1.165580,-0.716215,0.253199,1.121910,-0.683670,             159P   1194
0.246774,1.125300,-0.600941,0.222458,1.138762,-0.649927,             159P   1195
0.099599,1.071225,-0.696041,0.127604,1.020377,-0.657727,             159P   1196
0.120188,1.006910,-0.575148,0.079031,1.122210,-0.669848,             159P   1197
0.066725,1.057144,-0.705514,0.108695,1.001939,-0.662751,             159P   1198
0.100655,0.974434,-0.581641,0.043025,0.000000,1.000000,              159P   1199
0.000000,1.000000;                                                   159P   1200
128,3,3,3,3,0,0,1,0,0,0.000000,0.000000,0.000000,0.000000,           161P   1201
1.000000,1.000000,1.000000,1.000000,0.000000,0.000000,               161P   1202
0.000000,0.000000,1.000000,1.000000,1.000000,1.000000,               161P   1203
1.000000,1.000000,1.000000,1.000000,1.000000,1.000000,               161P   1204
1.000000,1.000000,1.000000,1.000000,1.000000,1.000000,               161P   1205
1.000000,1.000000,1.000000,1.000000,1.396622,-0.380558,              161P   1206
0.288792,1.384840,-0.286671,0.288189,1.330125,-0.279394,             161P   1207
0.281345,1.279074,-0.348528,0.272458,1.408405,-0.474445,             161P   1208
0.289395,1.353496,-0.427705,0.285629,1.280081,-0.406563,             161P   1209
0.275621,1.228022,-0.417661,0.263571,1.351844,-0.618033,             161P   1210
0.289395,1.278107,-0.618215,0.285629,1.210292,-0.582984,             161P   1211
0.275621,1.181524,-0.535822,0.263571,1.276875,-0.681887,             161P   1212
0.288792,1.201906,-0.745740,0.288189,1.157285,-0.713168,             161P   1213
0.281345,1.169405,-0.624495,0.272458,0.000000,1.000000,              161P   1214
0.000000,1.000000;                                                   161P   1215
128,3,3,3,3,0,0,1,0,0,0.000000,0.000000,0.000000,0.000000,           163P   1216
1.000000,1.000000,1.000000,1.000000,0.000000,0.000000,               163P   1217
0.000000,0.000000,1.000000,1.000000,1.000000,1.000000,               163P   1218
1.000000,1.000000,1.000000,1.000000,1.000000,1.000000,               163P   1219
1.000000,1.000000,1.000000,1.000000,1.000000,1.000000,               163P   1220
1.000000,1.000000,1.000000,1.000000,0.000000,-1.263542,              163P   1221
0.027645,0.000000,-1.281920,-0.023034,0.000000,-1.281920,            163P   1222
-0.099013,0.000000,-1.263542,-0.142061,0.055841,-1.263542,           163P   1223
0.027645,0.035621,-1.276918,-0.025725,0.035621,-1.276918,            163P   1224
-0.100568,0.055841,-1.263542,-0.142061,0.235509,-1.267078,           163P   1225
0.050639,0.195069,-1.275452,-0.019254,0.195069,-1.275452,            163P   1226
-0.106791,0.235509,-1.267078,-0.160561,0.286455,-1.275146,           163P   1227
0.066725,0.225796,-1.278518,-0.015460,0.225796,-1.278518,            163P   1228
-0.111460,0.286455,-1.275146,-0.173275,0.000000,1.000000,            163P   1229
0.000000,1.000000;                                                   163P   1230
128,3,3,3,3,0,0,1,0,0,0.000000,0.000000,0.000000,0.000000,           165P   1231
1.000000,1.000000,1.000000,1.000000,0.000000,0.000000,               165P   1232
0.000000,0.000000,1.000000,1.000000,1.000000,1.000000,               165P   1233
1.000000,1.000000,1.000000,1.000000,1.000000,1.000000,               165P   1234
1.000000,1.000000,1.000000,1.000000,1.000000,1.000000,               165P   1235
1.000000,1.000000,1.000000,1.000000,0.000000,-1.141708,              165P   1236
-0.158395,0.000000,-1.092954,-0.124837,0.000000,-1.092954,           165P   1237
-0.048857,0.000000,-1.141708,0.011311,0.050457,-1.141708,            165P   1238
-0.158395,0.029049,-1.093040,-0.125839,0.029049,-1.093040,           165P   1239
-0.050996,0.050457,-1.141708,0.011311,0.208452,-1.117835,            165P   1240
-0.181129,0.165636,-1.069253,-0.135743,0.165636,-1.069253,           165P   1241
-0.048206,0.208452,-1.117835,0.030071,0.248734,-1.107230,            165P   1242
-0.196975,0.184510,-1.058733,-0.142990,0.184510,-1.058733,           165P   1243
-0.046990,0.248734,-1.107230,0.043025,0.000000,1.000000,             165P   1244
0.000000,1.000000;                                                   165P   1245
128,3,3,3,3,0,0,1,0,0,0.000000,0.000000,0.000000,0.000000,           167P   1246
1.000000,1.000000,1.000000,1.000000,0.000000,0.000000,               167P   1247
0.000000,0.000000,1.000000,1.000000,1.000000,1.000000,               167P   1248
1.000000,1.000000,1.000000,1.000000,1.000000,1.000000,               167P   1249
1.000000,1.000000,1.000000,1.000000,1.000000,1.000000,               167P   1250
1.000000,1.000000,1.000000,1.000000,0.000000,-1.141708,              167P   1251
0.011311,0.000000,-1.190461,0.071479,0.000000,-1.245165,             167P   1252
0.078323,0.000000,-1.263542,0.027645,0.050457,-1.141708,             167P   1253
0.011311,0.035901,-1.194093,0.069814,0.036002,-1.248563,             167P   1254
0.076239,0.055841,-1.263542,0.027645,0.208452,-1.117835,             167P   1255
0.030071,0.184769,-1.182989,0.088321,0.190402,-1.246362,             167P   1256
0.095737,0.235509,-1.267078,0.050639,0.248734,-1.107230,             167P   1257
0.043025,0.212255,-1.182240,0.100655,0.219749,-1.251604,             167P   1258
0.108695,0.286455,-1.275146,0.066725,0.000000,1.000000,              167P   1259
0.000000,1.000000;                                                   167P   1260
128,3,3,3,3,0,0,1,0,0,0.000000,0.000000,0.000000,0.000000,           169P   1261
1.000000,1.000000,1.000000,1.000000,0.000000,0.000000,               169P   1262
0.000000,0.000000,1.000000,1.000000,1.000000,1.000000,               169P   1263
1.000000,1.000000,1.000000,1.000000,1.000000,1.000000,               169P   1264
1.000000,1.000000,1.000000,1.000000,1.000000,1.000000,               169P   1265
1.000000,1.000000,1.000000,1.000000,0.000000,-1.263542,              169P   1266
-0.142061,0.000000,-1.245165,-0.185108,0.000000,-1.190461,           169P   1267
-0.191953,0.000000,-1.141708,-0.158395,0.055841,-1.263542,           169P   1268
-0.142061,0.036002,-1.248563,-0.179951,0.035901,-1.194093,           169P   1269
-0.186375,0.050457,-1.141708,-0.158395,0.235509,-1.267078,           169P   1270
-0.160561,0.190402,-1.246362,-0.194705,0.184769,-1.182989,           169P   1271
-0.202120,0.208452,-1.117835,-0.181129,0.286455,-1.275146,           169P   1272
-0.173275,0.219749,-1.251604,-0.203305,0.212255,-1.182240,           169P   1273
-0.211345,0.248734,-1.107230,-0.196975,0.000000,1.000000,            169P   1274
0.000000,1.000000;                                                   169P   1275
128,3,3,3,3,0,0,1,0,0,0.000000,0.000000,0.000000,0.000000,           171P   1276
1.000000,1.000000,1.000000,1.000000,0.000000,0.000000,               171P   1277
0.000000,0.000000,1.000000,1.000000,1.000000,1.000000,               171P   1278
1.000000,1.000000,1.000000,1.000000,1.000000,1.000000,               171P   1279
1.000000,1.000000,1.000000,1.000000,1.000000,1.000000,               171P   1280
1.000000,1.000000,1.000000,1.000000,0.893459,-0.893459,              171P   1281
-0.142061,0.906454,-0.906454,-0.099013,0.906454,-0.906454,           171P   1282
-0.023034,0.893459,-0.893459,0.027645,0.847199,-0.939720,            171P   1283
-0.142061,0.872464,-0.934590,-0.100568,0.872464,-0.934590,           171P   1284
-0.025725,0.847199,-0.939720,0.027645,0.704036,-1.079632,            171P   1285
-0.160561,0.741570,-1.056377,-0.106791,0.741570,-1.056377,           171P   1286
-0.019254,0.704036,-1.079632,0.050639,0.669848,-1.122210,            171P   1287
-0.173275,0.719652,-1.080831,-0.111460,0.719652,-1.080831,           171P   1288
-0.015460,0.669848,-1.122210,0.066725,0.000000,1.000000,             171P   1289
0.000000,1.000000;                                                   171P   1290
128,3,3,3,3,0,0,1,0,0,0.000000,0.000000,0.000000,0.000000,           173P   1291
1.000000,1.000000,1.000000,1.000000,0.000000,0.000000,               173P   1292
0.000000,0.000000,1.000000,1.000000,1.000000,1.000000,               173P   1293
1.000000,1.000000,1.000000,1.000000,1.000000,1.000000,               173P   1294
1.000000,1.000000,1.000000,1.000000,1.000000,1.000000,               173P   1295
1.000000,1.000000,1.000000,1.000000,0.807309,-0.807309,              173P   1296
0.011311,0.772835,-0.772835,-0.048857,0.772835,-0.772835,            173P   1297
-0.124837,0.807309,-0.807309,-0.158395,0.765509,-0.849109,           173P   1298
0.011311,0.747937,-0.799064,-0.050996,0.747937,-0.799064,            173P   1299
-0.125839,0.765509,-0.849109,-0.158395,0.620577,-0.952961,           173P   1300
0.030071,0.619907,-0.887344,-0.048206,0.619907,-0.887344,            173P   1301
-0.135743,0.620577,-0.952961,-0.181129,0.581641,-0.974434,           173P   1302
0.043025,0.597872,-0.893245,-0.046990,0.597872,-0.893245,            173P   1303
-0.142990,0.581641,-0.974434,-0.196975,0.000000,1.000000,            173P   1304
0.000000,1.000000;                                                   173P   1305
128,3,3,3,3,0,0,1,0,0,0.000000,0.000000,0.000000,0.000000,           175P   1306
1.000000,1.000000,1.000000,1.000000,0.000000,0.000000,               175P   1307
0.000000,0.000000,1.000000,1.000000,1.000000,1.000000,               175P   1308
1.000000,1.000000,1.000000,1.000000,1.000000,1.000000,               175P   1309
1.000000,1.000000,1.000000,1.000000,1.000000,1.000000,               175P   1310
1.000000,1.000000,1.000000,1.000000,0.807309,-0.807309,              175P   1311
-0.158395,0.841783,-0.841783,-0.191953,0.880464,-0.880464,           175P   1312
-0.185108,0.893459,-0.893459,-0.142061,0.765509,-0.849109,           175P   1313
-0.158395,0.813813,-0.875900,-0.186375,0.852140,-0.914728,           175P   1314
-0.179951,0.847199,-0.939720,-0.142061,0.620577,-0.952961,           175P   1315
-0.181129,0.684788,-0.982601,-0.202120,0.724836,-1.032111,           175P   1316
-0.194705,0.704036,-1.079632,-0.160561,0.581641,-0.974434,           175P   1317
-0.196975,0.662751,-1.001939,-0.211345,0.705514,-1.057144,           175P   1318
-0.203305,0.669848,-1.122210,-0.173275,0.000000,1.000000,            175P   1319
0.000000,1.000000;                                                   175P   1320
128,3,3,3,3,0,0,1,0,0,0.000000,0.000000,0.000000,0.000000,           177P   1321
1.000000,1.000000,1.000000,1.000000,0.000000,0.000000,               177P   1322
0.000000,0.000000,1.000000,1.000000,1.000000,1.000000,               177P   1323
1.000000,1.000000,1.000000,1.000000,1.000000,1.000000,               177P   1324
1.000000,1.000000,1.000000,1.000000,1.000000,1.000000,               177P   1325
1.000000,1.000000,1.000000,1.000000,0.893459,-0.893459,              177P   1326
0.027645,0.880464,-0.880464,0.078323,0.841783,-0.841783,             177P   1327
0.071479,0.807309,-0.807309,0.011311,0.847199,-0.939720,             177P   1328
0.027645,0.852140,-0.914728,0.076239,0.813813,-0.875900,             177P   1329
0.069814,0.765509,-0.849109,0.011311,0.704036,-1.079632,             177P   1330
0.050639,0.724836,-1.032111,0.095737,0.684788,-0.982601,             177P   1331
0.088321,0.620577,-0.952961,0.030071,0.669848,-1.122210,             177P   1332
0.066725,0.705514,-1.057144,0.108695,0.662751,-1.001939,             177P   1333
0.100655,0.581641,-0.974434,0.043025,0.000000,1.000000,              177P   1334
0.000000,1.000000;                                                   177P   1335
128,3,3,3,3,0,0,1,0,0,0.000000,0.000000,0.000000,0.000000,           179P   1336
1.000000,1.000000,1.000000,1.000000,0.000000,0.000000,               179P   1337
0.000000,0.000000,1.000000,1.000000,1.000000,1.000000,               179P   1338
1.000000,1.000000,1.000000,1.000000,1.000000,1.000000,               179P   1339
1.000000,1.000000,1.000000,1.000000,1.000000,1.000000,               179P   1340
1.000000,1.000000,1.000000,1.000000,0.478602,-0.896212,              179P   1341
-0.061147,0.430190,-0.942101,-0.009866,0.330997,-0.981169,           179P   1342
-0.009866,0.267106,-0.980260,-0.061147,0.487435,-0.912751,           179P   1343
-0.042397,0.434902,-0.956339,0.002585,0.336008,-0.995018,            179P   1344
0.002585,0.272035,-0.998351,-0.042397,0.549196,-0.963432,            179P   1345
0.019973,0.470353,-1.013600,0.058657,0.349569,-1.060772,             179P   1346
0.058657,0.263325,-1.077227,0.019973,0.581641,-0.974434,             179P   1347
0.043025,0.484299,-1.028118,0.075410,0.349437,-1.080718,             179P   1348
0.075410,0.248734,-1.107230,0.043025,0.000000,1.000000,              179P   1349
0.000000,1.000000;                                                   179P   1350
128,3,3,3,3,0,0,1,0,0,0.000000,0.000000,0.000000,0.000000,           181P   1351
1.000000,1.000000,1.000000,1.000000,0.000000,0.000000,               181P   1352
0.000000,0.000000,1.000000,1.000000,1.000000,1.000000,               181P   1353
1.000000,1.000000,1.000000,1.000000,1.000000,1.000000,               181P   1354
1.000000,1.000000,1.000000,1.000000,1.000000,1.000000,               181P   1355
1.000000,1.000000,1.000000,1.000000,0.267106,-0.980260,              181P   1356
-0.230853,0.330997,-0.981169,-0.273297,0.430190,-0.942101,           181P   1357
-0.273297,0.478602,-0.896212,-0.230853,0.272035,-0.998351,           181P   1358
-0.212103,0.336008,-0.995018,-0.253604,0.434902,-0.956339,           181P   1359
-0.253604,0.487435,-0.912751,-0.212103,0.263325,-1.077227,           181P   1360
-0.191227,0.349569,-1.060772,-0.231785,0.470353,-1.013600,           181P   1361
-0.231785,0.549196,-0.963432,-0.191227,0.248734,-1.107230,           181P   1362
-0.196975,0.349437,-1.080718,-0.236590,0.484299,-1.028118,           181P   1363
-0.236590,0.581641,-0.974434,-0.196975,0.000000,1.000000,            181P   1364
0.000000,1.000000;                                                   181P   1365
128,3,3,3,3,0,0,1,0,0,0.000000,0.000000,0.000000,0.000000,           183P   1366
1.000000,1.000000,1.000000,1.000000,0.000000,0.000000,               183P   1367
0.000000,0.000000,1.000000,1.000000,1.000000,1.000000,               183P   1368
1.000000,1.000000,1.000000,1.000000,1.000000,1.000000,               183P   1369
1.000000,1.000000,1.000000,1.000000,1.000000,1.000000,               183P   1370
1.000000,1.000000,1.000000,1.000000,0.478602,-0.896212,              183P   1371
-0.230853,0.527014,-0.850323,-0.188408,0.527014,-0.850323,           183P   1372
-0.112428,0.478602,-0.896212,-0.061147,0.487435,-0.912751,           183P   1373
-0.212103,0.525120,-0.855096,-0.173622,0.525120,-0.855096,           183P   1374
-0.098779,0.487435,-0.912751,-0.042397,0.549196,-0.963432,           183P   1375
-0.191227,0.576154,-0.894010,-0.142878,0.576154,-0.894010,           183P   1376
-0.055341,0.549196,-0.963432,0.019973,0.581641,-0.974434,            183P   1377
-0.196975,0.597872,-0.893245,-0.142990,0.597872,-0.893245,           183P   1378
-0.046990,0.581641,-0.974434,0.043025,0.000000,1.000000,             183P   1379
0.000000,1.000000;                                                   183P   1380
128,3,3,3,3,0,0,1,0,0,0.000000,0.000000,0.000000,0.000000,           185P   1381
1.000000,1.000000,1.000000,1.000000,0.000000,0.000000,               185P   1382
0.000000,0.000000,1.000000,1.000000,1.000000,1.000000,               185P   1383
1.000000,1.000000,1.000000,1.000000,1.000000,1.000000,               185P   1384
1.000000,1.000000,1.000000,1.000000,1.000000,1.000000,               185P   1385
1.000000,1.000000,1.000000,1.000000,0.267106,-0.980260,              185P   1386
-0.061147,0.203215,-0.979352,-0.112428,0.203215,-0.979352,           185P   1387
-0.188408,0.267106,-0.980260,-0.230853,0.272035,-0.998351,           185P   1388
-0.042397,0.208033,-0.981580,-0.098779,0.208033,-0.981580,           185P   1389
-0.173622,0.272035,-0.998351,-0.212103,0.263325,-1.077227,           185P   1390
0.019973,0.199212,-1.044592,-0.055341,0.199212,-1.044592,            185P   1391
-0.142878,0.263325,-1.077227,-0.191227,0.248734,-1.107230,           185P   1392
0.043025,0.184510,-1.058733,-0.046990,0.184510,-1.058733,            185P   1393
-0.142990,0.248734,-1.107230,-0.196975,0.000000,1.000000,            185P   1394
0.000000,1.000000;                                                   185P   1395
128,3,3,3,3,0,0,1,0,0,0.000000,0.000000,0.000000,0.000000,           187P   1396
1.000000,1.000000,1.000000,1.000000,0.000000,0.000000,               187P   1397
0.000000,0.000000,1.000000,1.000000,1.000000,1.000000,               187P   1398
1.000000,1.000000,1.000000,1.000000,1.000000,1.000000,               187P   1399
1.000000,1.000000,1.000000,1.000000,1.000000,1.000000,               187P   1400
1.000000,1.000000,1.000000,1.000000,0.478602,-0.896212,              187P   1401
-0.061147,0.527014,-0.850323,-0.112428,0.527014,-0.850323,           187P   1402
-0.188408,0.478602,-0.896212,-0.230853,0.430190,-0.942101,           187P   1403
-0.009866,0.441168,-0.911206,-0.092389,0.441168,-0.911206,           187P   1404
-0.199611,0.430190,-0.942101,-0.273297,0.330997,-0.981169,           187P   1405
-0.009866,0.304540,-0.965267,-0.092389,0.304540,-0.965267,           187P   1406
-0.199611,0.330997,-0.981169,-0.273297,0.267106,-0.980260,           187P   1407
-0.061147,0.203215,-0.979352,-0.112428,0.203215,-0.979352,           187P   1408
-0.188408,0.267106,-0.980260,-0.230853,0.000000,1.000000,            187P   1409
0.000000,1.000000;                                                   187P   1410
128,3,3,3,3,0,0,1,0,0,0.000000,0.000000,0.000000,0.000000,           189P   1411
1.000000,1.000000,1.000000,1.000000,0.000000,0.000000,               189P   1412
0.000000,0.000000,1.000000,1.000000,1.000000,1.000000,               189P   1413
1.000000,1.000000,1.000000,1.000000,1.000000,1.000000,               189P   1414
1.000000,1.000000,1.000000,1.000000,1.000000,1.000000,               189P   1415
1.000000,1.000000,1.000000,1.000000,0.678805,-1.271104,              189P   1416
-0.155853,0.606659,-1.329667,-0.198297,0.467512,-1.384466,           189P   1417
-0.198297,0.378838,-1.390310,-0.155853,0.663348,-1.242160,           189P   1418
-0.151165,0.598308,-1.312032,-0.190057,0.460236,-1.366131,           189P   1419
-0.190057,0.370212,-1.358652,-0.151165,0.655582,-1.148237,           189P   1420
-0.161263,0.578934,-1.236933,-0.196601,0.423225,-1.297849,           189P   1421
-0.196601,0.313137,-1.284562,-0.161263,0.669848,-1.122210,           189P   1422
-0.173275,0.584379,-1.228656,-0.205060,0.413820,-1.295315,           189P   1423
-0.205060,0.286455,-1.275146,-0.173275,0.000000,1.000000,            189P   1424
0.000000,1.000000;                                                   189P   1425
128,3,3,3,3,0,0,1,0,0,0.000000,0.000000,0.000000,0.000000,           191P   1426
1.000000,1.000000,1.000000,1.000000,0.000000,0.000000,               191P   1427
0.000000,0.000000,1.000000,1.000000,1.000000,1.000000,               191P   1428
1.000000,1.000000,1.000000,1.000000,1.000000,1.000000,               191P   1429
1.000000,1.000000,1.000000,1.000000,1.000000,1.000000,               191P   1430
1.000000,1.000000,1.000000,1.000000,0.378838,-1.390310,              191P   1431
0.013853,0.467512,-1.384466,0.065134,0.606659,-1.329667,             191P   1432
0.065134,0.678805,-1.271104,0.013853,0.370212,-1.358652,             191P   1433
0.018540,0.460236,-1.366131,0.066133,0.598308,-1.312032,             191P   1434
0.066133,0.663348,-1.242160,0.018540,0.313137,-1.284562,             191P   1435
0.049937,0.423225,-1.297849,0.093841,0.578934,-1.236933,             191P   1436
0.093841,0.655582,-1.148237,0.049937,0.286455,-1.275146,             191P   1437
0.066725,0.413820,-1.295315,0.106940,0.584379,-1.228656,             191P   1438
0.106940,0.669848,-1.122210,0.066725,0.000000,1.000000,              191P   1439
0.000000,1.000000;                                                   191P   1440
128,3,3,3,3,0,0,1,0,0,0.000000,0.000000,0.000000,0.000000,           193P   1441
1.000000,1.000000,1.000000,1.000000,0.000000,0.000000,               193P   1442
0.000000,0.000000,1.000000,1.000000,1.000000,1.000000,               193P   1443
1.000000,1.000000,1.000000,1.000000,1.000000,1.000000,               193P   1444
1.000000,1.000000,1.000000,1.000000,1.000000,1.000000,               193P   1445
1.000000,1.000000,1.000000,1.000000,0.678805,-1.271104,              193P   1446
0.013853,0.750950,-1.212541,-0.037428,0.750950,-1.212541,            193P   1447
-0.113408,0.678805,-1.271104,-0.155853,0.663348,-1.242160,           193P   1448
0.018540,0.728046,-1.189325,-0.035232,0.728046,-1.189325,            193P   1449
-0.110074,0.663348,-1.242160,-0.151165,0.655582,-1.148237,           193P   1450
0.049937,0.712833,-1.101129,-0.020157,0.712833,-1.101129,            193P   1451
-0.107694,0.655582,-1.148237,-0.161263,0.669848,-1.122210,           193P   1452
0.066725,0.719652,-1.080831,-0.015460,0.719652,-1.080831,            193P   1453
-0.111460,0.669848,-1.122210,-0.173275,0.000000,1.000000,            193P   1454
0.000000,1.000000;                                                   193P   1455
128,3,3,3,3,0,0,1,0,0,0.000000,0.000000,0.000000,0.000000,           195P   1456
1.000000,1.000000,1.000000,1.000000,0.000000,0.000000,               195P   1457
0.000000,0.000000,1.000000,1.000000,1.000000,1.000000,               195P   1458
1.000000,1.000000,1.000000,1.000000,1.000000,1.000000,               195P   1459
1.000000,1.000000,1.000000,1.000000,1.000000,1.000000,               195P   1460
1.000000,1.000000,1.000000,1.000000,0.378838,-1.390310,              195P   1461
-0.155853,0.290164,-1.396155,-0.113408,0.290164,-1.396155,           195P   1462
-0.037428,0.378838,-1.390310,0.013853,0.370212,-1.358652,            195P   1463
-0.151165,0.290876,-1.363673,-0.110074,0.290876,-1.363673,           195P   1464
-0.035232,0.370212,-1.358652,0.018540,0.313137,-1.284562,            195P   1465
-0.161263,0.243140,-1.288759,-0.107694,0.243140,-1.288759,           195P   1466
-0.020157,0.313137,-1.284562,0.049937,0.286455,-1.275146,            195P   1467
-0.173275,0.225796,-1.278518,-0.111460,0.225796,-1.278518,           195P   1468
-0.015460,0.286455,-1.275146,0.066725,0.000000,1.000000,             195P   1469
0.000000,1.000000;                                                   195P   1470
128,3,3,3,3,0,0,1,0,0,0.000000,0.000000,0.000000,0.000000,           197P   1471
1.000000,1.000000,1.000000,1.000000,0.000000,0.000000,               197P   1472
0.000000,0.000000,1.000000,1.000000,1.000000,1.000000,               197P   1473
1.000000,1.000000,1.000000,1.000000,1.000000,1.000000,               197P   1474
1.000000,1.000000,1.000000,1.000000,1.000000,1.000000,               197P   1475
1.000000,1.000000,1.000000,1.000000,0.624495,-1.169405,              197P   1476
-0.327542,0.535822,-1.181524,-0.336429,0.417661,-1.228022,           197P   1477
-0.336429,0.348528,-1.279074,-0.327542,0.600941,-1.125300,           197P   1478
-0.302542,0.519175,-1.147326,-0.321672,0.405243,-1.191909,           197P   1479
-0.321672,0.335383,-1.230833,-0.302542,0.575148,-1.006910,           197P   1480
-0.218569,0.485097,-1.044950,-0.247941,0.360203,-1.093727,           197P   1481
-0.247941,0.274423,-1.126629,-0.218569,0.581641,-0.974434,           197P   1482
-0.196975,0.484299,-1.028118,-0.236590,0.349437,-1.080718,           197P   1483
-0.236590,0.248734,-1.107230,-0.196975,0.000000,1.000000,            197P   1484
0.000000,1.000000;                                                   197P   1485
128,3,3,3,3,0,0,1,0,0,0.000000,0.000000,0.000000,0.000000,           199P   1486
1.000000,1.000000,1.000000,1.000000,0.000000,0.000000,               199P   1487
0.000000,0.000000,1.000000,1.000000,1.000000,1.000000,               199P   1488
1.000000,1.000000,1.000000,1.000000,1.000000,1.000000,               199P   1489
1.000000,1.000000,1.000000,1.000000,1.000000,1.000000,               199P   1490
1.000000,1.000000,1.000000,1.000000,0.380558,-1.396622,              199P   1491
-0.311208,0.474445,-1.408405,-0.310605,0.618033,-1.351844,           199P   1492
-0.310605,0.681887,-1.276875,-0.311208,0.367413,-1.348381,           199P   1493
-0.286208,0.459871,-1.368026,-0.296401,0.599862,-1.313165,           199P   1494
-0.296401,0.658333,-1.232770,-0.286208,0.310719,-1.273797,           199P   1495
-0.198001,0.421314,-1.293450,-0.218990,0.577273,-1.232437,           199P   1496
-0.218990,0.649927,-1.138762,-0.198001,0.286455,-1.275146,           199P   1497
-0.173275,0.413820,-1.295315,-0.205060,0.584379,-1.228656,           199P   1498
-0.205060,0.669848,-1.122210,-0.173275,0.000000,1.000000,            199P   1499
0.000000,1.000000;                                                   199P   1500
128,3,3,3,3,0,0,1,0,0,0.000000,0.000000,0.000000,0.000000,           201P   1501
1.000000,1.000000,1.000000,1.000000,0.000000,0.000000,               201P   1502
0.000000,0.000000,1.000000,1.000000,1.000000,1.000000,               201P   1503
1.000000,1.000000,1.000000,1.000000,1.000000,1.000000,               201P   1504
1.000000,1.000000,1.000000,1.000000,1.000000,1.000000,               201P   1505
1.000000,1.000000,1.000000,1.000000,0.681887,-1.276875,              201P   1506
-0.311208,0.745740,-1.201906,-0.311811,0.713168,-1.157285,           201P   1507
-0.318655,0.624495,-1.169405,-0.327542,0.658333,-1.232770,           201P   1508
-0.286208,0.716215,-1.165580,-0.295801,0.683670,-1.121910,           201P   1509
-0.302226,0.600941,-1.125300,-0.302542,0.649927,-1.138762,           201P   1510
-0.198001,0.696041,-1.071225,-0.217996,0.657727,-1.020377,           201P   1511
-0.225412,0.575148,-1.006910,-0.218569,0.669848,-1.122210,           201P   1512
-0.173275,0.705514,-1.057144,-0.203305,0.662751,-1.001939,           201P   1513
-0.211345,0.581641,-0.974434,-0.196975,0.000000,1.000000,            201P   1514
0.000000,1.000000;                                                   201P   1515
128,3,3,3,3,0,0,1,0,0,0.000000,0.000000,0.000000,0.000000,           203P   1516
1.000000,1.000000,1.000000,1.000000,0.000000,0.000000,               203P   1517
0.000000,0.000000,1.000000,1.000000,1.000000,1.000000,               203P   1518
1.000000,1.000000,1.000000,1.000000,1.000000,1.000000,               203P   1519
1.000000,1.000000,1.000000,1.000000,1.000000,1.000000,               203P   1520
1.000000,1.000000,1.000000,1.000000,0.348528,-1.279074,              203P   1521
-0.327542,0.279394,-1.330125,-0.318655,0.286671,-1.384840,           203P   1522
-0.311811,0.380558,-1.396622,-0.311208,0.335383,-1.230833,           203P   1523
-0.302542,0.276502,-1.284274,-0.302226,0.283219,-1.338275,           203P   1524
-0.295801,0.367413,-1.348381,-0.286208,0.274423,-1.126629,           203P   1525
-0.218569,0.227217,-1.192333,-0.225412,0.234796,-1.255494,           203P   1526
-0.217996,0.310719,-1.273797,-0.198001,0.248734,-1.107230,           203P   1527
-0.196975,0.212255,-1.182240,-0.211345,0.219749,-1.251604,           203P   1528
-0.203305,0.286455,-1.275146,-0.173275,0.000000,1.000000,            203P   1529
0.000000,1.000000;                                                   203P   1530
128,3,3,3,3,0,0,1,0,0,0.000000,0.000000,0.000000,0.000000,           205P   1531
1.000000,1.000000,1.000000,1.000000,0.000000,0.000000,               205P   1532
0.000000,0.000000,1.000000,1.000000,1.000000,1.000000,               205P   1533
1.000000,1.000000,1.000000,1.000000,1.000000,1.000000,               205P   1534
1.000000,1.000000,1.000000,1.000000,1.000000,1.000000,               205P   1535
1.000000,1.000000,1.000000,1.000000,0.624495,-1.169405,              205P   1536
-0.327542,0.713168,-1.157285,-0.318655,0.745740,-1.201906,           205P   1537
-0.311811,0.681887,-1.276875,-0.311208,0.535822,-1.181524,           205P   1538
-0.336429,0.582984,-1.210292,-0.324379,0.618215,-1.278107,           205P   1539
-0.314371,0.618033,-1.351844,-0.310605,0.417661,-1.228022,           205P   1540
-0.336429,0.406563,-1.280081,-0.324379,0.427705,-1.353496,           205P   1541
-0.314371,0.474445,-1.408405,-0.310605,0.348528,-1.279074,           205P   1542
-0.327542,0.279394,-1.330125,-0.318655,0.286671,-1.384840,           205P   1543
-0.311811,0.380558,-1.396622,-0.311208,0.000000,1.000000,            205P   1544
0.000000,1.000000;                                                   205P   1545
128,3,3,3,3,0,0,1,0,0,0.000000,0.000000,0.000000,0.000000,           207P   1546
1.000000,1.000000,1.000000,1.000000,0.000000,0.000000,               207P   1547
0.000000,0.000000,1.000000,1.000000,1.000000,1.000000,               207P   1548
1.000000,1.000000,1.000000,1.000000,1.000000,1.000000,               207P   1549
1.000000,1.000000,1.000000,1.000000,1.000000,1.000000,               207P   1550
1.000000,1.000000,1.000000,1.000000,0.681887,-1.276875,              207P   1551
0.288792,0.618033,-1.351844,0.289395,0.474445,-1.408405,             207P   1552
0.289395,0.380558,-1.396622,0.288792,0.658333,-1.232770,             207P   1553
0.238792,0.599862,-1.313165,0.252599,0.459871,-1.368026,             207P   1554
0.252599,0.367413,-1.348381,0.238792,0.649927,-1.138762,             207P   1555
0.099599,0.577273,-1.232437,0.126610,0.421314,-1.293450,             207P   1556
0.126610,0.310719,-1.273797,0.099599,0.669848,-1.122210,             207P   1557
0.066725,0.584379,-1.228656,0.106940,0.413820,-1.295315,             207P   1558
0.106940,0.286455,-1.275146,0.066725,0.000000,1.000000,              207P   1559
0.000000,1.000000;                                                   207P   1560
128,3,3,3,3,0,0,1,0,0,0.000000,0.000000,0.000000,0.000000,           209P   1561
1.000000,1.000000,1.000000,1.000000,0.000000,0.000000,               209P   1562
0.000000,0.000000,1.000000,1.000000,1.000000,1.000000,               209P   1563
1.000000,1.000000,1.000000,1.000000,1.000000,1.000000,               209P   1564
1.000000,1.000000,1.000000,1.000000,1.000000,1.000000,               209P   1565
1.000000,1.000000,1.000000,1.000000,0.348528,-1.279074,              209P   1566
0.272458,0.417661,-1.228022,0.263571,0.535822,-1.181524,             209P   1567
0.263571,0.624495,-1.169405,0.272458,0.335383,-1.230833,             209P   1568
0.222458,0.405243,-1.191909,0.227328,0.519175,-1.147326,             209P   1569
0.227328,0.600941,-1.125300,0.222458,0.274423,-1.126629,             209P   1570
0.079031,0.360203,-1.093727,0.097659,0.485097,-1.044950,             209P   1571
0.097659,0.575148,-1.006910,0.079031,0.248734,-1.107230,             209P   1572
0.043025,0.349437,-1.080718,0.075410,0.484299,-1.028118,             209P   1573
0.075410,0.581641,-0.974434,0.043025,0.000000,1.000000,              209P   1574
0.000000,1.000000;                                                   209P   1575
128,3,3,3,3,0,0,1,0,0,0.000000,0.000000,0.000000,0.000000,           211P   1576
1.000000,1.000000,1.000000,1.000000,0.000000,0.000000,               211P   1577
0.000000,0.000000,1.000000,1.000000,1.000000,1.000000,               211P   1578
1.000000,1.000000,1.000000,1.000000,1.000000,1.000000,               211P   1579
1.000000,1.000000,1.000000,1.000000,1.000000,1.000000,               211P   1580
1.000000,1.000000,1.000000,1.000000,0.624495,-1.169405,              211P   1581
0.272458,0.713168,-1.157285,0.281345,0.745740,-1.201906,             211P   1582
0.288189,0.681887,-1.276875,0.288792,0.600941,-1.125300,             211P   1583
0.222458,0.683670,-1.121910,0.246774,0.716215,-1.165580,             211P   1584
0.253199,0.658333,-1.232770,0.238792,0.575148,-1.006910,             211P   1585
0.079031,0.657727,-1.020377,0.120188,0.696041,-1.071225,             211P   1586
0.127604,0.649927,-1.138762,0.099599,0.581641,-0.974434,             211P   1587
0.043025,0.662751,-1.001939,0.100655,0.705514,-1.057144,             211P   1588
0.108695,0.669848,-1.122210,0.066725,0.000000,1.000000,              211P   1589
0.000000,1.000000;                                                   211P   1590
128,3,3,3,3,0,0,1,0,0,0.000000,0.000000,0.000000,0.000000,           213P   1591
1.000000,1.000000,1.000000,1.000000,0.000000,0.000000,               213P   1592
0.000000,0.000000,1.000000,1.000000,1.000000,1.000000,               213P   1593
1.000000,1.000000,1.000000,1.000000,1.000000,1.000000,               213P   1594
1.000000,1.000000,1.000000,1.000000,1.000000,1.000000,               213P   1595
1.000000,1.000000,1.000000,1.000000,0.380558,-1.396622,              213P   1596
0.288792,0.286671,-1.384840,0.288189,0.279394,-1.330125,             213P   1597
0.281345,0.348528,-1.279074,0.272458,0.367413,-1.348381,             213P   1598
0.238792,0.283219,-1.338275,0.253199,0.276502,-1.284274,             213P   1599
0.246774,0.335383,-1.230833,0.222458,0.310719,-1.273797,             213P   1600
0.099599,0.234796,-1.255494,0.127604,0.227217,-1.192333,             213P   1601
0.120188,0.274423,-1.126629,0.079031,0.286455,-1.275146,             213P   1602
0.066725,0.219749,-1.251604,0.108695,0.212255,-1.182240,             213P   1603
0.100655,0.248734,-1.107230,0.043025,0.000000,1.000000,              213P   1604
0.000000,1.000000;                                                   213P   1605
128,3,3,3,3,0,0,1,0,0,0.000000,0.000000,0.000000,0.000000,           215P   1606
1.000000,1.000000,1.000000,1.000000,0.000000,0.000000,               215P   1607
0.000000,0.000000,1.000000,1.000000,1.000000,1.000000,               215P   1608
1.000000,1.000000,1.000000,1.000000,1.000000,1.000000,               215P   1609
1.000000,1.000000,1.000000,1.000000,1.000000,1.000000,               215P   1610
1.000000,1.000000,1.000000,1.000000,0.681887,-1.276875,              215P   1611
0.288792,0.745740,-1.201906,0.288189,0.713168,-1.157285,             215P   1612
0.281345,0.624495,-1.169405,0.272458,0.618033,-1.351844,             215P   1613
0.289395,0.618215,-1.278107,0.285629,0.582984,-1.210292,             215P   1614
0.275621,0.535822,-1.181524,0.263571,0.474445,-1.408405,             215P   1615
0.289395,0.427705,-1.353496,0.285629,0.406563,-1.280081,             215P   1616
0.275621,0.417661,-1.228022,0.263571,0.380558,-1.396622,             215P   1617
0.288792,0.286671,-1.384840,0.288189,0.279394,-1.330125,             215P   1618
0.281345,0.348528,-1.279074,0.272458,0.000000,1.000000,              215P   1619
0.000000,1.000000;                                                   215P   1620
128,3,3,3,3,0,0,1,0,0,0.000000,0.000000,0.000000,0.000000,           217P   1621
1.000000,1.000000,1.000000,1.000000,0.000000,0.000000,               217P   1622
0.000000,0.000000,1.000000,1.000000,1.000000,1.000000,               217P   1623
1.000000,1.000000,1.000000,1.000000,1.000000,1.000000,               217P   1624
1.000000,1.000000,1.000000,1.000000,1.000000,1.000000,               217P   1625
1.000000,1.000000,1.000000,1.000000,-1.274210,-1.274210,             217P   1626
-0.045318,-1.294318,-1.294318,-0.102742,-1.294318,-1.294318,         217P   1627
-0.178722,-1.274210,-1.274210,-0.215024,-1.208236,-1.340185,         217P   1628
-0.045318,-1.247119,-1.337293,-0.104385,-1.247119,-1.337293,         217P   1629
-0.179228,-1.208236,-1.340185,-0.215024,-1.000628,-1.534822,         217P   1630
-0.025171,-1.058286,-1.508931,-0.099713,-1.058286,-1.508931,         217P   1631
-0.187250,-1.000628,-1.534822,-0.236371,-0.949566,-1.590827,         217P   1632
-0.010525,-1.025999,-1.541937,-0.096310,-1.025999,-1.541937,         217P   1633
-0.192310,-0.949566,-1.590827,-0.250525,0.000000,1.000000,           217P   1634
0.000000,1.000000;                                                   217P   1635
128,3,3,3,3,0,0,1,0,0,0.000000,0.000000,0.000000,0.000000,           219P   1636
1.000000,1.000000,1.000000,1.000000,0.000000,0.000000,               219P   1637
0.000000,0.000000,1.000000,1.000000,1.000000,1.000000,               219P   1638
1.000000,1.000000,1.000000,1.000000,1.000000,1.000000,               219P   1639
1.000000,1.000000,1.000000,1.000000,1.000000,1.000000,               219P   1640
1.000000,1.000000,1.000000,1.000000,-1.158060,-1.158060,             219P   1641
-0.188932,-1.114131,-1.114131,-0.138688,-1.114131,-1.114131,         219P   1642
-0.062708,-1.158060,-1.158060,-0.019226,-1.098100,-1.218021,         219P   1643
-0.188932,-1.079184,-1.154518,-0.140451,-1.079184,-1.154518,         219P   1644
-0.065609,-1.098100,-1.218021,-0.019226,-0.888090,-1.364017,         219P   1645
-0.204139,-0.894188,-1.280941,-0.143591,-0.894188,-1.280941,         219P   1646
-0.056053,-0.888090,-1.364017,0.007061,-0.830606,-1.391531,          219P   1647
-0.214225,-0.861718,-1.288881,-0.145840,-0.861718,-1.288881,         219P   1648
-0.049840,-0.830606,-1.391531,0.025775,0.000000,1.000000,            219P   1649
0.000000,1.000000;                                                   219P   1650
128,3,3,3,3,0,0,1,0,0,0.000000,0.000000,0.000000,0.000000,           221P   1651
1.000000,1.000000,1.000000,1.000000,0.000000,0.000000,               221P   1652
0.000000,0.000000,1.000000,1.000000,1.000000,1.000000,               221P   1653
1.000000,1.000000,1.000000,1.000000,1.000000,1.000000,               221P   1654
1.000000,1.000000,1.000000,1.000000,1.000000,1.000000,               221P   1655
1.000000,1.000000,1.000000,1.000000,-1.158060,-1.158060,             221P   1656
-0.019226,-1.201990,-1.201990,0.024256,-1.254103,-1.254103,          221P   1657
0.012105,-1.274210,-1.274210,-0.045318,-1.098100,-1.218021,          221P   1658
-0.019226,-1.162602,-1.251362,0.020506,-1.214222,-1.303639,          221P   1659
0.008220,-1.208236,-1.340185,-0.045318,-0.888090,-1.364017,          221P   1660
0.007061,-0.975970,-1.400979,0.040997,-1.029903,-1.467629,           221P   1661
0.026528,-1.000628,-1.534822,-0.025171,-0.830606,-1.391531,          221P   1662
0.025775,-0.943204,-1.425396,0.054605,-1.000789,-1.499704,           221P   1663
0.038645,-0.949566,-1.590827,-0.010525,0.000000,1.000000,            221P   1664
0.000000,1.000000;                                                   221P   1665
128,3,3,3,3,0,0,1,0,0,0.000000,0.000000,0.000000,0.000000,           223P   1666
1.000000,1.000000,1.000000,1.000000,0.000000,0.000000,               223P   1667
0.000000,0.000000,1.000000,1.000000,1.000000,1.000000,               223P   1668
1.000000,1.000000,1.000000,1.000000,1.000000,1.000000,               223P   1669
1.000000,1.000000,1.000000,1.000000,1.000000,1.000000,               223P   1670
1.000000,1.000000,1.000000,1.000000,-1.274210,-1.274210,             223P   1671
-0.215024,-1.254103,-1.254103,-0.251326,-1.201990,-1.201990,         223P   1672
-0.239176,-1.158060,-1.158060,-0.188932,-1.208236,-1.340185,         223P   1673
-0.215024,-1.214222,-1.303639,-0.247970,-1.162602,-1.251362,         223P   1674
-0.235683,-1.098100,-1.218021,-0.188932,-1.000628,-1.534822,         223P   1675
-0.236371,-1.029903,-1.467629,-0.263914,-0.975970,-1.400979,         223P   1676
-0.249445,-0.888090,-1.364017,-0.204139,-0.949566,-1.590827,         223P   1677
-0.250525,-1.000789,-1.499704,-0.273355,-0.943204,-1.425396,         223P   1678
-0.257395,-0.830606,-1.391531,-0.214225,0.000000,1.000000,           223P   1679
0.000000,1.000000;                                                   223P   1680
128,3,3,3,3,0,0,1,0,0,0.000000,0.000000,0.000000,0.000000,           225P   1681
1.000000,1.000000,1.000000,1.000000,0.000000,0.000000,               225P   1682
0.000000,0.000000,1.000000,1.000000,1.000000,1.000000,               225P   1683
1.000000,1.000000,1.000000,1.000000,1.000000,1.000000,               225P   1684
1.000000,1.000000,1.000000,1.000000,1.000000,1.000000,               225P   1685
1.000000,1.000000,1.000000,1.000000,0.000000,-1.802005,              225P   1686
-0.215024,0.000000,-1.830442,-0.178722,0.000000,-1.830442,           225P   1687
-0.102742,0.000000,-1.802005,-0.045318,-0.079638,-1.802005,          225P   1688
-0.215024,-0.051806,-1.826257,-0.179228,-0.051806,-1.826257,         225P   1689
-0.104385,-0.079638,-1.802005,-0.045318,-0.334965,-1.801135,         225P   1690
-0.236371,-0.279301,-1.821202,-0.187250,-0.279301,-1.821202,         225P   1691
-0.099713,-0.334965,-1.801135,-0.025171,-0.406074,-1.807625,         225P   1692
-0.250525,-0.322578,-1.823507,-0.192310,-0.322578,-1.823507,         225P   1693
-0.096310,-0.406074,-1.807625,-0.010525,0.000000,1.000000,           225P   1694
0.000000,1.000000;                                                   225P   1695
128,3,3,3,3,0,0,1,0,0,0.000000,0.000000,0.000000,0.000000,           227P   1696
1.000000,1.000000,1.000000,1.000000,0.000000,0.000000,               227P   1697
0.000000,0.000000,1.000000,1.000000,1.000000,1.000000,               227P   1698
1.000000,1.000000,1.000000,1.000000,1.000000,1.000000,               227P   1699
1.000000,1.000000,1.000000,1.000000,1.000000,1.000000,               227P   1700
1.000000,1.000000,1.000000,1.000000,0.000000,-1.637745,              227P   1701
-0.019226,0.000000,-1.575619,-0.062708,0.000000,-1.575619,           227P   1702
-0.138688,0.000000,-1.637745,-0.188932,-0.072379,-1.637745,          227P   1703
-0.019226,-0.042938,-1.578276,-0.065609,-0.042938,-1.578276,         227P   1704
-0.140451,-0.072379,-1.637745,-0.188932,-0.298483,-1.599894,         227P   1705
0.007061,-0.239602,-1.543083,-0.056053,-0.239602,-1.543083,          227P   1706
-0.143591,-0.298483,-1.599894,-0.204139,-0.355202,-1.581169,         227P   1707
0.025775,-0.266880,-1.527016,-0.049840,-0.266880,-1.527016,          227P   1708
-0.145840,-0.355202,-1.581169,-0.214225,0.000000,1.000000,           227P   1709
0.000000,1.000000;                                                   227P   1710
128,3,3,3,3,0,0,1,0,0,0.000000,0.000000,0.000000,0.000000,           229P   1711
1.000000,1.000000,1.000000,1.000000,0.000000,0.000000,               229P   1712
0.000000,0.000000,1.000000,1.000000,1.000000,1.000000,               229P   1713
1.000000,1.000000,1.000000,1.000000,1.000000,1.000000,               229P   1714
1.000000,1.000000,1.000000,1.000000,1.000000,1.000000,               229P   1715
1.000000,1.000000,1.000000,1.000000,0.000000,-1.637745,              229P   1716
-0.188932,0.000000,-1.699871,-0.239176,0.000000,-1.773569,           229P   1717
-0.251326,0.000000,-1.802005,-0.215024,-0.072379,-1.637745,          229P   1718
-0.188932,-0.051321,-1.705907,-0.235683,-0.051445,-1.779256,         229P   1719
-0.247970,-0.079638,-1.802005,-0.215024,-0.298483,-1.599894,         229P   1720
-0.204139,-0.263688,-1.686419,-0.249445,-0.271258,-1.771746,         229P   1721
-0.263914,-0.334965,-1.801135,-0.236371,-0.355202,-1.581169,         229P   1722
-0.214225,-0.301726,-1.682135,-0.257395,-0.311797,-1.775518,         229P   1723
-0.273355,-0.406074,-1.807625,-0.250525,0.000000,1.000000,           229P   1724
0.000000,1.000000;                                                   229P   1725
128,3,3,3,3,0,0,1,0,0,0.000000,0.000000,0.000000,0.000000,           231P   1726
1.000000,1.000000,1.000000,1.000000,0.000000,0.000000,               231P   1727
0.000000,0.000000,1.000000,1.000000,1.000000,1.000000,               231P   1728
1.000000,1.000000,1.000000,1.000000,1.000000,1.000000,               231P   1729
1.000000,1.000000,1.000000,1.000000,1.000000,1.000000,               231P   1730
1.000000,1.000000,1.000000,1.000000,0.000000,-1.802005,              231P   1731
-0.045318,0.000000,-1.773569,0.012105,0.000000,-1.699871,            231P   1732
0.024256,0.000000,-1.637745,-0.019226,-0.079638,-1.802005,           231P   1733
-0.045318,-0.051445,-1.779256,0.008220,-0.051321,-1.705907,          231P   1734
0.020506,-0.072379,-1.637745,-0.019226,-0.334965,-1.801135,          231P   1735
-0.025171,-0.271258,-1.771746,0.026528,-0.263688,-1.686419,          231P   1736
0.040997,-0.298483,-1.599894,0.007061,-0.406074,-1.807625,           231P   1737
-0.010525,-0.311797,-1.775518,0.038645,-0.301726,-1.682135,          231P   1738
0.054605,-0.355202,-1.581169,0.025775,0.000000,1.000000,             231P   1739
0.000000,1.000000;                                                   231P   1740
128,3,3,3,3,0,0,1,0,0,0.000000,0.000000,0.000000,0.000000,           233P   1741
1.000000,1.000000,1.000000,1.000000,0.000000,0.000000,               233P   1742
0.000000,0.000000,1.000000,1.000000,1.000000,1.000000,               233P   1743
1.000000,1.000000,1.000000,1.000000,1.000000,1.000000,               233P   1744
1.000000,1.000000,1.000000,1.000000,1.000000,1.000000,               233P   1745
1.000000,1.000000,1.000000,1.000000,-0.378838,-1.390310,             233P   1746
0.013853,-0.467512,-1.384466,0.065134,-0.606659,-1.329667,           233P   1747
0.065134,-0.678805,-1.271104,0.013853,-0.387464,-1.421969,           233P   1748
0.009165,-0.476630,-1.409389,0.058948,-0.615477,-1.355097,           233P   1749
0.058948,-0.694262,-1.300048,0.009165,-0.376592,-1.540783,           233P   1750
0.014243,-0.498031,-1.508747,0.062527,-0.668361,-1.442240,           233P   1751
0.062527,-0.785566,-1.377984,0.014243,-0.355202,-1.581169,           233P   1752
0.025775,-0.496999,-1.534356,0.072560,-0.686895,-1.460314,           233P   1753
0.072560,-0.830606,-1.391531,0.025775,0.000000,1.000000,             233P   1754
0.000000,1.000000;                                                   233P   1755
128,3,3,3,3,0,0,1,0,0,0.000000,0.000000,0.000000,0.000000,           235P   1756
1.000000,1.000000,1.000000,1.000000,0.000000,0.000000,               235P   1757
0.000000,0.000000,1.000000,1.000000,1.000000,1.000000,               235P   1758
1.000000,1.000000,1.000000,1.000000,1.000000,1.000000,               235P   1759
1.000000,1.000000,1.000000,1.000000,1.000000,1.000000,               235P   1760
1.000000,1.000000,1.000000,1.000000,-0.678805,-1.271104,             235P   1761
-0.155853,-0.606659,-1.329667,-0.198297,-0.467512,-1.384466,         235P   1762
-0.198297,-0.378838,-1.390310,-0.155853,-0.694262,-1.300048,         235P   1763
-0.160540,-0.615477,-1.355097,-0.197242,-0.476630,-1.409389,         235P   1764
-0.197242,-0.387464,-1.421969,-0.160540,-0.785566,-1.377984,         235P   1765
-0.196957,-0.668361,-1.442240,-0.227915,-0.498031,-1.508747,         235P   1766
-0.227915,-0.376592,-1.540783,-0.196957,-0.830606,-1.391531,         235P   1767
-0.214225,-0.686895,-1.460314,-0.239440,-0.496999,-1.534356,         235P   1768
-0.239440,-0.355202,-1.581169,-0.214225,0.000000,1.000000,           235P   1769
0.000000,1.000000;                                                   235P   1770
128,3,3,3,3,0,0,1,0,0,0.000000,0.000000,0.000000,0.000000,           237P   1771
1.000000,1.000000,1.000000,1.000000,0.000000,0.000000,               237P   1772
0.000000,0.000000,1.000000,1.000000,1.000000,1.000000,               237P   1773
1.000000,1.000000,1.000000,1.000000,1.000000,1.000000,               237P   1774
1.000000,1.000000,1.000000,1.000000,1.000000,1.000000,               237P   1775
1.000000,1.000000,1.000000,1.000000,-0.378838,-1.390310,             237P   1776
-0.155853,-0.290164,-1.396155,-0.113408,-0.290164,-1.396155,         237P   1777
-0.037428,-0.378838,-1.390310,0.013853,-0.387464,-1.421969,          237P   1778
-0.160540,-0.298908,-1.407814,-0.117259,-0.298908,-1.407814,         237P   1779
-0.042417,-0.387464,-1.421969,0.009165,-0.376592,-1.540783,          237P   1780
-0.196957,-0.288153,-1.506629,-0.139008,-0.288153,-1.506629,         237P   1781
-0.051471,-0.376592,-1.540783,0.014243,-0.355202,-1.581169,          237P   1782
-0.214225,-0.266880,-1.527016,-0.145840,-0.266880,-1.527016,         237P   1783
-0.049840,-0.355202,-1.581169,0.025775,0.000000,1.000000,            237P   1784
0.000000,1.000000;                                                   237P   1785
128,3,3,3,3,0,0,1,0,0,0.000000,0.000000,0.000000,0.000000,           239P   1786
1.000000,1.000000,1.000000,1.000000,0.000000,0.000000,               239P   1787
0.000000,0.000000,1.000000,1.000000,1.000000,1.000000,               239P   1788
1.000000,1.000000,1.000000,1.000000,1.000000,1.000000,               239P   1789
1.000000,1.000000,1.000000,1.000000,1.000000,1.000000,               239P   1790
1.000000,1.000000,1.000000,1.000000,-0.678805,-1.271104,             239P   1791
0.013853,-0.750950,-1.212541,-0.037428,-0.750950,-1.212541,          239P   1792
-0.113408,-0.678805,-1.271104,-0.155853,-0.694262,-1.300048,         239P   1793
0.009165,-0.752729,-1.226789,-0.042417,-0.752729,-1.226789,          239P   1794
-0.117259,-0.694262,-1.300048,-0.160540,-0.785566,-1.377984,         239P   1795
0.014243,-0.830356,-1.290031,-0.051471,-0.830356,-1.290031,          239P   1796
-0.139008,-0.785566,-1.377984,-0.196957,-0.830606,-1.391531,         239P   1797
0.025775,-0.861718,-1.288881,-0.049840,-0.861718,-1.288881,          239P   1798
-0.145840,-0.830606,-1.391531,-0.214225,0.000000,1.000000,           239P   1799
0.000000,1.000000;                                                   239P   1800
128,3,3,3,3,0,0,1,0,0,0.000000,0.000000,0.000000,0.000000,           241P   1801
1.000000,1.000000,1.000000,1.000000,0.000000,0.000000,               241P   1802
0.000000,0.000000,1.000000,1.000000,1.000000,1.000000,               241P   1803
1.000000,1.000000,1.000000,1.000000,1.000000,1.000000,               241P   1804
1.000000,1.000000,1.000000,1.000000,1.000000,1.000000,               241P   1805
1.000000,1.000000,1.000000,1.000000,-0.530005,-1.945084,             241P   1806
-0.230853,-0.652208,-1.930103,-0.273297,-0.845412,-1.854021,         241P   1807
-0.273297,-0.949667,-1.778310,-0.230853,-0.520146,-1.908903,         241P   1808
-0.230853,-0.644512,-1.910916,-0.270944,-0.836307,-1.835784,         241P   1809
-0.270944,-0.932002,-1.745232,-0.230853,-0.443785,-1.820468,         241P   1810
-0.241393,-0.597393,-1.828601,-0.279131,-0.814861,-1.743544,         241P   1811
-0.279131,-0.929076,-1.627276,-0.241393,-0.406074,-1.807625,         241P   1812
-0.250525,-0.583847,-1.823850,-0.285910,-0.821909,-1.730839,         241P   1813
-0.285910,-0.949566,-1.590827,-0.250525,0.000000,1.000000,           241P   1814
0.000000,1.000000;                                                   241P   1815
128,3,3,3,3,0,0,1,0,0,0.000000,0.000000,0.000000,0.000000,           243P   1816
1.000000,1.000000,1.000000,1.000000,0.000000,0.000000,               243P   1817
0.000000,0.000000,1.000000,1.000000,1.000000,1.000000,               243P   1818
1.000000,1.000000,1.000000,1.000000,1.000000,1.000000,               243P   1819
1.000000,1.000000,1.000000,1.000000,1.000000,1.000000,               243P   1820
1.000000,1.000000,1.000000,1.000000,-0.949667,-1.778310,             243P   1821
-0.061147,-0.845412,-1.854021,-0.009866,-0.652208,-1.930103,         243P   1822
-0.009866,-0.530005,-1.945084,-0.061147,-0.932002,-1.745232,         243P   1823
-0.061147,-0.836307,-1.835784,-0.014755,-0.644512,-1.910916,         243P   1824
-0.014755,-0.520146,-1.908903,-0.061147,-0.929076,-1.627276,         243P   1825
-0.030193,-0.814861,-1.743544,0.011311,-0.597393,-1.828601,          243P   1826
0.011311,-0.443785,-1.820468,-0.030193,-0.949566,-1.590827,          243P   1827
-0.010525,-0.821909,-1.730839,0.026090,-0.583847,-1.823850,          243P   1828
0.026090,-0.406074,-1.807625,-0.010525,0.000000,1.000000,            243P   1829
0.000000,1.000000;                                                   243P   1830
128,3,3,3,3,0,0,1,0,0,0.000000,0.000000,0.000000,0.000000,           245P   1831
1.000000,1.000000,1.000000,1.000000,0.000000,0.000000,               245P   1832
0.000000,0.000000,1.000000,1.000000,1.000000,1.000000,               245P   1833
1.000000,1.000000,1.000000,1.000000,1.000000,1.000000,               245P   1834
1.000000,1.000000,1.000000,1.000000,1.000000,1.000000,               245P   1835
1.000000,1.000000,1.000000,1.000000,-0.530005,-1.945084,             245P   1836
-0.061147,-0.407802,-1.960065,-0.112428,-0.407802,-1.960065,         245P   1837
-0.188408,-0.530005,-1.945084,-0.230853,-0.520146,-1.908903,         245P   1838
-0.061147,-0.410846,-1.924184,-0.116119,-0.410846,-1.924184,         245P   1839
-0.190962,-0.520146,-1.908903,-0.230853,-0.443785,-1.820468,         245P   1840
-0.030193,-0.347386,-1.836050,-0.102687,-0.347386,-1.836050,         245P   1841
-0.190224,-0.443785,-1.820468,-0.241393,-0.406074,-1.807625,         245P   1842
-0.010525,-0.322578,-1.823507,-0.096310,-0.322578,-1.823507,         245P   1843
-0.192310,-0.406074,-1.807625,-0.250525,0.000000,1.000000,           245P   1844
0.000000,1.000000;                                                   245P   1845
128,3,3,3,3,0,0,1,0,0,0.000000,0.000000,0.000000,0.000000,           247P   1846
1.000000,1.000000,1.000000,1.000000,0.000000,0.000000,               247P   1847
0.000000,0.000000,1.000000,1.000000,1.000000,1.000000,               247P   1848
1.000000,1.000000,1.000000,1.000000,1.000000,1.000000,               247P   1849
1.000000,1.000000,1.000000,1.000000,1.000000,1.000000,               247P   1850
1.000000,1.000000,1.000000,1.000000,-0.949667,-1.778310,             247P   1851
-0.230853,-1.053923,-1.702600,-0.188408,-1.053923,-1.702600,         247P   1852
-0.112428,-0.949667,-1.778310,-0.061147,-0.932002,-1.745232,         247P   1853
-0.230853,-1.026983,-1.678462,-0.190962,-1.026983,-1.678462,         247P   1854
-0.116119,-0.932002,-1.745232,-0.061147,-0.929076,-1.627276,         247P   1855
-0.241393,-1.014783,-1.569446,-0.190224,-1.014783,-1.569446,         247P   1856
-0.102687,-0.929076,-1.627276,-0.030193,-0.949566,-1.590827,         247P   1857
-0.250525,-1.025999,-1.541937,-0.192310,-1.025999,-1.541937,         247P   1858
-0.096310,-0.949566,-1.590827,-0.010525,0.000000,1.000000,           247P   1859
0.000000,1.000000;                                                   247P   1860
128,3,3,3,3,0,0,1,0,0,0.000000,0.000000,0.000000,0.000000,           249P   1861
1.000000,1.000000,1.000000,1.000000,0.000000,0.000000,               249P   1862
0.000000,0.000000,1.000000,1.000000,1.000000,1.000000,               249P   1863
1.000000,1.000000,1.000000,1.000000,1.000000,1.000000,               249P   1864
1.000000,1.000000,1.000000,1.000000,1.000000,1.000000,               249P   1865
1.000000,1.000000,1.000000,1.000000,-0.530005,-1.945084,             249P   1866
-0.230853,-0.407802,-1.960065,-0.188408,-0.407802,-1.960065,         249P   1867
-0.112428,-0.530005,-1.945084,-0.061147,-0.652208,-1.930103,         249P   1868
-0.273297,-0.605491,-1.914853,-0.199611,-0.605491,-1.914853,         249P   1869
-0.092389,-0.652208,-1.930103,-0.009866,-0.845412,-1.854021,         249P   1870
-0.273297,-0.874181,-1.808541,-0.199611,-0.874181,-1.808541,         249P   1871
-0.092389,-0.845412,-1.854021,-0.009866,-0.949667,-1.778310,         249P   1872
-0.230853,-1.053923,-1.702600,-0.188408,-1.053923,-1.702600,         249P   1873
-0.112428,-0.949667,-1.778310,-0.061147,0.000000,1.000000,           249P   1874
0.000000,1.000000;                                                   249P   1875
128,3,3,3,3,0,0,1,0,0,0.000000,0.000000,0.000000,0.000000,           251P   1876
1.000000,1.000000,1.000000,1.000000,0.000000,0.000000,               251P   1877
0.000000,0.000000,1.000000,1.000000,1.000000,1.000000,               251P   1878
1.000000,1.000000,1.000000,1.000000,1.000000,1.000000,               251P   1879
1.000000,1.000000,1.000000,1.000000,1.000000,1.000000,               251P   1880
1.000000,1.000000,1.000000,1.000000,-0.478935,-1.757662,             251P   1881
-0.358079,-0.573478,-1.685826,-0.350280,-0.735487,-1.622074,         251P   1882
-0.350280,-0.858160,-1.606958,-0.358079,-0.465790,-1.709420,         251P   1883
-0.333079,-0.561929,-1.651631,-0.336284,-0.719078,-1.590154,         251P   1884
-0.336284,-0.834607,-1.562853,-0.333079,-0.390530,-1.602830,         251P   1885
-0.241579,-0.511338,-1.549817,-0.255789,-0.686701,-1.481345,         251P   1886
-0.255789,-0.818161,-1.432590,-0.241579,-0.355202,-1.581169,         251P   1887
-0.214225,-0.496999,-1.534356,-0.239440,-0.686895,-1.460314,         251P   1888
-0.239440,-0.830606,-1.391531,-0.214225,0.000000,1.000000,           251P   1889
0.000000,1.000000;                                                   251P   1890
128,3,3,3,3,0,0,1,0,0,0.000000,0.000000,0.000000,0.000000,           253P   1891
1.000000,1.000000,1.000000,1.000000,0.000000,0.000000,               253P   1892
0.000000,0.000000,1.000000,1.000000,1.000000,1.000000,               253P   1893
1.000000,1.000000,1.000000,1.000000,1.000000,1.000000,               253P   1894
1.000000,1.000000,1.000000,1.000000,1.000000,1.000000,               253P   1895
1.000000,1.000000,1.000000,1.000000,-0.935538,-1.751852,             253P   1896
-0.384171,-0.846353,-1.851752,-0.390314,-0.650050,-1.929076,         253P   1897
-0.390314,-0.522120,-1.916144,-0.384171,-0.911985,-1.707747,         253P   1898
-0.359171,-0.827898,-1.813805,-0.375061,-0.635597,-1.889145,         253P   1899
-0.375061,-0.508975,-1.867903,-0.359171,-0.918992,-1.610383,         253P   1900
-0.273811,-0.811031,-1.734222,-0.299448,-0.593759,-1.819202,         253P   1901
-0.299448,-0.439472,-1.801272,-0.273811,-0.949566,-1.590827,         253P   1902
-0.250525,-0.821909,-1.730839,-0.285910,-0.583847,-1.823850,         253P   1903
-0.285910,-0.406074,-1.807625,-0.250525,0.000000,1.000000,           253P   1904
0.000000,1.000000;                                                   253P   1905
128,3,3,3,3,0,0,1,0,0,0.000000,0.000000,0.000000,0.000000,           255P   1906
1.000000,1.000000,1.000000,1.000000,0.000000,0.000000,               255P   1907
0.000000,0.000000,1.000000,1.000000,1.000000,1.000000,               255P   1908
1.000000,1.000000,1.000000,1.000000,1.000000,1.000000,               255P   1909
1.000000,1.000000,1.000000,1.000000,1.000000,1.000000,               255P   1910
1.000000,1.000000,1.000000,1.000000,-0.522120,-1.916144,             255P   1911
-0.384171,-0.394189,-1.903212,-0.378029,-0.384393,-1.829497,         255P   1912
-0.365878,-0.478935,-1.757662,-0.358079,-0.508975,-1.867903,         255P   1913
-0.359171,-0.393117,-1.856132,-0.363820,-0.384083,-1.783413,         255P   1914
-0.351534,-0.465790,-1.709420,-0.333079,-0.439472,-1.801272,         255P   1915
-0.273811,-0.333767,-1.777342,-0.287205,-0.323577,-1.692300,         255P   1916
-0.272737,-0.390530,-1.602830,-0.241579,-0.406074,-1.807625,         255P   1917
-0.250525,-0.311797,-1.775518,-0.273355,-0.301726,-1.682135,         255P   1918
-0.257395,-0.355202,-1.581169,-0.214225,0.000000,1.000000,           255P   1919
0.000000,1.000000;                                                   255P   1920
128,3,3,3,3,0,0,1,0,0,0.000000,0.000000,0.000000,0.000000,           257P   1921
1.000000,1.000000,1.000000,1.000000,0.000000,0.000000,               257P   1922
0.000000,0.000000,1.000000,1.000000,1.000000,1.000000,               257P   1923
1.000000,1.000000,1.000000,1.000000,1.000000,1.000000,               257P   1924
1.000000,1.000000,1.000000,1.000000,1.000000,1.000000,               257P   1925
1.000000,1.000000,1.000000,1.000000,-0.858160,-1.606958,             257P   1926
-0.358079,-0.980833,-1.591842,-0.365878,-1.024723,-1.651952,         257P   1927
-0.378029,-0.935538,-1.751852,-0.384171,-0.834607,-1.562853,         257P   1928
-0.333079,-0.949301,-1.558020,-0.351534,-0.993136,-1.616818,         257P   1929
-0.363820,-0.911985,-1.707747,-0.359171,-0.818161,-1.432590,         257P   1930
-0.241579,-0.932695,-1.449005,-0.272737,-0.984292,-1.517457,         257P   1931
-0.287205,-0.918992,-1.610383,-0.273811,-0.830606,-1.391531,         257P   1932
-0.214225,-0.943204,-1.425396,-0.257395,-1.000789,-1.499704,         257P   1933
-0.273355,-0.949566,-1.590827,-0.250525,0.000000,1.000000,           257P   1934
0.000000,1.000000;                                                   257P   1935
128,3,3,3,3,0,0,1,0,0,0.000000,0.000000,0.000000,0.000000,           259P   1936
1.000000,1.000000,1.000000,1.000000,0.000000,0.000000,               259P   1937
0.000000,0.000000,1.000000,1.000000,1.000000,1.000000,               259P   1938
1.000000,1.000000,1.000000,1.000000,1.000000,1.000000,               259P   1939
1.000000,1.000000,1.000000,1.000000,1.000000,1.000000,               259P   1940
1.000000,1.000000,1.000000,1.000000,-0.478935,-1.757662,             259P   1941
-0.358079,-0.384393,-1.829497,-0.365878,-0.394189,-1.903212,         259P   1942
-0.378029,-0.522120,-1.916144,-0.384171,-0.573478,-1.685826,         259P   1943
-0.350280,-0.558670,-1.758443,-0.362726,-0.587161,-1.857389,         259P   1944
-0.379524,-0.650050,-1.929076,-0.390314,-0.735487,-1.622074,         259P   1945
-0.350280,-0.800717,-1.662693,-0.362726,-0.848204,-1.754090,         259P   1946
-0.379524,-0.846353,-1.851752,-0.390314,-0.858160,-1.606958,         259P   1947
-0.358079,-0.980833,-1.591842,-0.365878,-1.024723,-1.651952,         259P   1948
-0.378029,-0.935538,-1.751852,-0.384171,0.000000,1.000000,           259P   1949
0.000000,1.000000;                                                   259P   1950
128,3,3,3,3,0,0,1,0,0,0.000000,0.000000,0.000000,0.000000,           261P   1951
1.000000,1.000000,1.000000,1.000000,0.000000,0.000000,               261P   1952
0.000000,0.000000,1.000000,1.000000,1.000000,1.000000,               261P   1953
1.000000,1.000000,1.000000,1.000000,1.000000,1.000000,               261P   1954
1.000000,1.000000,1.000000,1.000000,1.000000,1.000000,               261P   1955
1.000000,1.000000,1.000000,1.000000,-0.522120,-1.916144,             261P   1956
0.215829,-0.650050,-1.929076,0.209686,-0.846353,-1.851752,           261P   1957
0.209686,-0.935538,-1.751852,0.215829,-0.508975,-1.867903,           261P   1958
0.165829,-0.635597,-1.889145,0.173939,-0.827898,-1.813805,           261P   1959
0.173939,-0.911985,-1.707747,0.165829,-0.439472,-1.801272,           261P   1960
0.023789,-0.593759,-1.819202,0.046152,-0.811031,-1.734222,           261P   1961
0.046152,-0.918992,-1.610383,0.023789,-0.406074,-1.807625,           261P   1962
-0.010525,-0.583847,-1.823850,0.026090,-0.821909,-1.730839,          261P   1963
0.026090,-0.949566,-1.590827,-0.010525,0.000000,1.000000,            261P   1964
0.000000,1.000000;                                                   261P   1965
128,3,3,3,3,0,0,1,0,0,0.000000,0.000000,0.000000,0.000000,           263P   1966
1.000000,1.000000,1.000000,1.000000,0.000000,0.000000,               263P   1967
0.000000,0.000000,1.000000,1.000000,1.000000,1.000000,               263P   1968
1.000000,1.000000,1.000000,1.000000,1.000000,1.000000,               263P   1969
1.000000,1.000000,1.000000,1.000000,1.000000,1.000000,               263P   1970
1.000000,1.000000,1.000000,1.000000,-0.858160,-1.606958,             263P   1971
0.241921,-0.735487,-1.622074,0.249720,-0.573478,-1.685826,           263P   1972
0.249720,-0.478935,-1.757662,0.241921,-0.834607,-1.562853,           263P   1973
0.191921,-0.719078,-1.590154,0.212716,-0.561929,-1.651631,           263P   1974
0.212716,-0.465790,-1.709420,0.191921,-0.818161,-1.432590,           263P   1975
0.056021,-0.686701,-1.481345,0.089811,-0.511338,-1.549817,           263P   1976
0.089811,-0.390530,-1.602830,0.056021,-0.830606,-1.391531,           263P   1977
0.025775,-0.686895,-1.460314,0.072560,-0.496999,-1.534356,           263P   1978
0.072560,-0.355202,-1.581169,0.025775,0.000000,1.000000,             263P   1979
0.000000,1.000000;                                                   263P   1980
128,3,3,3,3,0,0,1,0,0,0.000000,0.000000,0.000000,0.000000,           265P   1981
1.000000,1.000000,1.000000,1.000000,0.000000,0.000000,               265P   1982
0.000000,0.000000,1.000000,1.000000,1.000000,1.000000,               265P   1983
1.000000,1.000000,1.000000,1.000000,1.000000,1.000000,               265P   1984
1.000000,1.000000,1.000000,1.000000,1.000000,1.000000,               265P   1985
1.000000,1.000000,1.000000,1.000000,-0.478935,-1.757662,             265P   1986
0.241921,-0.384393,-1.829497,0.234122,-0.394189,-1.903212,           265P   1987
0.221971,-0.522120,-1.916144,0.215829,-0.465790,-1.709420,           265P   1988
0.191921,-0.384083,-1.783413,0.197466,-0.393117,-1.856132,           265P   1989
0.185180,-0.508975,-1.867903,0.165829,-0.390530,-1.602830,           265P   1990
0.056021,-0.323577,-1.692300,0.072863,-0.333767,-1.777342,           265P   1991
0.058395,-0.439472,-1.801272,0.023789,-0.355202,-1.581169,           265P   1992
0.025775,-0.301726,-1.682135,0.054605,-0.311797,-1.775518,           265P   1993
0.038645,-0.406074,-1.807625,-0.010525,0.000000,1.000000,            265P   1994
0.000000,1.000000;                                                   265P   1995
128,3,3,3,3,0,0,1,0,0,0.000000,0.000000,0.000000,0.000000,           267P   1996
1.000000,1.000000,1.000000,1.000000,0.000000,0.000000,               267P   1997
0.000000,0.000000,1.000000,1.000000,1.000000,1.000000,               267P   1998
1.000000,1.000000,1.000000,1.000000,1.000000,1.000000,               267P   1999
1.000000,1.000000,1.000000,1.000000,1.000000,1.000000,               267P   2000
1.000000,1.000000,1.000000,1.000000,-0.935538,-1.751852,             267P   2001
0.215829,-1.024723,-1.651952,0.221971,-0.980833,-1.591842,           267P   2002
0.234122,-0.858160,-1.606958,0.241921,-0.911985,-1.707747,           267P   2003
0.165829,-0.993136,-1.616818,0.185180,-0.949301,-1.558020,           267P   2004
0.197466,-0.834607,-1.562853,0.191921,-0.918992,-1.610383,           267P   2005
0.023789,-0.984292,-1.517457,0.058395,-0.932695,-1.449005,           267P   2006
0.072863,-0.818161,-1.432590,0.056021,-0.949566,-1.590827,           267P   2007
-0.010525,-1.000789,-1.499704,0.038645,-0.943204,-1.425396,          267P   2008
0.054605,-0.830606,-1.391531,0.025775,0.000000,1.000000,             267P   2009
0.000000,1.000000;                                                   267P   2010
128,3,3,3,3,0,0,1,0,0,0.000000,0.000000,0.000000,0.000000,           269P   2011
1.000000,1.000000,1.000000,1.000000,0.000000,0.000000,               269P   2012
0.000000,0.000000,1.000000,1.000000,1.000000,1.000000,               269P   2013
1.000000,1.000000,1.000000,1.000000,1.000000,1.000000,               269P   2014
1.000000,1.000000,1.000000,1.000000,1.000000,1.000000,               269P   2015
1.000000,1.000000,1.000000,1.000000,-0.522120,-1.916144,             269P   2016
0.215829,-0.394189,-1.903212,0.221971,-0.384393,-1.829497,           269P   2017
0.234122,-0.478935,-1.757662,0.241921,-0.650050,-1.929076,           269P   2018
0.209686,-0.587161,-1.857389,0.220476,-0.558670,-1.758443,           269P   2019
0.237274,-0.573478,-1.685826,0.249720,-0.846353,-1.851752,           269P   2020
0.209686,-0.848204,-1.754090,0.220476,-0.800717,-1.662693,           269P   2021
0.237274,-0.735487,-1.622074,0.249720,-0.935538,-1.751852,           269P   2022
0.215829,-1.024723,-1.651952,0.221971,-0.980833,-1.591842,           269P   2023
0.234122,-0.858160,-1.606958,0.241921,0.000000,1.000000,             269P   2024
0.000000,1.000000;                                                   269P   2025
128,3,3,3,3,0,0,1,0,0,0.000000,0.000000,0.000000,0.000000,           271P   2026
1.000000,1.000000,1.000000,1.000000,0.000000,0.000000,               271P   2027
0.000000,0.000000,1.000000,1.000000,1.000000,1.000000,               271P   2028
1.000000,1.000000,1.000000,1.000000,1.000000,1.000000,               271P   2029
1.000000,1.000000,1.000000,1.000000,1.000000,1.000000,               271P   2030
1.000000,1.000000,1.000000,1.000000,-1.802005,0.000000,              271P   2031
-0.045318,-1.830442,0.000000,-0.102742,-1.830442,0.000000,           271P   2032
-0.178722,-1.802005,0.000000,-0.215024,-1.802005,-0.079638,          271P   2033
-0.045318,-1.826257,-0.051806,-0.104385,-1.826257,-0.051806,         271P   2034
-0.179228,-1.802005,-0.079638,-0.215024,-1.801135,-0.334965,         271P   2035
-0.025171,-1.821202,-0.279301,-0.099713,-1.821202,-0.279301,         271P   2036
-0.187250,-1.801135,-0.334965,-0.236371,-1.807625,-0.406074,         271P   2037
-0.010525,-1.823507,-0.322578,-0.096310,-1.823507,-0.322578,         271P   2038
-0.192310,-1.807625,-0.406074,-0.250525,0.000000,1.000000,           271P   2039
0.000000,1.000000;                                                   271P   2040
128,3,3,3,3,0,0,1,0,0,0.000000,0.000000,0.000000,0.000000,           273P   2041
1.000000,1.000000,1.000000,1.000000,0.000000,0.000000,               273P   2042
0.000000,0.000000,1.000000,1.000000,1.000000,1.000000,               273P   2043
1.000000,1.000000,1.000000,1.000000,1.000000,1.000000,               273P   2044
1.000000,1.000000,1.000000,1.000000,1.000000,1.000000,               273P   2045
1.000000,1.000000,1.000000,1.000000,-1.637745,0.000000,              273P   2046
-0.188932,-1.575619,0.000000,-0.138688,-1.575619,0.000000,           273P   2047
-0.062708,-1.637745,0.000000,-0.019226,-1.637745,-0.072379,          273P   2048
-0.188932,-1.578276,-0.042938,-0.140451,-1.578276,-0.042938,         273P   2049
-0.065609,-1.637745,-0.072379,-0.019226,-1.599894,-0.298483,         273P   2050
-0.204139,-1.543083,-0.239602,-0.143591,-1.543083,-0.239602,         273P   2051
-0.056053,-1.599894,-0.298483,0.007061,-1.581169,-0.355202,          273P   2052
-0.214225,-1.527016,-0.266880,-0.145840,-1.527016,-0.266880,         273P   2053
-0.049840,-1.581169,-0.355202,0.025775,0.000000,1.000000,            273P   2054
0.000000,1.000000;                                                   273P   2055
128,3,3,3,3,0,0,1,0,0,0.000000,0.000000,0.000000,0.000000,           275P   2056
1.000000,1.000000,1.000000,1.000000,0.000000,0.000000,               275P   2057
0.000000,0.000000,1.000000,1.000000,1.000000,1.000000,               275P   2058
1.000000,1.000000,1.000000,1.000000,1.000000,1.000000,               275P   2059
1.000000,1.000000,1.000000,1.000000,1.000000,1.000000,               275P   2060
1.000000,1.000000,1.000000,1.000000,-1.637745,0.000000,              275P   2061
-0.019226,-1.699871,0.000000,0.024256,-1.773569,0.000000,            275P   2062
0.012105,-1.802005,0.000000,-0.045318,-1.637745,-0.072379,           275P   2063
-0.019226,-1.705907,-0.051321,0.020506,-1.779256,-0.051445,          275P   2064
0.008220,-1.802005,-0.079638,-0.045318,-1.599894,-0.298483,          275P   2065
0.007061,-1.686419,-0.263688,0.040997,-1.771746,-0.271258,           275P   2066
0.026528,-1.801135,-0.334965,-0.025171,-1.581169,-0.355202,          275P   2067
0.025775,-1.682135,-0.301726,0.054605,-1.775518,-0.311797,           275P   2068
0.038645,-1.807625,-0.406074,-0.010525,0.000000,1.000000,            275P   2069
0.000000,1.000000;                                                   275P   2070
128,3,3,3,3,0,0,1,0,0,0.000000,0.000000,0.000000,0.000000,           277P   2071
1.000000,1.000000,1.000000,1.000000,0.000000,0.000000,               277P   2072
0.000000,0.000000,1.000000,1.000000,1.000000,1.000000,               277P   2073
1.000000,1.000000,1.000000,1.000000,1.000000,1.000000,               277P   2074
1.000000,1.000000,1.000000,1.000000,1.000000,1.000000,               277P   2075
1.000000,1.000000,1.000000,1.000000,-1.802005,0.000000,              277P   2076
-0.215024,-1.773569,0.000000,-0.251326,-1.699871,0.000000,           277P   2077
-0.239176,-1.637745,0.000000,-0.188932,-1.802005,-0.079638,          277P   2078
-0.215024,-1.779256,-0.051445,-0.247970,-1.705907,-0.051321,         277P   2079
-0.235683,-1.637745,-0.072379,-0.188932,-1.801135,-0.334965,         277P   2080
-0.236371,-1.771746,-0.271258,-0.263914,-1.686419,-0.263688,         277P   2081
-0.249445,-1.599894,-0.298483,-0.204139,-1.807625,-0.406074,         277P   2082
-0.250525,-1.775518,-0.311797,-0.273355,-1.682135,-0.301726,         277P   2083
-0.257395,-1.581169,-0.355202,-0.214225,0.000000,1.000000,           277P   2084
0.000000,1.000000;                                                   277P   2085
128,3,3,3,3,0,0,1,0,0,0.000000,0.000000,0.000000,0.000000,           279P   2086
1.000000,1.000000,1.000000,1.000000,0.000000,0.000000,               279P   2087
0.000000,0.000000,1.000000,1.000000,1.000000,1.000000,               279P   2088
1.000000,1.000000,1.000000,1.000000,1.000000,1.000000,               279P   2089
1.000000,1.000000,1.000000,1.000000,1.000000,1.000000,               279P   2090
1.000000,1.000000,1.000000,1.000000,-1.274210,-1.274210,             279P   2091
-0.215024,-1.294318,-1.294318,-0.178722,-1.294318,-1.294318,         279P   2092
-0.102742,-1.274210,-1.274210,-0.045318,-1.340185,-1.208236,         279P   2093
-0.215024,-1.337293,-1.247119,-0.179228,-1.337293,-1.247119,         279P   2094
-0.104385,-1.340185,-1.208236,-0.045318,-1.534822,-1.000628,         279P   2095
-0.236371,-1.508931,-1.058286,-0.187250,-1.508931,-1.058286,         279P   2096
-0.099713,-1.534822,-1.000628,-0.025171,-1.590827,-0.949566,         279P   2097
-0.250525,-1.541937,-1.025999,-0.192310,-1.541937,-1.025999,         279P   2098
-0.096310,-1.590827,-0.949566,-0.010525,0.000000,1.000000,           279P   2099
0.000000,1.000000;                                                   279P   2100
128,3,3,3,3,0,0,1,0,0,0.000000,0.000000,0.000000,0.000000,           281P   2101
1.000000,1.000000,1.000000,1.000000,0.000000,0.000000,               281P   2102
0.000000,0.000000,1.000000,1.000000,1.000000,1.000000,               281P   2103
1.000000,1.000000,1.000000,1.000000,1.000000,1.000000,               281P   2104
1.000000,1.000000,1.000000,1.000000,1.000000,1.000000,               281P   2105
1.000000,1.000000,1.000000,1.000000,-1.158060,-1.158060,             281P   2106
-0.019226,-1.114131,-1.114131,-0.062708,-1.114131,-1.114131,         281P   2107
-0.138688,-1.158060,-1.158060,-0.188932,-1.218021,-1.098100,         281P   2108
-0.019226,-1.154518,-1.079184,-0.065609,-1.154518,-1.079184,         281P   2109
-0.140451,-1.218021,-1.098100,-0.188932,-1.364017,-0.888090,         281P   2110
0.007061,-1.280941,-0.894188,-0.056053,-1.280941,-0.894188,          281P   2111
-0.143591,-1.364017,-0.888090,-0.204139,-1.391531,-0.830606,         281P   2112
0.025775,-1.288881,-0.861718,-0.049840,-1.288881,-0.861718,          281P   2113
-0.145840,-1.391531,-0.830606,-0.214225,0.000000,1.000000,           281P   2114
0.000000,1.000000;                                                   281P   2115
128,3,3,3,3,0,0,1,0,0,0.000000,0.000000,0.000000,0.000000,           283P   2116
1.000000,1.000000,1.000000,1.000000,0.000000,0.000000,               283P   2117
0.000000,0.000000,1.000000,1.000000,1.000000,1.000000,               283P   2118
1.000000,1.000000,1.000000,1.000000,1.000000,1.000000,               283P   2119
1.000000,1.000000,1.000000,1.000000,1.000000,1.000000,               283P   2120
1.000000,1.000000,1.000000,1.000000,-1.158060,-1.158060,             283P   2121
-0.188932,-1.201990,-1.201990,-0.239176,-1.254103,-1.254103,         283P   2122
-0.251326,-1.274210,-1.274210,-0.215024,-1.218021,-1.098100,         283P   2123
-0.188932,-1.251362,-1.162602,-0.235683,-1.303639,-1.214222,         283P   2124
-0.247970,-1.340185,-1.208236,-0.215024,-1.364017,-0.888090,         283P   2125
-0.204139,-1.400979,-0.975970,-0.249445,-1.467629,-1.029903,         283P   2126
-0.263914,-1.534822,-1.000628,-0.236371,-1.391531,-0.830606,         283P   2127
-0.214225,-1.425396,-0.943204,-0.257395,-1.499704,-1.000789,         283P   2128
-0.273355,-1.590827,-0.949566,-0.250525,0.000000,1.000000,           283P   2129
0.000000,1.000000;                                                   283P   2130
128,3,3,3,3,0,0,1,0,0,0.000000,0.000000,0.000000,0.000000,           285P   2131
1.000000,1.000000,1.000000,1.000000,0.000000,0.000000,               285P   2132
0.000000,0.000000,1.000000,1.000000,1.000000,1.000000,               285P   2133
1.000000,1.000000,1.000000,1.000000,1.000000,1.000000,               285P   2134
1.000000,1.000000,1.000000,1.000000,1.000000,1.000000,               285P   2135
1.000000,1.000000,1.000000,1.000000,-1.274210,-1.274210,             285P   2136
-0.045318,-1.254103,-1.254103,0.012105,-1.201990,-1.201990,          285P   2137
0.024256,-1.158060,-1.158060,-0.019226,-1.340185,-1.208236,          285P   2138
-0.045318,-1.303639,-1.214222,0.008220,-1.251362,-1.162602,          285P   2139
0.020506,-1.218021,-1.098100,-0.019226,-1.534822,-1.000628,          285P   2140
-0.025171,-1.467629,-1.029903,0.026528,-1.400979,-0.975970,          285P   2141
0.040997,-1.364017,-0.888090,0.007061,-1.590827,-0.949566,           285P   2142
-0.010525,-1.499704,-1.000789,0.038645,-1.425396,-0.943204,          285P   2143
0.054605,-1.391531,-0.830606,0.025775,0.000000,1.000000,             285P   2144
0.000000,1.000000;                                                   285P   2145
128,3,3,3,3,0,0,1,0,0,0.000000,0.000000,0.000000,0.000000,           287P   2146
1.000000,1.000000,1.000000,1.000000,0.000000,0.000000,               287P   2147
0.000000,0.000000,1.000000,1.000000,1.000000,1.000000,               287P   2148
1.000000,1.000000,1.000000,1.000000,1.000000,1.000000,               287P   2149
1.000000,1.000000,1.000000,1.000000,1.000000,1.000000,               287P   2150
1.000000,1.000000,1.000000,1.000000,-1.271104,-0.678805,             287P   2151
0.013853,-1.329667,-0.606659,0.065134,-1.384466,-0.467512,           287P   2152
0.065134,-1.390310,-0.378838,0.013853,-1.300048,-0.694262,           287P   2153
0.009165,-1.355097,-0.615477,0.058948,-1.409389,-0.476630,           287P   2154
0.058948,-1.421969,-0.387464,0.009165,-1.377984,-0.785566,           287P   2155
0.014243,-1.442240,-0.668361,0.062527,-1.508747,-0.498031,           287P   2156
0.062527,-1.540783,-0.376592,0.014243,-1.391531,-0.830606,           287P   2157
0.025775,-1.460314,-0.686895,0.072560,-1.534356,-0.496999,           287P   2158
0.072560,-1.581169,-0.355202,0.025775,0.000000,1.000000,             287P   2159
0.000000,1.000000;                                                   287P   2160
128,3,3,3,3,0,0,1,0,0,0.000000,0.000000,0.000000,0.000000,           289P   2161
1.000000,1.000000,1.000000,1.000000,0.000000,0.000000,               289P   2162
0.000000,0.000000,1.000000,1.000000,1.000000,1.000000,               289P   2163
1.000000,1.000000,1.000000,1.000000,1.000000,1.000000,               289P   2164
1.000000,1.000000,1.000000,1.000000,1.000000,1.000000,               289P   2165
1.000000,1.000000,1.000000,1.000000,-1.390310,-0.378838,             289P   2166
-0.155853,-1.384466,-0.467512,-0.198297,-1.329667,-0.606659,         289P   2167
-0.198297,-1.271104,-0.678805,-0.155853,-1.421969,-0.387464,         289P   2168
-0.160540,-1.409389,-0.476630,-0.197242,-1.355097,-0.615477,         289P   2169
-0.197242,-1.300048,-0.694262,-0.160540,-1.540783,-0.376592,         289P   2170
-0.196957,-1.508747,-0.498031,-0.227915,-1.442240,-0.668361,         289P   2171
-0.227915,-1.377984,-0.785566,-0.196957,-1.581169,-0.355202,         289P   2172
-0.214225,-1.534356,-0.496999,-0.239440,-1.460314,-0.686895,         289P   2173
-0.239440,-1.391531,-0.830606,-0.214225,0.000000,1.000000,           289P   2174
0.000000,1.000000;                                                   289P   2175
128,3,3,3,3,0,0,1,0,0,0.000000,0.000000,0.000000,0.000000,           291P   2176
1.000000,1.000000,1.000000,1.000000,0.000000,0.000000,               291P   2177
0.000000,0.000000,1.000000,1.000000,1.000000,1.000000,               291P   2178
1.000000,1.000000,1.000000,1.000000,1.000000,1.000000,               291P   2179
1.000000,1.000000,1.000000,1.000000,1.000000,1.000000,               291P   2180
1.000000,1.000000,1.000000,1.000000,-1.271104,-0.678805,             291P   2181
-0.155853,-1.212541,-0.750950,-0.113408,-1.212541,-0.750950,         291P   2182
-0.037428,-1.271104,-0.678805,0.013853,-1.300048,-0.694262,          291P   2183
-0.160540,-1.226789,-0.752729,-0.117259,-1.226789,-0.752729,         291P   2184
-0.042417,-1.300048,-0.694262,0.009165,-1.377984,-0.785566,          291P   2185
-0.196957,-1.290031,-0.830356,-0.139008,-1.290031,-0.830356,         291P   2186
-0.051471,-1.377984,-0.785566,0.014243,-1.391531,-0.830606,          291P   2187
-0.214225,-1.288881,-0.861718,-0.145840,-1.288881,-0.861718,         291P   2188
-0.049840,-1.391531,-0.830606,0.025775,0.000000,1.000000,            291P   2189
0.000000,1.000000;                                                   291P   2190
128,3,3,3,3,0,0,1,0,0,0.000000,0.000000,0.000000,0.000000,           293P   2191
1.000000,1.000000,1.000000,1.000000,0.000000,0.000000,               293P   2192
0.000000,0.000000,1.000000,1.000000,1.000000,1.000000,               293P   2193
1.000000,1.000000,1.000000,1.000000,1.000000,1.000000,               293P   2194
1.000000,1.000000,1.000000,1.000000,1.000000,1.000000,               293P   2195
1.000000,1.000000,1.000000,1.000000,-1.390310,-0.378838,             293P   2196
0.013853,-1.396155,-0.290164,-0.037428,-1.396155,-0.290164,          293P   2197
-0.113408,-1.390310,-0.378838,-0.155853,-1.421969,-0.387464,         293P   2198
0.009165,-1.407814,-0.298908,-0.042417,-1.407814,-0.298908,          293P   2199
-0.117259,-1.421969,-0.387464,-0.160540,-1.540783,-0.376592,         293P   2200
0.014243,-1.506629,-0.288153,-0.051471,-1.506629,-0.288153,          293P   2201
-0.139008,-1.540783,-0.376592,-0.196957,-1.581169,-0.355202,         293P   2202
0.025775,-1.527016,-0.266880,-0.049840,-1.527016,-0.266880,          293P   2203
-0.145840,-1.581169,-0.355202,-0.214225,0.000000,1.000000,           293P   2204
0.000000,1.000000;                                                   293P   2205
128,3,3,3,3,0,0,1,0,0,0.000000,0.000000,0.000000,0.000000,           295P   2206
1.000000,1.000000,1.000000,1.000000,0.000000,0.000000,               295P   2207
0.000000,0.000000,1.000000,1.000000,1.000000,1.000000,               295P   2208
1.000000,1.000000,1.000000,1.000000,1.000000,1.000000,               295P   2209
1.000000,1.000000,1.000000,1.000000,1.000000,1.000000,               295P   2210
1.000000,1.000000,1.000000,1.000000,-1.778310,-0.949667,             295P   2211
-0.230853,-1.854021,-0.845412,-0.273297,-1.930103,-0.652208,         295P   2212
-0.273297,-1.945084,-0.530005,-0.230853,-1.745232,-0.932002,         295P   2213
-0.230853,-1.835784,-0.836307,-0.270944,-1.910916,-0.644512,         295P   2214
-0.270944,-1.908903,-0.520146,-0.230853,-1.627276,-0.929076,         295P   2215
-0.241393,-1.743544,-0.814861,-0.279131,-1.828601,-0.597393,         295P   2216
-0.279131,-1.820468,-0.443785,-0.241393,-1.590827,-0.949566,         295P   2217
-0.250525,-1.730839,-0.821909,-0.285910,-1.823850,-0.583847,         295P   2218
-0.285910,-1.807625,-0.406074,-0.250525,0.000000,1.000000,           295P   2219
0.000000,1.000000;                                                   295P   2220
128,3,3,3,3,0,0,1,0,0,0.000000,0.000000,0.000000,0.000000,           297P   2221
1.000000,1.000000,1.000000,1.000000,0.000000,0.000000,               297P   2222
0.000000,0.000000,1.000000,1.000000,1.000000,1.000000,               297P   2223
1.000000,1.000000,1.000000,1.000000,1.000000,1.000000,               297P   2224
1.000000,1.000000,1.000000,1.000000,1.000000,1.000000,               297P   2225
1.000000,1.000000,1.000000,1.000000,-1.945084,-0.530005,             297P   2226
-0.061147,-1.930103,-0.652208,-0.009866,-1.854021,-0.845412,         297P   2227
-0.009866,-1.778310,-0.949667,-0.061147,-1.908903,-0.520146,         297P   2228
-0.061147,-1.910916,-0.644512,-0.014755,-1.835784,-0.836307,         297P   2229
-0.014755,-1.745232,-0.932002,-0.061147,-1.820468,-0.443785,         297P   2230
-0.030193,-1.828601,-0.597393,0.011311,-1.743544,-0.814861,          297P   2231
0.011311,-1.627276,-0.929076,-0.030193,-1.807625,-0.406074,          297P   2232
-0.010525,-1.823850,-0.583847,0.026090,-1.730839,-0.821909,          297P   2233
0.026090,-1.590827,-0.949566,-0.010525,0.000000,1.000000,            297P   2234
0.000000,1.000000;                                                   297P   2235
128,3,3,3,3,0,0,1,0,0,0.000000,0.000000,0.000000,0.000000,           299P   2236
1.000000,1.000000,1.000000,1.000000,0.000000,0.000000,               299P   2237
0.000000,0.000000,1.000000,1.000000,1.000000,1.000000,               299P   2238
1.000000,1.000000,1.000000,1.000000,1.000000,1.000000,               299P   2239
1.000000,1.000000,1.000000,1.000000,1.000000,1.000000,               299P   2240
1.000000,1.000000,1.000000,1.000000,-1.778310,-0.949667,             299P   2241
-0.061147,-1.702600,-1.053923,-0.112428,-1.702600,-1.053923,         299P   2242
-0.188408,-1.778310,-0.949667,-0.230853,-1.745232,-0.932002,         299P   2243
-0.061147,-1.678462,-1.026983,-0.116119,-1.678462,-1.026983,         299P   2244
-0.190962,-1.745232,-0.932002,-0.230853,-1.627276,-0.929076,         299P   2245
-0.030193,-1.569446,-1.014783,-0.102687,-1.569446,-1.014783,         299P   2246
-0.190224,-1.627276,-0.929076,-0.241393,-1.590827,-0.949566,         299P   2247
-0.010525,-1.541937,-1.025999,-0.096310,-1.541937,-1.025999,         299P   2248
-0.192310,-1.590827,-0.949566,-0.250525,0.000000,1.000000,           299P   2249
0.000000,1.000000;                                                   299P   2250
128,3,3,3,3,0,0,1,0,0,0.000000,0.000000,0.000000,0.000000,           301P   2251
1.000000,1.000000,1.000000,1.000000,0.000000,0.000000,               301P   2252
0.000000,0.000000,1.000000,1.000000,1.000000,1.000000,               301P   2253
1.000000,1.000000,1.000000,1.000000,1.000000,1.000000,               301P   2254
1.000000,1.000000,1.000000,1.000000,1.000000,1.000000,               301P   2255
1.000000,1.000000,1.000000,1.000000,-1.945084,-0.530005,             301P   2256
-0.230853,-1.960065,-0.407802,-0.188408,-1.960065,-0.407802,         301P   2257
-0.112428,-1.945084,-0.530005,-0.061147,-1.908903,-0.520146,         301P   2258
-0.230853,-1.924184,-0.410846,-0.190962,-1.924184,-0.410846,         301P   2259
-0.116119,-1.908903,-0.520146,-0.061147,-1.820468,-0.443785,         301P   2260
-0.241393,-1.836050,-0.347386,-0.190224,-1.836050,-0.347386,         301P   2261
-0.102687,-1.820468,-0.443785,-0.030193,-1.807625,-0.406074,         301P   2262
-0.250525,-1.823507,-0.322578,-0.192310,-1.823507,-0.322578,         301P   2263
-0.096310,-1.807625,-0.406074,-0.010525,0.000000,1.000000,           301P   2264
0.000000,1.000000;                                                   301P   2265
128,3,3,3,3,0,0,1,0,0,0.000000,0.000000,0.000000,0.000000,           303P   2266
1.000000,1.000000,1.000000,1.000000,0.000000,0.000000,               303P   2267
0.000000,0.000000,1.000000,1.000000,1.000000,1.000000,               303P   2268
1.000000,1.000000,1.000000,1.000000,1.000000,1.000000,               303P   2269
1.000000,1.000000,1.000000,1.000000,1.000000,1.000000,               303P   2270
1.000000,1.000000,1.000000,1.000000,-1.778310,-0.949667,             303P   2271
-0.230853,-1.702600,-1.053923,-0.188408,-1.702600,-1.053923,         303P   2272
-0.112428,-1.778310,-0.949667,-0.061147,-1.854021,-0.845412,         303P   2273
-0.273297,-1.808541,-0.874181,-0.199611,-1.808541,-0.874181,         303P   2274
-0.092389,-1.854021,-0.845412,-0.009866,-1.930103,-0.652208,         303P   2275
-0.273297,-1.914853,-0.605491,-0.199611,-1.914853,-0.605491,         303P   2276
-0.092389,-1.930103,-0.652208,-0.009866,-1.945084,-0.530005,         303P   2277
-0.230853,-1.960065,-0.407802,-0.188408,-1.960065,-0.407802,         303P   2278
-0.112428,-1.945084,-0.530005,-0.061147,0.000000,1.000000,           303P   2279
0.000000,1.000000;                                                   303P   2280
128,3,3,3,3,0,0,1,0,0,0.000000,0.000000,0.000000,0.000000,           305P   2281
1.000000,1.000000,1.000000,1.000000,0.000000,0.000000,               305P   2282
0.000000,0.000000,1.000000,1.000000,1.000000,1.000000,               305P   2283
1.000000,1.000000,1.000000,1.000000,1.000000,1.000000,               305P   2284
1.000000,1.000000,1.000000,1.000000,1.000000,1.000000,               305P   2285
1.000000,1.000000,1.000000,1.000000,-1.606958,-0.858160,             305P   2286
-0.358079,-1.622074,-0.735487,-0.350280,-1.685826,-0.573478,         305P   2287
-0.350280,-1.757662,-0.478935,-0.358079,-1.562853,-0.834607,         305P   2288
-0.333079,-1.590154,-0.719078,-0.336284,-1.651631,-0.561929,         305P   2289
-0.336284,-1.709420,-0.465790,-0.333079,-1.432590,-0.818161,         305P   2290
-0.241579,-1.481345,-0.686701,-0.255789,-1.549817,-0.511338,         305P   2291
-0.255789,-1.602830,-0.390530,-0.241579,-1.391531,-0.830606,         305P   2292
-0.214225,-1.460314,-0.686895,-0.239440,-1.534356,-0.496999,         305P   2293
-0.239440,-1.581169,-0.355202,-0.214225,0.000000,1.000000,           305P   2294
0.000000,1.000000;                                                   305P   2295
128,3,3,3,3,0,0,1,0,0,0.000000,0.000000,0.000000,0.000000,           307P   2296
1.000000,1.000000,1.000000,1.000000,0.000000,0.000000,               307P   2297
0.000000,0.000000,1.000000,1.000000,1.000000,1.000000,               307P   2298
1.000000,1.000000,1.000000,1.000000,1.000000,1.000000,               307P   2299
1.000000,1.000000,1.000000,1.000000,1.000000,1.000000,               307P   2300
1.000000,1.000000,1.000000,1.000000,-1.916144,-0.522120,             307P   2301
-0.384171,-1.929076,-0.650050,-0.390314,-1.851752,-0.846353,         307P   2302
-0.390314,-1.751852,-0.935538,-0.384171,-1.867903,-0.508975,         307P   2303
-0.359171,-1.889145,-0.635597,-0.375061,-1.813805,-0.827898,         307P   2304
-0.375061,-1.707747,-0.911985,-0.359171,-1.801272,-0.439472,         307P   2305
-0.273811,-1.819202,-0.593759,-0.299448,-1.734222,-0.811031,         307P   2306
-0.299448,-1.610383,-0.918992,-0.273811,-1.807625,-0.406074,         307P   2307
-0.250525,-1.823850,-0.583847,-0.285910,-1.730839,-0.821909,         307P   2308
-0.285910,-1.590827,-0.949566,-0.250525,0.000000,1.000000,           307P   2309
0.000000,1.000000;                                                   307P   2310
128,3,3,3,3,0,0,1,0,0,0.000000,0.000000,0.000000,0.000000,           309P   2311
1.000000,1.000000,1.000000,1.000000,0.000000,0.000000,               309P   2312
0.000000,0.000000,1.000000,1.000000,1.000000,1.000000,               309P   2313
1.000000,1.000000,1.000000,1.000000,1.000000,1.000000,               309P   2314
1.000000,1.000000,1.000000,1.000000,1.000000,1.000000,               309P   2315
1.000000,1.000000,1.000000,1.000000,-1.751852,-0.935538,             309P   2316
-0.384171,-1.651952,-1.024723,-0.378029,-1.591842,-0.980833,         309P   2317
-0.365878,-1.606958,-0.858160,-0.358079,-1.707747,-0.911985,         309P   2318
-0.359171,-1.616818,-0.993136,-0.363820,-1.558020,-0.949301,         309P   2319
-0.351534,-1.562853,-0.834607,-0.333079,-1.610383,-0.918992,         309P   2320
-0.273811,-1.517457,-0.984292,-0.287205,-1.449005,-0.932695,         309P   2321
-0.272737,-1.432590,-0.818161,-0.241579,-1.590827,-0.949566,         309P   2322
-0.250525,-1.499704,-1.000789,-0.273355,-1.425396,-0.943204,         309P   2323
-0.257395,-1.391531,-0.830606,-0.214225,0.000000,1.000000,           309P   2324
0.000000,1.000000;                                                   309P   2325
128,3,3,3,3,0,0,1,0,0,0.000000,0.000000,0.000000,0.000000,           311P   2326
1.000000,1.000000,1.000000,1.000000,0.000000,0.000000,               311P   2327
0.000000,0.000000,1.000000,1.000000,1.000000,1.000000,               311P   2328
1.000000,1.000000,1.000000,1.000000,1.000000,1.000000,               311P   2329
1.000000,1.000000,1.000000,1.000000,1.000000,1.000000,               311P   2330
1.000000,1.000000,1.000000,1.000000,-1.757662,-0.478935,             311P   2331
-0.358079,-1.829497,-0.384393,-0.365878,-1.903212,-0.394189,         311P   2332
-0.378029,-1.916144,-0.522120,-0.384171,-1.709420,-0.465790,         311P   2333
-0.333079,-1.783413,-0.384083,-0.351534,-1.856132,-0.393117,         311P   2334
-0.363820,-1.867903,-0.508975,-0.359171,-1.602830,-0.390530,         311P   2335
-0.241579,-1.692300,-0.323577,-0.272737,-1.777342,-0.333767,         311P   2336
-0.287205,-1.801272,-0.439472,-0.273811,-1.581169,-0.355202,         311P   2337
-0.214225,-1.682135,-0.301726,-0.257395,-1.775518,-0.311797,         311P   2338
-0.273355,-1.807625,-0.406074,-0.250525,0.000000,1.000000,           311P   2339
0.000000,1.000000;                                                   311P   2340
128,3,3,3,3,0,0,1,0,0,0.000000,0.000000,0.000000,0.000000,           313P   2341
1.000000,1.000000,1.000000,1.000000,0.000000,0.000000,               313P   2342
0.000000,0.000000,1.000000,1.000000,1.000000,1.000000,               313P   2343
1.000000,1.000000,1.000000,1.000000,1.000000,1.000000,               313P   2344
1.000000,1.000000,1.000000,1.000000,1.000000,1.000000,               313P   2345
1.000000,1.000000,1.000000,1.000000,-1.606958,-0.858160,             313P   2346
-0.358079,-1.591842,-0.980833,-0.365878,-1.651952,-1.024723,         313P   2347
-0.378029,-1.751852,-0.935538,-0.384171,-1.622074,-0.735487,         313P   2348
-0.350280,-1.662693,-0.800717,-0.362726,-1.754090,-0.848204,         313P   2349
-0.379524,-1.851752,-0.846353,-0.390314,-1.685826,-0.573478,         313P   2350
-0.350280,-1.758443,-0.558670,-0.362726,-1.857389,-0.587161,         313P   2351
-0.379524,-1.929076,-0.650050,-0.390314,-1.757662,-0.478935,         313P   2352
-0.358079,-1.829497,-0.384393,-0.365878,-1.903212,-0.394189,         313P   2353
-0.378029,-1.916144,-0.522120,-0.384171,0.000000,1.000000,           313P   2354
0.000000,1.000000;                                                   313P   2355
128,3,3,3,3,0,0,1,0,0,0.000000,0.000000,0.000000,0.000000,           315P   2356
1.000000,1.000000,1.000000,1.000000,0.000000,0.000000,               315P   2357
0.000000,0.000000,1.000000,1.000000,1.000000,1.000000,               315P   2358
1.000000,1.000000,1.000000,1.000000,1.000000,1.000000,               315P   2359
1.000000,1.000000,1.000000,1.000000,1.000000,1.000000,               315P   2360
1.000000,1.000000,1.000000,1.000000,-1.751852,-0.935538,             315P   2361
0.215829,-1.851752,-0.846353,0.209686,-1.929076,-0.650050,           315P   2362
0.209686,-1.916144,-0.522120,0.215829,-1.707747,-0.911985,           315P   2363
0.165829,-1.813805,-0.827898,0.173939,-1.889145,-0.635597,           315P   2364
0.173939,-1.867903,-0.508975,0.165829,-1.610383,-0.918992,           315P   2365
0.023789,-1.734222,-0.811031,0.046152,-1.819202,-0.593759,           315P   2366
0.046152,-1.801272,-0.439472,0.023789,-1.590827,-0.949566,           315P   2367
-0.010525,-1.730839,-0.821909,0.026090,-1.823850,-0.583847,          315P   2368
0.026090,-1.807625,-0.406074,-0.010525,0.000000,1.000000,            315P   2369
0.000000,1.000000;                                                   315P   2370
128,3,3,3,3,0,0,1,0,0,0.000000,0.000000,0.000000,0.000000,           317P   2371
1.000000,1.000000,1.000000,1.000000,0.000000,0.000000,               317P   2372
0.000000,0.000000,1.000000,1.000000,1.000000,1.000000,               317P   2373
1.000000,1.000000,1.000000,1.000000,1.000000,1.000000,               317P   2374
1.000000,1.000000,1.000000,1.000000,1.000000,1.000000,               317P   2375
1.000000,1.000000,1.000000,1.000000,-1.757662,-0.478935,             317P   2376
0.241921,-1.685826,-0.573478,0.249720,-1.622074,-0.735487,           317P   2377
0.249720,-1.606958,-0.858160,0.241921,-1.709420,-0.465790,           317P   2378
0.191921,-1.651631,-0.561929,0.212716,-1.590154,-0.719078,           317P   2379
0.212716,-1.562853,-0.834607,0.191921,-1.602830,-0.390530,           317P   2380
0.056021,-1.549817,-0.511338,0.089811,-1.481345,-0.686701,           317P   2381
0.089811,-1.432590,-0.818161,0.056021,-1.581169,-0.355202,           317P   2382
0.025775,-1.534356,-0.496999,0.072560,-1.460314,-0.686895,           317P   2383
0.072560,-1.391531,-0.830606,0.025775,0.000000,1.000000,             317P   2384
0.000000,1.000000;                                                   317P   2385
128,3,3,3,3,0,0,1,0,0,0.000000,0.000000,0.000000,0.000000,           319P   2386
1.000000,1.000000,1.000000,1.000000,0.000000,0.000000,               319P   2387
0.000000,0.000000,1.000000,1.000000,1.000000,1.000000,               319P   2388
1.000000,1.000000,1.000000,1.000000,1.000000,1.000000,               319P   2389
1.000000,1.000000,1.000000,1.000000,1.000000,1.000000,               319P   2390
1.000000,1.000000,1.000000,1.000000,-1.606958,-0.858160,             319P   2391
0.241921,-1.591842,-0.980833,0.234122,-1.651952,-1.024723,           319P   2392
0.221971,-1.751852,-0.935538,0.215829,-1.562853,-0.834607,           319P   2393
0.191921,-1.558020,-0.949301,0.197466,-1.616818,-0.993136,           319P   2394
0.185180,-1.707747,-0.911985,0.165829,-1.432590,-0.818161,           319P   2395
0.056021,-1.449005,-0.932695,0.072863,-1.517457,-0.984292,           319P   2396
0.058395,-1.610383,-0.918992,0.023789,-1.391531,-0.830606,           319P   2397
0.025775,-1.425396,-0.943204,0.054605,-1.499704,-1.000789,           319P   2398
0.038645,-1.590827,-0.949566,-0.010525,0.000000,1.000000,            319P   2399
0.000000,1.000000;                                                   319P   2400
128,3,3,3,3,0,0,1,0,0,0.000000,0.000000,0.000000,0.000000,           321P   2401
1.000000,1.000000,1.000000,1.000000,0.000000,0.000000,               321P   2402
0.000000,0.000000,1.000000,1.000000,1.000000,1.000000,               321P   2403
1.000000,1.000000,1.000000,1.000000,1.000000,1.000000,               321P   2404
1.000000,1.000000,1.000000,1.000000,1.000000,1.000000,               321P   2405
1.000000,1.000000,1.000000,1.000000,-1.916144,-0.522120,             321P   2406
0.215829,-1.903212,-0.394189,0.221971,-1.829497,-0.384393,           321P   2407
0.234122,-1.757662,-0.478935,0.241921,-1.867903,-0.508975,           321P   2408
0.165829,-1.856132,-0.393117,0.185180,-1.783413,-0.384083,           321P   2409
0.197466,-1.709420,-0.465790,0.191921,-1.801272,-0.439472,           321P   2410
0.023789,-1.777342,-0.333767,0.058395,-1.692300,-0.323577,           321P   2411
0.072863,-1.602830,-0.390530,0.056021,-1.807625,-0.406074,           321P   2412
-0.010525,-1.775518,-0.311797,0.038645,-1.682135,-0.301726,          321P   2413
0.054605,-1.581169,-0.355202,0.025775,0.000000,1.000000,             321P   2414
0.000000,1.000000;                                                   321P   2415
128,3,3,3,3,0,0,1,0,0,0.000000,0.000000,0.000000,0.000000,           323P   2416
1.000000,1.000000,1.000000,1.000000,0.000000,0.000000,               323P   2417
0.000000,0.000000,1.000000,1.000000,1.000000,1.000000,               323P   2418
1.000000,1.000000,1.000000,1.000000,1.000000,1.000000,               323P   2419
1.000000,1.000000,1.000000,1.000000,1.000000,1.000000,               323P   2420
1.000000,1.000000,1.000000,1.000000,-1.751852,-0.935538,             323P   2421
0.215829,-1.651952,-1.024723,0.221971,-1.591842,-0.980833,           323P   2422
0.234122,-1.606958,-0.858160,0.241921,-1.851752,-0.846353,           323P   2423
0.209686,-1.754090,-0.848204,0.220476,-1.662693,-0.800717,           323P   2424
0.237274,-1.622074,-0.735487,0.249720,-1.929076,-0.650050,           323P   2425
0.209686,-1.857389,-0.587161,0.220476,-1.758443,-0.558670,           323P   2426
0.237274,-1.685826,-0.573478,0.249720,-1.916144,-0.522120,           323P   2427
0.215829,-1.903212,-0.394189,0.221971,-1.829497,-0.384393,           323P   2428
0.234122,-1.757662,-0.478935,0.241921,0.000000,1.000000,             323P   2429
0.000000,1.000000;                                                   323P   2430
128,3,3,3,3,0,0,1,0,0,0.000000,0.000000,0.000000,0.000000,           325P   2431
1.000000,1.000000,1.000000,1.000000,0.000000,0.000000,               325P   2432
0.000000,0.000000,1.000000,1.000000,1.000000,1.000000,               325P   2433
1.000000,1.000000,1.000000,1.000000,1.000000,1.000000,               325P   2434
1.000000,1.000000,1.000000,1.000000,1.000000,1.000000,               325P   2435
1.000000,1.000000,1.000000,1.000000,-0.893459,-0.893459,             325P   2436
0.027645,-0.906454,-0.906454,-0.023034,-0.906454,-0.906454,          325P   2437
-0.099013,-0.893459,-0.893459,-0.142061,-0.847199,-0.939720,         325P   2438
0.027645,-0.872464,-0.934590,-0.025725,-0.872464,-0.934590,          325P   2439
-0.100568,-0.847199,-0.939720,-0.142061,-0.704036,-1.079632,         325P   2440
0.050639,-0.741570,-1.056377,-0.019254,-0.741570,-1.056377,          325P   2441
-0.106791,-0.704036,-1.079632,-0.160561,-0.669848,-1.122210,         325P   2442
0.066725,-0.719652,-1.080831,-0.015460,-0.719652,-1.080831,          325P   2443
-0.111460,-0.669848,-1.122210,-0.173275,0.000000,1.000000,           325P   2444
0.000000,1.000000;                                                   325P   2445
128,3,3,3,3,0,0,1,0,0,0.000000,0.000000,0.000000,0.000000,           327P   2446
1.000000,1.000000,1.000000,1.000000,0.000000,0.000000,               327P   2447
0.000000,0.000000,1.000000,1.000000,1.000000,1.000000,               327P   2448
1.000000,1.000000,1.000000,1.000000,1.000000,1.000000,               327P   2449
1.000000,1.000000,1.000000,1.000000,1.000000,1.000000,               327P   2450
1.000000,1.000000,1.000000,1.000000,-0.807309,-0.807309,             327P   2451
-0.158395,-0.772835,-0.772835,-0.124837,-0.772835,-0.772835,         327P   2452
-0.048857,-0.807309,-0.807309,0.011311,-0.765509,-0.849109,          327P   2453
-0.158395,-0.747937,-0.799064,-0.125839,-0.747937,-0.799064,         327P   2454
-0.050996,-0.765509,-0.849109,0.011311,-0.620577,-0.952961,          327P   2455
-0.181129,-0.619907,-0.887344,-0.135743,-0.619907,-0.887344,         327P   2456
-0.048206,-0.620577,-0.952961,0.030071,-0.581641,-0.974434,          327P   2457
-0.196975,-0.597872,-0.893245,-0.142990,-0.597872,-0.893245,         327P   2458
-0.046990,-0.581641,-0.974434,0.043025,0.000000,1.000000,            327P   2459
0.000000,1.000000;                                                   327P   2460
128,3,3,3,3,0,0,1,0,0,0.000000,0.000000,0.000000,0.000000,           329P   2461
1.000000,1.000000,1.000000,1.000000,0.000000,0.000000,               329P   2462
0.000000,0.000000,1.000000,1.000000,1.000000,1.000000,               329P   2463
1.000000,1.000000,1.000000,1.000000,1.000000,1.000000,               329P   2464
1.000000,1.000000,1.000000,1.000000,1.000000,1.000000,               329P   2465
1.000000,1.000000,1.000000,1.000000,-0.807309,-0.807309,             329P   2466
0.011311,-0.841783,-0.841783,0.071479,-0.880464,-0.880464,           329P   2467
0.078323,-0.893459,-0.893459,0.027645,-0.765509,-0.849109,           329P   2468
0.011311,-0.813813,-0.875900,0.069814,-0.852140,-0.914728,           329P   2469
0.076239,-0.847199,-0.939720,0.027645,-0.620577,-0.952961,           329P   2470
0.030071,-0.684788,-0.982601,0.088321,-0.724836,-1.032111,           329P   2471
0.095737,-0.704036,-1.079632,0.050639,-0.581641,-0.974434,           329P   2472
0.043025,-0.662751,-1.001939,0.100655,-0.705514,-1.057144,           329P   2473
0.108695,-0.669848,-1.122210,0.066725,0.000000,1.000000,             329P   2474
0.000000,1.000000;                                                   329P   2475
128,3,3,3,3,0,0,1,0,0,0.000000,0.000000,0.000000,0.000000,           331P   2476
1.000000,1.000000,1.000000,1.000000,0.000000,0.000000,               331P   2477
0.000000,0.000000,1.000000,1.000000,1.000000,1.000000,               331P   2478
1.000000,1.000000,1.000000,1.000000,1.000000,1.000000,               331P   2479
1.000000,1.000000,1.000000,1.000000,1.000000,1.000000,               331P   2480
1.000000,1.000000,1.000000,1.000000,-0.893459,-0.893459,             331P   2481
-0.142061,-0.880464,-0.880464,-0.185108,-0.841783,-0.841783,         331P   2482
-0.191953,-0.807309,-0.807309,-0.158395,-0.847199,-0.939720,         331P   2483
-0.142061,-0.852140,-0.914728,-0.179951,-0.813813,-0.875900,         331P   2484
-0.186375,-0.765509,-0.849109,-0.158395,-0.704036,-1.079632,         331P   2485
-0.160561,-0.724836,-1.032111,-0.194705,-0.684788,-0.982601,         331P   2486
-0.202120,-0.620577,-0.952961,-0.181129,-0.669848,-1.122210,         331P   2487
-0.173275,-0.705514,-1.057144,-0.203305,-0.662751,-1.001939,         331P   2488
-0.211345,-0.581641,-0.974434,-0.196975,0.000000,1.000000,           331P   2489
0.000000,1.000000;                                                   331P   2490
128,3,3,3,3,0,0,1,0,0,0.000000,0.000000,0.000000,0.000000,           333P   2491
1.000000,1.000000,1.000000,1.000000,0.000000,0.000000,               333P   2492
0.000000,0.000000,1.000000,1.000000,1.000000,1.000000,               333P   2493
1.000000,1.000000,1.000000,1.000000,1.000000,1.000000,               333P   2494
1.000000,1.000000,1.000000,1.000000,1.000000,1.000000,               333P   2495
1.000000,1.000000,1.000000,1.000000,0.000000,-1.263542,              333P   2496
-0.142061,0.000000,-1.281920,-0.099013,0.000000,-1.281920,           333P   2497
-0.023034,0.000000,-1.263542,0.027645,-0.055841,-1.263542,           333P   2498
-0.142061,-0.035621,-1.276918,-0.100568,-0.035621,-1.276918,         333P   2499
-0.025725,-0.055841,-1.263542,0.027645,-0.235509,-1.267078,          333P   2500
-0.160561,-0.195069,-1.275452,-0.106791,-0.195069,-1.275452,         333P   2501
-0.019254,-0.235509,-1.267078,0.050639,-0.286455,-1.275146,          333P   2502
-0.173275,-0.225796,-1.278518,-0.111460,-0.225796,-1.278518,         333P   2503
-0.015460,-0.286455,-1.275146,0.066725,0.000000,1.000000,            333P   2504
0.000000,1.000000;                                                   333P   2505
128,3,3,3,3,0,0,1,0,0,0.000000,0.000000,0.000000,0.000000,           335P   2506
1.000000,1.000000,1.000000,1.000000,0.000000,0.000000,               335P   2507
0.000000,0.000000,1.000000,1.000000,1.000000,1.000000,               335P   2508
1.000000,1.000000,1.000000,1.000000,1.000000,1.000000,               335P   2509
1.000000,1.000000,1.000000,1.000000,1.000000,1.000000,               335P   2510
1.000000,1.000000,1.000000,1.000000,0.000000,-1.141708,              335P   2511
0.011311,0.000000,-1.092954,-0.048857,0.000000,-1.092954,            335P   2512
-0.124837,0.000000,-1.141708,-0.158395,-0.050457,-1.141708,          335P   2513
0.011311,-0.029049,-1.093040,-0.050996,-0.029049,-1.093040,          335P   2514
-0.125839,-0.050457,-1.141708,-0.158395,-0.208452,-1.117835,         335P   2515
0.030071,-0.165636,-1.069253,-0.048206,-0.165636,-1.069253,          335P   2516
-0.135743,-0.208452,-1.117835,-0.181129,-0.248734,-1.107230,         335P   2517
0.043025,-0.184510,-1.058733,-0.046990,-0.184510,-1.058733,          335P   2518
-0.142990,-0.248734,-1.107230,-0.196975,0.000000,1.000000,           335P   2519
0.000000,1.000000;                                                   335P   2520
128,3,3,3,3,0,0,1,0,0,0.000000,0.000000,0.000000,0.000000,           337P   2521
1.000000,1.000000,1.000000,1.000000,0.000000,0.000000,               337P   2522
0.000000,0.000000,1.000000,1.000000,1.000000,1.000000,               337P   2523
1.000000,1.000000,1.000000,1.000000,1.000000,1.000000,               337P   2524
1.000000,1.000000,1.000000,1.000000,1.000000,1.000000,               337P   2525
1.000000,1.000000,1.000000,1.000000,0.000000,-1.141708,              337P   2526
-0.158395,0.000000,-1.190461,-0.191953,0.000000,-1.245165,           337P   2527
-0.185108,0.000000,-1.263542,-0.142061,-0.050457,-1.141708,          337P   2528
-0.158395,-0.035901,-1.194093,-0.186375,-0.036002,-1.248563,         337P   2529
-0.179951,-0.055841,-1.263542,-0.142061,-0.208452,-1.117835,         337P   2530
-0.181129,-0.184769,-1.182989,-0.202120,-0.190402,-1.246362,         337P   2531
-0.194705,-0.235509,-1.267078,-0.160561,-0.248734,-1.107230,         337P   2532
-0.196975,-0.212255,-1.182240,-0.211345,-0.219749,-1.251604,         337P   2533
-0.203305,-0.286455,-1.275146,-0.173275,0.000000,1.000000,           337P   2534
0.000000,1.000000;                                                   337P   2535
128,3,3,3,3,0,0,1,0,0,0.000000,0.000000,0.000000,0.000000,           339P   2536
1.000000,1.000000,1.000000,1.000000,0.000000,0.000000,               339P   2537
0.000000,0.000000,1.000000,1.000000,1.000000,1.000000,               339P   2538
1.000000,1.000000,1.000000,1.000000,1.000000,1.000000,               339P   2539
1.000000,1.000000,1.000000,1.000000,1.000000,1.000000,               339P   2540
1.000000,1.000000,1.000000,1.000000,0.000000,-1.263542,              339P   2541
0.027645,0.000000,-1.245165,0.078323,0.000000,-1.190461,             339P   2542
0.071479,0.000000,-1.141708,0.011311,-0.055841,-1.263542,            339P   2543
0.027645,-0.036002,-1.248563,0.076239,-0.035901,-1.194093,           339P   2544
0.069814,-0.050457,-1.141708,0.011311,-0.235509,-1.267078,           339P   2545
0.050639,-0.190402,-1.246362,0.095737,-0.184769,-1.182989,           339P   2546
0.088321,-0.208452,-1.117835,0.030071,-0.286455,-1.275146,           339P   2547
0.066725,-0.219749,-1.251604,0.108695,-0.212255,-1.182240,           339P   2548
0.100655,-0.248734,-1.107230,0.043025,0.000000,1.000000,             339P   2549
0.000000,1.000000;                                                   339P   2550
128,3,3,3,3,0,0,1,0,0,0.000000,0.000000,0.000000,0.000000,           341P   2551
1.000000,1.000000,1.000000,1.000000,0.000000,0.000000,               341P   2552
0.000000,0.000000,1.000000,1.000000,1.000000,1.000000,               341P   2553
1.000000,1.000000,1.000000,1.000000,1.000000,1.000000,               341P   2554
1.000000,1.000000,1.000000,1.000000,1.000000,1.000000,               341P   2555
1.000000,1.000000,1.000000,1.000000,-0.267106,-0.980260,             341P   2556
-0.061147,-0.330997,-0.981169,-0.009866,-0.430190,-0.942101,         341P   2557
-0.009866,-0.478602,-0.896212,-0.061147,-0.272035,-0.998351,         341P   2558
-0.042397,-0.336008,-0.995018,0.002585,-0.434902,-0.956339,          341P   2559
0.002585,-0.487435,-0.912751,-0.042397,-0.263325,-1.077227,          341P   2560
0.019973,-0.349569,-1.060772,0.058657,-0.470353,-1.013600,           341P   2561
0.058657,-0.549196,-0.963432,0.019973,-0.248734,-1.107230,           341P   2562
0.043025,-0.349437,-1.080718,0.075410,-0.484299,-1.028118,           341P   2563
0.075410,-0.581641,-0.974434,0.043025,0.000000,1.000000,             341P   2564
0.000000,1.000000;                                                   341P   2565
128,3,3,3,3,0,0,1,0,0,0.000000,0.000000,0.000000,0.000000,           343P   2566
1.000000,1.000000,1.000000,1.000000,0.000000,0.000000,               343P   2567
0.000000,0.000000,1.000000,1.000000,1.000000,1.000000,               343P   2568
1.000000,1.000000,1.000000,1.000000,1.000000,1.000000,               343P   2569
1.000000,1.000000,1.000000,1.000000,1.000000,1.000000,               343P   2570
1.000000,1.000000,1.000000,1.000000,-0.478602,-0.896212,             343P   2571
-0.230853,-0.430190,-0.942101,-0.273297,-0.330997,-0.981169,         343P   2572
-0.273297,-0.267106,-0.980260,-0.230853,-0.487435,-0.912751,         343P   2573
-0.212103,-0.434902,-0.956339,-0.253604,-0.336008,-0.995018,         343P   2574
-0.253604,-0.272035,-0.998351,-0.212103,-0.549196,-0.963432,         343P   2575
-0.191227,-0.470353,-1.013600,-0.231785,-0.349569,-1.060772,         343P   2576
-0.231785,-0.263325,-1.077227,-0.191227,-0.581641,-0.974434,         343P   2577
-0.196975,-0.484299,-1.028118,-0.236590,-0.349437,-1.080718,         343P   2578
-0.236590,-0.248734,-1.107230,-0.196975,0.000000,1.000000,           343P   2579
0.000000,1.000000;                                                   343P   2580
128,3,3,3,3,0,0,1,0,0,0.000000,0.000000,0.000000,0.000000,           345P   2581
1.000000,1.000000,1.000000,1.000000,0.000000,0.000000,               345P   2582
0.000000,0.000000,1.000000,1.000000,1.000000,1.000000,               345P   2583
1.000000,1.000000,1.000000,1.000000,1.000000,1.000000,               345P   2584
1.000000,1.000000,1.000000,1.000000,1.000000,1.000000,               345P   2585
1.000000,1.000000,1.000000,1.000000,-0.267106,-0.980260,             345P   2586
-0.230853,-0.203215,-0.979352,-0.188408,-0.203215,-0.979352,         345P   2587
-0.112428,-0.267106,-0.980260,-0.061147,-0.272035,-0.998351,         345P   2588
-0.212103,-0.208033,-0.981580,-0.173622,-0.208033,-0.981580,         345P   2589
-0.098779,-0.272035,-0.998351,-0.042397,-0.263325,-1.077227,         345P   2590
-0.191227,-0.199212,-1.044592,-0.142878,-0.199212,-1.044592,         345P   2591
-0.055341,-0.263325,-1.077227,0.019973,-0.248734,-1.107230,          345P   2592
-0.196975,-0.184510,-1.058733,-0.142990,-0.184510,-1.058733,         345P   2593
-0.046990,-0.248734,-1.107230,0.043025,0.000000,1.000000,            345P   2594
0.000000,1.000000;                                                   345P   2595
128,3,3,3,3,0,0,1,0,0,0.000000,0.000000,0.000000,0.000000,           347P   2596
1.000000,1.000000,1.000000,1.000000,0.000000,0.000000,               347P   2597
0.000000,0.000000,1.000000,1.000000,1.000000,1.000000,               347P   2598
1.000000,1.000000,1.000000,1.000000,1.000000,1.000000,               347P   2599
1.000000,1.000000,1.000000,1.000000,1.000000,1.000000,               347P   2600
1.000000,1.000000,1.000000,1.000000,-0.478602,-0.896212,             347P   2601
-0.061147,-0.527014,-0.850323,-0.112428,-0.527014,-0.850323,         347P   2602
-0.188408,-0.478602,-0.896212,-0.230853,-0.487435,-0.912751,         347P   2603
-0.042397,-0.525120,-0.855096,-0.098779,-0.525120,-0.855096,         347P   2604
-0.173622,-0.487435,-0.912751,-0.212103,-0.549196,-0.963432,         347P   2605
0.019973,-0.576154,-0.894010,-0.055341,-0.576154,-0.894010,          347P   2606
-0.142878,-0.549196,-0.963432,-0.191227,-0.581641,-0.974434,         347P   2607
0.043025,-0.597872,-0.893245,-0.046990,-0.597872,-0.893245,          347P   2608
-0.142990,-0.581641,-0.974434,-0.196975,0.000000,1.000000,           347P   2609
0.000000,1.000000;                                                   347P   2610
128,3,3,3,3,0,0,1,0,0,0.000000,0.000000,0.000000,0.000000,           349P   2611
1.000000,1.000000,1.000000,1.000000,0.000000,0.000000,               349P   2612
0.000000,0.000000,1.000000,1.000000,1.000000,1.000000,               349P   2613
1.000000,1.000000,1.000000,1.000000,1.000000,1.000000,               349P   2614
1.000000,1.000000,1.000000,1.000000,1.000000,1.000000,               349P   2615
1.000000,1.000000,1.000000,1.000000,-0.267106,-0.980260,             349P   2616
-0.061147,-0.203215,-0.979352,-0.112428,-0.203215,-0.979352,         349P   2617
-0.188408,-0.267106,-0.980260,-0.230853,-0.330997,-0.981169,         349P   2618
-0.009866,-0.304540,-0.965267,-0.092389,-0.304540,-0.965267,         349P   2619
-0.199611,-0.330997,-0.981169,-0.273297,-0.430190,-0.942101,         349P   2620
-0.009866,-0.441168,-0.911206,-0.092389,-0.441168,-0.911206,         349P   2621
-0.199611,-0.430190,-0.942101,-0.273297,-0.478602,-0.896212,         349P   2622
-0.061147,-0.527014,-0.850323,-0.112428,-0.527014,-0.850323,         349P   2623
-0.188408,-0.478602,-0.896212,-0.230853,0.000000,1.000000,           349P   2624
0.000000,1.000000;                                                   349P   2625
128,3,3,3,3,0,0,1,0,0,0.000000,0.000000,0.000000,0.000000,           351P   2626
1.000000,1.000000,1.000000,1.000000,0.000000,0.000000,               351P   2627
0.000000,0.000000,1.000000,1.000000,1.000000,1.000000,               351P   2628
1.000000,1.000000,1.000000,1.000000,1.000000,1.000000,               351P   2629
1.000000,1.000000,1.000000,1.000000,1.000000,1.000000,               351P   2630
1.000000,1.000000,1.000000,1.000000,-0.378838,-1.390310,             351P   2631
-0.155853,-0.467512,-1.384466,-0.198297,-0.606659,-1.329667,         351P   2632
-0.198297,-0.678805,-1.271104,-0.155853,-0.370212,-1.358652,         351P   2633
-0.151165,-0.460236,-1.366131,-0.190057,-0.598308,-1.312032,         351P   2634
-0.190057,-0.663348,-1.242160,-0.151165,-0.313137,-1.284562,         351P   2635
-0.161263,-0.423225,-1.297849,-0.196601,-0.578934,-1.236933,         351P   2636
-0.196601,-0.655582,-1.148237,-0.161263,-0.286455,-1.275146,         351P   2637
-0.173275,-0.413820,-1.295315,-0.205060,-0.584379,-1.228656,         351P   2638
-0.205060,-0.669848,-1.122210,-0.173275,0.000000,1.000000,           351P   2639
0.000000,1.000000;                                                   351P   2640
128,3,3,3,3,0,0,1,0,0,0.000000,0.000000,0.000000,0.000000,           353P   2641
1.000000,1.000000,1.000000,1.000000,0.000000,0.000000,               353P   2642
0.000000,0.000000,1.000000,1.000000,1.000000,1.000000,               353P   2643
1.000000,1.000000,1.000000,1.000000,1.000000,1.000000,               353P   2644
1.000000,1.000000,1.000000,1.000000,1.000000,1.000000,               353P   2645
1.000000,1.000000,1.000000,1.000000,-0.678805,-1.271104,             353P   2646
0.013853,-0.606659,-1.329667,0.065134,-0.467512,-1.384466,           353P   2647
0.065134,-0.378838,-1.390310,0.013853,-0.663348,-1.242160,           353P   2648
0.018540,-0.598308,-1.312032,0.066133,-0.460236,-1.366131,           353P   2649
0.066133,-0.370212,-1.358652,0.018540,-0.655582,-1.148237,           353P   2650
0.049937,-0.578934,-1.236933,0.093841,-0.423225,-1.297849,           353P   2651
0.093841,-0.313137,-1.284562,0.049937,-0.669848,-1.122210,           353P   2652
0.066725,-0.584379,-1.228656,0.106940,-0.413820,-1.295315,           353P   2653
0.106940,-0.286455,-1.275146,0.066725,0.000000,1.000000,             353P   2654
0.000000,1.000000;                                                   353P   2655
128,3,3,3,3,0,0,1,0,0,0.000000,0.000000,0.000000,0.000000,           355P   2656
1.000000,1.000000,1.000000,1.000000,0.000000,0.000000,               355P   2657
0.000000,0.000000,1.000000,1.000000,1.000000,1.000000,               355P   2658
1.000000,1.000000,1.000000,1.000000,1.000000,1.000000,               355P   2659
1.000000,1.000000,1.000000,1.000000,1.000000,1.000000,               355P   2660
1.000000,1.000000,1.000000,1.000000,-0.378838,-1.390310,             355P   2661
0.013853,-0.290164,-1.396155,-0.037428,-0.290164,-1.396155,          355P   2662
-0.113408,-0.378838,-1.390310,-0.155853,-0.370212,-1.358652,         355P   2663
0.018540,-0.290876,-1.363673,-0.035232,-0.290876,-1.363673,          355P   2664
-0.110074,-0.370212,-1.358652,-0.151165,-0.313137,-1.284562,         355P   2665
0.049937,-0.243140,-1.288759,-0.020157,-0.243140,-1.288759,          355P   2666
-0.107694,-0.313137,-1.284562,-0.161263,-0.286455,-1.275146,         355P   2667
0.066725,-0.225796,-1.278518,-0.015460,-0.225796,-1.278518,          355P   2668
-0.111460,-0.286455,-1.275146,-0.173275,0.000000,1.000000,           355P   2669
0.000000,1.000000;                                                   355P   2670
128,3,3,3,3,0,0,1,0,0,0.000000,0.000000,0.000000,0.000000,           357P   2671
1.000000,1.000000,1.000000,1.000000,0.000000,0.000000,               357P   2672
0.000000,0.000000,1.000000,1.000000,1.000000,1.000000,               357P   2673
1.000000,1.000000,1.000000,1.000000,1.000000,1.000000,               357P   2674
1.000000,1.000000,1.000000,1.000000,1.000000,1.000000,               357P   2675
1.000000,1.000000,1.000000,1.000000,-0.678805,-1.271104,             357P   2676
-0.155853,-0.750950,-1.212541,-0.113408,-0.750950,-1.212541,         357P   2677
-0.037428,-0.678805,-1.271104,0.013853,-0.663348,-1.242160,          357P   2678
-0.151165,-0.728046,-1.189325,-0.110074,-0.728046,-1.189325,         357P   2679
-0.035232,-0.663348,-1.242160,0.018540,-0.655582,-1.148237,          357P   2680
-0.161263,-0.712833,-1.101129,-0.107694,-0.712833,-1.101129,         357P   2681
-0.020157,-0.655582,-1.148237,0.049937,-0.669848,-1.122210,          357P   2682
-0.173275,-0.719652,-1.080831,-0.111460,-0.719652,-1.080831,         357P   2683
-0.015460,-0.669848,-1.122210,0.066725,0.000000,1.000000,            357P   2684
0.000000,1.000000;                                                   357P   2685
128,3,3,3,3,0,0,1,0,0,0.000000,0.000000,0.000000,0.000000,           359P   2686
1.000000,1.000000,1.000000,1.000000,0.000000,0.000000,               359P   2687
0.000000,0.000000,1.000000,1.000000,1.000000,1.000000,               359P   2688
1.000000,1.000000,1.000000,1.000000,1.000000,1.000000,               359P   2689
1.000000,1.000000,1.000000,1.000000,1.000000,1.000000,               359P   2690
1.000000,1.000000,1.000000,1.000000,-0.348528,-1.279074,             359P   2691
-0.327542,-0.417661,-1.228022,-0.336429,-0.535822,-1.181524,         359P   2692
-0.336429,-0.624495,-1.169405,-0.327542,-0.335383,-1.230833,         359P   2693
-0.302542,-0.405243,-1.191909,-0.321672,-0.519175,-1.147326,         359P   2694
-0.321672,-0.600941,-1.125300,-0.302542,-0.274423,-1.126629,         359P   2695
-0.218569,-0.360203,-1.093727,-0.247941,-0.485097,-1.044950,         359P   2696
-0.247941,-0.575148,-1.006910,-0.218569,-0.248734,-1.107230,         359P   2697
-0.196975,-0.349437,-1.080718,-0.236590,-0.484299,-1.028118,         359P   2698
-0.236590,-0.581641,-0.974434,-0.196975,0.000000,1.000000,           359P   2699
0.000000,1.000000;                                                   359P   2700
128,3,3,3,3,0,0,1,0,0,0.000000,0.000000,0.000000,0.000000,           361P   2701
1.000000,1.000000,1.000000,1.000000,0.000000,0.000000,               361P   2702
0.000000,0.000000,1.000000,1.000000,1.000000,1.000000,               361P   2703
1.000000,1.000000,1.000000,1.000000,1.000000,1.000000,               361P   2704
1.000000,1.000000,1.000000,1.000000,1.000000,1.000000,               361P   2705
1.000000,1.000000,1.000000,1.000000,-0.681887,-1.276875,             361P   2706
-0.311208,-0.618033,-1.351844,-0.310605,-0.474445,-1.408405,         361P   2707
-0.310605,-0.380558,-1.396622,-0.311208,-0.658333,-1.232770,         361P   2708
-0.286208,-0.599862,-1.313165,-0.296401,-0.459871,-1.368026,         361P   2709
-0.296401,-0.367413,-1.348381,-0.286208,-0.649927,-1.138762,         361P   2710
-0.198001,-0.577273,-1.232437,-0.218990,-0.421314,-1.293450,         361P   2711
-0.218990,-0.310719,-1.273797,-0.198001,-0.669848,-1.122210,         361P   2712
-0.173275,-0.584379,-1.228656,-0.205060,-0.413820,-1.295315,         361P   2713
-0.205060,-0.286455,-1.275146,-0.173275,0.000000,1.000000,           361P   2714
0.000000,1.000000;                                                   361P   2715
128,3,3,3,3,0,0,1,0,0,0.000000,0.000000,0.000000,0.000000,           363P   2716
1.000000,1.000000,1.000000,1.000000,0.000000,0.000000,               363P   2717
0.000000,0.000000,1.000000,1.000000,1.000000,1.000000,               363P   2718
1.000000,1.000000,1.000000,1.000000,1.000000,1.000000,               363P   2719
1.000000,1.000000,1.000000,1.000000,1.000000,1.000000,               363P   2720
1.000000,1.000000,1.000000,1.000000,-0.380558,-1.396622,             363P   2721
-0.311208,-0.286671,-1.384840,-0.311811,-0.279394,-1.330125,         363P   2722
-0.318655,-0.348528,-1.279074,-0.327542,-0.367413,-1.348381,         363P   2723
-0.286208,-0.283219,-1.338275,-0.295801,-0.276502,-1.284274,         363P   2724
-0.302226,-0.335383,-1.230833,-0.302542,-0.310719,-1.273797,         363P   2725
-0.198001,-0.234796,-1.255494,-0.217996,-0.227217,-1.192333,         363P   2726
-0.225412,-0.274423,-1.126629,-0.218569,-0.286455,-1.275146,         363P   2727
-0.173275,-0.219749,-1.251604,-0.203305,-0.212255,-1.182240,         363P   2728
-0.211345,-0.248734,-1.107230,-0.196975,0.000000,1.000000,           363P   2729
0.000000,1.000000;                                                   363P   2730
128,3,3,3,3,0,0,1,0,0,0.000000,0.000000,0.000000,0.000000,           365P   2731
1.000000,1.000000,1.000000,1.000000,0.000000,0.000000,               365P   2732
0.000000,0.000000,1.000000,1.000000,1.000000,1.000000,               365P   2733
1.000000,1.000000,1.000000,1.000000,1.000000,1.000000,               365P   2734
1.000000,1.000000,1.000000,1.000000,1.000000,1.000000,               365P   2735
1.000000,1.000000,1.000000,1.000000,-0.624495,-1.169405,             365P   2736
-0.327542,-0.713168,-1.157285,-0.318655,-0.745740,-1.201906,         365P   2737
-0.311811,-0.681887,-1.276875,-0.311208,-0.600941,-1.125300,         365P   2738
-0.302542,-0.683670,-1.121910,-0.302226,-0.716215,-1.165580,         365P   2739
-0.295801,-0.658333,-1.232770,-0.286208,-0.575148,-1.006910,         365P   2740
-0.218569,-0.657727,-1.020377,-0.225412,-0.696041,-1.071225,         365P   2741
-0.217996,-0.649927,-1.138762,-0.198001,-0.581641,-0.974434,         365P   2742
-0.196975,-0.662751,-1.001939,-0.211345,-0.705514,-1.057144,         365P   2743
-0.203305,-0.669848,-1.122210,-0.173275,0.000000,1.000000,           365P   2744
0.000000,1.000000;                                                   365P   2745
128,3,3,3,3,0,0,1,0,0,0.000000,0.000000,0.000000,0.000000,           367P   2746
1.000000,1.000000,1.000000,1.000000,0.000000,0.000000,               367P   2747
0.000000,0.000000,1.000000,1.000000,1.000000,1.000000,               367P   2748
1.000000,1.000000,1.000000,1.000000,1.000000,1.000000,               367P   2749
1.000000,1.000000,1.000000,1.000000,1.000000,1.000000,               367P   2750
1.000000,1.000000,1.000000,1.000000,-0.348528,-1.279074,             367P   2751
-0.327542,-0.279394,-1.330125,-0.318655,-0.286671,-1.384840,         367P   2752
-0.311811,-0.380558,-1.396622,-0.311208,-0.417661,-1.228022,         367P   2753
-0.336429,-0.406563,-1.280081,-0.324379,-0.427705,-1.353496,         367P   2754
-0.314371,-0.474445,-1.408405,-0.310605,-0.535822,-1.181524,         367P   2755
-0.336429,-0.582984,-1.210292,-0.324379,-0.618215,-1.278107,         367P   2756
-0.314371,-0.618033,-1.351844,-0.310605,-0.624495,-1.169405,         367P   2757
-0.327542,-0.713168,-1.157285,-0.318655,-0.745740,-1.201906,         367P   2758
-0.311811,-0.681887,-1.276875,-0.311208,0.000000,1.000000,           367P   2759
0.000000,1.000000;                                                   367P   2760
128,3,3,3,3,0,0,1,0,0,0.000000,0.000000,0.000000,0.000000,           369P   2761
1.000000,1.000000,1.000000,1.000000,0.000000,0.000000,               369P   2762
0.000000,0.000000,1.000000,1.000000,1.000000,1.000000,               369P   2763
1.000000,1.000000,1.000000,1.000000,1.000000,1.000000,               369P   2764
1.000000,1.000000,1.000000,1.000000,1.000000,1.000000,               369P   2765
1.000000,1.000000,1.000000,1.000000,-0.380558,-1.396622,             369P   2766
0.288792,-0.474445,-1.408405,0.289395,-0.618033,-1.351844,           369P   2767
0.289395,-0.681887,-1.276875,0.288792,-0.367413,-1.348381,           369P   2768
0.238792,-0.459871,-1.368026,0.252599,-0.599862,-1.313165,           369P   2769
0.252599,-0.658333,-1.232770,0.238792,-0.310719,-1.273797,           369P   2770
0.099599,-0.421314,-1.293450,0.126610,-0.577273,-1.232437,           369P   2771
0.126610,-0.649927,-1.138762,0.099599,-0.286455,-1.275146,           369P   2772
0.066725,-0.413820,-1.295315,0.106940,-0.584379,-1.228656,           369P   2773
0.106940,-0.669848,-1.122210,0.066725,0.000000,1.000000,             369P   2774
0.000000,1.000000;                                                   369P   2775
128,3,3,3,3,0,0,1,0,0,0.000000,0.000000,0.000000,0.000000,           371P   2776
1.000000,1.000000,1.000000,1.000000,0.000000,0.000000,               371P   2777
0.000000,0.000000,1.000000,1.000000,1.000000,1.000000,               371P   2778
1.000000,1.000000,1.000000,1.000000,1.000000,1.000000,               371P   2779
1.000000,1.000000,1.000000,1.000000,1.000000,1.000000,               371P   2780
1.000000,1.000000,1.000000,1.000000,-0.624495,-1.169405,             371P   2781
0.272458,-0.535822,-1.181524,0.263571,-0.417661,-1.228022,           371P   2782
0.263571,-0.348528,-1.279074,0.272458,-0.600941,-1.125300,           371P   2783
0.222458,-0.519175,-1.147326,0.227328,-0.405243,-1.191909,           371P   2784
0.227328,-0.335383,-1.230833,0.222458,-0.575148,-1.006910,           371P   2785
0.079031,-0.485097,-1.044950,0.097659,-0.360203,-1.093727,           371P   2786
0.097659,-0.274423,-1.126629,0.079031,-0.581641,-0.974434,           371P   2787
0.043025,-0.484299,-1.028118,0.075410,-0.349437,-1.080718,           371P   2788
0.075410,-0.248734,-1.107230,0.043025,0.000000,1.000000,             371P   2789
0.000000,1.000000;                                                   371P   2790
128,3,3,3,3,0,0,1,0,0,0.000000,0.000000,0.000000,0.000000,           373P   2791
1.000000,1.000000,1.000000,1.000000,0.000000,0.000000,               373P   2792
0.000000,0.000000,1.000000,1.000000,1.000000,1.000000,               373P   2793
1.000000,1.000000,1.000000,1.000000,1.000000,1.000000,               373P   2794
1.000000,1.000000,1.000000,1.000000,1.000000,1.000000,               373P   2795
1.000000,1.000000,1.000000,1.000000,-0.348528,-1.279074,             373P   2796
0.272458,-0.279394,-1.330125,0.281345,-0.286671,-1.384840,           373P   2797
0.288189,-0.380558,-1.396622,0.288792,-0.335383,-1.230833,           373P   2798
0.222458,-0.276502,-1.284274,0.246774,-0.283219,-1.338275,           373P   2799
0.253199,-0.367413,-1.348381,0.238792,-0.274423,-1.126629,           373P   2800
0.079031,-0.227217,-1.192333,0.120188,-0.234796,-1.255494,           373P   2801
0.127604,-0.310719,-1.273797,0.099599,-0.248734,-1.107230,           373P   2802
0.043025,-0.212255,-1.182240,0.100655,-0.219749,-1.251604,           373P   2803
0.108695,-0.286455,-1.275146,0.066725,0.000000,1.000000,             373P   2804
0.000000,1.000000;                                                   373P   2805
128,3,3,3,3,0,0,1,0,0,0.000000,0.000000,0.000000,0.000000,           375P   2806
1.000000,1.000000,1.000000,1.000000,0.000000,0.000000,               375P   2807
0.000000,0.000000,1.000000,1.000000,1.000000,1.000000,               375P   2808
1.000000,1.000000,1.000000,1.000000,1.000000,1.000000,               375P   2809
1.000000,1.000000,1.000000,1.000000,1.000000,1.000000,               375P   2810
1.000000,1.000000,1.000000,1.000000,-0.681887,-1.276875,             375P   2811
0.288792,-0.745740,-1.201906,0.288189,-0.713168,-1.157285,           375P   2812
0.281345,-0.624495,-1.169405,0.272458,-0.658333,-1.232770,           375P   2813
0.238792,-0.716215,-1.165580,0.253199,-0.683670,-1.121910,           375P   2814
0.246774,-0.600941,-1.125300,0.222458,-0.649927,-1.138762,           375P   2815
0.099599,-0.696041,-1.071225,0.127604,-0.657727,-1.020377,           375P   2816
0.120188,-0.575148,-1.006910,0.079031,-0.669848,-1.122210,           375P   2817
0.066725,-0.705514,-1.057144,0.108695,-0.662751,-1.001939,           375P   2818
0.100655,-0.581641,-0.974434,0.043025,0.000000,1.000000,             375P   2819
0.000000,1.000000;                                                   375P   2820
128,3,3,3,3,0,0,1,0,0,0.000000,0.000000,0.000000,0.000000,           377P   2821
1.000000,1.000000,1.000000,1.000000,0.000000,0.000000,               377P   2822
0.000000,0.000000,1.000000,1.000000,1.000000,1.000000,               377P   2823
1.000000,1.000000,1.000000,1.000000,1.000000,1.000000,               377P   2824
1.000000,1.000000,1.000000,1.000000,1.000000,1.000000,               377P   2825
1.000000,1.000000,1.000000,1.000000,-0.380558,-1.396622,             377P   2826
0.288792,-0.286671,-1.384840,0.288189,-0.279394,-1.330125,           377P   2827
0.281345,-0.348528,-1.279074,0.272458,-0.474445,-1.408405,           377P   2828
0.289395,-0.427705,-1.353496,0.285629,-0.406563,-1.280081,           377P   2829
0.275621,-0.417661,-1.228022,0.263571,-0.618033,-1.351844,           377P   2830
0.289395,-0.618215,-1.278107,0.285629,-0.582984,-1.210292,           377P   2831
0.275621,-0.535822,-1.181524,0.263571,-0.681887,-1.276875,           377P   2832
0.288792,-0.745740,-1.201906,0.288189,-0.713168,-1.157285,           377P   2833
0.281345,-0.624495,-1.169405,0.272458,0.000000,1.000000,             377P   2834
0.000000,1.000000;                                                   377P   2835
128,3,3,3,3,0,0,1,0,0,0.000000,0.000000,0.000000,0.000000,           379P   2836
1.000000,1.000000,1.000000,1.000000,0.000000,0.000000,               379P   2837
0.000000,0.000000,1.000000,1.000000,1.000000,1.000000,               379P   2838
1.000000,1.000000,1.000000,1.000000,1.000000,1.000000,               379P   2839
1.000000,1.000000,1.000000,1.000000,1.000000,1.000000,               379P   2840
1.000000,1.000000,1.000000,1.000000,-1.263542,0.000000,              379P   2841
0.027645,-1.281920,0.000000,-0.023034,-1.281920,0.000000,            379P   2842
-0.099013,-1.263542,0.000000,-0.142061,-1.263542,-0.055841,          379P   2843
0.027645,-1.276918,-0.035621,-0.025725,-1.276918,-0.035621,          379P   2844
-0.100568,-1.263542,-0.055841,-0.142061,-1.267078,-0.235509,         379P   2845
0.050639,-1.275452,-0.195069,-0.019254,-1.275452,-0.195069,          379P   2846
-0.106791,-1.267078,-0.235509,-0.160561,-1.275146,-0.286455,         379P   2847
0.066725,-1.278518,-0.225796,-0.015460,-1.278518,-0.225796,          379P   2848
-0.111460,-1.275146,-0.286455,-0.173275,0.000000,1.000000,           379P   2849
0.000000,1.000000;                                                   379P   2850
128,3,3,3,3,0,0,1,0,0,0.000000,0.000000,0.000000,0.000000,           381P   2851
1.000000,1.000000,1.000000,1.000000,0.000000,0.000000,               381P   2852
0.000000,0.000000,1.000000,1.000000,1.000000,1.000000,               381P   2853
1.000000,1.000000,1.000000,1.000000,1.000000,1.000000,               381P   2854
1.000000,1.000000,1.000000,1.000000,1.000000,1.000000,               381P   2855
1.000000,1.000000,1.000000,1.000000,-1.141708,0.000000,              381P   2856
-0.158395,-1.092954,0.000000,-0.124837,-1.092954,0.000000,           381P   2857
-0.048857,-1.141708,0.000000,0.011311,-1.141708,-0.050457,           381P   2858
-0.158395,-1.093040,-0.029049,-0.125839,-1.093040,-0.029049,         381P   2859
-0.050996,-1.141708,-0.050457,0.011311,-1.117835,-0.208452,          381P   2860
-0.181129,-1.069253,-0.165636,-0.135743,-1.069253,-0.165636,         381P   2861
-0.048206,-1.117835,-0.208452,0.030071,-1.107230,-0.248734,          381P   2862
-0.196975,-1.058733,-0.184510,-0.142990,-1.058733,-0.184510,         381P   2863
-0.046990,-1.107230,-0.248734,0.043025,0.000000,1.000000,            381P   2864
0.000000,1.000000;                                                   381P   2865
128,3,3,3,3,0,0,1,0,0,0.000000,0.000000,0.000000,0.000000,           383P   2866
1.000000,1.000000,1.000000,1.000000,0.000000,0.000000,               383P   2867
0.000000,0.000000,1.000000,1.000000,1.000000,1.000000,               383P   2868
1.000000,1.000000,1.000000,1.000000,1.000000,1.000000,               383P   2869
1.000000,1.000000,1.000000,1.000000,1.000000,1.000000,               383P   2870
1.000000,1.000000,1.000000,1.000000,-1.141708,0.000000,              383P   2871
0.011311,-1.190461,0.000000,0.071479,-1.245165,0.000000,             383P   2872
0.078323,-1.263542,0.000000,0.027645,-1.141708,-0.050457,            383P   2873
0.011311,-1.194093,-0.035901,0.069814,-1.248563,-0.036002,           383P   2874
0.076239,-1.263542,-0.055841,0.027645,-1.117835,-0.208452,           383P   2875
0.030071,-1.182989,-0.184769,0.088321,-1.246362,-0.190402,           383P   2876
0.095737,-1.267078,-0.235509,0.050639,-1.107230,-0.248734,           383P   2877
0.043025,-1.182240,-0.212255,0.100655,-1.251604,-0.219749,           383P   2878
0.108695,-1.275146,-0.286455,0.066725,0.000000,1.000000,             383P   2879
0.000000,1.000000;                                                   383P   2880
128,3,3,3,3,0,0,1,0,0,0.000000,0.000000,0.000000,0.000000,           385P   2881
1.000000,1.000000,1.000000,1.000000,0.000000,0.000000,               385P   2882
0.000000,0.000000,1.000000,1.000000,1.000000,1.000000,               385P   2883
1.000000,1.000000,1.000000,1.000000,1.000000,1.000000,               385P   2884
1.000000,1.000000,1.000000,1.000000,1.000000,1.000000,               385P   2885
1.000000,1.000000,1.000000,1.000000,-1.263542,0.000000,              385P   2886
-0.142061,-1.245165,0.000000,-0.185108,-1.190461,0.000000,           385P   2887
-0.191953,-1.141708,0.000000,-0.158395,-1.263542,-0.055841,          385P   2888
-0.142061,-1.248563,-0.036002,-0.179951,-1.194093,-0.035901,         385P   2889
-0.186375,-1.141708,-0.050457,-0.158395,-1.267078,-0.235509,         385P   2890
-0.160561,-1.246362,-0.190402,-0.194705,-1.182989,-0.184769,         385P   2891
-0.202120,-1.117835,-0.208452,-0.181129,-1.275146,-0.286455,         385P   2892
-0.173275,-1.251604,-0.219749,-0.203305,-1.182240,-0.212255,         385P   2893
-0.211345,-1.107230,-0.248734,-0.196975,0.000000,1.000000,           385P   2894
0.000000,1.000000;                                                   385P   2895
128,3,3,3,3,0,0,1,0,0,0.000000,0.000000,0.000000,0.000000,           387P   2896
1.000000,1.000000,1.000000,1.000000,0.000000,0.000000,               387P   2897
0.000000,0.000000,1.000000,1.000000,1.000000,1.000000,               387P   2898
1.000000,1.000000,1.000000,1.000000,1.000000,1.000000,               387P   2899
1.000000,1.000000,1.000000,1.000000,1.000000,1.000000,               387P   2900
1.000000,1.000000,1.000000,1.000000,-0.893459,-0.893459,             387P   2901
-0.142061,-0.906454,-0.906454,-0.099013,-0.906454,-0.906454,         387P   2902
-0.023034,-0.893459,-0.893459,0.027645,-0.939720,-0.847199,          387P   2903
-0.142061,-0.934590,-0.872464,-0.100568,-0.934590,-0.872464,         387P   2904
-0.025725,-0.939720,-0.847199,0.027645,-1.079632,-0.704036,          387P   2905
-0.160561,-1.056377,-0.741570,-0.106791,-1.056377,-0.741570,         387P   2906
-0.019254,-1.079632,-0.704036,0.050639,-1.122210,-0.669848,          387P   2907
-0.173275,-1.080831,-0.719652,-0.111460,-1.080831,-0.719652,         387P   2908
-0.015460,-1.122210,-0.669848,0.066725,0.000000,1.000000,            387P   2909
0.000000,1.000000;                                                   387P   2910
128,3,3,3,3,0,0,1,0,0,0.000000,0.000000,0.000000,0.000000,           389P   2911
1.000000,1.000000,1.000000,1.000000,0.000000,0.000000,               389P   2912
0.000000,0.000000,1.000000,1.000000,1.000000,1.000000,               389P   2913
1.000000,1.000000,1.000000,1.000000,1.000000,1.000000,               389P   2914
1.000000,1.000000,1.000000,1.000000,1.000000,1.000000,               389P   2915
1.000000,1.000000,1.000000,1.000000,-0.807309,-0.807309,             389P   2916
0.011311,-0.772835,-0.772835,-0.048857,-0.772835,-0.772835,          389P   2917
-0.124837,-0.807309,-0.807309,-0.158395,-0.849109,-0.765509,         389P   2918
0.011311,-0.799064,-0.747937,-0.050996,-0.799064,-0.747937,          389P   2919
-0.125839,-0.849109,-0.765509,-0.158395,-0.952961,-0.620577,         389P   2920
0.030071,-0.887344,-0.619907,-0.048206,-0.887344,-0.619907,          389P   2921
-0.135743,-0.952961,-0.620577,-0.181129,-0.974434,-0.581641,         389P   2922
0.043025,-0.893245,-0.597872,-0.046990,-0.893245,-0.597872,          389P   2923
-0.142990,-0.974434,-0.581641,-0.196975,0.000000,1.000000,           389P   2924
0.000000,1.000000;                                                   389P   2925
128,3,3,3,3,0,0,1,0,0,0.000000,0.000000,0.000000,0.000000,           391P   2926
1.000000,1.000000,1.000000,1.000000,0.000000,0.000000,               391P   2927
0.000000,0.000000,1.000000,1.000000,1.000000,1.000000,               391P   2928
1.000000,1.000000,1.000000,1.000000,1.000000,1.000000,               391P   2929
1.000000,1.000000,1.000000,1.000000,1.000000,1.000000,               391P   2930
1.000000,1.000000,1.000000,1.000000,-0.807309,-0.807309,             391P   2931
-0.158395,-0.841783,-0.841783,-0.191953,-0.880464,-0.880464,         391P   2932
-0.185108,-0.893459,-0.893459,-0.142061,-0.849109,-0.765509,         391P   2933
-0.158395,-0.875900,-0.813813,-0.186375,-0.914728,-0.852140,         391P   2934
-0.179951,-0.939720,-0.847199,-0.142061,-0.952961,-0.620577,         391P   2935
-0.181129,-0.982601,-0.684788,-0.202120,-1.032111,-0.724836,         391P   2936
-0.194705,-1.079632,-0.704036,-0.160561,-0.974434,-0.581641,         391P   2937
-0.196975,-1.001939,-0.662751,-0.211345,-1.057144,-0.705514,         391P   2938
-0.203305,-1.122210,-0.669848,-0.173275,0.000000,1.000000,           391P   2939
0.000000,1.000000;                                                   391P   2940
128,3,3,3,3,0,0,1,0,0,0.000000,0.000000,0.000000,0.000000,           393P   2941
1.000000,1.000000,1.000000,1.000000,0.000000,0.000000,               393P   2942
0.000000,0.000000,1.000000,1.000000,1.000000,1.000000,               393P   2943
1.000000,1.000000,1.000000,1.000000,1.000000,1.000000,               393P   2944
1.000000,1.000000,1.000000,1.000000,1.000000,1.000000,               393P   2945
1.000000,1.000000,1.000000,1.000000,-0.893459,-0.893459,             393P   2946
0.027645,-0.880464,-0.880464,0.078323,-0.841783,-0.841783,           393P   2947
0.071479,-0.807309,-0.807309,0.011311,-0.939720,-0.847199,           393P   2948
0.027645,-0.914728,-0.852140,0.076239,-0.875900,-0.813813,           393P   2949
0.069814,-0.849109,-0.765509,0.011311,-1.079632,-0.704036,           393P   2950
0.050639,-1.032111,-0.724836,0.095737,-0.982601,-0.684788,           393P   2951
0.088321,-0.952961,-0.620577,0.030071,-1.122210,-0.669848,           393P   2952
0.066725,-1.057144,-0.705514,0.108695,-1.001939,-0.662751,           393P   2953
0.100655,-0.974434,-0.581641,0.043025,0.000000,1.000000,             393P   2954
0.000000,1.000000;                                                   393P   2955
128,3,3,3,3,0,0,1,0,0,0.000000,0.000000,0.000000,0.000000,           395P   2956
1.000000,1.000000,1.000000,1.000000,0.000000,0.000000,               395P   2957
0.000000,0.000000,1.000000,1.000000,1.000000,1.000000,               395P   2958
1.000000,1.000000,1.000000,1.000000,1.000000,1.000000,               395P   2959
1.000000,1.000000,1.000000,1.000000,1.000000,1.000000,               395P   2960
1.000000,1.000000,1.000000,1.000000,-0.896212,-0.478602,             395P   2961
-0.061147,-0.942101,-0.430190,-0.009866,-0.981169,-0.330997,         395P   2962
-0.009866,-0.980260,-0.267106,-0.061147,-0.912751,-0.487435,         395P   2963
-0.042397,-0.956339,-0.434902,0.002585,-0.995018,-0.336008,          395P   2964
0.002585,-0.998351,-0.272035,-0.042397,-0.963432,-0.549196,          395P   2965
0.019973,-1.013600,-0.470353,0.058657,-1.060772,-0.349569,           395P   2966
0.058657,-1.077227,-0.263325,0.019973,-0.974434,-0.581641,           395P   2967
0.043025,-1.028118,-0.484299,0.075410,-1.080718,-0.349437,           395P   2968
0.075410,-1.107230,-0.248734,0.043025,0.000000,1.000000,             395P   2969
0.000000,1.000000;                                                   395P   2970
128,3,3,3,3,0,0,1,0,0,0.000000,0.000000,0.000000,0.000000,           397P   2971
1.000000,1.000000,1.000000,1.000000,0.000000,0.000000,               397P   2972
0.000000,0.000000,1.000000,1.000000,1.000000,1.000000,               397P   2973
1.000000,1.000000,1.000000,1.000000,1.000000,1.000000,               397P   2974
1.000000,1.000000,1.000000,1.000000,1.000000,1.000000,               397P   2975
1.000000,1.000000,1.000000,1.000000,-0.980260,-0.267106,             397P   2976
-0.230853,-0.981169,-0.330997,-0.273297,-0.942101,-0.430190,         397P   2977
-0.273297,-0.896212,-0.478602,-0.230853,-0.998351,-0.272035,         397P   2978
-0.212103,-0.995018,-0.336008,-0.253604,-0.956339,-0.434902,         397P   2979
-0.253604,-0.912751,-0.487435,-0.212103,-1.077227,-0.263325,         397P   2980
-0.191227,-1.060772,-0.349569,-0.231785,-1.013600,-0.470353,         397P   2981
-0.231785,-0.963432,-0.549196,-0.191227,-1.107230,-0.248734,         397P   2982
-0.196975,-1.080718,-0.349437,-0.236590,-1.028118,-0.484299,         397P   2983
-0.236590,-0.974434,-0.581641,-0.196975,0.000000,1.000000,           397P   2984
0.000000,1.000000;                                                   397P   2985
128,3,3,3,3,0,0,1,0,0,0.000000,0.000000,0.000000,0.000000,           399P   2986
1.000000,1.000000,1.000000,1.000000,0.000000,0.000000,               399P   2987
0.000000,0.000000,1.000000,1.000000,1.000000,1.000000,               399P   2988
1.000000,1.000000,1.000000,1.000000,1.000000,1.000000,               399P   2989
1.000000,1.000000,1.000000,1.000000,1.000000,1.000000,               399P   2990
1.000000,1.000000,1.000000,1.000000,-0.896212,-0.478602,             399P   2991
-0.230853,-0.850323,-0.527014,-0.188408,-0.850323,-0.527014,         399P   2992
-0.112428,-0.896212,-0.478602,-0.061147,-0.912751,-0.487435,         399P   2993
-0.212103,-0.855096,-0.525120,-0.173622,-0.855096,-0.525120,         399P   2994
-0.098779,-0.912751,-0.487435,-0.042397,-0.963432,-0.549196,         399P   2995
-0.191227,-0.894010,-0.576154,-0.142878,-0.894010,-0.576154,         399P   2996
-0.055341,-0.963432,-0.549196,0.019973,-0.974434,-0.581641,          399P   2997
-0.196975,-0.893245,-0.597872,-0.142990,-0.893245,-0.597872,         399P   2998
-0.046990,-0.974434,-0.581641,0.043025,0.000000,1.000000,            399P   2999
0.000000,1.000000;                                                   399P   3000
128,3,3,3,3,0,0,1,0,0,0.000000,0.000000,0.000000,0.000000,           401P   3001
1.000000,1.000000,1.000000,1.000000,0.000000,0.000000,               401P   3002
0.000000,0.000000,1.000000,1.000000,1.000000,1.000000,               401P   3003
1.000000,1.000000,1.000000,1.000000,1.000000,1.000000,               401P   3004
1.000000,1.000000,1.000000,1.000000,1.000000,1.000000,               401P   3005
1.000000,1.000000,1.000000,1.000000,-0.980260,-0.267106,             401P   3006
-0.061147,-0.979352,-0.203215,-0.112428,-0.979352,-0.203215,         401P   3007
-0.188408,-0.980260,-0.267106,-0.230853,-0.998351,-0.272035,         401P   3008
-0.042397,-0.981580,-0.208033,-0.098779,-0.981580,-0.208033,         401P   3009
-0.173622,-0.998351,-0.272035,-0.212103,-1.077227,-0.263325,         401P   3010
0.019973,-1.044592,-0.199212,-0.055341,-1.044592,-0.199212,          401P   3011
-0.142878,-1.077227,-0.263325,-0.191227,-1.107230,-0.248734,         401P   3012
0.043025,-1.058733,-0.184510,-0.046990,-1.058733,-0.184510,          401P   3013
-0.142990,-1.107230,-0.248734,-0.196975,0.000000,1.000000,           401P   3014
0.000000,1.000000;                                                   401P   3015
128,3,3,3,3,0,0,1,0,0,0.000000,0.000000,0.000000,0.000000,           403P   3016
1.000000,1.000000,1.000000,1.000000,0.000000,0.000000,               403P   3017
0.000000,0.000000,1.000000,1.000000,1.000000,1.000000,               403P   3018
1.000000,1.000000,1.000000,1.000000,1.000000,1.000000,               403P   3019
1.000000,1.000000,1.000000,1.000000,1.000000,1.000000,               403P   3020
1.000000,1.000000,1.000000,1.000000,-0.896212,-0.478602,             403P   3021
-0.061147,-0.850323,-0.527014,-0.112428,-0.850323,-0.527014,         403P   3022
-0.188408,-0.896212,-0.478602,-0.230853,-0.942101,-0.430190,         403P   3023
-0.009866,-0.911206,-0.441168,-0.092389,-0.911206,-0.441168,         403P   3024
-0.199611,-0.942101,-0.430190,-0.273297,-0.981169,-0.330997,         403P   3025
-0.009866,-0.965267,-0.304540,-0.092389,-0.965267,-0.304540,         403P   3026
-0.199611,-0.981169,-0.330997,-0.273297,-0.980260,-0.267106,         403P   3027
-0.061147,-0.979352,-0.203215,-0.112428,-0.979352,-0.203215,         403P   3028
-0.188408,-0.980260,-0.267106,-0.230853,0.000000,1.000000,           403P   3029
0.000000,1.000000;                                                   403P   3030
128,3,3,3,3,0,0,1,0,0,0.000000,0.000000,0.000000,0.000000,           405P   3031
1.000000,1.000000,1.000000,1.000000,0.000000,0.000000,               405P   3032
0.000000,0.000000,1.000000,1.000000,1.000000,1.000000,               405P   3033
1.000000,1.000000,1.000000,1.000000,1.000000,1.000000,               405P   3034
1.000000,1.000000,1.000000,1.000000,1.000000,1.000000,               405P   3035
1.000000,1.000000,1.000000,1.000000,-1.271104,-0.678805,             405P   3036
-0.155853,-1.329667,-0.606659,-0.198297,-1.384466,-0.467512,         405P   3037
-0.198297,-1.390310,-0.378838,-0.155853,-1.242160,-0.663348,         405P   3038
-0.151165,-1.312032,-0.598308,-0.190057,-1.366131,-0.460236,         405P   3039
-0.190057,-1.358652,-0.370212,-0.151165,-1.148237,-0.655582,         405P   3040
-0.161263,-1.236933,-0.578934,-0.196601,-1.297849,-0.423225,         405P   3041
-0.196601,-1.284562,-0.313137,-0.161263,-1.122210,-0.669848,         405P   3042
-0.173275,-1.228656,-0.584379,-0.205060,-1.295315,-0.413820,         405P   3043
-0.205060,-1.275146,-0.286455,-0.173275,0.000000,1.000000,           405P   3044
0.000000,1.000000;                                                   405P   3045
128,3,3,3,3,0,0,1,0,0,0.000000,0.000000,0.000000,0.000000,           407P   3046
1.000000,1.000000,1.000000,1.000000,0.000000,0.000000,               407P   3047
0.000000,0.000000,1.000000,1.000000,1.000000,1.000000,               407P   3048
1.000000,1.000000,1.000000,1.000000,1.000000,1.000000,               407P   3049
1.000000,1.000000,1.000000,1.000000,1.000000,1.000000,               407P   3050
1.000000,1.000000,1.000000,1.000000,-1.390310,-0.378838,             407P   3051
0.013853,-1.384466,-0.467512,0.065134,-1.329667,-0.606659,           407P   3052
0.065134,-1.271104,-0.678805,0.013853,-1.358652,-0.370212,           407P   3053
0.018540,-1.366131,-0.460236,0.066133,-1.312032,-0.598308,           407P   3054
0.066133,-1.242160,-0.663348,0.018540,-1.284562,-0.313137,           407P   3055
0.049937,-1.297849,-0.423225,0.093841,-1.236933,-0.578934,           407P   3056
0.093841,-1.148237,-0.655582,0.049937,-1.275146,-0.286455,           407P   3057
0.066725,-1.295315,-0.413820,0.106940,-1.228656,-0.584379,           407P   3058
0.106940,-1.122210,-0.669848,0.066725,0.000000,1.000000,             407P   3059
0.000000,1.000000;                                                   407P   3060
128,3,3,3,3,0,0,1,0,0,0.000000,0.000000,0.000000,0.000000,           409P   3061
1.000000,1.000000,1.000000,1.000000,0.000000,0.000000,               409P   3062
0.000000,0.000000,1.000000,1.000000,1.000000,1.000000,               409P   3063
1.000000,1.000000,1.000000,1.000000,1.000000,1.000000,               409P   3064
1.000000,1.000000,1.000000,1.000000,1.000000,1.000000,               409P   3065
1.000000,1.000000,1.000000,1.000000,-1.271104,-0.678805,             409P   3066
0.013853,-1.212541,-0.750950,-0.037428,-1.212541,-0.750950,          409P   3067
-0.113408,-1.271104,-0.678805,-0.155853,-1.242160,-0.663348,         409P   3068
0.018540,-1.189325,-0.728046,-0.035232,-1.189325,-0.728046,          409P   3069
-0.110074,-1.242160,-0.663348,-0.151165,-1.148237,-0.655582,         409P   3070
0.049937,-1.101129,-0.712833,-0.020157,-1.101129,-0.712833,          409P   3071
-0.107694,-1.148237,-0.655582,-0.161263,-1.122210,-0.669848,         409P   3072
0.066725,-1.080831,-0.719652,-0.015460,-1.080831,-0.719652,          409P   3073
-0.111460,-1.122210,-0.669848,-0.173275,0.000000,1.000000,           409P   3074
0.000000,1.000000;                                                   409P   3075
128,3,3,3,3,0,0,1,0,0,0.000000,0.000000,0.000000,0.000000,           411P   3076
1.000000,1.000000,1.000000,1.000000,0.000000,0.000000,               411P   3077
0.000000,0.000000,1.000000,1.000000,1.000000,1.000000,               411P   3078
1.000000,1.000000,1.000000,1.000000,1.000000,1.000000,               411P   3079
1.000000,1.000000,1.000000,1.000000,1.000000,1.000000,               411P   3080
1.000000,1.000000,1.000000,1.000000,-1.390310,-0.378838,             411P   3081
-0.155853,-1.396155,-0.290164,-0.113408,-1.396155,-0.290164,         411P   3082
-0.037428,-1.390310,-0.378838,0.013853,-1.358652,-0.370212,          411P   3083
-0.151165,-1.363673,-0.290876,-0.110074,-1.363673,-0.290876,         411P   3084
-0.035232,-1.358652,-0.370212,0.018540,-1.284562,-0.313137,          411P   3085
-0.161263,-1.288759,-0.243140,-0.107694,-1.288759,-0.243140,         411P   3086
-0.020157,-1.284562,-0.313137,0.049937,-1.275146,-0.286455,          411P   3087
-0.173275,-1.278518,-0.225796,-0.111460,-1.278518,-0.225796,         411P   3088
-0.015460,-1.275146,-0.286455,0.066725,0.000000,1.000000,            411P   3089
0.000000,1.000000;                                                   411P   3090
128,3,3,3,3,0,0,1,0,0,0.000000,0.000000,0.000000,0.000000,           413P   3091
1.000000,1.000000,1.000000,1.000000,0.000000,0.000000,               413P   3092
0.000000,0.000000,1.000000,1.000000,1.000000,1.000000,               413P   3093
1.000000,1.000000,1.000000,1.000000,1.000000,1.000000,               413P   3094
1.000000,1.000000,1.000000,1.000000,1.000000,1.000000,               413P   3095
1.000000,1.000000,1.000000,1.000000,-1.169405,-0.624495,             413P   3096
-0.327542,-1.181524,-0.535822,-0.336429,-1.228022,-0.417661,         413P   3097
-0.336429,-1.279074,-0.348528,-0.327542,-1.125300,-0.600941,         413P   3098
-0.302542,-1.147326,-0.519175,-0.321672,-1.191909,-0.405243,         413P   3099
-0.321672,-1.230833,-0.335383,-0.302542,-1.006910,-0.575148,         413P   3100
-0.218569,-1.044950,-0.485097,-0.247941,-1.093727,-0.360203,         413P   3101
-0.247941,-1.126629,-0.274423,-0.218569,-0.974434,-0.581641,         413P   3102
-0.196975,-1.028118,-0.484299,-0.236590,-1.080718,-0.349437,         413P   3103
-0.236590,-1.107230,-0.248734,-0.196975,0.000000,1.000000,           413P   3104
0.000000,1.000000;                                                   413P   3105
128,3,3,3,3,0,0,1,0,0,0.000000,0.000000,0.000000,0.000000,           415P   3106
1.000000,1.000000,1.000000,1.000000,0.000000,0.000000,               415P   3107
0.000000,0.000000,1.000000,1.000000,1.000000,1.000000,               415P   3108
1.000000,1.000000,1.000000,1.000000,1.000000,1.000000,               415P   3109
1.000000,1.000000,1.000000,1.000000,1.000000,1.000000,               415P   3110
1.000000,1.000000,1.000000,1.000000,-1.396622,-0.380558,             415P   3111
-0.311208,-1.408405,-0.474445,-0.310605,-1.351844,-0.618033,         415P   3112
-0.310605,-1.276875,-0.681887,-0.311208,-1.348381,-0.367413,         415P   3113
-0.286208,-1.368026,-0.459871,-0.296401,-1.313165,-0.599862,         415P   3114
-0.296401,-1.232770,-0.658333,-0.286208,-1.273797,-0.310719,         415P   3115
-0.198001,-1.293450,-0.421314,-0.218990,-1.232437,-0.577273,         415P   3116
-0.218990,-1.138762,-0.649927,-0.198001,-1.275146,-0.286455,         415P   3117
-0.173275,-1.295315,-0.413820,-0.205060,-1.228656,-0.584379,         415P   3118
-0.205060,-1.122210,-0.669848,-0.173275,0.000000,1.000000,           415P   3119
0.000000,1.000000;                                                   415P   3120
128,3,3,3,3,0,0,1,0,0,0.000000,0.000000,0.000000,0.000000,           417P   3121
1.000000,1.000000,1.000000,1.000000,0.000000,0.000000,               417P   3122
0.000000,0.000000,1.000000,1.000000,1.000000,1.000000,               417P   3123
1.000000,1.000000,1.000000,1.000000,1.000000,1.000000,               417P   3124
1.000000,1.000000,1.000000,1.000000,1.000000,1.000000,               417P   3125
1.000000,1.000000,1.000000,1.000000,-1.276875,-0.681887,             417P   3126
-0.311208,-1.201906,-0.745740,-0.311811,-1.157285,-0.713168,         417P   3127
-0.318655,-1.169405,-0.624495,-0.327542,-1.232770,-0.658333,         417P   3128
-0.286208,-1.165580,-0.716215,-0.295801,-1.121910,-0.683670,         417P   3129
-0.302226,-1.125300,-0.600941,-0.302542,-1.138762,-0.649927,         417P   3130
-0.198001,-1.071225,-0.696041,-0.217996,-1.020377,-0.657727,         417P   3131
-0.225412,-1.006910,-0.575148,-0.218569,-1.122210,-0.669848,         417P   3132
-0.173275,-1.057144,-0.705514,-0.203305,-1.001939,-0.662751,         417P   3133
-0.211345,-0.974434,-0.581641,-0.196975,0.000000,1.000000,           417P   3134
0.000000,1.000000;                                                   417P   3135
128,3,3,3,3,0,0,1,0,0,0.000000,0.000000,0.000000,0.000000,           419P   3136
1.000000,1.000000,1.000000,1.000000,0.000000,0.000000,               419P   3137
0.000000,0.000000,1.000000,1.000000,1.000000,1.000000,               419P   3138
1.000000,1.000000,1.000000,1.000000,1.000000,1.000000,               419P   3139
1.000000,1.000000,1.000000,1.000000,1.000000,1.000000,               419P   3140
1.000000,1.000000,1.000000,1.000000,-1.279074,-0.348528,             419P   3141
-0.327542,-1.330125,-0.279394,-0.318655,-1.384840,-0.286671,         419P   3142
-0.311811,-1.396622,-0.380558,-0.311208,-1.230833,-0.335383,         419P   3143
-0.302542,-1.284274,-0.276502,-0.302226,-1.338275,-0.283219,         419P   3144
-0.295801,-1.348381,-0.367413,-0.286208,-1.126629,-0.274423,         419P   3145
-0.218569,-1.192333,-0.227217,-0.225412,-1.255494,-0.234796,         419P   3146
-0.217996,-1.273797,-0.310719,-0.198001,-1.107230,-0.248734,         419P   3147
-0.196975,-1.182240,-0.212255,-0.211345,-1.251604,-0.219749,         419P   3148
-0.203305,-1.275146,-0.286455,-0.173275,0.000000,1.000000,           419P   3149
0.000000,1.000000;                                                   419P   3150
128,3,3,3,3,0,0,1,0,0,0.000000,0.000000,0.000000,0.000000,           421P   3151
1.000000,1.000000,1.000000,1.000000,0.000000,0.000000,               421P   3152
0.000000,0.000000,1.000000,1.000000,1.000000,1.000000,               421P   3153
1.000000,1.000000,1.000000,1.000000,1.000000,1.000000,               421P   3154
1.000000,1.000000,1.000000,1.000000,1.000000,1.000000,               421P   3155
1.000000,1.000000,1.000000,1.000000,-1.169405,-0.624495,             421P   3156
-0.327542,-1.157285,-0.713168,-0.318655,-1.201906,-0.745740,         421P   3157
-0.311811,-1.276875,-0.681887,-0.311208,-1.181524,-0.535822,         421P   3158
-0.336429,-1.210292,-0.582984,-0.324379,-1.278107,-0.618215,         421P   3159
-0.314371,-1.351844,-0.618033,-0.310605,-1.228022,-0.417661,         421P   3160
-0.336429,-1.280081,-0.406563,-0.324379,-1.353496,-0.427705,         421P   3161
-0.314371,-1.408405,-0.474445,-0.310605,-1.279074,-0.348528,         421P   3162
-0.327542,-1.330125,-0.279394,-0.318655,-1.384840,-0.286671,         421P   3163
-0.311811,-1.396622,-0.380558,-0.311208,0.000000,1.000000,           421P   3164
0.000000,1.000000;                                                   421P   3165
128,3,3,3,3,0,0,1,0,0,0.000000,0.000000,0.000000,0.000000,           423P   3166
1.000000,1.000000,1.000000,1.000000,0.000000,0.000000,               423P   3167
0.000000,0.000000,1.000000,1.000000,1.000000,1.000000,               423P   3168
1.000000,1.000000,1.000000,1.000000,1.000000,1.000000,               423P   3169
1.000000,1.000000,1.000000,1.000000,1.000000,1.000000,               423P   3170
1.000000,1.000000,1.000000,1.000000,-1.276875,-0.681887,             423P   3171
0.288792,-1.351844,-0.618033,0.289395,-1.408405,-0.474445,           423P   3172
0.289395,-1.396622,-0.380558,0.288792,-1.232770,-0.658333,           423P   3173
0.238792,-1.313165,-0.599862,0.252599,-1.368026,-0.459871,           423P   3174
0.252599,-1.348381,-0.367413,0.238792,-1.138762,-0.649927,           423P   3175
0.099599,-1.232437,-0.577273,0.126610,-1.293450,-0.421314,           423P   3176
0.126610,-1.273797,-0.310719,0.099599,-1.122210,-0.669848,           423P   3177
0.066725,-1.228656,-0.584379,0.106940,-1.295315,-0.413820,           423P   3178
0.106940,-1.275146,-0.286455,0.066725,0.000000,1.000000,             423P   3179
0.000000,1.000000;                                                   423P   3180
128,3,3,3,3,0,0,1,0,0,0.000000,0.000000,0.000000,0.000000,           425P   3181
1.000000,1.000000,1.000000,1.000000,0.000000,0.000000,               425P   3182
0.000000,0.000000,1.000000,1.000000,1.000000,1.000000,               425P   3183
1.000000,1.000000,1.000000,1.000000,1.000000,1.000000,               425P   3184
1.000000,1.000000,1.000000,1.000000,1.000000,1.000000,               425P   3185
1.000000,1.000000,1.000000,1.000000,-1.279074,-0.348528,             425P   3186
0.272458,-1.228022,-0.417661,0.263571,-1.181524,-0.535822,           425P   3187
0.263571,-1.169405,-0.624495,0.272458,-1.230833,-0.335383,           425P   3188
0.222458,-1.191909,-0.405243,0.227328,-1.147326,-0.519175,           425P   3189
0.227328,-1.125300,-0.600941,0.222458,-1.126629,-0.274423,           425P   3190
0.079031,-1.093727,-0.360203,0.097659,-1.044950,-0.485097,           425P   3191
0.097659,-1.006910,-0.575148,0.079031,-1.107230,-0.248734,           425P   3192
0.043025,-1.080718,-0.349437,0.075410,-1.028118,-0.484299,           425P   3193
0.075410,-0.974434,-0.581641,0.043025,0.000000,1.000000,             425P   3194
0.000000,1.000000;                                                   425P   3195
128,3,3,3,3,0,0,1,0,0,0.000000,0.000000,0.000000,0.000000,           427P   3196
1.000000,1.000000,1.000000,1.000000,0.000000,0.000000,               427P   3197
0.000000,0.000000,1.000000,1.000000,1.000000,1.000000,               427P   3198
1.000000,1.000000,1.000000,1.000000,1.000000,1.000000,               427P   3199
1.000000,1.000000,1.000000,1.000000,1.000000,1.000000,               427P   3200
1.000000,1.000000,1.000000,1.000000,-1.169405,-0.624495,             427P   3201
0.272458,-1.157285,-0.713168,0.281345,-1.201906,-0.745740,           427P   3202
0.288189,-1.276875,-0.681887,0.288792,-1.125300,-0.600941,           427P   3203
0.222458,-1.121910,-0.683670,0.246774,-1.165580,-0.716215,           427P   3204
0.253199,-1.232770,-0.658333,0.238792,-1.006910,-0.575148,           427P   3205
0.079031,-1.020377,-0.657727,0.120188,-1.071225,-0.696041,           427P   3206
0.127604,-1.138762,-0.649927,0.099599,-0.974434,-0.581641,           427P   3207
0.043025,-1.001939,-0.662751,0.100655,-1.057144,-0.705514,           427P   3208
0.108695,-1.122210,-0.669848,0.066725,0.000000,1.000000,             427P   3209
0.000000,1.000000;                                                   427P   3210
128,3,3,3,3,0,0,1,0,0,0.000000,0.000000,0.000000,0.000000,           429P   3211
1.000000,1.000000,1.000000,1.000000,0.000000,0.000000,               429P   3212
0.000000,0.000000,1.000000,1.000000,1.000000,1.000000,               429P   3213
1.000000,1.000000,1.000000,1.000000,1.000000,1.000000,               429P   3214
1.000000,1.000000,1.000000,1.000000,1.000000,1.000000,               429P   3215
1.000000,1.000000,1.000000,1.000000,-1.396622,-0.380558,             429P   3216
0.288792,-1.384840,-0.286671,0.288189,-1.330125,-0.279394,           429P   3217
0.281345,-1.279074,-0.348528,0.272458,-1.348381,-0.367413,           429P   3218
0.238792,-1.338275,-0.283219,0.253199,-1.284274,-0.276502,           429P   3219
0.246774,-1.230833,-0.335383,0.222458,-1.273797,-0.310719,           429P   3220
0.099599,-1.255494,-0.234796,0.127604,-1.192333,-0.227217,           429P   3221
0.120188,-1.126629,-0.274423,0.079031,-1.275146,-0.286455,           429P   3222
0.066725,-1.251604,-0.219749,0.108695,-1.182240,-0.212255,           429P   3223
0.100655,-1.107230,-0.248734,0.043025,0.000000,1.000000,             429P   3224
0.000000,1.000000;                                                   429P   3225
128,3,3,3,3,0,0,1,0,0,0.000000,0.000000,0.000000,0.000000,           431P   3226
1.000000,1.000000,1.000000,1.000000,0.000000,0.000000,               431P   3227
0.000000,0.000000,1.000000,1.000000,1.000000,1.000000,               431P   3228
1.000000,1.000000,1.000000,1.000000,1.000000,1.000000,               431P   3229
1.000000,1.000000,1.000000,1.000000,1.000000,1.000000,               431P   3230
1.000000,1.000000,1.000000,1.000000,-1.276875,-0.681887,             431P   3231
0.288792,-1.201906,-0.745740,0.288189,-1.157285,-0.713168,           431P   3232
0.281345,-1.169405,-0.624495,0.272458,-1.351844,-0.618033,           431P   3233
0.289395,-1.278107,-0.618215,0.285629,-1.210292,-0.582984,           431P   3234
0.275621,-1.181524,-0.535822,0.263571,-1.408405,-0.474445,           431P   3235
0.289395,-1.353496,-0.427705,0.285629,-1.280081,-0.406563,           431P   3236
0.275621,-1.228022,-0.417661,0.263571,-1.396622,-0.380558,           431P   3237
0.288792,-1.384840,-0.286671,0.288189,-1.330125,-0.279394,           431P   3238
0.281345,-1.279074,-0.348528,0.272458,0.000000,1.000000,             431P   3239
0.000000,1.000000;                                                   431P   3240
128,3,3,3,3,0,0,1,0,0,0.000000,0.000000,0.000000,0.000000,           433P   3241
1.000000,1.000000,1.000000,1.000000,0.000000,0.000000,               433P   3242
0.000000,0.000000,1.000000,1.000000,1.000000,1.000000,               433P   3243
1.000000,1.000000,1.000000,1.000000,1.000000,1.000000,               433P   3244
1.000000,1.000000,1.000000,1.000000,1.000000,1.000000,               433P   3245
1.000000,1.000000,1.000000,1.000000,-1.274210,1.274210,              433P   3246
-0.045318,-1.294318,1.294318,-0.102742,-1.294318,1.294318,           433P   3247
-0.178722,-1.274210,1.274210,-0.215024,-1.340185,1.208236,           433P   3248
-0.045318,-1.337293,1.247119,-0.104385,-1.337293,1.247119,           433P   3249
-0.179228,-1.340185,1.208236,-0.215024,-1.534822,1.000628,           433P   3250
-0.025171,-1.508931,1.058286,-0.099713,-1.508931,1.058286,           433P   3251
-0.187250,-1.534822,1.000628,-0.236371,-1.590827,0.949566,           433P   3252
-0.010525,-1.541937,1.025999,-0.096310,-1.541937,1.025999,           433P   3253
-0.192310,-1.590827,0.949566,-0.250525,0.000000,1.000000,            433P   3254
0.000000,1.000000;                                                   433P   3255
128,3,3,3,3,0,0,1,0,0,0.000000,0.000000,0.000000,0.000000,           435P   3256
1.000000,1.000000,1.000000,1.000000,0.000000,0.000000,               435P   3257
0.000000,0.000000,1.000000,1.000000,1.000000,1.000000,               435P   3258
1.000000,1.000000,1.000000,1.000000,1.000000,1.000000,               435P   3259
1.000000,1.000000,1.000000,1.000000,1.000000,1.000000,               435P   3260
1.000000,1.000000,1.000000,1.000000,-1.158060,1.158060,              435P   3261
-0.188932,-1.114131,1.114131,-0.138688,-1.114131,1.114131,           435P   3262
-0.062708,-1.158060,1.158060,-0.019226,-1.218021,1.098100,           435P   3263
-0.188932,-1.154518,1.079184,-0.140451,-1.154518,1.079184,           435P   3264
-0.065609,-1.218021,1.098100,-0.019226,-1.364017,0.888090,           435P   3265
-0.204139,-1.280941,0.894188,-0.143591,-1.280941,0.894188,           435P   3266
-0.056053,-1.364017,0.888090,0.007061,-1.391531,0.830606,            435P   3267
-0.214225,-1.288881,0.861718,-0.145840,-1.288881,0.861718,           435P   3268
-0.049840,-1.391531,0.830606,0.025775,0.000000,1.000000,             435P   3269
0.000000,1.000000;                                                   435P   3270
128,3,3,3,3,0,0,1,0,0,0.000000,0.000000,0.000000,0.000000,           437P   3271
1.000000,1.000000,1.000000,1.000000,0.000000,0.000000,               437P   3272
0.000000,0.000000,1.000000,1.000000,1.000000,1.000000,               437P   3273
1.000000,1.000000,1.000000,1.000000,1.000000,1.000000,               437P   3274
1.000000,1.000000,1.000000,1.000000,1.000000,1.000000,               437P   3275
1.000000,1.000000,1.000000,1.000000,-1.158060,1.158060,              437P   3276
-0.019226,-1.201990,1.201990,0.024256,-1.254103,1.254103,            437P   3277
0.012105,-1.274210,1.274210,-0.045318,-1.218021,1.098100,            437P   3278
-0.019226,-1.251362,1.162602,0.020506,-1.303639,1.214222,            437P   3279
0.008220,-1.340185,1.208236,-0.045318,-1.364017,0.888090,            437P   3280
0.007061,-1.400979,0.975970,0.040997,-1.467629,1.029903,             437P   3281
0.026528,-1.534822,1.000628,-0.025171,-1.391531,0.830606,            437P   3282
0.025775,-1.425396,0.943204,0.054605,-1.499704,1.000789,             437P   3283
0.038645,-1.590827,0.949566,-0.010525,0.000000,1.000000,             437P   3284
0.000000,1.000000;                                                   437P   3285
128,3,3,3,3,0,0,1,0,0,0.000000,0.000000,0.000000,0.000000,           439P   3286
1.000000,1.000000,1.000000,1.000000,0.000000,0.000000,               439P   3287
0.000000,0.000000,1.000000,1.000000,1.000000,1.000000,               439P   3288
1.000000,1.000000,1.000000,1.000000,1.000000,1.000000,               439P   3289
1.000000,1.000000,1.000000,1.000000,1.000000,1.000000,               439P   3290
1.000000,1.000000,1.000000,1.000000,-1.274210,1.274210,              439P   3291
-0.215024,-1.254103,1.254103,-0.251326,-1.201990,1.201990,           439P   3292
-0.239176,-1.158060,1.158060,-0.188932,-1.340185,1.208236,           439P   3293
-0.215024,-1.303639,1.214222,-0.247970,-1.251362,1.162602,           439P   3294
-0.235683,-1.218021,1.098100,-0.188932,-1.534822,1.000628,           439P   3295
-0.236371,-1.467629,1.029903,-0.263914,-1.400979,0.975970,           439P   3296
-0.249445,-1.364017,0.888090,-0.204139,-1.590827,0.949566,           439P   3297
-0.250525,-1.499704,1.000789,-0.273355,-1.425396,0.943204,           439P   3298
-0.257395,-1.391531,0.830606,-0.214225,0.000000,1.000000,            439P   3299
0.000000,1.000000;                                                   439P   3300
128,3,3,3,3,0,0,1,0,0,0.000000,0.000000,0.000000,0.000000,           441P   3301
1.000000,1.000000,1.000000,1.000000,0.000000,0.000000,               441P   3302
0.000000,0.000000,1.000000,1.000000,1.000000,1.000000,               441P   3303
1.000000,1.000000,1.000000,1.000000,1.000000,1.000000,               441P   3304
1.000000,1.000000,1.000000,1.000000,1.000000,1.000000,               441P   3305
1.000000,1.000000,1.000000,1.000000,-1.802005,0.000000,              441P   3306
-0.215024,-1.830442,0.000000,-0.178722,-1.830442,0.000000,           441P   3307
-0.102742,-1.802005,0.000000,-0.045318,-1.802005,0.079638,           441P   3308
-0.215024,-1.826257,0.051806,-0.179228,-1.826257,0.051806,           441P   3309
-0.104385,-1.802005,0.079638,-0.045318,-1.801135,0.334965,           441P   3310
-0.236371,-1.821202,0.279301,-0.187250,-1.821202,0.279301,           441P   3311
-0.099713,-1.801135,0.334965,-0.025171,-1.807625,0.406074,           441P   3312
-0.250525,-1.823507,0.322578,-0.192310,-1.823507,0.322578,           441P   3313
-0.096310,-1.807625,0.406074,-0.010525,0.000000,1.000000,            441P   3314
0.000000,1.000000;                                                   441P   3315
128,3,3,3,3,0,0,1,0,0,0.000000,0.000000,0.000000,0.000000,           443P   3316
1.000000,1.000000,1.000000,1.000000,0.000000,0.000000,               443P   3317
0.000000,0.000000,1.000000,1.000000,1.000000,1.000000,               443P   3318
1.000000,1.000000,1.000000,1.000000,1.000000,1.000000,               443P   3319
1.000000,1.000000,1.000000,1.000000,1.000000,1.000000,               443P   3320
1.000000,1.000000,1.000000,1.000000,-1.637745,0.000000,              443P   3321
-0.019226,-1.575619,0.000000,-0.062708,-1.575619,0.000000,           443P   3322
-0.138688,-1.637745,0.000000,-0.188932,-1.637745,0.072379,           443P   3323
-0.019226,-1.578276,0.042938,-0.065609,-1.578276,0.042938,           443P   3324
-0.140451,-1.637745,0.072379,-0.188932,-1.599894,0.298483,           443P   3325
0.007061,-1.543083,0.239602,-0.056053,-1.543083,0.239602,            443P   3326
-0.143591,-1.599894,0.298483,-0.204139,-1.581169,0.355202,           443P   3327
0.025775,-1.527016,0.266880,-0.049840,-1.527016,0.266880,            443P   3328
-0.145840,-1.581169,0.355202,-0.214225,0.000000,1.000000,            443P   3329
0.000000,1.000000;                                                   443P   3330
128,3,3,3,3,0,0,1,0,0,0.000000,0.000000,0.000000,0.000000,           445P   3331
1.000000,1.000000,1.000000,1.000000,0.000000,0.000000,               445P   3332
0.000000,0.000000,1.000000,1.000000,1.000000,1.000000,               445P   3333
1.000000,1.000000,1.000000,1.000000,1.000000,1.000000,               445P   3334
1.000000,1.000000,1.000000,1.000000,1.000000,1.000000,               445P   3335
1.000000,1.000000,1.000000,1.000000,-1.637745,0.000000,              445P   3336
-0.188932,-1.699871,0.000000,-0.239176,-1.773569,0.000000,           445P   3337
-0.251326,-1.802005,0.000000,-0.215024,-1.637745,0.072379,           445P   3338
-0.188932,-1.705907,0.051321,-0.235683,-1.779256,0.051445,           445P   3339
-0.247970,-1.802005,0.079638,-0.215024,-1.599894,0.298483,           445P   3340
-0.204139,-1.686419,0.263688,-0.249445,-1.771746,0.271258,           445P   3341
-0.263914,-1.801135,0.334965,-0.236371,-1.581169,0.355202,           445P   3342
-0.214225,-1.682135,0.301726,-0.257395,-1.775518,0.311797,           445P   3343
-0.273355,-1.807625,0.406074,-0.250525,0.000000,1.000000,            445P   3344
0.000000,1.000000;                                                   445P   3345
128,3,3,3,3,0,0,1,0,0,0.000000,0.000000,0.000000,0.000000,           447P   3346
1.000000,1.000000,1.000000,1.000000,0.000000,0.000000,               447P   3347
0.000000,0.000000,1.000000,1.000000,1.000000,1.000000,               447P   3348
1.000000,1.000000,1.000000,1.000000,1.000000,1.000000,               447P   3349
1.000000,1.000000,1.000000,1.000000,1.000000,1.000000,               447P   3350
1.000000,1.000000,1.000000,1.000000,-1.802005,0.000000,              447P   3351
-0.045318,-1.773569,0.000000,0.012105,-1.699871,0.000000,            447P   3352
0.024256,-1.637745,0.000000,-0.019226,-1.802005,0.079638,            447P   3353
-0.045318,-1.779256,0.051445,0.008220,-1.705907,0.051321,            447P   3354
0.020506,-1.637745,0.072379,-0.019226,-1.801135,0.334965,            447P   3355
-0.025171,-1.771746,0.271258,0.026528,-1.686419,0.263688,            447P   3356
0.040997,-1.599894,0.298483,0.007061,-1.807625,0.406074,             447P   3357
-0.010525,-1.775518,0.311797,0.038645,-1.682135,0.301726,            447P   3358
0.054605,-1.581169,0.355202,0.025775,0.000000,1.000000,              447P   3359
0.000000,1.000000;                                                   447P   3360
128,3,3,3,3,0,0,1,0,0,0.000000,0.000000,0.000000,0.000000,           449P   3361
1.000000,1.000000,1.000000,1.000000,0.000000,0.000000,               449P   3362
0.000000,0.000000,1.000000,1.000000,1.000000,1.000000,               449P   3363
1.000000,1.000000,1.000000,1.000000,1.000000,1.000000,               449P   3364
1.000000,1.000000,1.000000,1.000000,1.000000,1.000000,               449P   3365
1.000000,1.000000,1.000000,1.000000,-1.390310,0.378838,              449P   3366
0.013853,-1.384466,0.467512,0.065134,-1.329667,0.606659,             449P   3367
0.065134,-1.271104,0.678805,0.013853,-1.421969,0.387464,             449P   3368
0.009165,-1.409389,0.476630,0.058948,-1.355097,0.615477,             449P   3369
0.058948,-1.300048,0.694262,0.009165,-1.540783,0.376592,             449P   3370
0.014243,-1.508747,0.498031,0.062527,-1.442240,0.668361,             449P   3371
0.062527,-1.377984,0.785566,0.014243,-1.581169,0.355202,             449P   3372
0.025775,-1.534356,0.496999,0.072560,-1.460314,0.686895,             449P   3373
0.072560,-1.391531,0.830606,0.025775,0.000000,1.000000,              449P   3374
0.000000,1.000000;                                                   449P   3375
128,3,3,3,3,0,0,1,0,0,0.000000,0.000000,0.000000,0.000000,           451P   3376
1.000000,1.000000,1.000000,1.000000,0.000000,0.000000,               451P   3377
0.000000,0.000000,1.000000,1.000000,1.000000,1.000000,               451P   3378
1.000000,1.000000,1.000000,1.000000,1.000000,1.000000,               451P   3379
1.000000,1.000000,1.000000,1.000000,1.000000,1.000000,               451P   3380
1.000000,1.000000,1.000000,1.000000,-1.271104,0.678805,              451P   3381
-0.155853,-1.329667,0.606659,-0.198297,-1.384466,0.467512,           451P   3382
-0.198297,-1.390310,0.378838,-0.155853,-1.300048,0.694262,           451P   3383
-0.160540,-1.355097,0.615477,-0.197242,-1.409389,0.476630,           451P   3384
-0.197242,-1.421969,0.387464,-0.160540,-1.377984,0.785566,           451P   3385
-0.196957,-1.442240,0.668361,-0.227915,-1.508747,0.498031,           451P   3386
-0.227915,-1.540783,0.376592,-0.196957,-1.391531,0.830606,           451P   3387
-0.214225,-1.460314,0.686895,-0.239440,-1.534356,0.496999,           451P   3388
-0.239440,-1.581169,0.355202,-0.214225,0.000000,1.000000,            451P   3389
0.000000,1.000000;                                                   451P   3390
128,3,3,3,3,0,0,1,0,0,0.000000,0.000000,0.000000,0.000000,           453P   3391
1.000000,1.000000,1.000000,1.000000,0.000000,0.000000,               453P   3392
0.000000,0.000000,1.000000,1.000000,1.000000,1.000000,               453P   3393
1.000000,1.000000,1.000000,1.000000,1.000000,1.000000,               453P   3394
1.000000,1.000000,1.000000,1.000000,1.000000,1.000000,               453P   3395
1.000000,1.000000,1.000000,1.000000,-1.390310,0.378838,              453P   3396
-0.155853,-1.396155,0.290164,-0.113408,-1.396155,0.290164,           453P   3397
-0.037428,-1.390310,0.378838,0.013853,-1.421969,0.387464,            453P   3398
-0.160540,-1.407814,0.298908,-0.117259,-1.407814,0.298908,           453P   3399
-0.042417,-1.421969,0.387464,0.009165,-1.540783,0.376592,            453P   3400
-0.196957,-1.506629,0.288153,-0.139008,-1.506629,0.288153,           453P   3401
-0.051471,-1.540783,0.376592,0.014243,-1.581169,0.355202,            453P   3402
-0.214225,-1.527016,0.266880,-0.145840,-1.527016,0.266880,           453P   3403
-0.049840,-1.581169,0.355202,0.025775,0.000000,1.000000,             453P   3404
0.000000,1.000000;                                                   453P   3405
128,3,3,3,3,0,0,1,0,0,0.000000,0.000000,0.000000,0.000000,           455P   3406
1.000000,1.000000,1.000000,1.000000,0.000000,0.000000,               455P   3407
0.000000,0.000000,1.000000,1.000000,1.000000,1.000000,               455P   3408
1.000000,1.000000,1.000000,1.000000,1.000000,1.000000,               455P   3409
1.000000,1.000000,1.000000,1.000000,1.000000,1.000000,               455P   3410
1.000000,1.000000,1.000000,1.000000,-1.271104,0.678805,              455P   3411
0.013853,-1.212541,0.750950,-0.037428,-1.212541,0.750950,            455P   3412
-0.113408,-1.271104,0.678805,-0.155853,-1.300048,0.694262,           455P   3413
0.009165,-1.226789,0.752729,-0.042417,-1.226789,0.752729,            455P   3414
-0.117259,-1.300048,0.694262,-0.160540,-1.377984,0.785566,           455P   3415
0.014243,-1.290031,0.830356,-0.051471,-1.290031,0.830356,            455P   3416
-0.139008,-1.377984,0.785566,-0.196957,-1.391531,0.830606,           455P   3417
0.025775,-1.288881,0.861718,-0.049840,-1.288881,0.861718,            455P   3418
-0.145840,-1.391531,0.830606,-0.214225,0.000000,1.000000,            455P   3419
0.000000,1.000000;                                                   455P   3420
128,3,3,3,3,0,0,1,0,0,0.000000,0.000000,0.000000,0.000000,           457P   3421
1.000000,1.000000,1.000000,1.000000,0.000000,0.000000,               457P   3422
0.000000,0.000000,1.000000,1.000000,1.000000,1.000000,               457P   3423
1.000000,1.000000,1.000000,1.000000,1.000000,1.000000,               457P   3424
1.000000,1.000000,1.000000,1.000000,1.000000,1.000000,               457P   3425
1.000000,1.000000,1.000000,1.000000,-1.945084,0.530005,              457P   3426
-0.230853,-1.930103,0.652208,-0.273297,-1.854021,0.845412,           457P   3427
-0.273297,-1.778310,0.949667,-0.230853,-1.908903,0.520146,           457P   3428
-0.230853,-1.910916,0.644512,-0.270944,-1.835784,0.836307,           457P   3429
-0.270944,-1.745232,0.932002,-0.230853,-1.820468,0.443785,           457P   3430
-0.241393,-1.828601,0.597393,-0.279131,-1.743544,0.814861,           457P   3431
-0.279131,-1.627276,0.929076,-0.241393,-1.807625,0.406074,           457P   3432
-0.250525,-1.823850,0.583847,-0.285910,-1.730839,0.821909,           457P   3433
-0.285910,-1.590827,0.949566,-0.250525,0.000000,1.000000,            457P   3434
0.000000,1.000000;                                                   457P   3435
128,3,3,3,3,0,0,1,0,0,0.000000,0.000000,0.000000,0.000000,           459P   3436
1.000000,1.000000,1.000000,1.000000,0.000000,0.000000,               459P   3437
0.000000,0.000000,1.000000,1.000000,1.000000,1.000000,               459P   3438
1.000000,1.000000,1.000000,1.000000,1.000000,1.000000,               459P   3439
1.000000,1.000000,1.000000,1.000000,1.000000,1.000000,               459P   3440
1.000000,1.000000,1.000000,1.000000,-1.778310,0.949667,              459P   3441
-0.061147,-1.854021,0.845412,-0.009866,-1.930103,0.652208,           459P   3442
-0.009866,-1.945084,0.530005,-0.061147,-1.745232,0.932002,           459P   3443
-0.061147,-1.835784,0.836307,-0.014755,-1.910916,0.644512,           459P   3444
-0.014755,-1.908903,0.520146,-0.061147,-1.627276,0.929076,           459P   3445
-0.030193,-1.743544,0.814861,0.011311,-1.828601,0.597393,            459P   3446
0.011311,-1.820468,0.443785,-0.030193,-1.590827,0.949566,            459P   3447
-0.010525,-1.730839,0.821909,0.026090,-1.823850,0.583847,            459P   3448
0.026090,-1.807625,0.406074,-0.010525,0.000000,1.000000,             459P   3449
0.000000,1.000000;                                                   459P   3450
128,3,3,3,3,0,0,1,0,0,0.000000,0.000000,0.000000,0.000000,           461P   3451
1.000000,1.000000,1.000000,1.000000,0.000000,0.000000,               461P   3452
0.000000,0.000000,1.000000,1.000000,1.000000,1.000000,               461P   3453
1.000000,1.000000,1.000000,1.000000,1.000000,1.000000,               461P   3454
1.000000,1.000000,1.000000,1.000000,1.000000,1.000000,               461P   3455
1.000000,1.000000,1.000000,1.000000,-1.945084,0.530005,              461P   3456
-0.061147,-1.960065,0.407802,-0.112428,-1.960065,0.407802,           461P   3457
-0.188408,-1.945084,0.530005,-0.230853,-1.908903,0.520146,           461P   3458
-0.061147,-1.924184,0.410846,-0.116119,-1.924184,0.410846,           461P   3459
-0.190962,-1.908903,0.520146,-0.230853,-1.820468,0.443785,           461P   3460
-0.030193,-1.836050,0.347386,-0.102687,-1.836050,0.347386,           461P   3461
-0.190224,-1.820468,0.443785,-0.241393,-1.807625,0.406074,           461P   3462
-0.010525,-1.823507,0.322578,-0.096310,-1.823507,0.322578,           461P   3463
-0.192310,-1.807625,0.406074,-0.250525,0.000000,1.000000,            461P   3464
0.000000,1.000000;                                                   461P   3465
128,3,3,3,3,0,0,1,0,0,0.000000,0.000000,0.000000,0.000000,           463P   3466
1.000000,1.000000,1.000000,1.000000,0.000000,0.000000,               463P   3467
0.000000,0.000000,1.000000,1.000000,1.000000,1.000000,               463P   3468
1.000000,1.000000,1.000000,1.000000,1.000000,1.000000,               463P   3469
1.000000,1.000000,1.000000,1.000000,1.000000,1.000000,               463P   3470
1.000000,1.000000,1.000000,1.000000,-1.778310,0.949667,              463P   3471
-0.230853,-1.702600,1.053923,-0.188408,-1.702600,1.053923,           463P   3472
-0.112428,-1.778310,0.949667,-0.061147,-1.745232,0.932002,           463P   3473
-0.230853,-1.678462,1.026983,-0.190962,-1.678462,1.026983,           463P   3474
-0.116119,-1.745232,0.932002,-0.061147,-1.627276,0.929076,           463P   3475
-0.241393,-1.569446,1.014783,-0.190224,-1.569446,1.014783,           463P   3476
-0.102687,-1.627276,0.929076,-0.030193,-1.590827,0.949566,           463P   3477
-0.250525,-1.541937,1.025999,-0.192310,-1.541937,1.025999,           463P   3478
-0.096310,-1.590827,0.949566,-0.010525,0.000000,1.000000,            463P   3479
0.000000,1.000000;                                                   463P   3480
128,3,3,3,3,0,0,1,0,0,0.000000,0.000000,0.000000,0.000000,           465P   3481
1.000000,1.000000,1.000000,1.000000,0.000000,0.000000,               465P   3482
0.000000,0.000000,1.000000,1.000000,1.000000,1.000000,               465P   3483
1.000000,1.000000,1.000000,1.000000,1.000000,1.000000,               465P   3484
1.000000,1.000000,1.000000,1.000000,1.000000,1.000000,               465P   3485
1.000000,1.000000,1.000000,1.000000,-1.945084,0.530005,              465P   3486
-0.230853,-1.960065,0.407802,-0.188408,-1.960065,0.407802,           465P   3487
-0.112428,-1.945084,0.530005,-0.061147,-1.930103,0.652208,           465P   3488
-0.273297,-1.914853,0.605491,-0.199611,-1.914853,0.605491,           465P   3489
-0.092389,-1.930103,0.652208,-0.009866,-1.854021,0.845412,           465P   3490
-0.273297,-1.808541,0.874181,-0.199611,-1.808541,0.874181,           465P   3491
-0.092389,-1.854021,0.845412,-0.009866,-1.778310,0.949667,           465P   3492
-0.230853,-1.702600,1.053923,-0.188408,-1.702600,1.053923,           465P   3493
-0.112428,-1.778310,0.949667,-0.061147,0.000000,1.000000,            465P   3494
0.000000,1.000000;                                                   465P   3495
128,3,3,3,3,0,0,1,0,0,0.000000,0.000000,0.000000,0.000000,           467P   3496
1.000000,1.000000,1.000000,1.000000,0.000000,0.000000,               467P   3497
0.000000,0.000000,1.000000,1.000000,1.000000,1.000000,               467P   3498
1.000000,1.000000,1.000000,1.000000,1.000000,1.000000,               467P   3499
1.000000,1.000000,1.000000,1.000000,1.000000,1.000000,               467P   3500
1.000000,1.000000,1.000000,1.000000,-1.757662,0.478935,              467P   3501
-0.358079,-1.685826,0.573478,-0.350280,-1.622074,0.735487,           467P   3502
-0.350280,-1.606958,0.858160,-0.358079,-1.709420,0.465790,           467P   3503
-0.333079,-1.651631,0.561929,-0.336284,-1.590154,0.719078,           467P   3504
-0.336284,-1.562853,0.834607,-0.333079,-1.602830,0.390530,           467P   3505
-0.241579,-1.549817,0.511338,-0.255789,-1.481345,0.686701,           467P   3506
-0.255789,-1.432590,0.818161,-0.241579,-1.581169,0.355202,           467P   3507
-0.214225,-1.534356,0.496999,-0.239440,-1.460314,0.686895,           467P   3508
-0.239440,-1.391531,0.830606,-0.214225,0.000000,1.000000,            467P   3509
0.000000,1.000000;                                                   467P   3510
128,3,3,3,3,0,0,1,0,0,0.000000,0.000000,0.000000,0.000000,           469P   3511
1.000000,1.000000,1.000000,1.000000,0.000000,0.000000,               469P   3512
0.000000,0.000000,1.000000,1.000000,1.000000,1.000000,               469P   3513
1.000000,1.000000,1.000000,1.000000,1.000000,1.000000,               469P   3514
1.000000,1.000000,1.000000,1.000000,1.000000,1.000000,               469P   3515
1.000000,1.000000,1.000000,1.000000,-1.751852,0.935538,              469P   3516
-0.384171,-1.851752,0.846353,-0.390314,-1.929076,0.650050,           469P   3517
-0.390314,-1.916144,0.522120,-0.384171,-1.707747,0.911985,           469P   3518
-0.359171,-1.813805,0.827898,-0.375061,-1.889145,0.635597,           469P   3519
-0.375061,-1.867903,0.508975,-0.359171,-1.610383,0.918992,           469P   3520
-0.273811,-1.734222,0.811031,-0.299448,-1.819202,0.593759,           469P   3521
-0.299448,-1.801272,0.439472,-0.273811,-1.590827,0.949566,           469P   3522
-0.250525,-1.730839,0.821909,-0.285910,-1.823850,0.583847,           469P   3523
-0.285910,-1.807625,0.406074,-0.250525,0.000000,1.000000,            469P   3524
0.000000,1.000000;                                                   469P   3525
128,3,3,3,3,0,0,1,0,0,0.000000,0.000000,0.000000,0.000000,           471P   3526
1.000000,1.000000,1.000000,1.000000,0.000000,0.000000,               471P   3527
0.000000,0.000000,1.000000,1.000000,1.000000,1.000000,               471P   3528
1.000000,1.000000,1.000000,1.000000,1.000000,1.000000,               471P   3529
1.000000,1.000000,1.000000,1.000000,1.000000,1.000000,               471P   3530
1.000000,1.000000,1.000000,1.000000,-1.916144,0.522120,              471P   3531
-0.384171,-1.903212,0.394189,-0.378029,-1.829497,0.384393,           471P   3532
-0.365878,-1.757662,0.478935,-0.358079,-1.867903,0.508975,           471P   3533
-0.359171,-1.856132,0.393117,-0.363820,-1.783413,0.384083,           471P   3534
-0.351534,-1.709420,0.465790,-0.333079,-1.801272,0.439472,           471P   3535
-0.273811,-1.777342,0.333767,-0.287205,-1.692300,0.323577,           471P   3536
-0.272737,-1.602830,0.390530,-0.241579,-1.807625,0.406074,           471P   3537
-0.250525,-1.775518,0.311797,-0.273355,-1.682135,0.301726,           471P   3538
-0.257395,-1.581169,0.355202,-0.214225,0.000000,1.000000,            471P   3539
0.000000,1.000000;                                                   471P   3540
128,3,3,3,3,0,0,1,0,0,0.000000,0.000000,0.000000,0.000000,           473P   3541
1.000000,1.000000,1.000000,1.000000,0.000000,0.000000,               473P   3542
0.000000,0.000000,1.000000,1.000000,1.000000,1.000000,               473P   3543
1.000000,1.000000,1.000000,1.000000,1.000000,1.000000,               473P   3544
1.000000,1.000000,1.000000,1.000000,1.000000,1.000000,               473P   3545
1.000000,1.000000,1.000000,1.000000,-1.606958,0.858160,              473P   3546
-0.358079,-1.591842,0.980833,-0.365878,-1.651952,1.024723,           473P   3547
-0.378029,-1.751852,0.935538,-0.384171,-1.562853,0.834607,           473P   3548
-0.333079,-1.558020,0.949301,-0.351534,-1.616818,0.993136,           473P   3549
-0.363820,-1.707747,0.911985,-0.359171,-1.432590,0.818161,           473P   3550
-0.241579,-1.449005,0.932695,-0.272737,-1.517457,0.984292,           473P   3551
-0.287205,-1.610383,0.918992,-0.273811,-1.391531,0.830606,           473P   3552
-0.214225,-1.425396,0.943204,-0.257395,-1.499704,1.000789,           473P   3553
-0.273355,-1.590827,0.949566,-0.250525,0.000000,1.000000,            473P   3554
0.000000,1.000000;                                                   473P   3555
128,3,3,3,3,0,0,1,0,0,0.000000,0.000000,0.000000,0.000000,           475P   3556
1.000000,1.000000,1.000000,1.000000,0.000000,0.000000,               475P   3557
0.000000,0.000000,1.000000,1.000000,1.000000,1.000000,               475P   3558
1.000000,1.000000,1.000000,1.000000,1.000000,1.000000,               475P   3559
1.000000,1.000000,1.000000,1.000000,1.000000,1.000000,               475P   3560
1.000000,1.000000,1.000000,1.000000,-1.757662,0.478935,              475P   3561
-0.358079,-1.829497,0.384393,-0.365878,-1.903212,0.394189,           475P   3562
-0.378029,-1.916144,0.522120,-0.384171,-1.685826,0.573478,           475P   3563
-0.350280,-1.758443,0.558670,-0.362726,-1.857389,0.587161,           475P   3564
-0.379524,-1.929076,0.650050,-0.390314,-1.622074,0.735487,           475P   3565
-0.350280,-1.662693,0.800717,-0.362726,-1.754090,0.848204,           475P   3566
-0.379524,-1.851752,0.846353,-0.390314,-1.606958,0.858160,           475P   3567
-0.358079,-1.591842,0.980833,-0.365878,-1.651952,1.024723,           475P   3568
-0.378029,-1.751852,0.935538,-0.384171,0.000000,1.000000,            475P   3569
0.000000,1.000000;                                                   475P   3570
128,3,3,3,3,0,0,1,0,0,0.000000,0.000000,0.000000,0.000000,           477P   3571
1.000000,1.000000,1.000000,1.000000,0.000000,0.000000,               477P   3572
0.000000,0.000000,1.000000,1.000000,1.000000,1.000000,               477P   3573
1.000000,1.000000,1.000000,1.000000,1.000000,1.000000,               477P   3574
1.000000,1.000000,1.000000,1.000000,1.000000,1.000000,               477P   3575
1.000000,1.000000,1.000000,1.000000,-1.916144,0.522120,              477P   3576
0.215829,-1.929076,0.650050,0.209686,-1.851752,0.846353,             477P   3577
0.209686,-1.751852,0.935538,0.215829,-1.867903,0.508975,             477P   3578
0.165829,-1.889145,0.635597,0.173939,-1.813805,0.827898,             477P   3579
0.173939,-1.707747,0.911985,0.165829,-1.801272,0.439472,             477P   3580
0.023789,-1.819202,0.593759,0.046152,-1.734222,0.811031,             477P   3581
0.046152,-1.610383,0.918992,0.023789,-1.807625,0.406074,             477P   3582
-0.010525,-1.823850,0.583847,0.026090,-1.730839,0.821909,            477P   3583
0.026090,-1.590827,0.949566,-0.010525,0.000000,1.000000,             477P   3584
0.000000,1.000000;                                                   477P   3585
128,3,3,3,3,0,0,1,0,0,0.000000,0.000000,0.000000,0.000000,           479P   3586
1.000000,1.000000,1.000000,1.000000,0.000000,0.000000,               479P   3587
0.000000,0.000000,1.000000,1.000000,1.000000,1.000000,               479P   3588
1.000000,1.000000,1.000000,1.000000,1.000000,1.000000,               479P   3589
1.000000,1.000000,1.000000,1.000000,1.000000,1.000000,               479P   3590
1.000000,1.000000,1.000000,1.000000,-1.606958,0.858160,              479P   3591
0.241921,-1.622074,0.735487,0.249720,-1.685826,0.573478,             479P   3592
0.249720,-1.757662,0.478935,0.241921,-1.562853,0.834607,             479P   3593
0.191921,-1.590154,0.719078,0.212716,-1.651631,0.561929,             479P   3594
0.212716,-1.709420,0.465790,0.191921,-1.432590,0.818161,             479P   3595
0.056021,-1.481345,0.686701,0.089811,-1.549817,0.511338,             479P   3596
0.089811,-1.602830,0.390530,0.056021,-1.391531,0.830606,             479P   3597
0.025775,-1.460314,0.686895,0.072560,-1.534356,0.496999,             479P   3598
0.072560,-1.581169,0.355202,0.025775,0.000000,1.000000,              479P   3599
0.000000,1.000000;                                                   479P   3600
128,3,3,3,3,0,0,1,0,0,0.000000,0.000000,0.000000,0.000000,           481P   3601
1.000000,1.000000,1.000000,1.000000,0.000000,0.000000,               481P   3602
0.000000,0.000000,1.000000,1.000000,1.000000,1.000000,               481P   3603
1.000000,1.000000,1.000000,1.000000,1.000000,1.000000,               481P   3604
1.000000,1.000000,1.000000,1.000000,1.000000,1.000000,               481P   3605
1.000000,1.000000,1.000000,1.000000,-1.757662,0.478935,              481P   3606
0.241921,-1.829497,0.384393,0.234122,-1.903212,0.394189,             481P   3607
0.221971,-1.916144,0.522120,0.215829,-1.709420,0.465790,             481P   3608
0.191921,-1.783413,0.384083,0.197466,-1.856132,0.393117,             481P   3609
0.185180,-1.867903,0.508975,0.165829,-1.602830,0.390530,             481P   3610
0.056021,-1.692300,0.323577,0.072863,-1.777342,0.333767,             481P   3611
0.058395,-1.801272,0.439472,0.023789,-1.581169,0.355202,             481P   3612
0.025775,-1.682135,0.301726,0.054605,-1.775518,0.311797,             481P   3613
0.038645,-1.807625,0.406074,-0.010525,0.000000,1.000000,             481P   3614
0.000000,1.000000;                                                   481P   3615
128,3,3,3,3,0,0,1,0,0,0.000000,0.000000,0.000000,0.000000,           483P   3616
1.000000,1.000000,1.000000,1.000000,0.000000,0.000000,               483P   3617
0.000000,0.000000,1.000000,1.000000,1.000000,1.000000,               483P   3618
1.000000,1.000000,1.000000,1.000000,1.000000,1.000000,               483P   3619
1.000000,1.000000,1.000000,1.000000,1.000000,1.000000,               483P   3620
1.000000,1.000000,1.000000,1.000000,-1.751852,0.935538,              483P   3621
0.215829,-1.651952,1.024723,0.221971,-1.591842,0.980833,             483P   3622
0.234122,-1.606958,0.858160,0.241921,-1.707747,0.911985,             483P   3623
0.165829,-1.616818,0.993136,0.185180,-1.558020,0.949301,             483P   3624
0.197466,-1.562853,0.834607,0.191921,-1.610383,0.918992,             483P   3625
0.023789,-1.517457,0.984292,0.058395,-1.449005,0.932695,             483P   3626
0.072863,-1.432590,0.818161,0.056021,-1.590827,0.949566,             483P   3627
-0.010525,-1.499704,1.000789,0.038645,-1.425396,0.943204,            483P   3628
0.054605,-1.391531,0.830606,0.025775,0.000000,1.000000,              483P   3629
0.000000,1.000000;                                                   483P   3630
128,3,3,3,3,0,0,1,0,0,0.000000,0.000000,0.000000,0.000000,           485P   3631
1.000000,1.000000,1.000000,1.000000,0.000000,0.000000,               485P   3632
0.000000,0.000000,1.000000,1.000000,1.000000,1.000000,               485P   3633
1.000000,1.000000,1.000000,1.000000,1.000000,1.000000,               485P   3634
1.000000,1.000000,1.000000,1.000000,1.000000,1.000000,               485P   3635
1.000000,1.000000,1.000000,1.000000,-1.916144,0.522120,              485P   3636
0.215829,-1.903212,0.394189,0.221971,-1.829497,0.384393,             485P   3637
0.234122,-1.757662,0.478935,0.241921,-1.929076,0.650050,             485P   3638
0.209686,-1.857389,0.587161,0.220476,-1.758443,0.558670,             485P   3639
0.237274,-1.685826,0.573478,0.249720,-1.851752,0.846353,             485P   3640
0.209686,-1.754090,0.848204,0.220476,-1.662693,0.800717,             485P   3641
0.237274,-1.622074,0.735487,0.249720,-1.751852,0.935538,             485P   3642
0.215829,-1.651952,1.024723,0.221971,-1.591842,0.980833,             485P   3643
0.234122,-1.606958,0.858160,0.241921,0.000000,1.000000,              485P   3644
0.000000,1.000000;                                                   485P   3645
128,3,3,3,3,0,0,1,0,0,0.000000,0.000000,0.000000,0.000000,           487P   3646
1.000000,1.000000,1.000000,1.000000,0.000000,0.000000,               487P   3647
0.000000,0.000000,1.000000,1.000000,1.000000,1.000000,               487P   3648
1.000000,1.000000,1.000000,1.000000,1.000000,1.000000,               487P   3649
1.000000,1.000000,1.000000,1.000000,1.000000,1.000000,               487P   3650
1.000000,1.000000,1.000000,1.000000,0.000000,1.802005,               487P   3651
-0.045318,0.000000,1.830442,-0.102742,0.000000,1.830442,             487P   3652
-0.178722,0.000000,1.802005,-0.215024,-0.079638,1.802005,            487P   3653
-0.045318,-0.051806,1.826257,-0.104385,-0.051806,1.826257,           487P   3654
-0.179228,-0.079638,1.802005,-0.215024,-0.334965,1.801135,           487P   3655
-0.025171,-0.279301,1.821202,-0.099713,-0.279301,1.821202,           487P   3656
-0.187250,-0.334965,1.801135,-0.236371,-0.406074,1.807625,           487P   3657
-0.010525,-0.322578,1.823507,-0.096310,-0.322578,1.823507,           487P   3658
-0.192310,-0.406074,1.807625,-0.250525,0.000000,1.000000,            487P   3659
0.000000,1.000000;                                                   487P   3660
128,3,3,3,3,0,0,1,0,0,0.000000,0.000000,0.000000,0.000000,           489P   3661
1.000000,1.000000,1.000000,1.000000,0.000000,0.000000,               489P   3662
0.000000,0.000000,1.000000,1.000000,1.000000,1.000000,               489P   3663
1.000000,1.000000,1.000000,1.000000,1.000000,1.000000,               489P   3664
1.000000,1.000000,1.000000,1.000000,1.000000,1.000000,               489P   3665
1.000000,1.000000,1.000000,1.000000,0.000000,1.637745,               489P   3666
-0.188932,0.000000,1.575619,-0.138688,0.000000,1.575619,             489P   3667
-0.062708,0.000000,1.637745,-0.019226,-0.072379,1.637745,            489P   3668
-0.188932,-0.042938,1.578276,-0.140451,-0.042938,1.578276,           489P   3669
-0.065609,-0.072379,1.637745,-0.019226,-0.298483,1.599894,           489P   3670
-0.204139,-0.239602,1.543083,-0.143591,-0.239602,1.543083,           489P   3671
-0.056053,-0.298483,1.599894,0.007061,-0.355202,1.581169,            489P   3672
-0.214225,-0.266880,1.527016,-0.145840,-0.266880,1.527016,           489P   3673
-0.049840,-0.355202,1.581169,0.025775,0.000000,1.000000,             489P   3674
0.000000,1.000000;                                                   489P   3675
128,3,3,3,3,0,0,1,0,0,0.000000,0.000000,0.000000,0.000000,           491P   3676
1.000000,1.000000,1.000000,1.000000,0.000000,0.000000,               491P   3677
0.000000,0.000000,1.000000,1.000000,1.000000,1.000000,               491P   3678
1.000000,1.000000,1.000000,1.000000,1.000000,1.000000,               491P   3679
1.000000,1.000000,1.000000,1.000000,1.000000,1.000000,               491P   3680
1.000000,1.000000,1.000000,1.000000,0.000000,1.637745,               491P   3681
-0.019226,0.000000,1.699871,0.024256,0.000000,1.773569,              491P   3682
0.012105,0.000000,1.802005,-0.045318,-0.072379,1.637745,             491P   3683
-0.019226,-0.051321,1.705907,0.020506,-0.051445,1.779256,            491P   3684
0.008220,-0.079638,1.802005,-0.045318,-0.298483,1.599894,            491P   3685
0.007061,-0.263688,1.686419,0.040997,-0.271258,1.771746,             491P   3686
0.026528,-0.334965,1.801135,-0.025171,-0.355202,1.581169,            491P   3687
0.025775,-0.301726,1.682135,0.054605,-0.311797,1.775518,             491P   3688
0.038645,-0.406074,1.807625,-0.010525,0.000000,1.000000,             491P   3689
0.000000,1.000000;                                                   491P   3690
128,3,3,3,3,0,0,1,0,0,0.000000,0.000000,0.000000,0.000000,           493P   3691
1.000000,1.000000,1.000000,1.000000,0.000000,0.000000,               493P   3692
0.000000,0.000000,1.000000,1.000000,1.000000,1.000000,               493P   3693
1.000000,1.000000,1.000000,1.000000,1.000000,1.000000,               493P   3694
1.000000,1.000000,1.000000,1.000000,1.000000,1.000000,               493P   3695
1.000000,1.000000,1.000000,1.000000,0.000000,1.802005,               493P   3696
-0.215024,0.000000,1.773569,-0.251326,0.000000,1.699871,             493P   3697
-0.239176,0.000000,1.637745,-0.188932,-0.079638,1.802005,            493P   3698
-0.215024,-0.051445,1.779256,-0.247970,-0.051321,1.705907,           493P   3699
-0.235683,-0.072379,1.637745,-0.188932,-0.334965,1.801135,           493P   3700
-0.236371,-0.271258,1.771746,-0.263914,-0.263688,1.686419,           493P   3701
-0.249445,-0.298483,1.599894,-0.204139,-0.406074,1.807625,           493P   3702
-0.250525,-0.311797,1.775518,-0.273355,-0.301726,1.682135,           493P   3703
-0.257395,-0.355202,1.581169,-0.214225,0.000000,1.000000,            493P   3704
0.000000,1.000000;                                                   493P   3705
128,3,3,3,3,0,0,1,0,0,0.000000,0.000000,0.000000,0.000000,           495P   3706
1.000000,1.000000,1.000000,1.000000,0.000000,0.000000,               495P   3707
0.000000,0.000000,1.000000,1.000000,1.000000,1.000000,               495P   3708
1.000000,1.000000,1.000000,1.000000,1.000000,1.000000,               495P   3709
1.000000,1.000000,1.000000,1.000000,1.000000,1.000000,               495P   3710
1.000000,1.000000,1.000000,1.000000,-1.274210,1.274210,              495P   3711
-0.215024,-1.294318,1.294318,-0.178722,-1.294318,1.294318,           495P   3712
-0.102742,-1.274210,1.274210,-0.045318,-1.208236,1.340185,           495P   3713
-0.215024,-1.247119,1.337293,-0.179228,-1.247119,1.337293,           495P   3714
-0.104385,-1.208236,1.340185,-0.045318,-1.000628,1.534822,           495P   3715
-0.236371,-1.058286,1.508931,-0.187250,-1.058286,1.508931,           495P   3716
-0.099713,-1.000628,1.534822,-0.025171,-0.949566,1.590827,           495P   3717
-0.250525,-1.025999,1.541937,-0.192310,-1.025999,1.541937,           495P   3718
-0.096310,-0.949566,1.590827,-0.010525,0.000000,1.000000,            495P   3719
0.000000,1.000000;                                                   495P   3720
128,3,3,3,3,0,0,1,0,0,0.000000,0.000000,0.000000,0.000000,           497P   3721
1.000000,1.000000,1.000000,1.000000,0.000000,0.000000,               497P   3722
0.000000,0.000000,1.000000,1.000000,1.000000,1.000000,               497P   3723
1.000000,1.000000,1.000000,1.000000,1.000000,1.000000,               497P   3724
1.000000,1.000000,1.000000,1.000000,1.000000,1.000000,               497P   3725
1.000000,1.000000,1.000000,1.000000,-1.158060,1.158060,              497P   3726
-0.019226,-1.114131,1.114131,-0.062708,-1.114131,1.114131,           497P   3727
-0.138688,-1.158060,1.158060,-0.188932,-1.098100,1.218021,           497P   3728
-0.019226,-1.079184,1.154518,-0.065609,-1.079184,1.154518,           497P   3729
-0.140451,-1.098100,1.218021,-0.188932,-0.888090,1.364017,           497P   3730
0.007061,-0.894188,1.280941,-0.056053,-0.894188,1.280941,            497P   3731
-0.143591,-0.888090,1.364017,-0.204139,-0.830606,1.391531,           497P   3732
0.025775,-0.861718,1.288881,-0.049840,-0.861718,1.288881,            497P   3733
-0.145840,-0.830606,1.391531,-0.214225,0.000000,1.000000,            497P   3734
0.000000,1.000000;                                                   497P   3735
128,3,3,3,3,0,0,1,0,0,0.000000,0.000000,0.000000,0.000000,           499P   3736
1.000000,1.000000,1.000000,1.000000,0.000000,0.000000,               499P   3737
0.000000,0.000000,1.000000,1.000000,1.000000,1.000000,               499P   3738
1.000000,1.000000,1.000000,1.000000,1.000000,1.000000,               499P   3739
1.000000,1.000000,1.000000,1.000000,1.000000,1.000000,               499P   3740
1.000000,1.000000,1.000000,1.000000,-1.158060,1.158060,              499P   3741
-0.188932,-1.201990,1.201990,-0.239176,-1.254103,1.254103,           499P   3742
-0.251326,-1.274210,1.274210,-0.215024,-1.098100,1.218021,           499P   3743
-0.188932,-1.162602,1.251362,-0.235683,-1.214222,1.303639,           499P   3744
-0.247970,-1.208236,1.340185,-0.215024,-0.888090,1.364017,           499P   3745
-0.204139,-0.975970,1.400979,-0.249445,-1.029903,1.467629,           499P   3746
-0.263914,-1.000628,1.534822,-0.236371,-0.830606,1.391531,           499P   3747
-0.214225,-0.943204,1.425396,-0.257395,-1.000789,1.499704,           499P   3748
-0.273355,-0.949566,1.590827,-0.250525,0.000000,1.000000,            499P   3749
0.000000,1.000000;                                                   499P   3750
128,3,3,3,3,0,0,1,0,0,0.000000,0.000000,0.000000,0.000000,           501P   3751
1.000000,1.000000,1.000000,1.000000,0.000000,0.000000,               501P   3752
0.000000,0.000000,1.000000,1.000000,1.000000,1.000000,               501P   3753
1.000000,1.000000,1.000000,1.000000,1.000000,1.000000,               501P   3754
1.000000,1.000000,1.000000,1.000000,1.000000,1.000000,               501P   3755
1.000000,1.000000,1.000000,1.000000,-1.274210,1.274210,              501P   3756
-0.045318,-1.254103,1.254103,0.012105,-1.201990,1.201990,            501P   3757
0.024256,-1.158060,1.158060,-0.019226,-1.208236,1.340185,            501P   3758
-0.045318,-1.214222,1.303639,0.008220,-1.162602,1.251362,            501P   3759
0.020506,-1.098100,1.218021,-0.019226,-1.000628,1.534822,            501P   3760
-0.025171,-1.029903,1.467629,0.026528,-0.975970,1.400979,            501P   3761
0.040997,-0.888090,1.364017,0.007061,-0.949566,1.590827,             501P   3762
-0.010525,-1.000789,1.499704,0.038645,-0.943204,1.425396,            501P   3763
0.054605,-0.830606,1.391531,0.025775,0.000000,1.000000,              501P   3764
0.000000,1.000000;                                                   501P   3765
128,3,3,3,3,0,0,1,0,0,0.000000,0.000000,0.000000,0.000000,           503P   3766
1.000000,1.000000,1.000000,1.000000,0.000000,0.000000,               503P   3767
0.000000,0.000000,1.000000,1.000000,1.000000,1.000000,               503P   3768
1.000000,1.000000,1.000000,1.000000,1.000000,1.000000,               503P   3769
1.000000,1.000000,1.000000,1.000000,1.000000,1.000000,               503P   3770
1.000000,1.000000,1.000000,1.000000,-0.678805,1.271104,              503P   3771
0.013853,-0.606659,1.329667,0.065134,-0.467512,1.384466,             503P   3772
0.065134,-0.378838,1.390310,0.013853,-0.694262,1.300048,             503P   3773
0.009165,-0.615477,1.355097,0.058948,-0.476630,1.409389,             503P   3774
0.058948,-0.387464,1.421969,0.009165,-0.785566,1.377984,             503P   3775
0.014243,-0.668361,1.442240,0.062527,-0.498031,1.508747,             503P   3776
0.062527,-0.376592,1.540783,0.014243,-0.830606,1.391531,             503P   3777
0.025775,-0.686895,1.460314,0.072560,-0.496999,1.534356,             503P   3778
0.072560,-0.355202,1.581169,0.025775,0.000000,1.000000,              503P   3779
0.000000,1.000000;                                                   503P   3780
128,3,3,3,3,0,0,1,0,0,0.000000,0.000000,0.000000,0.000000,           505P   3781
1.000000,1.000000,1.000000,1.000000,0.000000,0.000000,               505P   3782
0.000000,0.000000,1.000000,1.000000,1.000000,1.000000,               505P   3783
1.000000,1.000000,1.000000,1.000000,1.000000,1.000000,               505P   3784
1.000000,1.000000,1.000000,1.000000,1.000000,1.000000,               505P   3785
1.000000,1.000000,1.000000,1.000000,-0.378838,1.390310,              505P   3786
-0.155853,-0.467512,1.384466,-0.198297,-0.606659,1.329667,           505P   3787
-0.198297,-0.678805,1.271104,-0.155853,-0.387464,1.421969,           505P   3788
-0.160540,-0.476630,1.409389,-0.197242,-0.615477,1.355097,           505P   3789
-0.197242,-0.694262,1.300048,-0.160540,-0.376592,1.540783,           505P   3790
-0.196957,-0.498031,1.508747,-0.227915,-0.668361,1.442240,           505P   3791
-0.227915,-0.785566,1.377984,-0.196957,-0.355202,1.581169,           505P   3792
-0.214225,-0.496999,1.534356,-0.239440,-0.686895,1.460314,           505P   3793
-0.239440,-0.830606,1.391531,-0.214225,0.000000,1.000000,            505P   3794
0.000000,1.000000;                                                   505P   3795
128,3,3,3,3,0,0,1,0,0,0.000000,0.000000,0.000000,0.000000,           507P   3796
1.000000,1.000000,1.000000,1.000000,0.000000,0.000000,               507P   3797
0.000000,0.000000,1.000000,1.000000,1.000000,1.000000,               507P   3798
1.000000,1.000000,1.000000,1.000000,1.000000,1.000000,               507P   3799
1.000000,1.000000,1.000000,1.000000,1.000000,1.000000,               507P   3800
1.000000,1.000000,1.000000,1.000000,-0.678805,1.271104,              507P   3801
-0.155853,-0.750950,1.212541,-0.113408,-0.750950,1.212541,           507P   3802
-0.037428,-0.678805,1.271104,0.013853,-0.694262,1.300048,            507P   3803
-0.160540,-0.752729,1.226789,-0.117259,-0.752729,1.226789,           507P   3804
-0.042417,-0.694262,1.300048,0.009165,-0.785566,1.377984,            507P   3805
-0.196957,-0.830356,1.290031,-0.139008,-0.830356,1.290031,           507P   3806
-0.051471,-0.785566,1.377984,0.014243,-0.830606,1.391531,            507P   3807
-0.214225,-0.861718,1.288881,-0.145840,-0.861718,1.288881,           507P   3808
-0.049840,-0.830606,1.391531,0.025775,0.000000,1.000000,             507P   3809
0.000000,1.000000;                                                   507P   3810
128,3,3,3,3,0,0,1,0,0,0.000000,0.000000,0.000000,0.000000,           509P   3811
1.000000,1.000000,1.000000,1.000000,0.000000,0.000000,               509P   3812
0.000000,0.000000,1.000000,1.000000,1.000000,1.000000,               509P   3813
1.000000,1.000000,1.000000,1.000000,1.000000,1.000000,               509P   3814
1.000000,1.000000,1.000000,1.000000,1.000000,1.000000,               509P   3815
1.000000,1.000000,1.000000,1.000000,-0.378838,1.390310,              509P   3816
0.013853,-0.290164,1.396155,-0.037428,-0.290164,1.396155,            509P   3817
-0.113408,-0.378838,1.390310,-0.155853,-0.387464,1.421969,           509P   3818
0.009165,-0.298908,1.407814,-0.042417,-0.298908,1.407814,            509P   3819
-0.117259,-0.387464,1.421969,-0.160540,-0.376592,1.540783,           509P   3820
0.014243,-0.288153,1.506629,-0.051471,-0.288153,1.506629,            509P   3821
-0.139008,-0.376592,1.540783,-0.196957,-0.355202,1.581169,           509P   3822
0.025775,-0.266880,1.527016,-0.049840,-0.266880,1.527016,            509P   3823
-0.145840,-0.355202,1.581169,-0.214225,0.000000,1.000000,            509P   3824
0.000000,1.000000;                                                   509P   3825
128,3,3,3,3,0,0,1,0,0,0.000000,0.000000,0.000000,0.000000,           511P   3826
1.000000,1.000000,1.000000,1.000000,0.000000,0.000000,               511P   3827
0.000000,0.000000,1.000000,1.000000,1.000000,1.000000,               511P   3828
1.000000,1.000000,1.000000,1.000000,1.000000,1.000000,               511P   3829
1.000000,1.000000,1.000000,1.000000,1.000000,1.000000,               511P   3830
1.000000,1.000000,1.000000,1.000000,-0.949667,1.778310,              511P   3831
-0.230853,-0.845412,1.854021,-0.273297,-0.652208,1.930103,           511P   3832
-0.273297,-0.530005,1.945084,-0.230853,-0.932002,1.745232,           511P   3833
-0.230853,-0.836307,1.835784,-0.270944,-0.644512,1.910916,           511P   3834
-0.270944,-0.520146,1.908903,-0.230853,-0.929076,1.627276,           511P   3835
-0.241393,-0.814861,1.743544,-0.279131,-0.597393,1.828601,           511P   3836
-0.279131,-0.443785,1.820468,-0.241393,-0.949566,1.590827,           511P   3837
-0.250525,-0.821909,1.730839,-0.285910,-0.583847,1.823850,           511P   3838
-0.285910,-0.406074,1.807625,-0.250525,0.000000,1.000000,            511P   3839
0.000000,1.000000;                                                   511P   3840
128,3,3,3,3,0,0,1,0,0,0.000000,0.000000,0.000000,0.000000,           513P   3841
1.000000,1.000000,1.000000,1.000000,0.000000,0.000000,               513P   3842
0.000000,0.000000,1.000000,1.000000,1.000000,1.000000,               513P   3843
1.000000,1.000000,1.000000,1.000000,1.000000,1.000000,               513P   3844
1.000000,1.000000,1.000000,1.000000,1.000000,1.000000,               513P   3845
1.000000,1.000000,1.000000,1.000000,-0.530005,1.945084,              513P   3846
-0.061147,-0.652208,1.930103,-0.009866,-0.845412,1.854021,           513P   3847
-0.009866,-0.949667,1.778310,-0.061147,-0.520146,1.908903,           513P   3848
-0.061147,-0.644512,1.910916,-0.014755,-0.836307,1.835784,           513P   3849
-0.014755,-0.932002,1.745232,-0.061147,-0.443785,1.820468,           513P   3850
-0.030193,-0.597393,1.828601,0.011311,-0.814861,1.743544,            513P   3851
0.011311,-0.929076,1.627276,-0.030193,-0.406074,1.807625,            513P   3852
-0.010525,-0.583847,1.823850,0.026090,-0.821909,1.730839,            513P   3853
0.026090,-0.949566,1.590827,-0.010525,0.000000,1.000000,             513P   3854
0.000000,1.000000;                                                   513P   3855
128,3,3,3,3,0,0,1,0,0,0.000000,0.000000,0.000000,0.000000,           515P   3856
1.000000,1.000000,1.000000,1.000000,0.000000,0.000000,               515P   3857
0.000000,0.000000,1.000000,1.000000,1.000000,1.000000,               515P   3858
1.000000,1.000000,1.000000,1.000000,1.000000,1.000000,               515P   3859
1.000000,1.000000,1.000000,1.000000,1.000000,1.000000,               515P   3860
1.000000,1.000000,1.000000,1.000000,-0.949667,1.778310,              515P   3861
-0.061147,-1.053923,1.702600,-0.112428,-1.053923,1.702600,           515P   3862
-0.188408,-0.949667,1.778310,-0.230853,-0.932002,1.745232,           515P   3863
-0.061147,-1.026983,1.678462,-0.116119,-1.026983,1.678462,           515P   3864
-0.190962,-0.932002,1.745232,-0.230853,-0.929076,1.627276,           515P   3865
-0.030193,-1.014783,1.569446,-0.102687,-1.014783,1.569446,           515P   3866
-0.190224,-0.929076,1.627276,-0.241393,-0.949566,1.590827,           515P   3867
-0.010525,-1.025999,1.541937,-0.096310,-1.025999,1.541937,           515P   3868
-0.192310,-0.949566,1.590827,-0.250525,0.000000,1.000000,            515P   3869
0.000000,1.000000;                                                   515P   3870
128,3,3,3,3,0,0,1,0,0,0.000000,0.000000,0.000000,0.000000,           517P   3871
1.000000,1.000000,1.000000,1.000000,0.000000,0.000000,               517P   3872
0.000000,0.000000,1.000000,1.000000,1.000000,1.000000,               517P   3873
1.000000,1.000000,1.000000,1.000000,1.000000,1.000000,               517P   3874
1.000000,1.000000,1.000000,1.000000,1.000000,1.000000,               517P   3875
1.000000,1.000000,1.000000,1.000000,-0.530005,1.945084,              517P   3876
-0.230853,-0.407802,1.960065,-0.188408,-0.407802,1.960065,           517P   3877
-0.112428,-0.530005,1.945084,-0.061147,-0.520146,1.908903,           517P   3878
-0.230853,-0.410846,1.924184,-0.190962,-0.410846,1.924184,           517P   3879
-0.116119,-0.520146,1.908903,-0.061147,-0.443785,1.820468,           517P   3880
-0.241393,-0.347386,1.836050,-0.190224,-0.347386,1.836050,           517P   3881
-0.102687,-0.443785,1.820468,-0.030193,-0.406074,1.807625,           517P   3882
-0.250525,-0.322578,1.823507,-0.192310,-0.322578,1.823507,           517P   3883
-0.096310,-0.406074,1.807625,-0.010525,0.000000,1.000000,            517P   3884
0.000000,1.000000;                                                   517P   3885
128,3,3,3,3,0,0,1,0,0,0.000000,0.000000,0.000000,0.000000,           519P   3886
1.000000,1.000000,1.000000,1.000000,0.000000,0.000000,               519P   3887
0.000000,0.000000,1.000000,1.000000,1.000000,1.000000,               519P   3888
1.000000,1.000000,1.000000,1.000000,1.000000,1.000000,               519P   3889
1.000000,1.000000,1.000000,1.000000,1.000000,1.000000,               519P   3890
1.000000,1.000000,1.000000,1.000000,-0.949667,1.778310,              519P   3891
-0.230853,-1.053923,1.702600,-0.188408,-1.053923,1.702600,           519P   3892
-0.112428,-0.949667,1.778310,-0.061147,-0.845412,1.854021,           519P   3893
-0.273297,-0.874181,1.808541,-0.199611,-0.874181,1.808541,           519P   3894
-0.092389,-0.845412,1.854021,-0.009866,-0.652208,1.930103,           519P   3895
-0.273297,-0.605491,1.914853,-0.199611,-0.605491,1.914853,           519P   3896
-0.092389,-0.652208,1.930103,-0.009866,-0.530005,1.945084,           519P   3897
-0.230853,-0.407802,1.960065,-0.188408,-0.407802,1.960065,           519P   3898
-0.112428,-0.530005,1.945084,-0.061147,0.000000,1.000000,            519P   3899
0.000000,1.000000;                                                   519P   3900
128,3,3,3,3,0,0,1,0,0,0.000000,0.000000,0.000000,0.000000,           521P   3901
1.000000,1.000000,1.000000,1.000000,0.000000,0.000000,               521P   3902
0.000000,0.000000,1.000000,1.000000,1.000000,1.000000,               521P   3903
1.000000,1.000000,1.000000,1.000000,1.000000,1.000000,               521P   3904
1.000000,1.000000,1.000000,1.000000,1.000000,1.000000,               521P   3905
1.000000,1.000000,1.000000,1.000000,-0.858160,1.606958,              521P   3906
-0.358079,-0.735487,1.622074,-0.350280,-0.573478,1.685826,           521P   3907
-0.350280,-0.478935,1.757662,-0.358079,-0.834607,1.562853,           521P   3908
-0.333079,-0.719078,1.590154,-0.336284,-0.561929,1.651631,           521P   3909
-0.336284,-0.465790,1.709420,-0.333079,-0.818161,1.432590,           521P   3910
-0.241579,-0.686701,1.481345,-0.255789,-0.511338,1.549817,           521P   3911
-0.255789,-0.390530,1.602830,-0.241579,-0.830606,1.391531,           521P   3912
-0.214225,-0.686895,1.460314,-0.239440,-0.496999,1.534356,           521P   3913
-0.239440,-0.355202,1.581169,-0.214225,0.000000,1.000000,            521P   3914
0.000000,1.000000;                                                   521P   3915
128,3,3,3,3,0,0,1,0,0,0.000000,0.000000,0.000000,0.000000,           523P   3916
1.000000,1.000000,1.000000,1.000000,0.000000,0.000000,               523P   3917
0.000000,0.000000,1.000000,1.000000,1.000000,1.000000,               523P   3918
1.000000,1.000000,1.000000,1.000000,1.000000,1.000000,               523P   3919
1.000000,1.000000,1.000000,1.000000,1.000000,1.000000,               523P   3920
1.000000,1.000000,1.000000,1.000000,-0.522120,1.916144,              523P   3921
-0.384171,-0.650050,1.929076,-0.390314,-0.846353,1.851752,           523P   3922
-0.390314,-0.935538,1.751852,-0.384171,-0.508975,1.867903,           523P   3923
-0.359171,-0.635597,1.889145,-0.375061,-0.827898,1.813805,           523P   3924
-0.375061,-0.911985,1.707747,-0.359171,-0.439472,1.801272,           523P   3925
-0.273811,-0.593759,1.819202,-0.299448,-0.811031,1.734222,           523P   3926
-0.299448,-0.918992,1.610383,-0.273811,-0.406074,1.807625,           523P   3927
-0.250525,-0.583847,1.823850,-0.285910,-0.821909,1.730839,           523P   3928
-0.285910,-0.949566,1.590827,-0.250525,0.000000,1.000000,            523P   3929
0.000000,1.000000;                                                   523P   3930
128,3,3,3,3,0,0,1,0,0,0.000000,0.000000,0.000000,0.000000,           525P   3931
1.000000,1.000000,1.000000,1.000000,0.000000,0.000000,               525P   3932
0.000000,0.000000,1.000000,1.000000,1.000000,1.000000,               525P   3933
1.000000,1.000000,1.000000,1.000000,1.000000,1.000000,               525P   3934
1.000000,1.000000,1.000000,1.000000,1.000000,1.000000,               525P   3935
1.000000,1.000000,1.000000,1.000000,-0.935538,1.751852,              525P   3936
-0.384171,-1.024723,1.651952,-0.378029,-0.980833,1.591842,           525P   3937
-0.365878,-0.858160,1.606958,-0.358079,-0.911985,1.707747,           525P   3938
-0.359171,-0.993136,1.616818,-0.363820,-0.949301,1.558020,           525P   3939
-0.351534,-0.834607,1.562853,-0.333079,-0.918992,1.610383,           525P   3940
-0.273811,-0.984292,1.517457,-0.287205,-0.932695,1.449005,           525P   3941
-0.272737,-0.818161,1.432590,-0.241579,-0.949566,1.590827,           525P   3942
-0.250525,-1.000789,1.499704,-0.273355,-0.943204,1.425396,           525P   3943
-0.257395,-0.830606,1.391531,-0.214225,0.000000,1.000000,            525P   3944
0.000000,1.000000;                                                   525P   3945
128,3,3,3,3,0,0,1,0,0,0.000000,0.000000,0.000000,0.000000,           527P   3946
1.000000,1.000000,1.000000,1.000000,0.000000,0.000000,               527P   3947
0.000000,0.000000,1.000000,1.000000,1.000000,1.000000,               527P   3948
1.000000,1.000000,1.000000,1.000000,1.000000,1.000000,               527P   3949
1.000000,1.000000,1.000000,1.000000,1.000000,1.000000,               527P   3950
1.000000,1.000000,1.000000,1.000000,-0.478935,1.757662,              527P   3951
-0.358079,-0.384393,1.829497,-0.365878,-0.394189,1.903212,           527P   3952
-0.378029,-0.522120,1.916144,-0.384171,-0.465790,1.709420,           527P   3953
-0.333079,-0.384083,1.783413,-0.351534,-0.393117,1.856132,           527P   3954
-0.363820,-0.508975,1.867903,-0.359171,-0.390530,1.602830,           527P   3955
-0.241579,-0.323577,1.692300,-0.272737,-0.333767,1.777342,           527P   3956
-0.287205,-0.439472,1.801272,-0.273811,-0.355202,1.581169,           527P   3957
-0.214225,-0.301726,1.682135,-0.257395,-0.311797,1.775518,           527P   3958
-0.273355,-0.406074,1.807625,-0.250525,0.000000,1.000000,            527P   3959
0.000000,1.000000;                                                   527P   3960
128,3,3,3,3,0,0,1,0,0,0.000000,0.000000,0.000000,0.000000,           529P   3961
1.000000,1.000000,1.000000,1.000000,0.000000,0.000000,               529P   3962
0.000000,0.000000,1.000000,1.000000,1.000000,1.000000,               529P   3963
1.000000,1.000000,1.000000,1.000000,1.000000,1.000000,               529P   3964
1.000000,1.000000,1.000000,1.000000,1.000000,1.000000,               529P   3965
1.000000,1.000000,1.000000,1.000000,-0.858160,1.606958,              529P   3966
-0.358079,-0.980833,1.591842,-0.365878,-1.024723,1.651952,           529P   3967
-0.378029,-0.935538,1.751852,-0.384171,-0.735487,1.622074,           529P   3968
-0.350280,-0.800717,1.662693,-0.362726,-0.848204,1.754090,           529P   3969
-0.379524,-0.846353,1.851752,-0.390314,-0.573478,1.685826,           529P   3970
-0.350280,-0.558670,1.758443,-0.362726,-0.587161,1.857389,           529P   3971
-0.379524,-0.650050,1.929076,-0.390314,-0.478935,1.757662,           529P   3972
-0.358079,-0.384393,1.829497,-0.365878,-0.394189,1.903212,           529P   3973
-0.378029,-0.522120,1.916144,-0.384171,0.000000,1.000000,            529P   3974
0.000000,1.000000;                                                   529P   3975
128,3,3,3,3,0,0,1,0,0,0.000000,0.000000,0.000000,0.000000,           531P   3976
1.000000,1.000000,1.000000,1.000000,0.000000,0.000000,               531P   3977
0.000000,0.000000,1.000000,1.000000,1.000000,1.000000,               531P   3978
1.000000,1.000000,1.000000,1.000000,1.000000,1.000000,               531P   3979
1.000000,1.000000,1.000000,1.000000,1.000000,1.000000,               531P   3980
1.000000,1.000000,1.000000,1.000000,-0.935538,1.751852,              531P   3981
0.215829,-0.846353,1.851752,0.209686,-0.650050,1.929076,             531P   3982
0.209686,-0.522120,1.916144,0.215829,-0.911985,1.707747,             531P   3983
0.165829,-0.827898,1.813805,0.173939,-0.635597,1.889145,             531P   3984
0.173939,-0.508975,1.867903,0.165829,-0.918992,1.610383,             531P   3985
0.023789,-0.811031,1.734222,0.046152,-0.593759,1.819202,             531P   3986
0.046152,-0.439472,1.801272,0.023789,-0.949566,1.590827,             531P   3987
-0.010525,-0.821909,1.730839,0.026090,-0.583847,1.823850,            531P   3988
0.026090,-0.406074,1.807625,-0.010525,0.000000,1.000000,             531P   3989
0.000000,1.000000;                                                   531P   3990
128,3,3,3,3,0,0,1,0,0,0.000000,0.000000,0.000000,0.000000,           533P   3991
1.000000,1.000000,1.000000,1.000000,0.000000,0.000000,               533P   3992
0.000000,0.000000,1.000000,1.000000,1.000000,1.000000,               533P   3993
1.000000,1.000000,1.000000,1.000000,1.000000,1.000000,               533P   3994
1.000000,1.000000,1.000000,1.000000,1.000000,1.000000,               533P   3995
1.000000,1.000000,1.000000,1.000000,-0.478935,1.757662,              533P   3996
0.241921,-0.573478,1.685826,0.249720,-0.735487,1.622074,             533P   3997
0.249720,-0.858160,1.606958,0.241921,-0.465790,1.709420,             533P   3998
0.191921,-0.561929,1.651631,0.212716,-0.719078,1.590154,             533P   3999
0.212716,-0.834607,1.562853,0.191921,-0.390530,1.602830,             533P   4000
0.056021,-0.511338,1.549817,0.089811,-0.686701,1.481345,             533P   4001
0.089811,-0.818161,1.432590,0.056021,-0.355202,1.581169,             533P   4002
0.025775,-0.496999,1.534356,0.072560,-0.686895,1.460314,             533P   4003
0.072560,-0.830606,1.391531,0.025775,0.000000,1.000000,              533P   4004
0.000000,1.000000;                                                   533P   4005
128,3,3,3,3,0,0,1,0,0,0.000000,0.000000,0.000000,0.000000,           535P   4006
1.000000,1.000000,1.000000,1.000000,0.000000,0.000000,               535P   4007
0.000000,0.000000,1.000000,1.000000,1.000000,1.000000,               535P   4008
1.000000,1.000000,1.000000,1.000000,1.000000,1.000000,               535P   4009
1.000000,1.000000,1.000000,1.000000,1.000000,1.000000,               535P   4010
1.000000,1.000000,1.000000,1.000000,-0.858160,1.606958,              535P   4011
0.241921,-0.980833,1.591842,0.234122,-1.024723,1.651952,             535P   4012
0.221971,-0.935538,1.751852,0.215829,-0.834607,1.562853,             535P   4013
0.191921,-0.949301,1.558020,0.197466,-0.993136,1.616818,             535P   4014
0.185180,-0.911985,1.707747,0.165829,-0.818161,1.432590,             535P   4015
0.056021,-0.932695,1.449005,0.072863,-0.984292,1.517457,             535P   4016
0.058395,-0.918992,1.610383,0.023789,-0.830606,1.391531,             535P   4017
0.025775,-0.943204,1.425396,0.054605,-1.000789,1.499704,             535P   4018
0.038645,-0.949566,1.590827,-0.010525,0.000000,1.000000,             535P   4019
0.000000,1.000000;                                                   535P   4020
128,3,3,3,3,0,0,1,0,0,0.000000,0.000000,0.000000,0.000000,           537P   4021
1.000000,1.000000,1.000000,1.000000,0.000000,0.000000,               537P   4022
0.000000,0.000000,1.000000,1.000000,1.000000,1.000000,               537P   4023
1.000000,1.000000,1.000000,1.000000,1.000000,1.000000,               537P   4024
1.000000,1.000000,1.000000,1.000000,1.000000,1.000000,               537P   4025
1.000000,1.000000,1.000000,1.000000,-0.522120,1.916144,              537P   4026
0.215829,-0.394189,1.903212,0.221971,-0.384393,1.829497,             537P   4027
0.234122,-0.478935,1.757662,0.241921,-0.508975,1.867903,             537P   4028
0.165829,-0.393117,1.856132,0.185180,-0.384083,1.783413,             537P   4029
0.197466,-0.465790,1.709420,0.191921,-0.439472,1.801272,             537P   4030
0.023789,-0.333767,1.777342,0.058395,-0.323577,1.692300,             537P   4031
0.072863,-0.390530,1.602830,0.056021,-0.406074,1.807625,             537P   4032
-0.010525,-0.311797,1.775518,0.038645,-0.301726,1.682135,            537P   4033
0.054605,-0.355202,1.581169,0.025775,0.000000,1.000000,              537P   4034
0.000000,1.000000;                                                   537P   4035
128,3,3,3,3,0,0,1,0,0,0.000000,0.000000,0.000000,0.000000,           539P   4036
1.000000,1.000000,1.000000,1.000000,0.000000,0.000000,               539P   4037
0.000000,0.000000,1.000000,1.000000,1.000000,1.000000,               539P   4038
1.000000,1.000000,1.000000,1.000000,1.000000,1.000000,               539P   4039
1.000000,1.000000,1.000000,1.000000,1.000000,1.000000,               539P   4040
1.000000,1.000000,1.000000,1.000000,-0.935538,1.751852,              539P   4041
0.215829,-1.024723,1.651952,0.221971,-0.980833,1.591842,             539P   4042
0.234122,-0.858160,1.606958,0.241921,-0.846353,1.851752,             539P   4043
0.209686,-0.848204,1.754090,0.220476,-0.800717,1.662693,             539P   4044
0.237274,-0.735487,1.622074,0.249720,-0.650050,1.929076,             539P   4045
0.209686,-0.587161,1.857389,0.220476,-0.558670,1.758443,             539P   4046
0.237274,-0.573478,1.685826,0.249720,-0.522120,1.916144,             539P   4047
0.215829,-0.394189,1.903212,0.221971,-0.384393,1.829497,             539P   4048
0.234122,-0.478935,1.757662,0.241921,0.000000,1.000000,              539P   4049
0.000000,1.000000;                                                   539P   4050
128,3,3,3,3,0,0,1,0,0,0.000000,0.000000,0.000000,0.000000,           541P   4051
1.000000,1.000000,1.000000,1.000000,0.000000,0.000000,               541P   4052
0.000000,0.000000,1.000000,1.000000,1.000000,1.000000,               541P   4053
1.000000,1.000000,1.000000,1.000000,1.000000,1.000000,               541P   4054
1.000000,1.000000,1.000000,1.000000,1.000000,1.000000,               541P   4055
1.000000,1.000000,1.000000,1.000000,-0.893459,0.893459,              541P   4056
0.027645,-0.906454,0.906454,-0.023034,-0.906454,0.906454,            541P   4057
-0.099013,-0.893459,0.893459,-0.142061,-0.939720,0.847199,           541P   4058
0.027645,-0.934590,0.872464,-0.025725,-0.934590,0.872464,            541P   4059
-0.100568,-0.939720,0.847199,-0.142061,-1.079632,0.704036,           541P   4060
0.050639,-1.056377,0.741570,-0.019254,-1.056377,0.741570,            541P   4061
-0.106791,-1.079632,0.704036,-0.160561,-1.122210,0.669848,           541P   4062
0.066725,-1.080831,0.719652,-0.015460,-1.080831,0.719652,            541P   4063
-0.111460,-1.122210,0.669848,-0.173275,0.000000,1.000000,            541P   4064
0.000000,1.000000;                                                   541P   4065
128,3,3,3,3,0,0,1,0,0,0.000000,0.000000,0.000000,0.000000,           543P   4066
1.000000,1.000000,1.000000,1.000000,0.000000,0.000000,               543P   4067
0.000000,0.000000,1.000000,1.000000,1.000000,1.000000,               543P   4068
1.000000,1.000000,1.000000,1.000000,1.000000,1.000000,               543P   4069
1.000000,1.000000,1.000000,1.000000,1.000000,1.000000,               543P   4070
1.000000,1.000000,1.000000,1.000000,-0.807309,0.807309,              543P   4071
-0.158395,-0.772835,0.772835,-0.124837,-0.772835,0.772835,           543P   4072
-0.048857,-0.807309,0.807309,0.011311,-0.849109,0.765509,            543P   4073
-0.158395,-0.799064,0.747937,-0.125839,-0.799064,0.747937,           543P   4074
-0.050996,-0.849109,0.765509,0.011311,-0.952961,0.620577,            543P   4075
-0.181129,-0.887344,0.619907,-0.135743,-0.887344,0.619907,           543P   4076
-0.048206,-0.952961,0.620577,0.030071,-0.974434,0.581641,            543P   4077
-0.196975,-0.893245,0.597872,-0.142990,-0.893245,0.597872,           543P   4078
-0.046990,-0.974434,0.581641,0.043025,0.000000,1.000000,             543P   4079
0.000000,1.000000;                                                   543P   4080
128,3,3,3,3,0,0,1,0,0,0.000000,0.000000,0.000000,0.000000,           545P   4081
1.000000,1.000000,1.000000,1.000000,0.000000,0.000000,               545P   4082
0.000000,0.000000,1.000000,1.000000,1.000000,1.000000,               545P   4083
1.000000,1.000000,1.000000,1.000000,1.000000,1.000000,               545P   4084
1.000000,1.000000,1.000000,1.000000,1.000000,1.000000,               545P   4085
1.000000,1.000000,1.000000,1.000000,-0.807309,0.807309,              545P   4086
0.011311,-0.841783,0.841783,0.071479,-0.880464,0.880464,             545P   4087
0.078323,-0.893459,0.893459,0.027645,-0.849109,0.765509,             545P   4088
0.011311,-0.875900,0.813813,0.069814,-0.914728,0.852140,             545P   4089
0.076239,-0.939720,0.847199,0.027645,-0.952961,0.620577,             545P   4090
0.030071,-0.982601,0.684788,0.088321,-1.032111,0.724836,             545P   4091
0.095737,-1.079632,0.704036,0.050639,-0.974434,0.581641,             545P   4092
0.043025,-1.001939,0.662751,0.100655,-1.057144,0.705514,             545P   4093
0.108695,-1.122210,0.669848,0.066725,0.000000,1.000000,              545P   4094
0.000000,1.000000;                                                   545P   4095
128,3,3,3,3,0,0,1,0,0,0.000000,0.000000,0.000000,0.000000,           547P   4096
1.000000,1.000000,1.000000,1.000000,0.000000,0.000000,               547P   4097
0.000000,0.000000,1.000000,1.000000,1.000000,1.000000,               547P   4098
1.000000,1.000000,1.000000,1.000000,1.000000,1.000000,               547P   4099
1.000000,1.000000,1.000000,1.000000,1.000000,1.000000,               547P   4100
1.000000,1.000000,1.000000,1.000000,-0.893459,0.893459,              547P   4101
-0.142061,-0.880464,0.880464,-0.185108,-0.841783,0.841783,           547P   4102
-0.191953,-0.807309,0.807309,-0.158395,-0.939720,0.847199,           547P   4103
-0.142061,-0.914728,0.852140,-0.179951,-0.875900,0.813813,           547P   4104
-0.186375,-0.849109,0.765509,-0.158395,-1.079632,0.704036,           547P   4105
-0.160561,-1.032111,0.724836,-0.194705,-0.982601,0.684788,           547P   4106
-0.202120,-0.952961,0.620577,-0.181129,-1.122210,0.669848,           547P   4107
-0.173275,-1.057144,0.705514,-0.203305,-1.001939,0.662751,           547P   4108
-0.211345,-0.974434,0.581641,-0.196975,0.000000,1.000000,            547P   4109
0.000000,1.000000;                                                   547P   4110
128,3,3,3,3,0,0,1,0,0,0.000000,0.000000,0.000000,0.000000,           549P   4111
1.000000,1.000000,1.000000,1.000000,0.000000,0.000000,               549P   4112
0.000000,0.000000,1.000000,1.000000,1.000000,1.000000,               549P   4113
1.000000,1.000000,1.000000,1.000000,1.000000,1.000000,               549P   4114
1.000000,1.000000,1.000000,1.000000,1.000000,1.000000,               549P   4115
1.000000,1.000000,1.000000,1.000000,-1.263542,0.000000,              549P   4116
-0.142061,-1.281920,0.000000,-0.099013,-1.281920,0.000000,           549P   4117
-0.023034,-1.263542,0.000000,0.027645,-1.263542,0.055841,            549P   4118
-0.142061,-1.276918,0.035621,-0.100568,-1.276918,0.035621,           549P   4119
-0.025725,-1.263542,0.055841,0.027645,-1.267078,0.235509,            549P   4120
-0.160561,-1.275452,0.195069,-0.106791,-1.275452,0.195069,           549P   4121
-0.019254,-1.267078,0.235509,0.050639,-1.275146,0.286455,            549P   4122
-0.173275,-1.278518,0.225796,-0.111460,-1.278518,0.225796,           549P   4123
-0.015460,-1.275146,0.286455,0.066725,0.000000,1.000000,             549P   4124
0.000000,1.000000;                                                   549P   4125
128,3,3,3,3,0,0,1,0,0,0.000000,0.000000,0.000000,0.000000,           551P   4126
1.000000,1.000000,1.000000,1.000000,0.000000,0.000000,               551P   4127
0.000000,0.000000,1.000000,1.000000,1.000000,1.000000,               551P   4128
1.000000,1.000000,1.000000,1.000000,1.000000,1.000000,               551P   4129
1.000000,1.000000,1.000000,1.000000,1.000000,1.000000,               551P   4130
1.000000,1.000000,1.000000,1.000000,-1.141708,0.000000,              551P   4131
0.011311,-1.092954,0.000000,-0.048857,-1.092954,0.000000,            551P   4132
-0.124837,-1.141708,0.000000,-0.158395,-1.141708,0.050457,           551P   4133
0.011311,-1.093040,0.029049,-0.050996,-1.093040,0.029049,            551P   4134
-0.125839,-1.141708,0.050457,-0.158395,-1.117835,0.208452,           551P   4135
0.030071,-1.069253,0.165636,-0.048206,-1.069253,0.165636,            551P   4136
-0.135743,-1.117835,0.208452,-0.181129,-1.107230,0.248734,           551P   4137
0.043025,-1.058733,0.184510,-0.046990,-1.058733,0.184510,            551P   4138
-0.142990,-1.107230,0.248734,-0.196975,0.000000,1.000000,            551P   4139
0.000000,1.000000;                                                   551P   4140
128,3,3,3,3,0,0,1,0,0,0.000000,0.000000,0.000000,0.000000,           553P   4141
1.000000,1.000000,1.000000,1.000000,0.000000,0.000000,               553P   4142
0.000000,0.000000,1.000000,1.000000,1.000000,1.000000,               553P   4143
1.000000,1.000000,1.000000,1.000000,1.000000,1.000000,               553P   4144
1.000000,1.000000,1.000000,1.000000,1.000000,1.000000,               553P   4145
1.000000,1.000000,1.000000,1.000000,-1.141708,0.000000,              553P   4146
-0.158395,-1.190461,0.000000,-0.191953,-1.245165,0.000000,           553P   4147
-0.185108,-1.263542,0.000000,-0.142061,-1.141708,0.050457,           553P   4148
-0.158395,-1.194093,0.035901,-0.186375,-1.248563,0.036002,           553P   4149
-0.179951,-1.263542,0.055841,-0.142061,-1.117835,0.208452,           553P   4150
-0.181129,-1.182989,0.184769,-0.202120,-1.246362,0.190402,           553P   4151
-0.194705,-1.267078,0.235509,-0.160561,-1.107230,0.248734,           553P   4152
-0.196975,-1.182240,0.212255,-0.211345,-1.251604,0.219749,           553P   4153
-0.203305,-1.275146,0.286455,-0.173275,0.000000,1.000000,            553P   4154
0.000000,1.000000;                                                   553P   4155
128,3,3,3,3,0,0,1,0,0,0.000000,0.000000,0.000000,0.000000,           555P   4156
1.000000,1.000000,1.000000,1.000000,0.000000,0.000000,               555P   4157
0.000000,0.000000,1.000000,1.000000,1.000000,1.000000,               555P   4158
1.000000,1.000000,1.000000,1.000000,1.000000,1.000000,               555P   4159
1.000000,1.000000,1.000000,1.000000,1.000000,1.000000,               555P   4160
1.000000,1.000000,1.000000,1.000000,-1.263542,0.000000,              555P   4161
0.027645,-1.245165,0.000000,0.078323,-1.190461,0.000000,             555P   4162
0.071479,-1.141708,0.000000,0.011311,-1.263542,0.055841,             555P   4163
0.027645,-1.248563,0.036002,0.076239,-1.194093,0.035901,             555P   4164
0.069814,-1.141708,0.050457,0.011311,-1.267078,0.235509,             555P   4165
0.050639,-1.246362,0.190402,0.095737,-1.182989,0.184769,             555P   4166
0.088321,-1.117835,0.208452,0.030071,-1.275146,0.286455,             555P   4167
0.066725,-1.251604,0.219749,0.108695,-1.182240,0.212255,             555P   4168
0.100655,-1.107230,0.248734,0.043025,0.000000,1.000000,              555P   4169
0.000000,1.000000;                                                   555P   4170
128,3,3,3,3,0,0,1,0,0,0.000000,0.000000,0.000000,0.000000,           557P   4171
1.000000,1.000000,1.000000,1.000000,0.000000,0.000000,               557P   4172
0.000000,0.000000,1.000000,1.000000,1.000000,1.000000,               557P   4173
1.000000,1.000000,1.000000,1.000000,1.000000,1.000000,               557P   4174
1.000000,1.000000,1.000000,1.000000,1.000000,1.000000,               557P   4175
1.000000,1.000000,1.000000,1.000000,-0.980260,0.267106,              557P   4176
-0.061147,-0.981169,0.330997,-0.009866,-0.942101,0.430190,           557P   4177
-0.009866,-0.896212,0.478602,-0.061147,-0.998351,0.272035,           557P   4178
-0.042397,-0.995018,0.336008,0.002585,-0.956339,0.434902,            557P   4179
0.002585,-0.912751,0.487435,-0.042397,-1.077227,0.263325,            557P   4180
0.019973,-1.060772,0.349569,0.058657,-1.013600,0.470353,             557P   4181
0.058657,-0.963432,0.549196,0.019973,-1.107230,0.248734,             557P   4182
0.043025,-1.080718,0.349437,0.075410,-1.028118,0.484299,             557P   4183
0.075410,-0.974434,0.581641,0.043025,0.000000,1.000000,              557P   4184
0.000000,1.000000;                                                   557P   4185
128,3,3,3,3,0,0,1,0,0,0.000000,0.000000,0.000000,0.000000,           559P   4186
1.000000,1.000000,1.000000,1.000000,0.000000,0.000000,               559P   4187
0.000000,0.000000,1.000000,1.000000,1.000000,1.000000,               559P   4188
1.000000,1.000000,1.000000,1.000000,1.000000,1.000000,               559P   4189
1.000000,1.000000,1.000000,1.000000,1.000000,1.000000,               559P   4190
1.000000,1.000000,1.000000,1.000000,-0.896212,0.478602,              559P   4191
-0.230853,-0.942101,0.430190,-0.273297,-0.981169,0.330997,           559P   4192
-0.273297,-0.980260,0.267106,-0.230853,-0.912751,0.487435,           559P   4193
-0.212103,-0.956339,0.434902,-0.253604,-0.995018,0.336008,           559P   4194
-0.253604,-0.998351,0.272035,-0.212103,-0.963432,0.549196,           559P   4195
-0.191227,-1.013600,0.470353,-0.231785,-1.060772,0.349569,           559P   4196
-0.231785,-1.077227,0.263325,-0.191227,-0.974434,0.581641,           559P   4197
-0.196975,-1.028118,0.484299,-0.236590,-1.080718,0.349437,           559P   4198
-0.236590,-1.107230,0.248734,-0.196975,0.000000,1.000000,            559P   4199
0.000000,1.000000;                                                   559P   4200
128,3,3,3,3,0,0,1,0,0,0.000000,0.000000,0.000000,0.000000,           561P   4201
1.000000,1.000000,1.000000,1.000000,0.000000,0.000000,               561P   4202
0.000000,0.000000,1.000000,1.000000,1.000000,1.000000,               561P   4203
1.000000,1.000000,1.000000,1.000000,1.000000,1.000000,               561P   4204
1.000000,1.000000,1.000000,1.000000,1.000000,1.000000,               561P   4205
1.000000,1.000000,1.000000,1.000000,-0.980260,0.267106,              561P   4206
-0.230853,-0.979352,0.203215,-0.188408,-0.979352,0.203215,           561P   4207
-0.112428,-0.980260,0.267106,-0.061147,-0.998351,0.272035,           561P   4208
-0.212103,-0.981580,0.208033,-0.173622,-0.981580,0.208033,           561P   4209
-0.098779,-0.998351,0.272035,-0.042397,-1.077227,0.263325,           561P   4210
-0.191227,-1.044592,0.199212,-0.142878,-1.044592,0.199212,           561P   4211
-0.055341,-1.077227,0.263325,0.019973,-1.107230,0.248734,            561P   4212
-0.196975,-1.058733,0.184510,-0.142990,-1.058733,0.184510,           561P   4213
-0.046990,-1.107230,0.248734,0.043025,0.000000,1.000000,             561P   4214
0.000000,1.000000;                                                   561P   4215
128,3,3,3,3,0,0,1,0,0,0.000000,0.000000,0.000000,0.000000,           563P   4216
1.000000,1.000000,1.000000,1.000000,0.000000,0.000000,               563P   4217
0.000000,0.000000,1.000000,1.000000,1.000000,1.000000,               563P   4218
1.000000,1.000000,1.000000,1.000000,1.000000,1.000000,               563P   4219
1.000000,1.000000,1.000000,1.000000,1.000000,1.000000,               563P   4220
1.000000,1.000000,1.000000,1.000000,-0.896212,0.478602,              563P   4221
-0.061147,-0.850323,0.527014,-0.112428,-0.850323,0.527014,           563P   4222
-0.188408,-0.896212,0.478602,-0.230853,-0.912751,0.487435,           563P   4223
-0.042397,-0.855096,0.525120,-0.098779,-0.855096,0.525120,           563P   4224
-0.173622,-0.912751,0.487435,-0.212103,-0.963432,0.549196,           563P   4225
0.019973,-0.894010,0.576154,-0.055341,-0.894010,0.576154,            563P   4226
-0.142878,-0.963432,0.549196,-0.191227,-0.974434,0.581641,           563P   4227
0.043025,-0.893245,0.597872,-0.046990,-0.893245,0.597872,            563P   4228
-0.142990,-0.974434,0.581641,-0.196975,0.000000,1.000000,            563P   4229
0.000000,1.000000;                                                   563P   4230
128,3,3,3,3,0,0,1,0,0,0.000000,0.000000,0.000000,0.000000,           565P   4231
1.000000,1.000000,1.000000,1.000000,0.000000,0.000000,               565P   4232
0.000000,0.000000,1.000000,1.000000,1.000000,1.000000,               565P   4233
1.000000,1.000000,1.000000,1.000000,1.000000,1.000000,               565P   4234
1.000000,1.000000,1.000000,1.000000,1.000000,1.000000,               565P   4235
1.000000,1.000000,1.000000,1.000000,-0.980260,0.267106,              565P   4236
-0.061147,-0.979352,0.203215,-0.112428,-0.979352,0.203215,           565P   4237
-0.188408,-0.980260,0.267106,-0.230853,-0.981169,0.330997,           565P   4238
-0.009866,-0.965267,0.304540,-0.092389,-0.965267,0.304540,           565P   4239
-0.199611,-0.981169,0.330997,-0.273297,-0.942101,0.430190,           565P   4240
-0.009866,-0.911206,0.441168,-0.092389,-0.911206,0.441168,           565P   4241
-0.199611,-0.942101,0.430190,-0.273297,-0.896212,0.478602,           565P   4242
-0.061147,-0.850323,0.527014,-0.112428,-0.850323,0.527014,           565P   4243
-0.188408,-0.896212,0.478602,-0.230853,0.000000,1.000000,            565P   4244
0.000000,1.000000;                                                   565P   4245
128,3,3,3,3,0,0,1,0,0,0.000000,0.000000,0.000000,0.000000,           567P   4246
1.000000,1.000000,1.000000,1.000000,0.000000,0.000000,               567P   4247
0.000000,0.000000,1.000000,1.000000,1.000000,1.000000,               567P   4248
1.000000,1.000000,1.000000,1.000000,1.000000,1.000000,               567P   4249
1.000000,1.000000,1.000000,1.000000,1.000000,1.000000,               567P   4250
1.000000,1.000000,1.000000,1.000000,-1.390310,0.378838,              567P   4251
-0.155853,-1.384466,0.467512,-0.198297,-1.329667,0.606659,           567P   4252
-0.198297,-1.271104,0.678805,-0.155853,-1.358652,0.370212,           567P   4253
-0.151165,-1.366131,0.460236,-0.190057,-1.312032,0.598308,           567P   4254
-0.190057,-1.242160,0.663348,-0.151165,-1.284562,0.313137,           567P   4255
-0.161263,-1.297849,0.423225,-0.196601,-1.236933,0.578934,           567P   4256
-0.196601,-1.148237,0.655582,-0.161263,-1.275146,0.286455,           567P   4257
-0.173275,-1.295315,0.413820,-0.205060,-1.228656,0.584379,           567P   4258
-0.205060,-1.122210,0.669848,-0.173275,0.000000,1.000000,            567P   4259
0.000000,1.000000;                                                   567P   4260
128,3,3,3,3,0,0,1,0,0,0.000000,0.000000,0.000000,0.000000,           569P   4261
1.000000,1.000000,1.000000,1.000000,0.000000,0.000000,               569P   4262
0.000000,0.000000,1.000000,1.000000,1.000000,1.000000,               569P   4263
1.000000,1.000000,1.000000,1.000000,1.000000,1.000000,               569P   4264
1.000000,1.000000,1.000000,1.000000,1.000000,1.000000,               569P   4265
1.000000,1.000000,1.000000,1.000000,-1.271104,0.678805,              569P   4266
0.013853,-1.329667,0.606659,0.065134,-1.384466,0.467512,             569P   4267
0.065134,-1.390310,0.378838,0.013853,-1.242160,0.663348,             569P   4268
0.018540,-1.312032,0.598308,0.066133,-1.366131,0.460236,             569P   4269
0.066133,-1.358652,0.370212,0.018540,-1.148237,0.655582,             569P   4270
0.049937,-1.236933,0.578934,0.093841,-1.297849,0.423225,             569P   4271
0.093841,-1.284562,0.313137,0.049937,-1.122210,0.669848,             569P   4272
0.066725,-1.228656,0.584379,0.106940,-1.295315,0.413820,             569P   4273
0.106940,-1.275146,0.286455,0.066725,0.000000,1.000000,              569P   4274
0.000000,1.000000;                                                   569P   4275
128,3,3,3,3,0,0,1,0,0,0.000000,0.000000,0.000000,0.000000,           571P   4276
1.000000,1.000000,1.000000,1.000000,0.000000,0.000000,               571P   4277
0.000000,0.000000,1.000000,1.000000,1.000000,1.000000,               571P   4278
1.000000,1.000000,1.000000,1.000000,1.000000,1.000000,               571P   4279
1.000000,1.000000,1.000000,1.000000,1.000000,1.000000,               571P   4280
1.000000,1.000000,1.000000,1.000000,-1.390310,0.378838,              571P   4281
0.013853,-1.396155,0.290164,-0.037428,-1.396155,0.290164,            571P   4282
-0.113408,-1.390310,0.378838,-0.155853,-1.358652,0.370212,           571P   4283
0.018540,-1.363673,0.290876,-0.035232,-1.363673,0.290876,            571P   4284
-0.110074,-1.358652,0.370212,-0.151165,-1.284562,0.313137,           571P   4285
0.049937,-1.288759,0.243140,-0.020157,-1.288759,0.243140,            571P   4286
-0.107694,-1.284562,0.313137,-0.161263,-1.275146,0.286455,           571P   4287
0.066725,-1.278518,0.225796,-0.015460,-1.278518,0.225796,            571P   4288
-0.111460,-1.275146,0.286455,-0.173275,0.000000,1.000000,            571P   4289
0.000000,1.000000;                                                   571P   4290
128,3,3,3,3,0,0,1,0,0,0.000000,0.000000,0.000000,0.000000,           573P   4291
1.000000,1.000000,1.000000,1.000000,0.000000,0.000000,               573P   4292
0.000000,0.000000,1.000000,1.000000,1.000000,1.000000,               573P   4293
1.000000,1.000000,1.000000,1.000000,1.000000,1.000000,               573P   4294
1.000000,1.000000,1.000000,1.000000,1.000000,1.000000,               573P   4295
1.000000,1.000000,1.000000,1.000000,-1.271104,0.678805,              573P   4296
-0.155853,-1.212541,0.750950,-0.113408,-1.212541,0.750950,           573P   4297
-0.037428,-1.271104,0.678805,0.013853,-1.242160,0.663348,            573P   4298
-0.151165,-1.189325,0.728046,-0.110074,-1.189325,0.728046,           573P   4299
-0.035232,-1.242160,0.663348,0.018540,-1.148237,0.655582,            573P   4300
-0.161263,-1.101129,0.712833,-0.107694,-1.101129,0.712833,           573P   4301
-0.020157,-1.148237,0.655582,0.049937,-1.122210,0.669848,            573P   4302
-0.173275,-1.080831,0.719652,-0.111460,-1.080831,0.719652,           573P   4303
-0.015460,-1.122210,0.669848,0.066725,0.000000,1.000000,             573P   4304
0.000000,1.000000;                                                   573P   4305
128,3,3,3,3,0,0,1,0,0,0.000000,0.000000,0.000000,0.000000,           575P   4306
1.000000,1.000000,1.000000,1.000000,0.000000,0.000000,               575P   4307
0.000000,0.000000,1.000000,1.000000,1.000000,1.000000,               575P   4308
1.000000,1.000000,1.000000,1.000000,1.000000,1.000000,               575P   4309
1.000000,1.000000,1.000000,1.000000,1.000000,1.000000,               575P   4310
1.000000,1.000000,1.000000,1.000000,-1.279074,0.348528,              575P   4311
-0.327542,-1.228022,0.417661,-0.336429,-1.181524,0.535822,           575P   4312
-0.336429,-1.169405,0.624495,-0.327542,-1.230833,0.335383,           575P   4313
-0.302542,-1.191909,0.405243,-0.321672,-1.147326,0.519175,           575P   4314
-0.321672,-1.125300,0.600941,-0.302542,-1.126629,0.274423,           575P   4315
-0.218569,-1.093727,0.360203,-0.247941,-1.044950,0.485097,           575P   4316
-0.247941,-1.006910,0.575148,-0.218569,-1.107230,0.248734,           575P   4317
-0.196975,-1.080718,0.349437,-0.236590,-1.028118,0.484299,           575P   4318
-0.236590,-0.974434,0.581641,-0.196975,0.000000,1.000000,            575P   4319
0.000000,1.000000;                                                   575P   4320
128,3,3,3,3,0,0,1,0,0,0.000000,0.000000,0.000000,0.000000,           577P   4321
1.000000,1.000000,1.000000,1.000000,0.000000,0.000000,               577P   4322
0.000000,0.000000,1.000000,1.000000,1.000000,1.000000,               577P   4323
1.000000,1.000000,1.000000,1.000000,1.000000,1.000000,               577P   4324
1.000000,1.000000,1.000000,1.000000,1.000000,1.000000,               577P   4325
1.000000,1.000000,1.000000,1.000000,-1.276875,0.681887,              577P   4326
-0.311208,-1.351844,0.618033,-0.310605,-1.408405,0.474445,           577P   4327
-0.310605,-1.396622,0.380558,-0.311208,-1.232770,0.658333,           577P   4328
-0.286208,-1.313165,0.599862,-0.296401,-1.368026,0.459871,           577P   4329
-0.296401,-1.348381,0.367413,-0.286208,-1.138762,0.649927,           577P   4330
-0.198001,-1.232437,0.577273,-0.218990,-1.293450,0.421314,           577P   4331
-0.218990,-1.273797,0.310719,-0.198001,-1.122210,0.669848,           577P   4332
-0.173275,-1.228656,0.584379,-0.205060,-1.295315,0.413820,           577P   4333
-0.205060,-1.275146,0.286455,-0.173275,0.000000,1.000000,            577P   4334
0.000000,1.000000;                                                   577P   4335
128,3,3,3,3,0,0,1,0,0,0.000000,0.000000,0.000000,0.000000,           579P   4336
1.000000,1.000000,1.000000,1.000000,0.000000,0.000000,               579P   4337
0.000000,0.000000,1.000000,1.000000,1.000000,1.000000,               579P   4338
1.000000,1.000000,1.000000,1.000000,1.000000,1.000000,               579P   4339
1.000000,1.000000,1.000000,1.000000,1.000000,1.000000,               579P   4340
1.000000,1.000000,1.000000,1.000000,-1.396622,0.380558,              579P   4341
-0.311208,-1.384840,0.286671,-0.311811,-1.330125,0.279394,           579P   4342
-0.318655,-1.279074,0.348528,-0.327542,-1.348381,0.367413,           579P   4343
-0.286208,-1.338275,0.283219,-0.295801,-1.284274,0.276502,           579P   4344
-0.302226,-1.230833,0.335383,-0.302542,-1.273797,0.310719,           579P   4345
-0.198001,-1.255494,0.234796,-0.217996,-1.192333,0.227217,           579P   4346
-0.225412,-1.126629,0.274423,-0.218569,-1.275146,0.286455,           579P   4347
-0.173275,-1.251604,0.219749,-0.203305,-1.182240,0.212255,           579P   4348
-0.211345,-1.107230,0.248734,-0.196975,0.000000,1.000000,            579P   4349
0.000000,1.000000;                                                   579P   4350
128,3,3,3,3,0,0,1,0,0,0.000000,0.000000,0.000000,0.000000,           581P   4351
1.000000,1.000000,1.000000,1.000000,0.000000,0.000000,               581P   4352
0.000000,0.000000,1.000000,1.000000,1.000000,1.000000,               581P   4353
1.000000,1.000000,1.000000,1.000000,1.000000,1.000000,               581P   4354
1.000000,1.000000,1.000000,1.000000,1.000000,1.000000,               581P   4355
1.000000,1.000000,1.000000,1.000000,-1.169405,0.624495,              581P   4356
-0.327542,-1.157285,0.713168,-0.318655,-1.201906,0.745740,           581P   4357
-0.311811,-1.276875,0.681887,-0.311208,-1.125300,0.600941,           581P   4358
-0.302542,-1.121910,0.683670,-0.302226,-1.165580,0.716215,           581P   4359
-0.295801,-1.232770,0.658333,-0.286208,-1.006910,0.575148,           581P   4360
-0.218569,-1.020377,0.657727,-0.225412,-1.071225,0.696041,           581P   4361
-0.217996,-1.138762,0.649927,-0.198001,-0.974434,0.581641,           581P   4362
-0.196975,-1.001939,0.662751,-0.211345,-1.057144,0.705514,           581P   4363
-0.203305,-1.122210,0.669848,-0.173275,0.000000,1.000000,            581P   4364
0.000000,1.000000;                                                   581P   4365
128,3,3,3,3,0,0,1,0,0,0.000000,0.000000,0.000000,0.000000,           583P   4366
1.000000,1.000000,1.000000,1.000000,0.000000,0.000000,               583P   4367
0.000000,0.000000,1.000000,1.000000,1.000000,1.000000,               583P   4368
1.000000,1.000000,1.000000,1.000000,1.000000,1.000000,               583P   4369
1.000000,1.000000,1.000000,1.000000,1.000000,1.000000,               583P   4370
1.000000,1.000000,1.000000,1.000000,-1.279074,0.348528,              583P   4371
-0.327542,-1.330125,0.279394,-0.318655,-1.384840,0.286671,           583P   4372
-0.311811,-1.396622,0.380558,-0.311208,-1.228022,0.417661,           583P   4373
-0.336429,-1.280081,0.406563,-0.324379,-1.353496,0.427705,           583P   4374
-0.314371,-1.408405,0.474445,-0.310605,-1.181524,0.535822,           583P   4375
-0.336429,-1.210292,0.582984,-0.324379,-1.278107,0.618215,           583P   4376
-0.314371,-1.351844,0.618033,-0.310605,-1.169405,0.624495,           583P   4377
-0.327542,-1.157285,0.713168,-0.318655,-1.201906,0.745740,           583P   4378
-0.311811,-1.276875,0.681887,-0.311208,0.000000,1.000000,            583P   4379
0.000000,1.000000;                                                   583P   4380
128,3,3,3,3,0,0,1,0,0,0.000000,0.000000,0.000000,0.000000,           585P   4381
1.000000,1.000000,1.000000,1.000000,0.000000,0.000000,               585P   4382
0.000000,0.000000,1.000000,1.000000,1.000000,1.000000,               585P   4383
1.000000,1.000000,1.000000,1.000000,1.000000,1.000000,               585P   4384
1.000000,1.000000,1.000000,1.000000,1.000000,1.000000,               585P   4385
1.000000,1.000000,1.000000,1.000000,-1.396622,0.380558,              585P   4386
0.288792,-1.408405,0.474445,0.289395,-1.351844,0.618033,             585P   4387
0.289395,-1.276875,0.681887,0.288792,-1.348381,0.367413,             585P   4388
0.238792,-1.368026,0.459871,0.252599,-1.313165,0.599862,             585P   4389
0.252599,-1.232770,0.658333,0.238792,-1.273797,0.310719,             585P   4390
0.099599,-1.293450,0.421314,0.126610,-1.232437,0.577273,             585P   4391
0.126610,-1.138762,0.649927,0.099599,-1.275146,0.286455,             585P   4392
0.066725,-1.295315,0.413820,0.106940,-1.228656,0.584379,             585P   4393
0.106940,-1.122210,0.669848,0.066725,0.000000,1.000000,              585P   4394
0.000000,1.000000;                                                   585P   4395
128,3,3,3,3,0,0,1,0,0,0.000000,0.000000,0.000000,0.000000,           587P   4396
1.000000,1.000000,1.000000,1.000000,0.000000,0.000000,               587P   4397
0.000000,0.000000,1.000000,1.000000,1.000000,1.000000,               587P   4398
1.000000,1.000000,1.000000,1.000000,1.000000,1.000000,               587P   4399
1.000000,1.000000,1.000000,1.000000,1.000000,1.000000,               587P   4400
1.000000,1.000000,1.000000,1.000000,-1.169405,0.624495,              587P   4401
0.272458,-1.181524,0.535822,0.263571,-1.228022,0.417661,             587P   4402
0.263571,-1.279074,0.348528,0.272458,-1.125300,0.600941,             587P   4403
0.222458,-1.147326,0.519175,0.227328,-1.191909,0.405243,             587P   4404
0.227328,-1.230833,0.335383,0.222458,-1.006910,0.575148,             587P   4405
0.079031,-1.044950,0.485097,0.097659,-1.093727,0.360203,             587P   4406
0.097659,-1.126629,0.274423,0.079031,-0.974434,0.581641,             587P   4407
0.043025,-1.028118,0.484299,0.075410,-1.080718,0.349437,             587P   4408
0.075410,-1.107230,0.248734,0.043025,0.000000,1.000000,              587P   4409
0.000000,1.000000;                                                   587P   4410
128,3,3,3,3,0,0,1,0,0,0.000000,0.000000,0.000000,0.000000,           589P   4411
1.000000,1.000000,1.000000,1.000000,0.000000,0.000000,               589P   4412
0.000000,0.000000,1.000000,1.000000,1.000000,1.000000,               589P   4413
1.000000,1.000000,1.000000,1.000000,1.000000,1.000000,               589P   4414
1.000000,1.000000,1.000000,1.000000,1.000000,1.000000,               589P   4415
1.000000,1.000000,1.000000,1.000000,-1.279074,0.348528,              589P   4416
0.272458,-1.330125,0.279394,0.281345,-1.384840,0.286671,             589P   4417
0.288189,-1.396622,0.380558,0.288792,-1.230833,0.335383,             589P   4418
0.222458,-1.284274,0.276502,0.246774,-1.338275,0.283219,             589P   4419
0.253199,-1.348381,0.367413,0.238792,-1.126629,0.274423,             589P   4420
0.079031,-1.192333,0.227217,0.120188,-1.255494,0.234796,             589P   4421
0.127604,-1.273797,0.310719,0.099599,-1.107230,0.248734,             589P   4422
0.043025,-1.182240,0.212255,0.100655,-1.251604,0.219749,             589P   4423
0.108695,-1.275146,0.286455,0.066725,0.000000,1.000000,              589P   4424
0.000000,1.000000;                                                   589P   4425
128,3,3,3,3,0,0,1,0,0,0.000000,0.000000,0.000000,0.000000,           591P   4426
1.000000,1.000000,1.000000,1.000000,0.000000,0.000000,               591P   4427
0.000000,0.000000,1.000000,1.000000,1.000000,1.000000,               591P   4428
1.000000,1.000000,1.000000,1.000000,1.000000,1.000000,               591P   4429
1.000000,1.000000,1.000000,1.000000,1.000000,1.000000,               591P   4430
1.000000,1.000000,1.000000,1.000000,-1.276875,0.681887,              591P   4431
0.288792,-1.201906,0.745740,0.288189,-1.157285,0.713168,             591P   4432
0.281345,-1.169405,0.624495,0.272458,-1.232770,0.658333,             591P   4433
0.238792,-1.165580,0.716215,0.253199,-1.121910,0.683670,             591P   4434
0.246774,-1.125300,0.600941,0.222458,-1.138762,0.649927,             591P   4435
0.099599,-1.071225,0.696041,0.127604,-1.020377,0.657727,             591P   4436
0.120188,-1.006910,0.575148,0.079031,-1.122210,0.669848,             591P   4437
0.066725,-1.057144,0.705514,0.108695,-1.001939,0.662751,             591P   4438
0.100655,-0.974434,0.581641,0.043025,0.000000,1.000000,              591P   4439
0.000000,1.000000;                                                   591P   4440
128,3,3,3,3,0,0,1,0,0,0.000000,0.000000,0.000000,0.000000,           593P   4441
1.000000,1.000000,1.000000,1.000000,0.000000,0.000000,               593P   4442
0.000000,0.000000,1.000000,1.000000,1.000000,1.000000,               593P   4443
1.000000,1.000000,1.000000,1.000000,1.000000,1.000000,               593P   4444
1.000000,1.000000,1.000000,1.000000,1.000000,1.000000,               593P   4445
1.000000,1.000000,1.000000,1.000000,-1.396622,0.380558,              593P   4446
0.288792,-1.384840,0.286671,0.288189,-1.330125,0.279394,             593P   4447
0.281345,-1.279074,0.348528,0.272458,-1.408405,0.474445,             593P   4448
0.289395,-1.353496,0.427705,0.285629,-1.280081,0.406563,             593P   4449
0.275621,-1.228022,0.417661,0.263571,-1.351844,0.618033,             593P   4450
0.289395,-1.278107,0.618215,0.285629,-1.210292,0.582984,             593P   4451
0.275621,-1.181524,0.535822,0.263571,-1.276875,0.681887,             593P   4452
0.288792,-1.201906,0.745740,0.288189,-1.157285,0.713168,             593P   4453
0.281345,-1.169405,0.624495,0.272458,0.000000,1.000000,              593P   4454
0.000000,1.000000;                                                   593P   4455
128,3,3,3,3,0,0,1,0,0,0.000000,0.000000,0.000000,0.000000,           595P   4456
1.000000,1.000000,1.000000,1.000000,0.000000,0.000000,               595P   4457
0.000000,0.000000,1.000000,1.000000,1.000000,1.000000,               595P   4458
1.000000,1.000000,1.000000,1.000000,1.000000,1.000000,               595P   4459
1.000000,1.000000,1.000000,1.000000,1.000000,1.000000,               595P   4460
1.000000,1.000000,1.000000,1.000000,0.000000,1.263542,               595P   4461
0.027645,0.000000,1.281920,-0.023034,0.000000,1.281920,              595P   4462
-0.099013,0.000000,1.263542,-0.142061,-0.055841,1.263542,            595P   4463
0.027645,-0.035621,1.276918,-0.025725,-0.035621,1.276918,            595P   4464
-0.100568,-0.055841,1.263542,-0.142061,-0.235509,1.267078,           595P   4465
0.050639,-0.195069,1.275452,-0.019254,-0.195069,1.275452,            595P   4466
-0.106791,-0.235509,1.267078,-0.160561,-0.286455,1.275146,           595P   4467
0.066725,-0.225796,1.278518,-0.015460,-0.225796,1.278518,            595P   4468
-0.111460,-0.286455,1.275146,-0.173275,0.000000,1.000000,            595P   4469
0.000000,1.000000;                                                   595P   4470
128,3,3,3,3,0,0,1,0,0,0.000000,0.000000,0.000000,0.000000,           597P   4471
1.000000,1.000000,1.000000,1.000000,0.000000,0.000000,               597P   4472
0.000000,0.000000,1.000000,1.000000,1.000000,1.000000,               597P   4473
1.000000,1.000000,1.000000,1.000000,1.000000,1.000000,               597P   4474
1.000000,1.000000,1.000000,1.000000,1.000000,1.000000,               597P   4475
1.000000,1.000000,1.000000,1.000000,0.000000,1.141708,               597P   4476
-0.158395,0.000000,1.092954,-0.124837,0.000000,1.092954,             597P   4477
-0.048857,0.000000,1.141708,0.011311,-0.050457,1.141708,             597P   4478
-0.158395,-0.029049,1.093040,-0.125839,-0.029049,1.093040,           597P   4479
-0.050996,-0.050457,1.141708,0.011311,-0.208452,1.117835,            597P   4480
-0.181129,-0.165636,1.069253,-0.135743,-0.165636,1.069253,           597P   4481
-0.048206,-0.208452,1.117835,0.030071,-0.248734,1.107230,            597P   4482
-0.196975,-0.184510,1.058733,-0.142990,-0.184510,1.058733,           597P   4483
-0.046990,-0.248734,1.107230,0.043025,0.000000,1.000000,             597P   4484
0.000000,1.000000;                                                   597P   4485
128,3,3,3,3,0,0,1,0,0,0.000000,0.000000,0.000000,0.000000,           599P   4486
1.000000,1.000000,1.000000,1.000000,0.000000,0.000000,               599P   4487
0.000000,0.000000,1.000000,1.000000,1.000000,1.000000,               599P   4488
1.000000,1.000000,1.000000,1.000000,1.000000,1.000000,               599P   4489
1.000000,1.000000,1.000000,1.000000,1.000000,1.000000,               599P   4490
1.000000,1.000000,1.000000,1.000000,0.000000,1.141708,               599P   4491
0.011311,0.000000,1.190461,0.071479,0.000000,1.245165,               599P   4492
0.078323,0.000000,1.263542,0.027645,-0.050457,1.141708,              599P   4493
0.011311,-0.035901,1.194093,0.069814,-0.036002,1.248563,             599P   4494
0.076239,-0.055841,1.263542,0.027645,-0.208452,1.117835,             599P   4495
0.030071,-0.184769,1.182989,0.088321,-0.190402,1.246362,             599P   4496
0.095737,-0.235509,1.267078,0.050639,-0.248734,1.107230,             599P   4497
0.043025,-0.212255,1.182240,0.100655,-0.219749,1.251604,             599P   4498
0.108695,-0.286455,1.275146,0.066725,0.000000,1.000000,              599P   4499
0.000000,1.000000;                                                   599P   4500
128,3,3,3,3,0,0,1,0,0,0.000000,0.000000,0.000000,0.000000,           601P   4501
1.000000,1.000000,1.000000,1.000000,0.000000,0.000000,               601P   4502
0.000000,0.000000,1.000000,1.000000,1.000000,1.000000,               601P   4503
1.000000,1.000000,1.000000,1.000000,1.000000,1.000000,               601P   4504
1.000000,1.000000,1.000000,1.000000,1.000000,1.000000,               601P   4505
1.000000,1.000000,1.000000,1.000000,0.000000,1.263542,               601P   4506
-0.142061,0.000000,1.245165,-0.185108,0.000000,1.190461,             601P   4507
-0.191953,0.000000,1.141708,-0.158395,-0.055841,1.263542,            601P   4508
-0.142061,-0.036002,1.248563,-0.179951,-0.035901,1.194093,           601P   4509
-0.186375,-0.050457,1.141708,-0.158395,-0.235509,1.267078,           601P   4510
-0.160561,-0.190402,1.246362,-0.194705,-0.184769,1.182989,           601P   4511
-0.202120,-0.208452,1.117835,-0.181129,-0.286455,1.275146,           601P   4512
-0.173275,-0.219749,1.251604,-0.203305,-0.212255,1.182240,           601P   4513
-0.211345,-0.248734,1.107230,-0.196975,0.000000,1.000000,            601P   4514
0.000000,1.000000;                                                   601P   4515
128,3,3,3,3,0,0,1,0,0,0.000000,0.000000,0.000000,0.000000,           603P   4516
1.000000,1.000000,1.000000,1.000000,0.000000,0.000000,               603P   4517
0.000000,0.000000,1.000000,1.000000,1.000000,1.000000,               603P   4518
1.000000,1.000000,1.000000,1.000000,1.000000,1.000000,               603P   4519
1.000000,1.000000,1.000000,1.000000,1.000000,1.000000,               603P   4520
1.000000,1.000000,1.000000,1.000000,-0.893459,0.893459,              603P   4521
-0.142061,-0.906454,0.906454,-0.099013,-0.906454,0.906454,           603P   4522
-0.023034,-0.893459,0.893459,0.027645,-0.847199,0.939720,            603P   4523
-0.142061,-0.872464,0.934590,-0.100568,-0.872464,0.934590,           603P   4524
-0.025725,-0.847199,0.939720,0.027645,-0.704036,1.079632,            603P   4525
-0.160561,-0.741570,1.056377,-0.106791,-0.741570,1.056377,           603P   4526
-0.019254,-0.704036,1.079632,0.050639,-0.669848,1.122210,            603P   4527
-0.173275,-0.719652,1.080831,-0.111460,-0.719652,1.080831,           603P   4528
-0.015460,-0.669848,1.122210,0.066725,0.000000,1.000000,             603P   4529
0.000000,1.000000;                                                   603P   4530
128,3,3,3,3,0,0,1,0,0,0.000000,0.000000,0.000000,0.000000,           605P   4531
1.000000,1.000000,1.000000,1.000000,0.000000,0.000000,               605P   4532
0.000000,0.000000,1.000000,1.000000,1.000000,1.000000,               605P   4533
1.000000,1.000000,1.000000,1.000000,1.000000,1.000000,               605P   4534
1.000000,1.000000,1.000000,1.000000,1.000000,1.000000,               605P   4535
1.000000,1.000000,1.000000,1.000000,-0.807309,0.807309,              605P   4536
0.011311,-0.772835,0.772835,-0.048857,-0.772835,0.772835,            605P   4537
-0.124837,-0.807309,0.807309,-0.158395,-0.765509,0.849109,           605P   4538
0.011311,-0.747937,0.799064,-0.050996,-0.747937,0.799064,            605P   4539
-0.125839,-0.765509,0.849109,-0.158395,-0.620577,0.952961,           605P   4540
0.030071,-0.619907,0.887344,-0.048206,-0.619907,0.887344,            605P   4541
-0.135743,-0.620577,0.952961,-0.181129,-0.581641,0.974434,           605P   4542
0.043025,-0.597872,0.893245,-0.046990,-0.597872,0.893245,            605P   4543
-0.142990,-0.581641,0.974434,-0.196975,0.000000,1.000000,            605P   4544
0.000000,1.000000;                                                   605P   4545
128,3,3,3,3,0,0,1,0,0,0.000000,0.000000,0.000000,0.000000,           607P   4546
1.000000,1.000000,1.000000,1.000000,0.000000,0.000000,               607P   4547
0.000000,0.000000,1.000000,1.000000,1.000000,1.000000,               607P   4548
1.000000,1.000000,1.000000,1.000000,1.000000,1.000000,               607P   4549
1.000000,1.000000,1.000000,1.000000,1.000000,1.000000,               607P   4550
1.000000,1.000000,1.000000,1.000000,-0.807309,0.807309,              607P   4551
-0.158395,-0.841783,0.841783,-0.191953,-0.880464,0.880464,           607P   4552
-0.185108,-0.893459,0.893459,-0.142061,-0.765509,0.849109,           607P   4553
-0.158395,-0.813813,0.875900,-0.186375,-0.852140,0.914728,           607P   4554
-0.179951,-0.847199,0.939720,-0.142061,-0.620577,0.952961,           607P   4555
-0.181129,-0.684788,0.982601,-0.202120,-0.724836,1.032111,           607P   4556
-0.194705,-0.704036,1.079632,-0.160561,-0.581641,0.974434,           607P   4557
-0.196975,-0.662751,1.001939,-0.211345,-0.705514,1.057144,           607P   4558
-0.203305,-0.669848,1.122210,-0.173275,0.000000,1.000000,            607P   4559
0.000000,1.000000;                                                   607P   4560
128,3,3,3,3,0,0,1,0,0,0.000000,0.000000,0.000000,0.000000,           609P   4561
1.000000,1.000000,1.000000,1.000000,0.000000,0.000000,               609P   4562
0.000000,0.000000,1.000000,1.000000,1.000000,1.000000,               609P   4563
1.000000,1.000000,1.000000,1.000000,1.000000,1.000000,               609P   4564
1.000000,1.000000,1.000000,1.000000,1.000000,1.000000,               609P   4565
1.000000,1.000000,1.000000,1.000000,-0.893459,0.893459,              609P   4566
0.027645,-0.880464,0.880464,0.078323,-0.841783,0.841783,             609P   4567
0.071479,-0.807309,0.807309,0.011311,-0.847199,0.939720,             609P   4568
0.027645,-0.852140,0.914728,0.076239,-0.813813,0.875900,             609P   4569
0.069814,-0.765509,0.849109,0.011311,-0.704036,1.079632,             609P   4570
0.050639,-0.724836,1.032111,0.095737,-0.684788,0.982601,             609P   4571
0.088321,-0.620577,0.952961,0.030071,-0.669848,1.122210,             609P   4572
0.066725,-0.705514,1.057144,0.108695,-0.662751,1.001939,             609P   4573
0.100655,-0.581641,0.974434,0.043025,0.000000,1.000000,              609P   4574
0.000000,1.000000;                                                   609P   4575
128,3,3,3,3,0,0,1,0,0,0.000000,0.000000,0.000000,0.000000,           611P   4576
1.000000,1.000000,1.000000,1.000000,0.000000,0.000000,               611P   4577
0.000000,0.000000,1.000000,1.000000,1.000000,1.000000,               611P   4578
1.000000,1.000000,1.000000,1.000000,1.000000,1.000000,               611P   4579
1.000000,1.000000,1.000000,1.000000,1.000000,1.000000,               611P   4580
1.000000,1.000000,1.000000,1.000000,-0.478602,0.896212,              611P   4581
-0.061147,-0.430190,0.942101,-0.009866,-0.330997,0.981169,           611P   4582
-0.009866,-0.267106,0.980260,-0.061147,-0.487435,0.912751,           611P   4583
-0.042397,-0.434902,0.956339,0.002585,-0.336008,0.995018,            611P   4584
0.002585,-0.272035,0.998351,-0.042397,-0.549196,0.963432,            611P   4585
0.019973,-0.470353,1.013600,0.058657,-0.349569,1.060772,             611P   4586
0.058657,-0.263325,1.077227,0.019973,-0.581641,0.974434,             611P   4587
0.043025,-0.484299,1.028118,0.075410,-0.349437,1.080718,             611P   4588
0.075410,-0.248734,1.107230,0.043025,0.000000,1.000000,              611P   4589
0.000000,1.000000;                                                   611P   4590
128,3,3,3,3,0,0,1,0,0,0.000000,0.000000,0.000000,0.000000,           613P   4591
1.000000,1.000000,1.000000,1.000000,0.000000,0.000000,               613P   4592
0.000000,0.000000,1.000000,1.000000,1.000000,1.000000,               613P   4593
1.000000,1.000000,1.000000,1.000000,1.000000,1.000000,               613P   4594
1.000000,1.000000,1.000000,1.000000,1.000000,1.000000,               613P   4595
1.000000,1.000000,1.000000,1.000000,-0.267106,0.980260,              613P   4596
-0.230853,-0.330997,0.981169,-0.273297,-0.430190,0.942101,           613P   4597
-0.273297,-0.478602,0.896212,-0.230853,-0.272035,0.998351,           613P   4598
-0.212103,-0.336008,0.995018,-0.253604,-0.434902,0.956339,           613P   4599
-0.253604,-0.487435,0.912751,-0.212103,-0.263325,1.077227,           613P   4600
-0.191227,-0.349569,1.060772,-0.231785,-0.470353,1.013600,           613P   4601
-0.231785,-0.549196,0.963432,-0.191227,-0.248734,1.107230,           613P   4602
-0.196975,-0.349437,1.080718,-0.236590,-0.484299,1.028118,           613P   4603
-0.236590,-0.581641,0.974434,-0.196975,0.000000,1.000000,            613P   4604
0.000000,1.000000;                                                   613P   4605
128,3,3,3,3,0,0,1,0,0,0.000000,0.000000,0.000000,0.000000,           615P   4606
1.000000,1.000000,1.000000,1.000000,0.000000,0.000000,               615P   4607
0.000000,0.000000,1.000000,1.000000,1.000000,1.000000,               615P   4608
1.000000,1.000000,1.000000,1.000000,1.000000,1.000000,               615P   4609
1.000000,1.000000,1.000000,1.000000,1.000000,1.000000,               615P   4610
1.000000,1.000000,1.000000,1.000000,-0.478602,0.896212,              615P   4611
-0.230853,-0.527014,0.850323,-0.188408,-0.527014,0.850323,           615P   4612
-0.112428,-0.478602,0.896212,-0.061147,-0.487435,0.912751,           615P   4613
-0.212103,-0.525120,0.855096,-0.173622,-0.525120,0.855096,           615P   4614
-0.098779,-0.487435,0.912751,-0.042397,-0.549196,0.963432,           615P   4615
-0.191227,-0.576154,0.894010,-0.142878,-0.576154,0.894010,           615P   4616
-0.055341,-0.549196,0.963432,0.019973,-0.581641,0.974434,            615P   4617
-0.196975,-0.597872,0.893245,-0.142990,-0.597872,0.893245,           615P   4618
-0.046990,-0.581641,0.974434,0.043025,0.000000,1.000000,             615P   4619
0.000000,1.000000;                                                   615P   4620
128,3,3,3,3,0,0,1,0,0,0.000000,0.000000,0.000000,0.000000,           617P   4621
1.000000,1.000000,1.000000,1.000000,0.000000,0.000000,               617P   4622
0.000000,0.000000,1.000000,1.000000,1.000000,1.000000,               617P   4623
1.000000,1.000000,1.000000,1.000000,1.000000,1.000000,               617P   4624
1.000000,1.000000,1.000000,1.000000,1.000000,1.000000,               617P   4625
1.000000,1.000000,1.000000,1.000000,-0.267106,0.980260,              617P   4626
-0.061147,-0.203215,0.979352,-0.112428,-0.203215,0.979352,           617P   4627
-0.188408,-0.267106,0.980260,-0.230853,-0.272035,0.998351,           617P   4628
-0.042397,-0.208033,0.981580,-0.098779,-0.208033,0.981580,           617P   4629
-0.173622,-0.272035,0.998351,-0.212103,-0.263325,1.077227,           617P   4630
0.019973,-0.199212,1.044592,-0.055341,-0.199212,1.044592,            617P   4631
-0.142878,-0.263325,1.077227,-0.191227,-0.248734,1.107230,           617P   4632
0.043025,-0.184510,1.058733,-0.046990,-0.184510,1.058733,            617P   4633
-0.142990,-0.248734,1.107230,-0.196975,0.000000,1.000000,            617P   4634
0.000000,1.000000;                                                   617P   4635
128,3,3,3,3,0,0,1,0,0,0.000000,0.000000,0.000000,0.000000,           619P   4636
1.000000,1.000000,1.000000,1.000000,0.000000,0.000000,               619P   4637
0.000000,0.000000,1.000000,1.000000,1.000000,1.000000,               619P   4638
1.000000,1.000000,1.000000,1.000000,1.000000,1.000000,               619P   4639
1.000000,1.000000,1.000000,1.000000,1.000000,1.000000,               619P   4640
1.000000,1.000000,1.000000,1.000000,-0.478602,0.896212,              619P   4641
-0.061147,-0.527014,0.850323,-0.112428,-0.527014,0.850323,           619P   4642
-0.188408,-0.478602,0.896212,-0.230853,-0.430190,0.942101,           619P   4643
-0.009866,-0.441168,0.911206,-0.092389,-0.441168,0.911206,           619P   4644
-0.199611,-0.430190,0.942101,-0.273297,-0.330997,0.981169,           619P   4645
-0.009866,-0.304540,0.965267,-0.092389,-0.304540,0.965267,           619P   4646
-0.199611,-0.330997,0.981169,-0.273297,-0.267106,0.980260,           619P   4647
-0.061147,-0.203215,0.979352,-0.112428,-0.203215,0.979352,           619P   4648
-0.188408,-0.267106,0.980260,-0.230853,0.000000,1.000000,            619P   4649
0.000000,1.000000;                                                   619P   4650
128,3,3,3,3,0,0,1,0,0,0.000000,0.000000,0.000000,0.000000,           621P   4651
1.000000,1.000000,1.000000,1.000000,0.000000,0.000000,               621P   4652
0.000000,0.000000,1.000000,1.000000,1.000000,1.000000,               621P   4653
1.000000,1.000000,1.000000,1.000000,1.000000,1.000000,               621P   4654
1.000000,1.000000,1.000000,1.000000,1.000000,1.000000,               621P   4655
1.000000,1.000000,1.000000,1.000000,-0.678805,1.271104,              621P   4656
-0.155853,-0.606659,1.329667,-0.198297,-0.467512,1.384466,           621P   4657
-0.198297,-0.378838,1.390310,-0.155853,-0.663348,1.242160,           621P   4658
-0.151165,-0.598308,1.312032,-0.190057,-0.460236,1.366131,           621P   4659
-0.190057,-0.370212,1.358652,-0.151165,-0.655582,1.148237,           621P   4660
-0.161263,-0.578934,1.236933,-0.196601,-0.423225,1.297849,           621P   4661
-0.196601,-0.313137,1.284562,-0.161263,-0.669848,1.122210,           621P   4662
-0.173275,-0.584379,1.228656,-0.205060,-0.413820,1.295315,           621P   4663
-0.205060,-0.286455,1.275146,-0.173275,0.000000,1.000000,            621P   4664
0.000000,1.000000;                                                   621P   4665
128,3,3,3,3,0,0,1,0,0,0.000000,0.000000,0.000000,0.000000,           623P   4666
1.000000,1.000000,1.000000,1.000000,0.000000,0.000000,               623P   4667
0.000000,0.000000,1.000000,1.000000,1.000000,1.000000,               623P   4668
1.000000,1.000000,1.000000,1.000000,1.000000,1.000000,               623P   4669
1.000000,1.000000,1.000000,1.000000,1.000000,1.000000,               623P   4670
1.000000,1.000000,1.000000,1.000000,-0.378838,1.390310,              623P   4671
0.013853,-0.467512,1.384466,0.065134,-0.606659,1.329667,             623P   4672
0.065134,-0.678805,1.271104,0.013853,-0.370212,1.358652,             623P   4673
0.018540,-0.460236,1.366131,0.066133,-0.598308,1.312032,             623P   4674
0.066133,-0.663348,1.242160,0.018540,-0.313137,1.284562,             623P   4675
0.049937,-0.423225,1.297849,0.093841,-0.578934,1.236933,             623P   4676
0.093841,-0.655582,1.148237,0.049937,-0.286455,1.275146,             623P   4677
0.066725,-0.413820,1.295315,0.106940,-0.584379,1.228656,             623P   4678
0.106940,-0.669848,1.122210,0.066725,0.000000,1.000000,              623P   4679
0.000000,1.000000;                                                   623P   4680
128,3,3,3,3,0,0,1,0,0,0.000000,0.000000,0.000000,0.000000,           625P   4681
1.000000,1.000000,1.000000,1.000000,0.000000,0.000000,               625P   4682
0.000000,0.000000,1.000000,1.000000,1.000000,1.000000,               625P   4683
1.000000,1.000000,1.000000,1.000000,1.000000,1.000000,               625P   4684
1.000000,1.000000,1.000000,1.000000,1.000000,1.000000,               625P   4685
1.000000,1.000000,1.000000,1.000000,-0.678805,1.271104,              625P   4686
0.013853,-0.750950,1.212541,-0.037428,-0.750950,1.212541,            625P   4687
-0.113408,-0.678805,1.271104,-0.155853,-0.663348,1.242160,           625P   4688
0.018540,-0.728046,1.189325,-0.035232,-0.728046,1.189325,            625P   4689
-0.110074,-0.663348,1.242160,-0.151165,-0.655582,1.148237,           625P   4690
0.049937,-0.712833,1.101129,-0.020157,-0.712833,1.101129,            625P   4691
-0.107694,-0.655582,1.148237,-0.161263,-0.669848,1.122210,           625P   4692
0.066725,-0.719652,1.080831,-0.015460,-0.719652,1.080831,            625P   4693
-0.111460,-0.669848,1.122210,-0.173275,0.000000,1.000000,            625P   4694
0.000000,1.000000;                                                   625P   4695
128,3,3,3,3,0,0,1,0,0,0.000000,0.000000,0.000000,0.000000,           627P   4696
1.000000,1.000000,1.000000,1.000000,0.000000,0.000000,               627P   4697
0.000000,0.000000,1.000000,1.000000,1.000000,1.000000,               627P   4698
1.000000,1.000000,1.000000,1.000000,1.000000,1.000000,               627P   4699
1.000000,1.000000,1.000000,1.000000,1.000000,1.000000,               627P   4700
1.000000,1.000000,1.000000,1.000000,-0.378838,1.390310,              627P   4701
-0.155853,-0.290164,1.396155,-0.113408,-0.290164,1.396155,           627P   4702
-0.037428,-0.378838,1.390310,0.013853,-0.370212,1.358652,            627P   4703
-0.151165,-0.290876,1.363673,-0.110074,-0.290876,1.363673,           627P   4704
-0.035232,-0.370212,1.358652,0.018540,-0.313137,1.284562,            627P   4705
-0.161263,-0.243140,1.288759,-0.107694,-0.243140,1.288759,           627P   4706
-0.020157,-0.313137,1.284562,0.049937,-0.286455,1.275146,            627P   4707
-0.173275,-0.225796,1.278518,-0.111460,-0.225796,1.278518,           627P   4708
-0.015460,-0.286455,1.275146,0.066725,0.000000,1.000000,             627P   4709
0.000000,1.000000;                                                   627P   4710
128,3,3,3,3,0,0,1,0,0,0.000000,0.000000,0.000000,0.000000,           629P   4711
1.000000,1.000000,1.000000,1.000000,0.000000,0.000000,               629P   4712
0.000000,0.000000,1.000000,1.000000,1.000000,1.000000,               629P   4713
1.000000,1.000000,1.000000,1.000000,1.000000,1.000000,               629P   4714
1.000000,1.000000,1.000000,1.000000,1.000000,1.000000,               629P   4715
1.000000,1.000000,1.000000,1.000000,-0.624495,1.169405,              629P   4716
-0.327542,-0.535822,1.181524,-0.336429,-0.417661,1.228022,           629P   4717
-0.336429,-0.348528,1.279074,-0.327542,-0.600941,1.125300,           629P   4718
-0.302542,-0.519175,1.147326,-0.321672,-0.405243,1.191909,           629P   4719
-0.321672,-0.335383,1.230833,-0.302542,-0.575148,1.006910,           629P   4720
-0.218569,-0.485097,1.044950,-0.247941,-0.360203,1.093727,           629P   4721
-0.247941,-0.274423,1.126629,-0.218569,-0.581641,0.974434,           629P   4722
-0.196975,-0.484299,1.028118,-0.236590,-0.349437,1.080718,           629P   4723
-0.236590,-0.248734,1.107230,-0.196975,0.000000,1.000000,            629P   4724
0.000000,1.000000;                                                   629P   4725
128,3,3,3,3,0,0,1,0,0,0.000000,0.000000,0.000000,0.000000,           631P   4726
1.000000,1.000000,1.000000,1.000000,0.000000,0.000000,               631P   4727
0.000000,0.000000,1.000000,1.000000,1.000000,1.000000,               631P   4728
1.000000,1.000000,1.000000,1.000000,1.000000,1.000000,               631P   4729
1.000000,1.000000,1.000000,1.000000,1.000000,1.000000,               631P   4730
1.000000,1.000000,1.000000,1.000000,-0.380558,1.396622,              631P   4731
-0.311208,-0.474445,1.408405,-0.310605,-0.618033,1.351844,           631P   4732
-0.310605,-0.681887,1.276875,-0.311208,-0.367413,1.348381,           631P   4733
-0.286208,-0.459871,1.368026,-0.296401,-0.599862,1.313165,           631P   4734
-0.296401,-0.658333,1.232770,-0.286208,-0.310719,1.273797,           631P   4735
-0.198001,-0.421314,1.293450,-0.218990,-0.577273,1.232437,           631P   4736
-0.218990,-0.649927,1.138762,-0.198001,-0.286455,1.275146,           631P   4737
-0.173275,-0.413820,1.295315,-0.205060,-0.584379,1.228656,           631P   4738
-0.205060,-0.669848,1.122210,-0.173275,0.000000,1.000000,            631P   4739
0.000000,1.000000;                                                   631P   4740
128,3,3,3,3,0,0,1,0,0,0.000000,0.000000,0.000000,0.000000,           633P   4741
1.000000,1.000000,1.000000,1.000000,0.000000,0.000000,               633P   4742
0.000000,0.000000,1.000000,1.000000,1.000000,1.000000,               633P   4743
1.000000,1.000000,1.000000,1.000000,1.000000,1.000000,               633P   4744
1.000000,1.000000,1.000000,1.000000,1.000000,1.000000,               633P   4745
1.000000,1.000000,1.000000,1.000000,-0.681887,1.276875,              633P   4746
-0.311208,-0.745740,1.201906,-0.311811,-0.713168,1.157285,           633P   4747
-0.318655,-0.624495,1.169405,-0.327542,-0.658333,1.232770,           633P   4748
-0.286208,-0.716215,1.165580,-0.295801,-0.683670,1.121910,           633P   4749
-0.302226,-0.600941,1.125300,-0.302542,-0.649927,1.138762,           633P   4750
-0.198001,-0.696041,1.071225,-0.217996,-0.657727,1.020377,           633P   4751
-0.225412,-0.575148,1.006910,-0.218569,-0.669848,1.122210,           633P   4752
-0.173275,-0.705514,1.057144,-0.203305,-0.662751,1.001939,           633P   4753
-0.211345,-0.581641,0.974434,-0.196975,0.000000,1.000000,            633P   4754
0.000000,1.000000;                                                   633P   4755
128,3,3,3,3,0,0,1,0,0,0.000000,0.000000,0.000000,0.000000,           635P   4756
1.000000,1.000000,1.000000,1.000000,0.000000,0.000000,               635P   4757
0.000000,0.000000,1.000000,1.000000,1.000000,1.000000,               635P   4758
1.000000,1.000000,1.000000,1.000000,1.000000,1.000000,               635P   4759
1.000000,1.000000,1.000000,1.000000,1.000000,1.000000,               635P   4760
1.000000,1.000000,1.000000,1.000000,-0.348528,1.279074,              635P   4761
-0.327542,-0.279394,1.330125,-0.318655,-0.286671,1.384840,           635P   4762
-0.311811,-0.380558,1.396622,-0.311208,-0.335383,1.230833,           635P   4763
-0.302542,-0.276502,1.284274,-0.302226,-0.283219,1.338275,           635P   4764
-0.295801,-0.367413,1.348381,-0.286208,-0.274423,1.126629,           635P   4765
-0.218569,-0.227217,1.192333,-0.225412,-0.234796,1.255494,           635P   4766
-0.217996,-0.310719,1.273797,-0.198001,-0.248734,1.107230,           635P   4767
-0.196975,-0.212255,1.182240,-0.211345,-0.219749,1.251604,           635P   4768
-0.203305,-0.286455,1.275146,-0.173275,0.000000,1.000000,            635P   4769
0.000000,1.000000;                                                   635P   4770
128,3,3,3,3,0,0,1,0,0,0.000000,0.000000,0.000000,0.000000,           637P   4771
1.000000,1.000000,1.000000,1.000000,0.000000,0.000000,               637P   4772
0.000000,0.000000,1.000000,1.000000,1.000000,1.000000,               637P   4773
1.000000,1.000000,1.000000,1.000000,1.000000,1.000000,               637P   4774
1.000000,1.000000,1.000000,1.000000,1.000000,1.000000,               637P   4775
1.000000,1.000000,1.000000,1.000000,-0.624495,1.169405,              637P   4776
-0.327542,-0.713168,1.157285,-0.318655,-0.745740,1.201906,           637P   4777
-0.311811,-0.681887,1.276875,-0.311208,-0.535822,1.181524,           637P   4778
-0.336429,-0.582984,1.210292,-0.324379,-0.618215,1.278107,           637P   4779
-0.314371,-0.618033,1.351844,-0.310605,-0.417661,1.228022,           637P   4780
-0.336429,-0.406563,1.280081,-0.324379,-0.427705,1.353496,           637P   4781
-0.314371,-0.474445,1.408405,-0.310605,-0.348528,1.279074,           637P   4782
-0.327542,-0.279394,1.330125,-0.318655,-0.286671,1.384840,           637P   4783
-0.311811,-0.380558,1.396622,-0.311208,0.000000,1.000000,            637P   4784
0.000000,1.000000;                                                   637P   4785
128,3,3,3,3,0,0,1,0,0,0.000000,0.000000,0.000000,0.000000,           639P   4786
1.000000,1.000000,1.000000,1.000000,0.000000,0.000000,               639P   4787
0.000000,0.000000,1.000000,1.000000,1.000000,1.000000,               639P   4788
1.000000,1.000000,1.000000,1.000000,1.000000,1.000000,               639P   4789
1.000000,1.000000,1.000000,1.000000,1.000000,1.000000,               639P   4790
1.000000,1.000000,1.000000,1.000000,-0.681887,1.276875,              639P   4791
0.288792,-0.618033,1.351844,0.289395,-0.474445,1.408405,             639P   4792
0.289395,-0.380558,1.396622,0.288792,-0.658333,1.232770,             639P   4793
0.238792,-0.599862,1.313165,0.252599,-0.459871,1.368026,             639P   4794
0.252599,-0.367413,1.348381,0.238792,-0.649927,1.138762,             639P   4795
0.099599,-0.577273,1.232437,0.126610,-0.421314,1.293450,             639P   4796
0.126610,-0.310719,1.273797,0.099599,-0.669848,1.122210,             639P   4797
0.066725,-0.584379,1.228656,0.106940,-0.413820,1.295315,             639P   4798
0.106940,-0.286455,1.275146,0.066725,0.000000,1.000000,              639P   4799
0.000000,1.000000;                                                   639P   4800
128,3,3,3,3,0,0,1,0,0,0.000000,0.000000,0.000000,0.000000,           641P   4801
1.000000,1.000000,1.000000,1.000000,0.000000,0.000000,               641P   4802
0.000000,0.000000,1.000000,1.000000,1.000000,1.000000,               641P   4803
1.000000,1.000000,1.000000,1.000000,1.000000,1.000000,               641P   4804
1.000000,1.000000,1.000000,1.000000,1.000000,1.000000,               641P   4805
1.000000,1.000000,1.000000,1.000000,-0.348528,1.279074,              641P   4806
0.272458,-0.417661,1.228022,0.263571,-0.535822,1.181524,             641P   4807
0.263571,-0.624495,1.169405,0.272458,-0.335383,1.230833,             641P   4808
0.222458,-0.405243,1.191909,0.227328,-0.519175,1.147326,             641P   4809
0.227328,-0.600941,1.125300,0.222458,-0.274423,1.126629,             641P   4810
0.079031,-0.360203,1.093727,0.097659,-0.485097,1.044950,             641P   4811
0.097659,-0.575148,1.006910,0.079031,-0.248734,1.107230,             641P   4812
0.043025,-0.349437,1.080718,0.075410,-0.484299,1.028118,             641P   4813
0.075410,-0.581641,0.974434,0.043025,0.000000,1.000000,              641P   4814
0.000000,1.000000;                                                   641P   4815
128,3,3,3,3,0,0,1,0,0,0.000000,0.000000,0.000000,0.000000,           643P   4816
1.000000,1.000000,1.000000,1.000000,0.000000,0.000000,               643P   4817
0.000000,0.000000,1.000000,1.000000,1.000000,1.000000,               643P   4818
1.000000,1.000000,1.000000,1.000000,1.000000,1.000000,               643P   4819
1.000000,1.000000,1.000000,1.000000,1.000000,1.000000,               643P   4820
1.000000,1.000000,1.000000,1.000000,-0.624495,1.169405,              643P   4821
0.272458,-0.713168,1.157285,0.281345,-0.745740,1.201906,             643P   4822
0.288189,-0.681887,1.276875,0.288792,-0.600941,1.125300,             643P   4823
0.222458,-0.683670,1.121910,0.246774,-0.716215,1.165580,             643P   4824
0.253199,-0.658333,1.232770,0.238792,-0.575148,1.006910,             643P   4825
0.079031,-0.657727,1.020377,0.120188,-0.696041,1.071225,             643P   4826
0.127604,-0.649927,1.138762,0.099599,-0.581641,0.974434,             643P   4827
0.043025,-0.662751,1.001939,0.100655,-0.705514,1.057144,             643P   4828
0.108695,-0.669848,1.122210,0.066725,0.000000,1.000000,              643P   4829
0.000000,1.000000;                                                   643P   4830
128,3,3,3,3,0,0,1,0,0,0.000000,0.000000,0.000000,0.000000,           645P   4831
1.000000,1.000000,1.000000,1.000000,0.000000,0.000000,               645P   4832
0.000000,0.000000,1.000000,1.000000,1.000000,1.000000,               645P   4833
1.000000,1.000000,1.000000,1.000000,1.000000,1.000000,               645P   4834
1.000000,1.000000,1.000000,1.000000,1.000000,1.000000,               645P   4835
1.000000,1.000000,1.000000,1.000000,-0.380558,1.396622,              645P   4836
0.288792,-0.286671,1.384840,0.288189,-0.279394,1.330125,             645P   4837
0.281345,-0.348528,1.279074,0.272458,-0.367413,1.348381,             645P   4838
0.238792,-0.283219,1.338275,0.253199,-0.276502,1.284274,             645P   4839
0.246774,-0.335383,1.230833,0.222458,-0.310719,1.273797,             645P   4840
0.099599,-0.234796,1.255494,0.127604,-0.227217,1.192333,             645P   4841
0.120188,-0.274423,1.126629,0.079031,-0.286455,1.275146,             645P   4842
0.066725,-0.219749,1.251604,0.108695,-0.212255,1.182240,             645P   4843
0.100655,-0.248734,1.107230,0.043025,0.000000,1.000000,              645P   4844
0.000000,1.000000;                                                   645P   4845
128,3,3,3,3,0,0,1,0,0,0.000000,0.000000,0.000000,0.000000,           647P   4846
1.000000,1.000000,1.000000,1.000000,0.000000,0.000000,               647P   4847
0.000000,0.000000,1.000000,1.000000,1.000000,1.000000,               647P   4848
1.000000,1.000000,1.000000,1.000000,1.000000,1.000000,               647P   4849
1.000000,1.000000,1.000000,1.000000,1.000000,1.000000,               647P   4850
1.000000,1.000000,1.000000,1.000000,-0.681887,1.276875,              647P   4851
0.288792,-0.745740,1.201906,0.288189,-0.713168,1.157285,             647P   4852
0.281345,-0.624495,1.169405,0.272458,-0.618033,1.351844,             647P   4853
0.289395,-0.618215,1.278107,0.285629,-0.582984,1.210292,             647P   4854
0.275621,-0.535822,1.181524,0.263571,-0.474445,1.408405,             647P   4855
0.289395,-0.427705,1.353496,0.285629,-0.406563,1.280081,             647P   4856
0.275621,-0.417661,1.228022,0.263571,-0.380558,1.396622,             647P   4857
0.288792,-0.286671,1.384840,0.288189,-0.279394,1.330125,             647P   4858
0.281345,-0.348528,1.279074,0.272458,0.000000,1.000000,              647P   4859
0.000000,1.000000;                                                   647P   4860
128,3,3,3,3,0,0,1,0,0,0.000000,0.000000,0.000000,0.000000,           649P   4861
1.000000,1.000000,1.000000,1.000000,0.000000,0.000000,               649P   4862
0.000000,0.000000,1.000000,1.000000,1.000000,1.000000,               649P   4863
1.000000,1.000000,1.000000,1.000000,1.000000,1.000000,               649P   4864
1.000000,1.000000,1.000000,1.000000,1.000000,1.000000,               649P   4865
1.000000,1.000000,1.000000,1.000000,1.274210,1.274210,               649P   4866
-0.045318,1.294318,1.294318,-0.102742,1.294318,1.294318,             649P   4867
-0.178722,1.274210,1.274210,-0.215024,1.208236,1.340185,             649P   4868
-0.045318,1.247119,1.337293,-0.104385,1.247119,1.337293,             649P   4869
-0.179228,1.208236,1.340185,-0.215024,1.000628,1.534822,             649P   4870
-0.025171,1.058286,1.508931,-0.099713,1.058286,1.508931,             649P   4871
-0.187250,1.000628,1.534822,-0.236371,0.949566,1.590827,             649P   4872
-0.010525,1.025999,1.541937,-0.096310,1.025999,1.541937,             649P   4873
-0.192310,0.949566,1.590827,-0.250525,0.000000,1.000000,             649P   4874
0.000000,1.000000;                                                   649P   4875
128,3,3,3,3,0,0,1,0,0,0.000000,0.000000,0.000000,0.000000,           651P   4876
1.000000,1.000000,1.000000,1.000000,0.000000,0.000000,               651P   4877
0.000000,0.000000,1.000000,1.000000,1.000000,1.000000,               651P   4878
1.000000,1.000000,1.000000,1.000000,1.000000,1.000000,               651P   4879
1.000000,1.000000,1.000000,1.000000,1.000000,1.000000,               651P   4880
1.000000,1.000000,1.000000,1.000000,1.158060,1.158060,               651P   4881
-0.188932,1.114131,1.114131,-0.138688,1.114131,1.114131,             651P   4882
-0.062708,1.158060,1.158060,-0.019226,1.098100,1.218021,             651P   4883
-0.188932,1.079184,1.154518,-0.140451,1.079184,1.154518,             651P   4884
-0.065609,1.098100,1.218021,-0.019226,0.888090,1.364017,             651P   4885
-0.204139,0.894188,1.280941,-0.143591,0.894188,1.280941,             651P   4886
-0.056053,0.888090,1.364017,0.007061,0.830606,1.391531,              651P   4887
-0.214225,0.861718,1.288881,-0.145840,0.861718,1.288881,             651P   4888
-0.049840,0.830606,1.391531,0.025775,0.000000,1.000000,              651P   4889
0.000000,1.000000;                                                   651P   4890
128,3,3,3,3,0,0,1,0,0,0.000000,0.000000,0.000000,0.000000,           653P   4891
1.000000,1.000000,1.000000,1.000000,0.000000,0.000000,               653P   4892
0.000000,0.000000,1.000000,1.000000,1.000000,1.000000,               653P   4893
1.000000,1.000000,1.000000,1.000000,1.000000,1.000000,               653P   4894
1.000000,1.000000,1.000000,1.000000,1.000000,1.000000,               653P   4895
1.000000,1.000000,1.000000,1.000000,1.158060,1.158060,               653P   4896
-0.019226,1.201990,1.201990,0.024256,1.254103,1.254103,              653P   4897
0.012105,1.274210,1.274210,-0.045318,1.098100,1.218021,              653P   4898
-0.019226,1.162602,1.251362,0.020506,1.214222,1.303639,              653P   4899
0.008220,1.208236,1.340185,-0.045318,0.888090,1.364017,              653P   4900
0.007061,0.975970,1.400979,0.040997,1.029903,1.467629,               653P   4901
0.026528,1.000628,1.534822,-0.025171,0.830606,1.391531,              653P   4902
0.025775,0.943204,1.425396,0.054605,1.000789,1.499704,               653P   4903
0.038645,0.949566,1.590827,-0.010525,0.000000,1.000000,              653P   4904
0.000000,1.000000;                                                   653P   4905
128,3,3,3,3,0,0,1,0,0,0.000000,0.000000,0.000000,0.000000,           655P   4906
1.000000,1.000000,1.000000,1.000000,0.000000,0.000000,               655P   4907
0.000000,0.000000,1.000000,1.000000,1.000000,1.000000,               655P   4908
1.000000,1.000000,1.000000,1.000000,1.000000,1.000000,               655P   4909
1.000000,1.000000,1.000000,1.000000,1.000000,1.000000,               655P   4910
1.000000,1.000000,1.000000,1.000000,1.274210,1.274210,               655P   4911
-0.215024,1.254103,1.254103,-0.251326,1.201990,1.201990,             655P   4912
-0.239176,1.158060,1.158060,-0.188932,1.208236,1.340185,             655P   4913
-0.215024,1.214222,1.303639,-0.247970,1.162602,1.251362,             655P   4914
-0.235683,1.098100,1.218021,-0.188932,1.000628,1.534822,             655P   4915
-0.236371,1.029903,1.467629,-0.263914,0.975970,1.400979,             655P   4916
-0.249445,0.888090,1.364017,-0.204139,0.949566,1.590827,             655P   4917
-0.250525,1.000789,1.499704,-0.273355,0.943204,1.425396,             655P   4918
-0.257395,0.830606,1.391531,-0.214225,0.000000,1.000000,             655P   4919
0.000000,1.000000;                                                   655P   4920
128,3,3,3,3,0,0,1,0,0,0.000000,0.000000,0.000000,0.000000,           657P   4921
1.000000,1.000000,1.000000,1.000000,0.000000,0.000000,               657P   4922
0.000000,0.000000,1.000000,1.000000,1.000000,1.000000,               657P   4923
1.000000,1.000000,1.000000,1.000000,1.000000,1.000000,               657P   4924
1.000000,1.000000,1.000000,1.000000,1.000000,1.000000,               657P   4925
1.000000,1.000000,1.000000,1.000000,0.000000,1.802005,               657P   4926
-0.215024,0.000000,1.830442,-0.178722,0.000000,1.830442,             657P   4927
-0.102742,0.000000,1.802005,-0.045318,0.079638,1.802005,             657P   4928
-0.215024,0.051806,1.826257,-0.179228,0.051806,1.826257,             657P   4929
-0.104385,0.079638,1.802005,-0.045318,0.334965,1.801135,             657P   4930
-0.236371,0.279301,1.821202,-0.187250,0.279301,1.821202,             657P   4931
-0.099713,0.334965,1.801135,-0.025171,0.406074,1.807625,             657P   4932
-0.250525,0.322578,1.823507,-0.192310,0.322578,1.823507,             657P   4933
-0.096310,0.406074,1.807625,-0.010525,0.000000,1.000000,             657P   4934
0.000000,1.000000;                                                   657P   4935
128,3,3,3,3,0,0,1,0,0,0.000000,0.000000,0.000000,0.000000,           659P   4936
1.000000,1.000000,1.000000,1.000000,0.000000,0.000000,               659P   4937
0.000000,0.000000,1.000000,1.000000,1.000000,1.000000,               659P   4938
1.000000,1.000000,1.000000,1.000000,1.000000,1.000000,               659P   4939
1.000000,1.000000,1.000000,1.000000,1.000000,1.000000,               659P   4940
1.000000,1.000000,1.000000,1.000000,0.000000,1.637745,               659P   4941
-0.019226,0.000000,1.575619,-0.062708,0.000000,1.575619,             659P   4942
-0.138688,0.000000,1.637745,-0.188932,0.072379,1.637745,             659P   4943
-0.019226,0.042938,1.578276,-0.065609,0.042938,1.578276,             659P   4944
-0.140451,0.072379,1.637745,-0.188932,0.298483,1.599894,             659P   4945
0.007061,0.239602,1.543083,-0.056053,0.239602,1.543083,              659P   4946
-0.143591,0.298483,1.599894,-0.204139,0.355202,1.581169,             659P   4947
0.025775,0.266880,1.527016,-0.049840,0.266880,1.527016,              659P   4948
-0.145840,0.355202,1.581169,-0.214225,0.000000,1.000000,             659P   4949
0.000000,1.000000;                                                   659P   4950
128,3,3,3,3,0,0,1,0,0,0.000000,0.000000,0.000000,0.000000,           661P   4951
1.000000,1.000000,1.000000,1.000000,0.000000,0.000000,               661P   4952
0.000000,0.000000,1.000000,1.000000,1.000000,1.000000,               661P   4953
1.000000,1.000000,1.000000,1.000000,1.000000,1.000000,               661P   4954
1.000000,1.000000,1.000000,1.000000,1.000000,1.000000,               661P   4955
1.000000,1.000000,1.000000,1.000000,0.000000,1.637745,               661P   4956
-0.188932,0.000000,1.699871,-0.239176,0.000000,1.773569,             661P   4957
-0.251326,0.000000,1.802005,-0.215024,0.072379,1.637745,             661P   4958
-0.188932,0.051321,1.705907,-0.235683,0.051445,1.779256,             661P   4959
-0.247970,0.079638,1.802005,-0.215024,0.298483,1.599894,             661P   4960
-0.204139,0.263688,1.686419,-0.249445,0.271258,1.771746,             661P   4961
-0.263914,0.334965,1.801135,-0.236371,0.355202,1.581169,             661P   4962
-0.214225,0.301726,1.682135,-0.257395,0.311797,1.775518,             661P   4963
-0.273355,0.406074,1.807625,-0.250525,0.000000,1.000000,             661P   4964
0.000000,1.000000;                                                   661P   4965
128,3,3,3,3,0,0,1,0,0,0.000000,0.000000,0.000000,0.000000,           663P   4966
1.000000,1.000000,1.000000,1.000000,0.000000,0.000000,               663P   4967
0.000000,0.000000,1.000000,1.000000,1.000000,1.000000,               663P   4968
1.000000,1.000000,1.000000,1.000000,1.000000,1.000000,               663P   4969
1.000000,1.000000,1.000000,1.000000,1.000000,1.000000,               663P   4970
1.000000,1.000000,1.000000,1.000000,0.000000,1.802005,               663P   4971
-0.045318,0.000000,1.773569,0.012105,0.000000,1.699871,              663P   4972
0.024256,0.000000,1.637745,-0.019226,0.079638,1.802005,              663P   4973
-0.045318,0.051445,1.779256,0.008220,0.051321,1.705907,              663P   4974
0.020506,0.072379,1.637745,-0.019226,0.334965,1.801135,              663P   4975
-0.025171,0.271258,1.771746,0.026528,0.263688,1.686419,              663P   4976
0.040997,0.298483,1.599894,0.007061,0.406074,1.807625,               663P   4977
-0.010525,0.311797,1.775518,0.038645,0.301726,1.682135,              663P   4978
0.054605,0.355202,1.581169,0.025775,0.000000,1.000000,               663P   4979
0.000000,1.000000;                                                   663P   4980
128,3,3,3,3,0,0,1,0,0,0.000000,0.000000,0.000000,0.000000,           665P   4981
1.000000,1.000000,1.000000,1.000000,0.000000,0.000000,               665P   4982
0.000000,0.000000,1.000000,1.000000,1.000000,1.000000,               665P   4983
1.000000,1.000000,1.000000,1.000000,1.000000,1.000000,               665P   4984
1.000000,1.000000,1.000000,1.000000,1.000000,1.000000,               665P   4985
1.000000,1.000000,1.000000,1.000000,0.378838,1.390310,               665P   4986
0.013853,0.467512,1.384466,0.065134,0.606659,1.329667,               665P   4987
0.065134,0.678805,1.271104,0.013853,0.387464,1.421969,               665P   4988
0.009165,0.476630,1.409389,0.058948,0.615477,1.355097,               665P   4989
0.058948,0.694262,1.300048,0.009165,0.376592,1.540783,               665P   4990
0.014243,0.498031,1.508747,0.062527,0.668361,1.442240,               665P   4991
0.062527,0.785566,1.377984,0.014243,0.355202,1.581169,               665P   4992
0.025775,0.496999,1.534356,0.072560,0.686895,1.460314,               665P   4993
0.072560,0.830606,1.391531,0.025775,0.000000,1.000000,               665P   4994
0.000000,1.000000;                                                   665P   4995
128,3,3,3,3,0,0,1,0,0,0.000000,0.000000,0.000000,0.000000,           667P   4996
1.000000,1.000000,1.000000,1.000000,0.000000,0.000000,               667P   4997
0.000000,0.000000,1.000000,1.000000,1.000000,1.000000,               667P   4998
1.000000,1.000000,1.000000,1.000000,1.000000,1.000000,               667P   4999
1.000000,1.000000,1.000000,1.000000,1.000000,1.000000,               667P   5000
1.000000,1.000000,1.000000,1.000000,0.678805,1.271104,               667P   5001
-0.155853,0.606659,1.329667,-0.198297,0.467512,1.384466,             667P   5002
-0.198297,0.378838,1.390310,-0.155853,0.694262,1.300048,             667P   5003
-0.160540,0.615477,1.355097,-0.197242,0.476630,1.409389,             667P   5004
-0.197242,0.387464,1.421969,-0.160540,0.785566,1.377984,             667P   5005
-0.196957,0.668361,1.442240,-0.227915,0.498031,1.508747,             667P   5006
-0.227915,0.376592,1.540783,-0.196957,0.830606,1.391531,             667P   5007
-0.214225,0.686895,1.460314,-0.239440,0.496999,1.534356,             667P   5008
-0.239440,0.355202,1.581169,-0.214225,0.000000,1.000000,             667P   5009
0.000000,1.000000;                                                   667P   5010
128,3,3,3,3,0,0,1,0,0,0.000000,0.000000,0.000000,0.000000,           669P   5011
1.000000,1.000000,1.000000,1.000000,0.000000,0.000000,               669P   5012
0.000000,0.000000,1.000000,1.000000,1.000000,1.000000,               669P   5013
1.000000,1.000000,1.000000,1.000000,1.000000,1.000000,               669P   5014
1.000000,1.000000,1.000000,1.000000,1.000000,1.000000,               669P   5015
1.000000,1.000000,1.000000,1.000000,0.378838,1.390310,               669P   5016
-0.155853,0.290164,1.396155,-0.113408,0.290164,1.396155,             669P   5017
-0.037428,0.378838,1.390310,0.013853,0.387464,1.421969,              669P   5018
-0.160540,0.298908,1.407814,-0.117259,0.298908,1.407814,             669P   5019
-0.042417,0.387464,1.421969,0.009165,0.376592,1.540783,              669P   5020
-0.196957,0.288153,1.506629,-0.139008,0.288153,1.506629,             669P   5021
-0.051471,0.376592,1.540783,0.014243,0.355202,1.581169,              669P   5022
-0.214225,0.266880,1.527016,-0.145840,0.266880,1.527016,             669P   5023
-0.049840,0.355202,1.581169,0.025775,0.000000,1.000000,              669P   5024
0.000000,1.000000;                                                   669P   5025
128,3,3,3,3,0,0,1,0,0,0.000000,0.000000,0.000000,0.000000,           671P   5026
1.000000,1.000000,1.000000,1.000000,0.000000,0.000000,               671P   5027
0.000000,0.000000,1.000000,1.000000,1.000000,1.000000,               671P   5028
1.000000,1.000000,1.000000,1.000000,1.000000,1.000000,               671P   5029
1.000000,1.000000,1.000000,1.000000,1.000000,1.000000,               671P   5030
1.000000,1.000000,1.000000,1.000000,0.678805,1.271104,               671P   5031
0.013853,0.750950,1.212541,-0.037428,0.750950,1.212541,              671P   5032
-0.113408,0.678805,1.271104,-0.155853,0.694262,1.300048,             671P   5033
0.009165,0.752729,1.226789,-0.042417,0.752729,1.226789,              671P   5034
-0.117259,0.694262,1.300048,-0.160540,0.785566,1.377984,             671P   5035
0.014243,0.830356,1.290031,-0.051471,0.830356,1.290031,              671P   5036
-0.139008,0.785566,1.377984,-0.196957,0.830606,1.391531,             671P   5037
0.025775,0.861718,1.288881,-0.049840,0.861718,1.288881,              671P   5038
-0.145840,0.830606,1.391531,-0.214225,0.000000,1.000000,             671P   5039
0.000000,1.000000;                                                   671P   5040
128,3,3,3,3,0,0,1,0,0,0.000000,0.000000,0.000000,0.000000,           673P   5041
1.000000,1.000000,1.000000,1.000000,0.000000,0.000000,               673P   5042
0.000000,0.000000,1.000000,1.000000,1.000000,1.000000,               673P   5043
1.000000,1.000000,1.000000,1.000000,1.000000,1.000000,               673P   5044
1.000000,1.000000,1.000000,1.000000,1.000000,1.000000,               673P   5045
1.000000,1.000000,1.000000,1.000000,0.530005,1.945084,               673P   5046
-0.230853,0.652208,1.930103,-0.273297,0.845412,1.854021,             673P   5047
-0.273297,0.949667,1.778310,-0.230853,0.520146,1.908903,             673P   5048
-0.230853,0.644512,1.910916,-0.270944,0.836307,1.835784,             673P   5049
-0.270944,0.932002,1.745232,-0.230853,0.443785,1.820468,             673P   5050
-0.241393,0.597393,1.828601,-0.279131,0.814861,1.743544,             673P   5051
-0.279131,0.929076,1.627276,-0.241393,0.406074,1.807625,             673P   5052
-0.250525,0.583847,1.823850,-0.285910,0.821909,1.730839,             673P   5053
-0.285910,0.949566,1.590827,-0.250525,0.000000,1.000000,             673P   5054
0.000000,1.000000;                                                   673P   5055
128,3,3,3,3,0,0,1,0,0,0.000000,0.000000,0.000000,0.000000,           675P   5056
1.000000,1.000000,1.000000,1.000000,0.000000,0.000000,               675P   5057
0.000000,0.000000,1.000000,1.000000,1.000000,1.000000,               675P   5058
1.000000,1.000000,1.000000,1.000000,1.000000,1.000000,               675P   5059
1.000000,1.000000,1.000000,1.000000,1.000000,1.000000,               675P   5060
1.000000,1.000000,1.000000,1.000000,0.949667,1.778310,               675P   5061
-0.061147,0.845412,1.854021,-0.009866,0.652208,1.930103,             675P   5062
-0.009866,0.530005,1.945084,-0.061147,0.932002,1.745232,             675P   5063
-0.061147,0.836307,1.835784,-0.014755,0.644512,1.910916,             675P   5064
-0.014755,0.520146,1.908903,-0.061147,0.929076,1.627276,             675P   5065
-0.030193,0.814861,1.743544,0.011311,0.597393,1.828601,              675P   5066
0.011311,0.443785,1.820468,-0.030193,0.949566,1.590827,              675P   5067
-0.010525,0.821909,1.730839,0.026090,0.583847,1.823850,              675P   5068
0.026090,0.406074,1.807625,-0.010525,0.000000,1.000000,              675P   5069
0.000000,1.000000;                                                   675P   5070
128,3,3,3,3,0,0,1,0,0,0.000000,0.000000,0.000000,0.000000,           677P   5071
1.000000,1.000000,1.000000,1.000000,0.000000,0.000000,               677P   5072
0.000000,0.000000,1.000000,1.000000,1.000000,1.000000,               677P   5073
1.000000,1.000000,1.000000,1.000000,1.000000,1.000000,               677P   5074
1.000000,1.000000,1.000000,1.000000,1.000000,1.000000,               677P   5075
1.000000,1.000000,1.000000,1.000000,0.530005,1.945084,               677P   5076
-0.061147,0.407802,1.960065,-0.112428,0.407802,1.960065,             677P   5077
-0.188408,0.530005,1.945084,-0.230853,0.520146,1.908903,             677P   5078
-0.061147,0.410846,1.924184,-0.116119,0.410846,1.924184,             677P   5079
-0.190962,0.520146,1.908903,-0.230853,0.443785,1.820468,             677P   5080
-0.030193,0.347386,1.836050,-0.102687,0.347386,1.836050,             677P   5081
-0.190224,0.443785,1.820468,-0.241393,0.406074,1.807625,             677P   5082
-0.010525,0.322578,1.823507,-0.096310,0.322578,1.823507,             677P   5083
-0.192310,0.406074,1.807625,-0.250525,0.000000,1.000000,             677P   5084
0.000000,1.000000;                                                   677P   5085
128,3,3,3,3,0,0,1,0,0,0.000000,0.000000,0.000000,0.000000,           679P   5086
1.000000,1.000000,1.000000,1.000000,0.000000,0.000000,               679P   5087
0.000000,0.000000,1.000000,1.000000,1.000000,1.000000,               679P   5088
1.000000,1.000000,1.000000,1.000000,1.000000,1.000000,               679P   5089
1.000000,1.000000,1.000000,1.000000,1.000000,1.000000,               679P   5090
1.000000,1.000000,1.000000,1.000000,0.949667,1.778310,               679P   5091
-0.230853,1.053923,1.702600,-0.188408,1.053923,1.702600,             679P   5092
-0.112428,0.949667,1.778310,-0.061147,0.932002,1.745232,             679P   5093
-0.230853,1.026983,1.678462,-0.190962,1.026983,1.678462,             679P   5094
-0.116119,0.932002,1.745232,-0.061147,0.929076,1.627276,             679P   5095
-0.241393,1.014783,1.569446,-0.190224,1.014783,1.569446,             679P   5096
-0.102687,0.929076,1.627276,-0.030193,0.949566,1.590827,             679P   5097
-0.250525,1.025999,1.541937,-0.192310,1.025999,1.541937,             679P   5098
-0.096310,0.949566,1.590827,-0.010525,0.000000,1.000000,             679P   5099
0.000000,1.000000;                                                   679P   5100
128,3,3,3,3,0,0,1,0,0,0.000000,0.000000,0.000000,0.000000,           681P   5101
1.000000,1.000000,1.000000,1.000000,0.000000,0.000000,               681P   5102
0.000000,0.000000,1.000000,1.000000,1.000000,1.000000,               681P   5103
1.000000,1.000000,1.000000,1.000000,1.000000,1.000000,               681P   5104
1.000000,1.000000,1.000000,1.000000,1.000000,1.000000,               681P   5105
1.000000,1.000000,1.000000,1.000000,0.530005,1.945084,               681P   5106
-0.230853,0.407802,1.960065,-0.188408,0.407802,1.960065,             681P   5107
-0.112428,0.530005,1.945084,-0.061147,0.652208,1.930103,             681P   5108
-0.273297,0.605491,1.914853,-0.199611,0.605491,1.914853,             681P   5109
-0.092389,0.652208,1.930103,-0.009866,0.845412,1.854021,             681P   5110
-0.273297,0.874181,1.808541,-0.199611,0.874181,1.808541,             681P   5111
-0.092389,0.845412,1.854021,-0.009866,0.949667,1.778310,             681P   5112
-0.230853,1.053923,1.702600,-0.188408,1.053923,1.702600,             681P   5113
-0.112428,0.949667,1.778310,-0.061147,0.000000,1.000000,             681P   5114
0.000000,1.000000;                                                   681P   5115
128,3,3,3,3,0,0,1,0,0,0.000000,0.000000,0.000000,0.000000,           683P   5116
1.000000,1.000000,1.000000,1.000000,0.000000,0.000000,               683P   5117
0.000000,0.000000,1.000000,1.000000,1.000000,1.000000,               683P   5118
1.000000,1.000000,1.000000,1.000000,1.000000,1.000000,               683P   5119
1.000000,1.000000,1.000000,1.000000,1.000000,1.000000,               683P   5120
1.000000,1.000000,1.000000,1.000000,0.478935,1.757662,               683P   5121
-0.358079,0.573478,1.685826,-0.350280,0.735487,1.622074,             683P   5122
-0.350280,0.858160,1.606958,-0.358079,0.465790,1.709420,             683P   5123
-0.333079,0.561929,1.651631,-0.336284,0.719078,1.590154,             683P   5124
-0.336284,0.834607,1.562853,-0.333079,0.390530,1.602830,             683P   5125
-0.241579,0.511338,1.549817,-0.255789,0.686701,1.481345,             683P   5126
-0.255789,0.818161,1.432590,-0.241579,0.355202,1.581169,             683P   5127
-0.214225,0.496999,1.534356,-0.239440,0.686895,1.460314,             683P   5128
-0.239440,0.830606,1.391531,-0.214225,0.000000,1.000000,             683P   5129
0.000000,1.000000;                                                   683P   5130
128,3,3,3,3,0,0,1,0,0,0.000000,0.000000,0.000000,0.000000,           685P   5131
1.000000,1.000000,1.000000,1.000000,0.000000,0.000000,               685P   5132
0.000000,0.000000,1.000000,1.000000,1.000000,1.000000,               685P   5133
1.000000,1.000000,1.000000,1.000000,1.000000,1.000000,               685P   5134
1.000000,1.000000,1.000000,1.000000,1.000000,1.000000,               685P   5135
1.000000,1.000000,1.000000,1.000000,0.935538,1.751852,               685P   5136
-0.384171,0.846353,1.851752,-0.390314,0.650050,1.929076,             685P   5137
-0.390314,0.522120,1.916144,-0.384171,0.911985,1.707747,             685P   5138
-0.359171,0.827898,1.813805,-0.375061,0.635597,1.889145,             685P   5139
-0.375061,0.508975,1.867903,-0.359171,0.918992,1.610383,             685P   5140
-0.273811,0.811031,1.734222,-0.299448,0.593759,1.819202,             685P   5141
-0.299448,0.439472,1.801272,-0.273811,0.949566,1.590827,             685P   5142
-0.250525,0.821909,1.730839,-0.285910,0.583847,1.823850,             685P   5143
-0.285910,0.406074,1.807625,-0.250525,0.000000,1.000000,             685P   5144
0.000000,1.000000;                                                   685P   5145
128,3,3,3,3,0,0,1,0,0,0.000000,0.000000,0.000000,0.000000,           687P   5146
1.000000,1.000000,1.000000,1.000000,0.000000,0.000000,               687P   5147
0.000000,0.000000,1.000000,1.000000,1.000000,1.000000,               687P   5148
1.000000,1.000000,1.000000,1.000000,1.000000,1.000000,               687P   5149
1.000000,1.000000,1.000000,1.000000,1.000000,1.000000,               687P   5150
1.000000,1.000000,1.000000,1.000000,0.522120,1.916144,               687P   5151
-0.384171,0.394189,1.903212,-0.378029,0.384393,1.829497,             687P   5152
-0.365878,0.478935,1.757662,-0.358079,0.508975,1.867903,             687P   5153
-0.359171,0.393117,1.856132,-0.363820,0.384083,1.783413,             687P   5154
-0.351534,0.465790,1.709420,-0.333079,0.439472,1.801272,             687P   5155
-0.273811,0.333767,1.777342,-0.287205,0.323577,1.692300,             687P   5156
-0.272737,0.390530,1.602830,-0.241579,0.406074,1.807625,             687P   5157
-0.250525,0.311797,1.775518,-0.273355,0.301726,1.682135,             687P   5158
-0.257395,0.355202,1.581169,-0.214225,0.000000,1.000000,             687P   5159
0.000000,1.000000;                                                   687P   5160
128,3,3,3,3,0,0,1,0,0,0.000000,0.000000,0.000000,0.000000,           689P   5161
1.000000,1.000000,1.000000,1.000000,0.000000,0.000000,               689P   5162
0.000000,0.000000,1.000000,1.000000,1.000000,1.000000,               689P   5163
1.000000,1.000000,1.000000,1.000000,1.000000,1.000000,               689P   5164
1.000000,1.000000,1.000000,1.000000,1.000000,1.000000,               689P   5165
1.000000,1.000000,1.000000,1.000000,0.858160,1.606958,               689P   5166
-0.358079,0.980833,1.591842,-0.365878,1.024723,1.651952,             689P   5167
-0.378029,0.935538,1.751852,-0.384171,0.834607,1.562853,             689P   5168
-0.333079,0.949301,1.558020,-0.351534,0.993136,1.616818,             689P   5169
-0.363820,0.911985,1.707747,-0.359171,0.818161,1.432590,             689P   5170
-0.241579,0.932695,1.449005,-0.272737,0.984292,1.517457,             689P   5171
-0.287205,0.918992,1.610383,-0.273811,0.830606,1.391531,             689P   5172
-0.214225,0.943204,1.425396,-0.257395,1.000789,1.499704,             689P   5173
-0.273355,0.949566,1.590827,-0.250525,0.000000,1.000000,             689P   5174
0.000000,1.000000;                                                   689P   5175
128,3,3,3,3,0,0,1,0,0,0.000000,0.000000,0.000000,0.000000,           691P   5176
1.000000,1.000000,1.000000,1.000000,0.000000,0.000000,               691P   5177
0.000000,0.000000,1.000000,1.000000,1.000000,1.000000,               691P   5178
1.000000,1.000000,1.000000,1.000000,1.000000,1.000000,               691P   5179
1.000000,1.000000,1.000000,1.000000,1.000000,1.000000,               691P   5180
1.000000,1.000000,1.000000,1.000000,0.478935,1.757662,               691P   5181
-0.358079,0.384393,1.829497,-0.365878,0.394189,1.903212,             691P   5182
-0.378029,0.522120,1.916144,-0.384171,0.573478,1.685826,             691P   5183
-0.350280,0.558670,1.758443,-0.362726,0.587161,1.857389,             691P   5184
-0.379524,0.650050,1.929076,-0.390314,0.735487,1.622074,             691P   5185
-0.350280,0.800717,1.662693,-0.362726,0.848204,1.754090,             691P   5186
-0.379524,0.846353,1.851752,-0.390314,0.858160,1.606958,             691P   5187
-0.358079,0.980833,1.591842,-0.365878,1.024723,1.651952,             691P   5188
-0.378029,0.935538,1.751852,-0.384171,0.000000,1.000000,             691P   5189
0.000000,1.000000;                                                   691P   5190
128,3,3,3,3,0,0,1,0,0,0.000000,0.000000,0.000000,0.000000,           693P   5191
1.000000,1.000000,1.000000,1.000000,0.000000,0.000000,               693P   5192
0.000000,0.000000,1.000000,1.000000,1.000000,1.000000,               693P   5193
1.000000,1.000000,1.000000,1.000000,1.000000,1.000000,               693P   5194
1.000000,1.000000,1.000000,1.000000,1.000000,1.000000,               693P   5195
1.000000,1.000000,1.000000,1.000000,0.522120,1.916144,               693P   5196
0.215829,0.650050,1.929076,0.209686,0.846353,1.851752,               693P   5197
0.209686,0.935538,1.751852,0.215829,0.508975,1.867903,               693P   5198
0.165829,0.635597,1.889145,0.173939,0.827898,1.813805,               693P   5199
0.173939,0.911985,1.707747,0.165829,0.439472,1.801272,               693P   5200
0.023789,0.593759,1.819202,0.046152,0.811031,1.734222,               693P   5201
0.046152,0.918992,1.610383,0.023789,0.406074,1.807625,               693P   5202
-0.010525,0.583847,1.823850,0.026090,0.821909,1.730839,              693P   5203
0.026090,0.949566,1.590827,-0.010525,0.000000,1.000000,              693P   5204
0.000000,1.000000;                                                   693P   5205
128,3,3,3,3,0,0,1,0,0,0.000000,0.000000,0.000000,0.000000,           695P   5206
1.000000,1.000000,1.000000,1.000000,0.000000,0.000000,               695P   5207
0.000000,0.000000,1.000000,1.000000,1.000000,1.000000,               695P   5208
1.000000,1.000000,1.000000,1.000000,1.000000,1.000000,               695P   5209
1.000000,1.000000,1.000000,1.000000,1.000000,1.000000,               695P   5210
1.000000,1.000000,1.000000,1.000000,0.858160,1.606958,               695P   5211
0.241921,0.735487,1.622074,0.249720,0.573478,1.685826,               695P   5212
0.249720,0.478935,1.757662,0.241921,0.834607,1.562853,               695P   5213
0.191921,0.719078,1.590154,0.212716,0.561929,1.651631,               695P   5214
0.212716,0.465790,1.709420,0.191921,0.818161,1.432590,               695P   5215
0.056021,0.686701,1.481345,0.089811,0.511338,1.549817,               695P   5216
0.089811,0.390530,1.602830,0.056021,0.830606,1.391531,               695P   5217
0.025775,0.686895,1.460314,0.072560,0.496999,1.534356,               695P   5218
0.072560,0.355202,1.581169,0.025775,0.000000,1.000000,               695P   5219
0.000000,1.000000;                                                   695P   5220
128,3,3,3,3,0,0,1,0,0,0.000000,0.000000,0.000000,0.000000,           697P   5221
1.000000,1.000000,1.000000,1.000000,0.000000,0.000000,               697P   5222
0.000000,0.000000,1.000000,1.000000,1.000000,1.000000,               697P   5223
1.000000,1.000000,1.000000,1.000000,1.000000,1.000000,               697P   5224
1.000000,1.000000,1.000000,1.000000,1.000000,1.000000,               697P   5225
1.000000,1.000000,1.000000,1.000000,0.478935,1.757662,               697P   5226
0.241921,0.384393,1.829497,0.234122,0.394189,1.903212,               697P   5227
0.221971,0.522120,1.916144,0.215829,0.465790,1.709420,               697P   5228
0.191921,0.384083,1.783413,0.197466,0.393117,1.856132,               697P   5229
0.185180,0.508975,1.867903,0.165829,0.390530,1.602830,               697P   5230
0.056021,0.323577,1.692300,0.072863,0.333767,1.777342,               697P   5231
0.058395,0.439472,1.801272,0.023789,0.355202,1.581169,               697P   5232
0.025775,0.301726,1.682135,0.054605,0.311797,1.775518,               697P   5233
0.038645,0.406074,1.807625,-0.010525,0.000000,1.000000,              697P   5234
0.000000,1.000000;                                                   697P   5235
128,3,3,3,3,0,0,1,0,0,0.000000,0.000000,0.000000,0.000000,           699P   5236
1.000000,1.000000,1.000000,1.000000,0.000000,0.000000,               699P   5237
0.000000,0.000000,1.000000,1.000000,1.000000,1.000000,               699P   5238
1.000000,1.000000,1.000000,1.000000,1.000000,1.000000,               699P   5239
1.000000,1.000000,1.000000,1.000000,1.000000,1.000000,               699P   5240
1.000000,1.000000,1.000000,1.000000,0.935538,1.751852,               699P   5241
0.215829,1.024723,1.651952,0.221971,0.980833,1.591842,               699P   5242
0.234122,0.858160,1.606958,0.241921,0.911985,1.707747,               699P   5243
0.165829,0.993136,1.616818,0.185180,0.949301,1.558020,               699P   5244
0.197466,0.834607,1.562853,0.191921,0.918992,1.610383,               699P   5245
0.023789,0.984292,1.517457,0.058395,0.932695,1.449005,               699P   5246
0.072863,0.818161,1.432590,0.056021,0.949566,1.590827,               699P   5247
-0.010525,1.000789,1.499704,0.038645,0.943204,1.425396,              699P   5248
0.054605,0.830606,1.391531,0.025775,0.000000,1.000000,               699P   5249
0.000000,1.000000;                                                   699P   5250
128,3,3,3,3,0,0,1,0,0,0.000000,0.000000,0.000000,0.000000,           701P   5251
1.000000,1.000000,1.000000,1.000000,0.000000,0.000000,               701P   5252
0.000000,0.000000,1.000000,1.000000,1.000000,1.000000,               701P   5253
1.000000,1.000000,1.000000,1.000000,1.000000,1.000000,               701P   5254
1.000000,1.000000,1.000000,1.000000,1.000000,1.000000,               701P   5255
1.000000,1.000000,1.000000,1.000000,0.522120,1.916144,               701P   5256
0.215829,0.394189,1.903212,0.221971,0.384393,1.829497,               701P   5257
0.234122,0.478935,1.757662,0.241921,0.650050,1.929076,               701P   5258
0.209686,0.587161,1.857389,0.220476,0.558670,1.758443,               701P   5259
0.237274,0.573478,1.685826,0.249720,0.846353,1.851752,               701P   5260
0.209686,0.848204,1.754090,0.220476,0.800717,1.662693,               701P   5261
0.237274,0.735487,1.622074,0.249720,0.935538,1.751852,               701P   5262
0.215829,1.024723,1.651952,0.221971,0.980833,1.591842,               701P   5263
0.234122,0.858160,1.606958,0.241921,0.000000,1.000000,               701P   5264
0.000000,1.000000;                                                   701P   5265
128,3,3,3,3,0,0,1,0,0,0.000000,0.000000,0.000000,0.000000,           703P   5266
1.000000,1.000000,1.000000,1.000000,0.000000,0.000000,               703P   5267
0.000000,0.000000,1.000000,1.000000,1.000000,1.000000,               703P   5268
1.000000,1.000000,1.000000,1.000000,1.000000,1.000000,               703P   5269
1.000000,1.000000,1.000000,1.000000,1.000000,1.000000,               703P   5270
1.000000,1.000000,1.000000,1.000000,1.802005,0.000000,               703P   5271
-0.045318,1.830442,0.000000,-0.102742,1.830442,0.000000,             703P   5272
-0.178722,1.802005,0.000000,-0.215024,1.802005,0.079638,             703P   5273
-0.045318,1.826257,0.051806,-0.104385,1.826257,0.051806,             703P   5274
-0.179228,1.802005,0.079638,-0.215024,1.801135,0.334965,             703P   5275
-0.025171,1.821202,0.279301,-0.099713,1.821202,0.279301,             703P   5276
-0.187250,1.801135,0.334965,-0.236371,1.807625,0.406074,             703P   5277
-0.010525,1.823507,0.322578,-0.096310,1.823507,0.322578,             703P   5278
-0.192310,1.807625,0.406074,-0.250525,0.000000,1.000000,             703P   5279
0.000000,1.000000;                                                   703P   5280
128,3,3,3,3,0,0,1,0,0,0.000000,0.000000,0.000000,0.000000,           705P   5281
1.000000,1.000000,1.000000,1.000000,0.000000,0.000000,               705P   5282
0.000000,0.000000,1.000000,1.000000,1.000000,1.000000,               705P   5283
1.000000,1.000000,1.000000,1.000000,1.000000,1.000000,               705P   5284
1.000000,1.000000,1.000000,1.000000,1.000000,1.000000,               705P   5285
1.000000,1.000000,1.000000,1.000000,1.637745,0.000000,               705P   5286
-0.188932,1.575619,0.000000,-0.138688,1.575619,0.000000,             705P   5287
-0.062708,1.637745,0.000000,-0.019226,1.637745,0.072379,             705P   5288
-0.188932,1.578276,0.042938,-0.140451,1.578276,0.042938,             705P   5289
-0.065609,1.637745,0.072379,-0.019226,1.599894,0.298483,             705P   5290
-0.204139,1.543083,0.239602,-0.143591,1.543083,0.239602,             705P   5291
-0.056053,1.599894,0.298483,0.007061,1.581169,0.355202,              705P   5292
-0.214225,1.527016,0.266880,-0.145840,1.527016,0.266880,             705P   5293
-0.049840,1.581169,0.355202,0.025775,0.000000,1.000000,              705P   5294
0.000000,1.000000;                                                   705P   5295
128,3,3,3,3,0,0,1,0,0,0.000000,0.000000,0.000000,0.000000,           707P   5296
1.000000,1.000000,1.000000,1.000000,0.000000,0.000000,               707P   5297
0.000000,0.000000,1.000000,1.000000,1.000000,1.000000,               707P   5298
1.000000,1.000000,1.000000,1.000000,1.000000,1.000000,               707P   5299
1.000000,1.000000,1.000000,1.000000,1.000000,1.000000,               707P   5300
1.000000,1.000000,1.000000,1.000000,1.637745,0.000000,               707P   5301
-0.019226,1.699871,0.000000,0.024256,1.773569,0.000000,              707P   5302
0.012105,1.802005,0.000000,-0.045318,1.637745,0.072379,              707P   5303
-0.019226,1.705907,0.051321,0.020506,1.779256,0.051445,              707P   5304
0.008220,1.802005,0.079638,-0.045318,1.599894,0.298483,              707P   5305
0.007061,1.686419,0.263688,0.040997,1.771746,0.271258,               707P   5306
0.026528,1.801135,0.334965,-0.025171,1.581169,0.355202,              707P   5307
0.025775,1.682135,0.301726,0.054605,1.775518,0.311797,               707P   5308
0.038645,1.807625,0.406074,-0.010525,0.000000,1.000000,              707P   5309
0.000000,1.000000;                                                   707P   5310
128,3,3,3,3,0,0,1,0,0,0.000000,0.000000,0.000000,0.000000,           709P   5311
1.000000,1.000000,1.000000,1.000000,0.000000,0.000000,               709P   5312
0.000000,0.000000,1.000000,1.000000,1.000000,1.000000,               709P   5313
1.000000,1.000000,1.000000,1.000000,1.000000,1.000000,               709P   5314
1.000000,1.000000,1.000000,1.000000,1.000000,1.000000,               709P   5315
1.000000,1.000000,1.000000,1.000000,1.802005,0.000000,               709P   5316
-0.215024,1.773569,0.000000,-0.251326,1.699871,0.000000,             709P   5317
-0.239176,1.637745,0.000000,-0.188932,1.802005,0.079638,             709P   5318
-0.215024,1.779256,0.051445,-0.247970,1.705907,0.051321,             709P   5319
-0.235683,1.637745,0.072379,-0.188932,1.801135,0.334965,             709P   5320
-0.236371,1.771746,0.271258,-0.263914,1.686419,0.263688,             709P   5321
-0.249445,1.599894,0.298483,-0.204139,1.807625,0.406074,             709P   5322
-0.250525,1.775518,0.311797,-0.273355,1.682135,0.301726,             709P   5323
-0.257395,1.581169,0.355202,-0.214225,0.000000,1.000000,             709P   5324
0.000000,1.000000;                                                   709P   5325
128,3,3,3,3,0,0,1,0,0,0.000000,0.000000,0.000000,0.000000,           711P   5326
1.000000,1.000000,1.000000,1.000000,0.000000,0.000000,               711P   5327
0.000000,0.000000,1.000000,1.000000,1.000000,1.000000,               711P   5328
1.000000,1.000000,1.000000,1.000000,1.000000,1.000000,               711P   5329
1.000000,1.000000,1.000000,1.000000,1.000000,1.000000,               711P   5330
1.000000,1.000000,1.000000,1.000000,1.274210,1.274210,               711P   5331
-0.215024,1.294318,1.294318,-0.178722,1.294318,1.294318,             711P   5332
-0.102742,1.274210,1.274210,-0.045318,1.340185,1.208236,             711P   5333
-0.215024,1.337293,1.247119,-0.179228,1.337293,1.247119,             711P   5334
-0.104385,1.340185,1.208236,-0.045318,1.534822,1.000628,             711P   5335
-0.236371,1.508931,1.058286,-0.187250,1.508931,1.058286,             711P   5336
-0.099713,1.534822,1.000628,-0.025171,1.590827,0.949566,             711P   5337
-0.250525,1.541937,1.025999,-0.192310,1.541937,1.025999,             711P   5338
-0.096310,1.590827,0.949566,-0.010525,0.000000,1.000000,             711P   5339
0.000000,1.000000;                                                   711P   5340
128,3,3,3,3,0,0,1,0,0,0.000000,0.000000,0.000000,0.000000,           713P   5341
1.000000,1.000000,1.000000,1.000000,0.000000,0.000000,               713P   5342
0.000000,0.000000,1.000000,1.000000,1.000000,1.000000,               713P   5343
1.000000,1.000000,1.000000,1.000000,1.000000,1.000000,               713P   5344
1.000000,1.000000,1.000000,1.000000,1.000000,1.000000,               713P   5345
1.000000,1.000000,1.000000,1.000000,1.158060,1.158060,               713P   5346
-0.019226,1.114131,1.114131,-0.062708,1.114131,1.114131,             713P   5347
-0.138688,1.158060,1.158060,-0.188932,1.218021,1.098100,             713P   5348
-0.019226,1.154518,1.079184,-0.065609,1.154518,1.079184,             713P   5349
-0.140451,1.218021,1.098100,-0.188932,1.364017,0.888090,             713P   5350
0.007061,1.280941,0.894188,-0.056053,1.280941,0.894188,              713P   5351
-0.143591,1.364017,0.888090,-0.204139,1.391531,0.830606,             713P   5352
0.025775,1.288881,0.861718,-0.049840,1.288881,0.861718,              713P   5353
-0.145840,1.391531,0.830606,-0.214225,0.000000,1.000000,             713P   5354
0.000000,1.000000;                                                   713P   5355
128,3,3,3,3,0,0,1,0,0,0.000000,0.000000,0.000000,0.000000,           715P   5356
1.000000,1.000000,1.000000,1.000000,0.000000,0.000000,               715P   5357
0.000000,0.000000,1.000000,1.000000,1.000000,1.000000,               715P   5358
1.000000,1.000000,1.000000,1.000000,1.000000,1.000000,               715P   5359
1.000000,1.000000,1.000000,1.000000,1.000000,1.000000,               715P   5360
1.000000,1.000000,1.000000,1.000000,1.158060,1.158060,               715P   5361
-0.188932,1.201990,1.201990,-0.239176,1.254103,1.254103,             715P   5362
-0.251326,1.274210,1.274210,-0.215024,1.218021,1.098100,             715P   5363
-0.188932,1.251362,1.162602,-0.235683,1.303639,1.214222,             715P   5364
-0.247970,1.340185,1.208236,-0.215024,1.364017,0.888090,             715P   5365
-0.204139,1.400979,0.975970,-0.249445,1.467629,1.029903,             715P   5366
-0.263914,1.534822,1.000628,-0.236371,1.391531,0.830606,             715P   5367
-0.214225,1.425396,0.943204,-0.257395,1.499704,1.000789,             715P   5368
-0.273355,1.590827,0.949566,-0.250525,0.000000,1.000000,             715P   5369
0.000000,1.000000;                                                   715P   5370
128,3,3,3,3,0,0,1,0,0,0.000000,0.000000,0.000000,0.000000,           717P   5371
1.000000,1.000000,1.000000,1.000000,0.000000,0.000000,               717P   5372
0.000000,0.000000,1.000000,1.000000,1.000000,1.000000,               717P   5373
1.000000,1.000000,1.000000,1.000000,1.000000,1.000000,               717P   5374
1.000000,1.000000,1.000000,1.000000,1.000000,1.000000,               717P   5375
1.000000,1.000000,1.000000,1.000000,1.274210,1.274210,               717P   5376
-0.045318,1.254103,1.254103,0.012105,1.201990,1.201990,              717P   5377
0.024256,1.158060,1.158060,-0.019226,1.340185,1.208236,              717P   5378
-0.045318,1.303639,1.214222,0.008220,1.251362,1.162602,              717P   5379
0.020506,1.218021,1.098100,-0.019226,1.534822,1.000628,              717P   5380
-0.025171,1.467629,1.029903,0.026528,1.400979,0.975970,              717P   5381
0.040997,1.364017,0.888090,0.007061,1.590827,0.949566,               717P   5382
-0.010525,1.499704,1.000789,0.038645,1.425396,0.943204,              717P   5383
0.054605,1.391531,0.830606,0.025775,0.000000,1.000000,               717P   5384
0.000000,1.000000;                                                   717P   5385
128,3,3,3,3,0,0,1,0,0,0.000000,0.000000,0.000000,0.000000,           719P   5386
1.000000,1.000000,1.000000,1.000000,0.000000,0.000000,               719P   5387
0.000000,0.000000,1.000000,1.000000,1.000000,1.000000,               719P   5388
1.000000,1.000000,1.000000,1.000000,1.000000,1.000000,               719P   5389
1.000000,1.000000,1.000000,1.000000,1.000000,1.000000,               719P   5390
1.000000,1.000000,1.000000,1.000000,1.271104,0.678805,               719P   5391
0.013853,1.329667,0.606659,0.065134,1.384466,0.467512,               719P   5392
0.065134,1.390310,0.378838,0.013853,1.300048,0.694262,               719P   5393
0.009165,1.355097,0.615477,0.058948,1.409389,0.476630,               719P   5394
0.058948,1.421969,0.387464,0.009165,1.377984,0.785566,               719P   5395
0.014243,1.442240,0.668361,0.062527,1.508747,0.498031,               719P   5396
0.062527,1.540783,0.376592,0.014243,1.391531,0.830606,               719P   5397
0.025775,1.460314,0.686895,0.072560,1.534356,0.496999,               719P   5398
0.072560,1.581169,0.355202,0.025775,0.000000,1.000000,               719P   5399
0.000000,1.000000;                                                   719P   5400
128,3,3,3,3,0,0,1,0,0,0.000000,0.000000,0.000000,0.000000,           721P   5401
1.000000,1.000000,1.000000,1.000000,0.000000,0.000000,               721P   5402
0.000000,0.000000,1.000000,1.000000,1.000000,1.000000,               721P   5403
1.000000,1.000000,1.000000,1.000000,1.000000,1.000000,               721P   5404
1.000000,1.000000,1.000000,1.000000,1.000000,1.000000,               721P   5405
1.000000,1.000000,1.000000,1.000000,1.390310,0.378838,               721P   5406
-0.155853,1.384466,0.467512,-0.198297,1.329667,0.606659,             721P   5407
-0.198297,1.271104,0.678805,-0.155853,1.421969,0.387464,             721P   5408
-0.160540,1.409389,0.476630,-0.197242,1.355097,0.615477,             721P   5409
-0.197242,1.300048,0.694262,-0.160540,1.540783,0.376592,             721P   5410
-0.196957,1.508747,0.498031,-0.227915,1.442240,0.668361,             721P   5411
-0.227915,1.377984,0.785566,-0.196957,1.581169,0.355202,             721P   5412
-0.214225,1.534356,0.496999,-0.239440,1.460314,0.686895,             721P   5413
-0.239440,1.391531,0.830606,-0.214225,0.000000,1.000000,             721P   5414
0.000000,1.000000;                                                   721P   5415
128,3,3,3,3,0,0,1,0,0,0.000000,0.000000,0.000000,0.000000,           723P   5416
1.000000,1.000000,1.000000,1.000000,0.000000,0.000000,               723P   5417
0.000000,0.000000,1.000000,1.000000,1.000000,1.000000,               723P   5418
1.000000,1.000000,1.000000,1.000000,1.000000,1.000000,               723P   5419
1.000000,1.000000,1.000000,1.000000,1.000000,1.000000,               723P   5420
1.000000,1.000000,1.000000,1.000000,1.271104,0.678805,               723P   5421
-0.155853,1.212541,0.750950,-0.113408,1.212541,0.750950,             723P   5422
-0.037428,1.271104,0.678805,0.013853,1.300048,0.694262,              723P   5423
-0.160540,1.226789,0.752729,-0.117259,1.226789,0.752729,             723P   5424
-0.042417,1.300048,0.694262,0.009165,1.377984,0.785566,              723P   5425
-0.196957,1.290031,0.830356,-0.139008,1.290031,0.830356,             723P   5426
-0.051471,1.377984,0.785566,0.014243,1.391531,0.830606,              723P   5427
-0.214225,1.288881,0.861718,-0.145840,1.288881,0.861718,             723P   5428
-0.049840,1.391531,0.830606,0.025775,0.000000,1.000000,              723P   5429
0.000000,1.000000;                                                   723P   5430
128,3,3,3,3,0,0,1,0,0,0.000000,0.000000,0.000000,0.000000,           725P   5431
1.000000,1.000000,1.000000,1.000000,0.000000,0.000000,               725P   5432
0.000000,0.000000,1.000000,1.000000,1.000000,1.000000,               725P   5433
1.000000,1.000000,1.000000,1.000000,1.000000,1.000000,               725P   5434
1.000000,1.000000,1.000000,1.000000,1.000000,1.000000,               725P   5435
1.000000,1.000000,1.000000,1.000000,1.390310,0.378838,               725P   5436
0.013853,1.396155,0.290164,-0.037428,1.396155,0.290164,              725P   5437
-0.113408,1.390310,0.378838,-0.155853,1.421969,0.387464,             725P   5438
0.009165,1.407814,0.298908,-0.042417,1.407814,0.298908,              725P   5439
-0.117259,1.421969,0.387464,-0.160540,1.540783,0.376592,             725P   5440
0.014243,1.506629,0.288153,-0.051471,1.506629,0.288153,              725P   5441
-0.139008,1.540783,0.376592,-0.196957,1.581169,0.355202,             725P   5442
0.025775,1.527016,0.266880,-0.049840,1.527016,0.266880,              725P   5443
-0.145840,1.581169,0.355202,-0.214225,0.000000,1.000000,             725P   5444
0.000000,1.000000;                                                   725P   5445
128,3,3,3,3,0,0,1,0,0,0.000000,0.000000,0.000000,0.000000,           727P   5446
1.000000,1.000000,1.000000,1.000000,0.000000,0.000000,               727P   5447
0.000000,0.000000,1.000000,1.000000,1.000000,1.000000,               727P   5448
1.000000,1.000000,1.000000,1.000000,1.000000,1.000000,               727P   5449
1.000000,1.000000,1.000000,1.000000,1.000000,1.000000,               727P   5450
1.000000,1.000000,1.000000,1.000000,1.778310,0.949667,               727P   5451
-0.230853,1.854021,0.845412,-0.273297,1.930103,0.652208,             727P   5452
-0.273297,1.945084,0.530005,-0.230853,1.745232,0.932002,             727P   5453
-0.230853,1.835784,0.836307,-0.270944,1.910916,0.644512,             727P   5454
-0.270944,1.908903,0.520146,-0.230853,1.627276,0.929076,             727P   5455
-0.241393,1.743544,0.814861,-0.279131,1.828601,0.597393,             727P   5456
-0.279131,1.820468,0.443785,-0.241393,1.590827,0.949566,             727P   5457
-0.250525,1.730839,0.821909,-0.285910,1.823850,0.583847,             727P   5458
-0.285910,1.807625,0.406074,-0.250525,0.000000,1.000000,             727P   5459
0.000000,1.000000;                                                   727P   5460
128,3,3,3,3,0,0,1,0,0,0.000000,0.000000,0.000000,0.000000,           729P   5461
1.000000,1.000000,1.000000,1.000000,0.000000,0.000000,               729P   5462
0.000000,0.000000,1.000000,1.000000,1.000000,1.000000,               729P   5463
1.000000,1.000000,1.000000,1.000000,1.000000,1.000000,               729P   5464
1.000000,1.000000,1.000000,1.000000,1.000000,1.000000,               729P   5465
1.000000,1.000000,1.000000,1.000000,1.945084,0.530005,               729P   5466
-0.061147,1.930103,0.652208,-0.009866,1.854021,0.845412,             729P   5467
-0.009866,1.778310,0.949667,-0.061147,1.908903,0.520146,             729P   5468
-0.061147,1.910916,0.644512,-0.014755,1.835784,0.836307,             729P   5469
-0.014755,1.745232,0.932002,-0.061147,1.820468,0.443785,             729P   5470
-0.030193,1.828601,0.597393,0.011311,1.743544,0.814861,              729P   5471
0.011311,1.627276,0.929076,-0.030193,1.807625,0.406074,              729P   5472
-0.010525,1.823850,0.583847,0.026090,1.730839,0.821909,              729P   5473
0.026090,1.590827,0.949566,-0.010525,0.000000,1.000000,              729P   5474
0.000000,1.000000;                                                   729P   5475
128,3,3,3,3,0,0,1,0,0,0.000000,0.000000,0.000000,0.000000,           731P   5476
1.000000,1.000000,1.000000,1.000000,0.000000,0.000000,               731P   5477
0.000000,0.000000,1.000000,1.000000,1.000000,1.000000,               731P   5478
1.000000,1.000000,1.000000,1.000000,1.000000,1.000000,               731P   5479
1.000000,1.000000,1.000000,1.000000,1.000000,1.000000,               731P   5480
1.000000,1.000000,1.000000,1.000000,1.778310,0.949667,               731P   5481
-0.061147,1.702600,1.053923,-0.112428,1.702600,1.053923,             731P   5482
-0.188408,1.778310,0.949667,-0.230853,1.745232,0.932002,             731P   5483
-0.061147,1.678462,1.026983,-0.116119,1.678462,1.026983,             731P   5484
-0.190962,1.745232,0.932002,-0.230853,1.627276,0.929076,             731P   5485
-0.030193,1.569446,1.014783,-0.102687,1.569446,1.014783,             731P   5486
-0.190224,1.627276,0.929076,-0.241393,1.590827,0.949566,             731P   5487
-0.010525,1.541937,1.025999,-0.096310,1.541937,1.025999,             731P   5488
-0.192310,1.590827,0.949566,-0.250525,0.000000,1.000000,             731P   5489
0.000000,1.000000;                                                   731P   5490
128,3,3,3,3,0,0,1,0,0,0.000000,0.000000,0.000000,0.000000,           733P   5491
1.000000,1.000000,1.000000,1.000000,0.000000,0.000000,               733P   5492
0.000000,0.000000,1.000000,1.000000,1.000000,1.000000,               733P   5493
1.000000,1.000000,1.000000,1.000000,1.000000,1.000000,               733P   5494
1.000000,1.000000,1.000000,1.000000,1.000000,1.000000,               733P   5495
1.000000,1.000000,1.000000,1.000000,1.945084,0.530005,               733P   5496
-0.230853,1.960065,0.407802,-0.188408,1.960065,0.407802,             733P   5497
-0.112428,1.945084,0.530005,-0.061147,1.908903,0.520146,             733P   5498
-0.230853,1.924184,0.410846,-0.190962,1.924184,0.410846,             733P   5499
-0.116119,1.908903,0.520146,-0.061147,1.820468,0.443785,             733P   5500
-0.241393,1.836050,0.347386,-0.190224,1.836050,0.347386,             733P   5501
-0.102687,1.820468,0.443785,-0.030193,1.807625,0.406074,             733P   5502
-0.250525,1.823507,0.322578,-0.192310,1.823507,0.322578,             733P   5503
-0.096310,1.807625,0.406074,-0.010525,0.000000,1.000000,             733P   5504
0.000000,1.000000;                                                   733P   5505
128,3,3,3,3,0,0,1,0,0,0.000000,0.000000,0.000000,0.000000,           735P   5506
1.000000,1.000000,1.000000,1.000000,0.000000,0.000000,               735P   5507
0.000000,0.000000,1.000000,1.000000,1.000000,1.000000,               735P   5508
1.000000,1.000000,1.000000,1.000000,1.000000,1.000000,               735P   5509
1.000000,1.000000,1.000000,1.000000,1.000000,1.000000,               735P   5510
1.000000,1.000000,1.000000,1.000000,1.778310,0.949667,               735P   5511
-0.230853,1.702600,1.053923,-0.188408,1.702600,1.053923,             735P   5512
-0.112428,1.778310,0.949667,-0.061147,1.854021,0.845412,             735P   5513
-0.273297,1.808541,0.874181,-0.199611,1.808541,0.874181,             735P   5514
-0.092389,1.854021,0.845412,-0.009866,1.930103,0.652208,             735P   5515
-0.273297,1.914853,0.605491,-0.199611,1.914853,0.605491,             735P   5516
-0.092389,1.930103,0.652208,-0.009866,1.945084,0.530005,             735P   5517
-0.230853,1.960065,0.407802,-0.188408,1.960065,0.407802,             735P   5518
-0.112428,1.945084,0.530005,-0.061147,0.000000,1.000000,             735P   5519
0.000000,1.000000;                                                   735P   5520
128,3,3,3,3,0,0,1,0,0,0.000000,0.000000,0.000000,0.000000,           737P   5521
1.000000,1.000000,1.000000,1.000000,0.000000,0.000000,               737P   5522
0.000000,0.000000,1.000000,1.000000,1.000000,1.000000,               737P   5523
1.000000,1.000000,1.000000,1.000000,1.000000,1.000000,               737P   5524
1.000000,1.000000,1.000000,1.000000,1.000000,1.000000,               737P   5525
1.000000,1.000000,1.000000,1.000000,1.606958,0.858160,               737P   5526
-0.358079,1.622074,0.735487,-0.350280,1.685826,0.573478,             737P   5527
-0.350280,1.757662,0.478935,-0.358079,1.562853,0.834607,             737P   5528
-0.333079,1.590154,0.719078,-0.336284,1.651631,0.561929,             737P   5529
-0.336284,1.709420,0.465790,-0.333079,1.432590,0.818161,             737P   5530
-0.241579,1.481345,0.686701,-0.255789,1.549817,0.511338,             737P   5531
-0.255789,1.602830,0.390530,-0.241579,1.391531,0.830606,             737P   5532
-0.214225,1.460314,0.686895,-0.239440,1.534356,0.496999,             737P   5533
-0.239440,1.581169,0.355202,-0.214225,0.000000,1.000000,             737P   5534
0.000000,1.000000;                                                   737P   5535
128,3,3,3,3,0,0,1,0,0,0.000000,0.000000,0.000000,0.000000,           739P   5536
1.000000,1.000000,1.000000,1.000000,0.000000,0.000000,               739P   5537
0.000000,0.000000,1.000000,1.000000,1.000000,1.000000,               739P   5538
1.000000,1.000000,1.000000,1.000000,1.000000,1.000000,               739P   5539
1.000000,1.000000,1.000000,1.000000,1.000000,1.000000,               739P   5540
1.000000,1.000000,1.000000,1.000000,1.916144,0.522120,               739P   5541
-0.384171,1.929076,0.650050,-0.390314,1.851752,0.846353,             739P   5542
-0.390314,1.751852,0.935538,-0.384171,1.867903,0.508975,             739P   5543
-0.359171,1.889145,0.635597,-0.375061,1.813805,0.827898,             739P   5544
-0.375061,1.707747,0.911985,-0.359171,1.801272,0.439472,             739P   5545
-0.273811,1.819202,0.593759,-0.299448,1.734222,0.811031,             739P   5546
-0.299448,1.610383,0.918992,-0.273811,1.807625,0.406074,             739P   5547
-0.250525,1.823850,0.583847,-0.285910,1.730839,0.821909,             739P   5548
-0.285910,1.590827,0.949566,-0.250525,0.000000,1.000000,             739P   5549
0.000000,1.000000;                                                   739P   5550
128,3,3,3,3,0,0,1,0,0,0.000000,0.000000,0.000000,0.000000,           741P   5551
1.000000,1.000000,1.000000,1.000000,0.000000,0.000000,               741P   5552
0.000000,0.000000,1.000000,1.000000,1.000000,1.000000,               741P   5553
1.000000,1.000000,1.000000,1.000000,1.000000,1.000000,               741P   5554
1.000000,1.000000,1.000000,1.000000,1.000000,1.000000,               741P   5555
1.000000,1.000000,1.000000,1.000000,1.751852,0.935538,               741P   5556
-0.384171,1.651952,1.024723,-0.378029,1.591842,0.980833,             741P   5557
-0.365878,1.606958,0.858160,-0.358079,1.707747,0.911985,             741P   5558
-0.359171,1.616818,0.993136,-0.363820,1.558020,0.949301,             741P   5559
-0.351534,1.562853,0.834607,-0.333079,1.610383,0.918992,             741P   5560
-0.273811,1.517457,0.984292,-0.287205,1.449005,0.932695,             741P   5561
-0.272737,1.432590,0.818161,-0.241579,1.590827,0.949566,             741P   5562
-0.250525,1.499704,1.000789,-0.273355,1.425396,0.943204,             741P   5563
-0.257395,1.391531,0.830606,-0.214225,0.000000,1.000000,             741P   5564
0.000000,1.000000;                                                   741P   5565
128,3,3,3,3,0,0,1,0,0,0.000000,0.000000,0.000000,0.000000,           743P   5566
1.000000,1.000000,1.000000,1.000000,0.000000,0.000000,               743P   5567
0.000000,0.000000,1.000000,1.000000,1.000000,1.000000,               743P   5568
1.000000,1.000000,1.000000,1.000000,1.000000,1.000000,               743P   5569
1.000000,1.000000,1.000000,1.000000,1.000000,1.000000,               743P   5570
1.000000,1.000000,1.000000,1.000000,1.757662,0.478935,               743P   5571
-0.358079,1.829497,0.384393,-0.365878,1.903212,0.394189,             743P   5572
-0.378029,1.916144,0.522120,-0.384171,1.709420,0.465790,             743P   5573
-0.333079,1.783413,0.384083,-0.351534,1.856132,0.393117,             743P   5574
-0.363820,1.867903,0.508975,-0.359171,1.602830,0.390530,             743P   5575
-0.241579,1.692300,0.323577,-0.272737,1.777342,0.333767,             743P   5576
-0.287205,1.801272,0.439472,-0.273811,1.581169,0.355202,             743P   5577
-0.214225,1.682135,0.301726,-0.257395,1.775518,0.311797,             743P   5578
-0.273355,1.807625,0.406074,-0.250525,0.000000,1.000000,             743P   5579
0.000000,1.000000;                                                   743P   5580
128,3,3,3,3,0,0,1,0,0,0.000000,0.000000,0.000000,0.000000,           745P   5581
1.000000,1.000000,1.000000,1.000000,0.000000,0.000000,               745P   5582
0.000000,0.000000,1.000000,1.000000,1.000000,1.000000,               745P   5583
1.000000,1.000000,1.000000,1.000000,1.000000,1.000000,               745P   5584
1.000000,1.000000,1.000000,1.000000,1.000000,1.000000,               745P   5585
1.000000,1.000000,1.000000,1.000000,1.606958,0.858160,               745P   5586
-0.358079,1.591842,0.980833,-0.365878,1.651952,1.024723,             745P   5587
-0.378029,1.751852,0.935538,-0.384171,1.622074,0.735487,             745P   5588
-0.350280,1.662693,0.800717,-0.362726,1.754090,0.848204,             745P   5589
-0.379524,1.851752,0.846353,-0.390314,1.685826,0.573478,             745P   5590
-0.350280,1.758443,0.558670,-0.362726,1.857389,0.587161,             745P   5591
-0.379524,1.929076,0.650050,-0.390314,1.757662,0.478935,             745P   5592
-0.358079,1.829497,0.384393,-0.365878,1.903212,0.394189,             745P   5593
-0.378029,1.916144,0.522120,-0.384171,0.000000,1.000000,             745P   5594
0.000000,1.000000;                                                   745P   5595
128,3,3,3,3,0,0,1,0,0,0.000000,0.000000,0.000000,0.000000,           747P   5596
1.000000,1.000000,1.000000,1.000000,0.000000,0.000000,               747P   5597
0.000000,0.000000,1.000000,1.000000,1.000000,1.000000,               747P   5598
1.000000,1.000000,1.000000,1.000000,1.000000,1.000000,               747P   5599
1.000000,1.000000,1.000000,1.000000,1.000000,1.000000,               747P   5600
1.000000,1.000000,1.000000,1.000000,1.751852,0.935538,               747P   5601
0.215829,1.851752,0.846353,0.209686,1.929076,0.650050,               747P   5602
0.209686,1.916144,0.522120,0.215829,1.707747,0.911985,               747P   5603
0.165829,1.813805,0.827898,0.173939,1.889145,0.635597,               747P   5604
0.173939,1.867903,0.508975,0.165829,1.610383,0.918992,               747P   5605
0.023789,1.734222,0.811031,0.046152,1.819202,0.593759,               747P   5606
0.046152,1.801272,0.439472,0.023789,1.590827,0.949566,               747P   5607
-0.010525,1.730839,0.821909,0.026090,1.823850,0.583847,              747P   5608
0.026090,1.807625,0.406074,-0.010525,0.000000,1.000000,              747P   5609
0.000000,1.000000;                                                   747P   5610
128,3,3,3,3,0,0,1,0,0,0.000000,0.000000,0.000000,0.000000,           749P   5611
1.000000,1.000000,1.000000,1.000000,0.000000,0.000000,               749P   5612
0.000000,0.000000,1.000000,1.000000,1.000000,1.000000,               749P   5613
1.000000,1.000000,1.000000,1.000000,1.000000,1.000000,               749P   5614
1.000000,1.000000,1.000000,1.000000,1.000000,1.000000,               749P   5615
1.000000,1.000000,1.000000,1.000000,1.757662,0.478935,               749P   5616
0.241921,1.685826,0.573478,0.249720,1.622074,0.735487,               749P   5617
0.249720,1.606958,0.858160,0.241921,1.709420,0.465790,               749P   5618
0.191921,1.651631,0.561929,0.212716,1.590154,0.719078,               749P   5619
0.212716,1.562853,0.834607,0.191921,1.602830,0.390530,               749P   5620
0.056021,1.549817,0.511338,0.089811,1.481345,0.686701,               749P   5621
0.089811,1.432590,0.818161,0.056021,1.581169,0.355202,               749P   5622
0.025775,1.534356,0.496999,0.072560,1.460314,0.686895,               749P   5623
0.072560,1.391531,0.830606,0.025775,0.000000,1.000000,               749P   5624
0.000000,1.000000;                                                   749P   5625
128,3,3,3,3,0,0,1,0,0,0.000000,0.000000,0.000000,0.000000,           751P   5626
1.000000,1.000000,1.000000,1.000000,0.000000,0.000000,               751P   5627
0.000000,0.000000,1.000000,1.000000,1.000000,1.000000,               751P   5628
1.000000,1.000000,1.000000,1.000000,1.000000,1.000000,               751P   5629
1.000000,1.000000,1.000000,1.000000,1.000000,1.000000,               751P   5630
1.000000,1.000000,1.000000,1.000000,1.606958,0.858160,               751P   5631
0.241921,1.591842,0.980833,0.234122,1.651952,1.024723,               751P   5632
0.221971,1.751852,0.935538,0.215829,1.562853,0.834607,               751P   5633
0.191921,1.558020,0.949301,0.197466,1.616818,0.993136,               751P   5634
0.185180,1.707747,0.911985,0.165829,1.432590,0.818161,               751P   5635
0.056021,1.449005,0.932695,0.072863,1.517457,0.984292,               751P   5636
0.058395,1.610383,0.918992,0.023789,1.391531,0.830606,               751P   5637
0.025775,1.425396,0.943204,0.054605,1.499704,1.000789,               751P   5638
0.038645,1.590827,0.949566,-0.010525,0.000000,1.000000,              751P   5639
0.000000,1.000000;                                                   751P   5640
128,3,3,3,3,0,0,1,0,0,0.000000,0.000000,0.000000,0.000000,           753P   5641
1.000000,1.000000,1.000000,1.000000,0.000000,0.000000,               753P   5642
0.000000,0.000000,1.000000,1.000000,1.000000,1.000000,               753P   5643
1.000000,1.000000,1.000000,1.000000,1.000000,1.000000,               753P   5644
1.000000,1.000000,1.000000,1.000000,1.000000,1.000000,               753P   5645
1.000000,1.000000,1.000000,1.000000,1.916144,0.522120,               753P   5646
0.215829,1.903212,0.394189,0.221971,1.829497,0.384393,               753P   5647
0.234122,1.757662,0.478935,0.241921,1.867903,0.508975,               753P   5648
0.165829,1.856132,0.393117,0.185180,1.783413,0.384083,               753P   5649
0.197466,1.709420,0.465790,0.191921,1.801272,0.439472,               753P   5650
0.023789,1.777342,0.333767,0.058395,1.692300,0.323577,               753P   5651
0.072863,1.602830,0.390530,0.056021,1.807625,0.406074,               753P   5652
-0.010525,1.775518,0.311797,0.038645,1.682135,0.301726,              753P   5653
0.054605,1.581169,0.355202,0.025775,0.000000,1.000000,               753P   5654
0.000000,1.000000;                                                   753P   5655
128,3,3,3,3,0,0,1,0,0,0.000000,0.000000,0.000000,0.000000,           755P   5656
1.000000,1.000000,1.000000,1.000000,0.000000,0.000000,               755P   5657
0.000000,0.000000,1.000000,1.000000,1.000000,1.000000,               755P   5658
1.000000,1.000000,1.000000,1.000000,1.000000,1.000000,               755P   5659
1.000000,1.000000,1.000000,1.000000,1.000000,1.000000,               755P   5660
1.000000,1.000000,1.000000,1.000000,1.751852,0.935538,               755P   5661
0.215829,1.651952,1.024723,0.221971,1.591842,0.980833,               755P   5662
0.234122,1.606958,0.858160,0.241921,1.851752,0.846353,               755P   5663
0.209686,1.754090,0.848204,0.220476,1.662693,0.800717,               755P   5664
0.237274,1.622074,0.735487,0.249720,1.929076,0.650050,               755P   5665
0.209686,1.857389,0.587161,0.220476,1.758443,0.558670,               755P   5666
0.237274,1.685826,0.573478,0.249720,1.916144,0.522120,               755P   5667
0.215829,1.903212,0.394189,0.221971,1.829497,0.384393,               755P   5668
0.234122,1.757662,0.478935,0.241921,0.000000,1.000000,               755P   5669
0.000000,1.000000;                                                   755P   5670
128,3,3,3,3,0,0,1,0,0,0.000000,0.000000,0.000000,0.000000,           757P   5671
1.000000,1.000000,1.000000,1.000000,0.000000,0.000000,               757P   5672
0.000000,0.000000,1.000000,1.000000,1.000000,1.000000,               757P   5673
1.000000,1.000000,1.000000,1.000000,1.000000,1.000000,               757P   5674
1.000000,1.000000,1.000000,1.000000,1.000000,1.000000,               757P   5675
1.000000,1.000000,1.000000,1.000000,0.893459,0.893459,               757P   5676
0.027645,0.906454,0.906454,-0.023034,0.906454,0.906454,              757P   5677
-0.099013,0.893459,0.893459,-0.142061,0.847199,0.939720,             757P   5678
0.027645,0.872464,0.934590,-0.025725,0.872464,0.934590,              757P   5679
-0.100568,0.847199,0.939720,-0.142061,0.704036,1.079632,             757P   5680
0.050639,0.741570,1.056377,-0.019254,0.741570,1.056377,              757P   5681
-0.106791,0.704036,1.079632,-0.160561,0.669848,1.122210,             757P   5682
0.066725,0.719652,1.080831,-0.015460,0.719652,1.080831,              757P   5683
-0.111460,0.669848,1.122210,-0.173275,0.000000,1.000000,             757P   5684
0.000000,1.000000;                                                   757P   5685
128,3,3,3,3,0,0,1,0,0,0.000000,0.000000,0.000000,0.000000,           759P   5686
1.000000,1.000000,1.000000,1.000000,0.000000,0.000000,               759P   5687
0.000000,0.000000,1.000000,1.000000,1.000000,1.000000,               759P   5688
1.000000,1.000000,1.000000,1.000000,1.000000,1.000000,               759P   5689
1.000000,1.000000,1.000000,1.000000,1.000000,1.000000,               759P   5690
1.000000,1.000000,1.000000,1.000000,0.807309,0.807309,               759P   5691
-0.158395,0.772835,0.772835,-0.124837,0.772835,0.772835,             759P   5692
-0.048857,0.807309,0.807309,0.011311,0.765509,0.849109,              759P   5693
-0.158395,0.747937,0.799064,-0.125839,0.747937,0.799064,             759P   5694
-0.050996,0.765509,0.849109,0.011311,0.620577,0.952961,              759P   5695
-0.181129,0.619907,0.887344,-0.135743,0.619907,0.887344,             759P   5696
-0.048206,0.620577,0.952961,0.030071,0.581641,0.974434,              759P   5697
-0.196975,0.597872,0.893245,-0.142990,0.597872,0.893245,             759P   5698
-0.046990,0.581641,0.974434,0.043025,0.000000,1.000000,              759P   5699
0.000000,1.000000;                                                   759P   5700
128,3,3,3,3,0,0,1,0,0,0.000000,0.000000,0.000000,0.000000,           761P   5701
1.000000,1.000000,1.000000,1.000000,0.000000,0.000000,               761P   5702
0.000000,0.000000,1.000000,1.000000,1.000000,1.000000,               761P   5703
1.000000,1.000000,1.000000,1.000000,1.000000,1.000000,               761P   5704
1.000000,1.000000,1.000000,1.000000,1.000000,1.000000,               761P   5705
1.000000,1.000000,1.000000,1.000000,0.807309,0.807309,               761P   5706
0.011311,0.841783,0.841783,0.071479,0.880464,0.880464,               761P   5707
0.078323,0.893459,0.893459,0.027645,0.765509,0.849109,               761P   5708
0.011311,0.813813,0.875900,0.069814,0.852140,0.914728,               761P   5709
0.076239,0.847199,0.939720,0.027645,0.620577,0.952961,               761P   5710
0.030071,0.684788,0.982601,0.088321,0.724836,1.032111,               761P   5711
0.095737,0.704036,1.079632,0.050639,0.581641,0.974434,               761P   5712
0.043025,0.662751,1.001939,0.100655,0.705514,1.057144,               761P   5713
0.108695,0.669848,1.122210,0.066725,0.000000,1.000000,               761P   5714
0.000000,1.000000;                                                   761P   5715
128,3,3,3,3,0,0,1,0,0,0.000000,0.000000,0.000000,0.000000,           763P   5716
1.000000,1.000000,1.000000,1.000000,0.000000,0.000000,               763P   5717
0.000000,0.000000,1.000000,1.000000,1.000000,1.000000,               763P   5718
1.000000,1.000000,1.000000,1.000000,1.000000,1.000000,               763P   5719
1.000000,1.000000,1.000000,1.000000,1.000000,1.000000,               763P   5720
1.000000,1.000000,1.000000,1.000000,0.893459,0.893459,               763P   5721
-0.142061,0.880464,0.880464,-0.185108,0.841783,0.841783,             763P   5722
-0.191953,0.807309,0.807309,-0.158395,0.847199,0.939720,             763P   5723
-0.142061,0.852140,0.914728,-0.179951,0.813813,0.875900,             763P   5724
-0.186375,0.765509,0.849109,-0.158395,0.704036,1.079632,             763P   5725
-0.160561,0.724836,1.032111,-0.194705,0.684788,0.982601,             763P   5726
-0.202120,0.620577,0.952961,-0.181129,0.669848,1.122210,             763P   5727
-0.173275,0.705514,1.057144,-0.203305,0.662751,1.001939,             763P   5728
-0.211345,0.581641,0.974434,-0.196975,0.000000,1.000000,             763P   5729
0.000000,1.000000;                                                   763P   5730
128,3,3,3,3,0,0,1,0,0,0.000000,0.000000,0.000000,0.000000,           765P   5731
1.000000,1.000000,1.000000,1.000000,0.000000,0.000000,               765P   5732
0.000000,0.000000,1.000000,1.000000,1.000000,1.000000,               765P   5733
1.000000,1.000000,1.000000,1.000000,1.000000,1.000000,               765P   5734
1.000000,1.000000,1.000000,1.000000,1.000000,1.000000,               765P   5735
1.000000,1.000000,1.000000,1.000000,0.000000,1.263542,               765P   5736
-0.142061,0.000000,1.281920,-0.099013,0.000000,1.281920,             765P   5737
-0.023034,0.000000,1.263542,0.027645,0.055841,1.263542,              765P   5738
-0.142061,0.035621,1.276918,-0.100568,0.035621,1.276918,             765P   5739
-0.025725,0.055841,1.263542,0.027645,0.235509,1.267078,              765P   5740
-0.160561,0.195069,1.275452,-0.106791,0.195069,1.275452,             765P   5741
-0.019254,0.235509,1.267078,0.050639,0.286455,1.275146,              765P   5742
-0.173275,0.225796,1.278518,-0.111460,0.225796,1.278518,             765P   5743
-0.015460,0.286455,1.275146,0.066725,0.000000,1.000000,              765P   5744
0.000000,1.000000;                                                   765P   5745
128,3,3,3,3,0,0,1,0,0,0.000000,0.000000,0.000000,0.000000,           767P   5746
1.000000,1.000000,1.000000,1.000000,0.000000,0.000000,               767P   5747
0.000000,0.000000,1.000000,1.000000,1.000000,1.000000,               767P   5748
1.000000,1.000000,1.000000,1.000000,1.000000,1.000000,               767P   5749
1.000000,1.000000,1.000000,1.000000,1.000000,1.000000,               767P   5750
1.000000,1.000000,1.000000,1.000000,0.000000,1.141708,               767P   5751
0.011311,0.000000,1.092954,-0.048857,0.000000,1.092954,              767P   5752
-0.124837,0.000000,1.141708,-0.158395,0.050457,1.141708,             767P   5753
0.011311,0.029049,1.093040,-0.050996,0.029049,1.093040,              767P   5754
-0.125839,0.050457,1.141708,-0.158395,0.208452,1.117835,             767P   5755
0.030071,0.165636,1.069253,-0.048206,0.165636,1.069253,              767P   5756
-0.135743,0.208452,1.117835,-0.181129,0.248734,1.107230,             767P   5757
0.043025,0.184510,1.058733,-0.046990,0.184510,1.058733,              767P   5758
-0.142990,0.248734,1.107230,-0.196975,0.000000,1.000000,             767P   5759
0.000000,1.000000;                                                   767P   5760
128,3,3,3,3,0,0,1,0,0,0.000000,0.000000,0.000000,0.000000,           769P   5761
1.000000,1.000000,1.000000,1.000000,0.000000,0.000000,               769P   5762
0.000000,0.000000,1.000000,1.000000,1.000000,1.000000,               769P   5763
1.000000,1.000000,1.000000,1.000000,1.000000,1.000000,               769P   5764
1.000000,1.000000,1.000000,1.000000,1.000000,1.000000,               769P   5765
1.000000,1.000000,1.000000,1.000000,0.000000,1.141708,               769P   5766
-0.158395,0.000000,1.190461,-0.191953,0.000000,1.245165,             769P   5767
-0.185108,0.000000,1.263542,-0.142061,0.050457,1.141708,             769P   5768
-0.158395,0.035901,1.194093,-0.186375,0.036002,1.248563,             769P   5769
-0.179951,0.055841,1.263542,-0.142061,0.208452,1.117835,             769P   5770
-0.181129,0.184769,1.182989,-0.202120,0.190402,1.246362,             769P   5771
-0.194705,0.235509,1.267078,-0.160561,0.248734,1.107230,             769P   5772
-0.196975,0.212255,1.182240,-0.211345,0.219749,1.251604,             769P   5773
-0.203305,0.286455,1.275146,-0.173275,0.000000,1.000000,             769P   5774
0.000000,1.000000;                                                   769P   5775
128,3,3,3,3,0,0,1,0,0,0.000000,0.000000,0.000000,0.000000,           771P   5776
1.000000,1.000000,1.000000,1.000000,0.000000,0.000000,               771P   5777
0.000000,0.000000,1.000000,1.000000,1.000000,1.000000,               771P   5778
1.000000,1.000000,1.000000,1.000000,1.000000,1.000000,               771P   5779
1.000000,1.000000,1.000000,1.000000,1.000000,1.000000,               771P   5780
1.000000,1.000000,1.000000,1.000000,0.000000,1.263542,               771P   5781
0.027645,0.000000,1.245165,0.078323,0.000000,1.190461,               771P   5782
0.071479,0.000000,1.141708,0.011311,0.055841,1.263542,               771P   5783
0.027645,0.036002,1.248563,0.076239,0.035901,1.194093,               771P   5784
0.069814,0.050457,1.141708,0.011311,0.235509,1.267078,               771P   5785
0.050639,0.190402,1.246362,0.095737,0.184769,1.182989,               771P   5786
0.088321,0.208452,1.117835,0.030071,0.286455,1.275146,               771P   5787
0.066725,0.219749,1.251604,0.108695,0.212255,1.182240,               771P   5788
0.100655,0.248734,1.107230,0.043025,0.000000,1.000000,               771P   5789
0.000000,1.000000;                                                   771P   5790
128,3,3,3,3,0,0,1,0,0,0.000000,0.000000,0.000000,0.000000,           773P   5791
1.000000,1.000000,1.000000,1.000000,0.000000,0.000000,               773P   5792
0.000000,0.000000,1.000000,1.000000,1.000000,1.000000,               773P   5793
1.000000,1.000000,1.000000,1.000000,1.000000,1.000000,               773P   5794
1.000000,1.000000,1.000000,1.000000,1.000000,1.000000,               773P   5795
1.000000,1.000000,1.000000,1.000000,0.267106,0.980260,               773P   5796
-0.061147,0.330997,0.981169,-0.009866,0.430190,0.942101,             773P   5797
-0.009866,0.478602,0.896212,-0.061147,0.272035,0.998351,             773P   5798
-0.042397,0.336008,0.995018,0.002585,0.434902,0.956339,              773P   5799
0.002585,0.487435,0.912751,-0.042397,0.263325,1.077227,              773P   5800
0.019973,0.349569,1.060772,0.058657,0.470353,1.013600,               773P   5801
0.058657,0.549196,0.963432,0.019973,0.248734,1.107230,               773P   5802
0.043025,0.349437,1.080718,0.075410,0.484299,1.028118,               773P   5803
0.075410,0.581641,0.974434,0.043025,0.000000,1.000000,               773P   5804
0.000000,1.000000;                                                   773P   5805
128,3,3,3,3,0,0,1,0,0,0.000000,0.000000,0.000000,0.000000,           775P   5806
1.000000,1.000000,1.000000,1.000000,0.000000,0.000000,               775P   5807
0.000000,0.000000,1.000000,1.000000,1.000000,1.000000,               775P   5808
1.000000,1.000000,1.000000,1.000000,1.000000,1.000000,               775P   5809
1.000000,1.000000,1.000000,1.000000,1.000000,1.000000,               775P   5810
1.000000,1.000000,1.000000,1.000000,0.478602,0.896212,               775P   5811
-0.230853,0.430190,0.942101,-0.273297,0.330997,0.981169,             775P   5812
-0.273297,0.267106,0.980260,-0.230853,0.487435,0.912751,             775P   5813
-0.212103,0.434902,0.956339,-0.253604,0.336008,0.995018,             775P   5814
-0.253604,0.272035,0.998351,-0.212103,0.549196,0.963432,             775P   5815
-0.191227,0.470353,1.013600,-0.231785,0.349569,1.060772,             775P   5816
-0.231785,0.263325,1.077227,-0.191227,0.581641,0.974434,             775P   5817
-0.196975,0.484299,1.028118,-0.236590,0.349437,1.080718,             775P   5818
-0.236590,0.248734,1.107230,-0.196975,0.000000,1.000000,             775P   5819
0.000000,1.000000;                                                   775P   5820
128,3,3,3,3,0,0,1,0,0,0.000000,0.000000,0.000000,0.000000,           777P   5821
1.000000,1.000000,1.000000,1.000000,0.000000,0.000000,               777P   5822
0.000000,0.000000,1.000000,1.000000,1.000000,1.000000,               777P   5823
1.000000,1.000000,1.000000,1.000000,1.000000,1.000000,               777P   5824
1.000000,1.000000,1.000000,1.000000,1.000000,1.000000,               777P   5825
1.000000,1.000000,1.000000,1.000000,0.267106,0.980260,               777P   5826
-0.230853,0.203215,0.979352,-0.188408,0.203215,0.979352,             777P   5827
-0.112428,0.267106,0.980260,-0.061147,0.272035,0.998351,             777P   5828
-0.212103,0.208033,0.981580,-0.173622,0.208033,0.981580,             777P   5829
-0.098779,0.272035,0.998351,-0.042397,0.263325,1.077227,             777P   5830
-0.191227,0.199212,1.044592,-0.142878,0.199212,1.044592,             777P   5831
-0.055341,0.263325,1.077227,0.019973,0.248734,1.107230,              777P   5832
-0.196975,0.184510,1.058733,-0.142990,0.184510,1.058733,             777P   5833
-0.046990,0.248734,1.107230,0.043025,0.000000,1.000000,              777P   5834
0.000000,1.000000;                                                   777P   5835
128,3,3,3,3,0,0,1,0,0,0.000000,0.000000,0.000000,0.000000,           779P   5836
1.000000,1.000000,1.000000,1.000000,0.000000,0.000000,               779P   5837
0.000000,0.000000,1.000000,1.000000,1.000000,1.000000,               779P   5838
1.000000,1.000000,1.000000,1.000000,1.000000,1.000000,               779P   5839
1.000000,1.000000,1.000000,1.000000,1.000000,1.000000,               779P   5840
1.000000,1.000000,1.000000,1.000000,0.478602,0.896212,               779P   5841
-0.061147,0.527014,0.850323,-0.112428,0.527014,0.850323,             779P   5842
-0.188408,0.478602,0.896212,-0.230853,0.487435,0.912751,             779P   5843
-0.042397,0.525120,0.855096,-0.098779,0.525120,0.855096,             779P   5844
-0.173622,0.487435,0.912751,-0.212103,0.549196,0.963432,             779P   5845
0.019973,0.576154,0.894010,-0.055341,0.576154,0.894010,              779P   5846
-0.142878,0.549196,0.963432,-0.191227,0.581641,0.974434,             779P   5847
0.043025,0.597872,0.893245,-0.046990,0.597872,0.893245,              779P   5848
-0.142990,0.581641,0.974434,-0.196975,0.000000,1.000000,             779P   5849
0.000000,1.000000;                                                   779P   5850
128,3,3,3,3,0,0,1,0,0,0.000000,0.000000,0.000000,0.000000,           781P   5851
1.000000,1.000000,1.000000,1.000000,0.000000,0.000000,               781P   5852
0.000000,0.000000,1.000000,1.000000,1.000000,1.000000,               781P   5853
1.000000,1.000000,1.000000,1.000000,1.000000,1.000000,               781P   5854
1.000000,1.000000,1.000000,1.000000,1.000000,1.000000,               781P   5855
1.000000,1.000000,1.000000,1.000000,0.267106,0.980260,               781P   5856
-0.061147,0.203215,0.979352,-0.112428,0.203215,0.979352,             781P   5857
-0.188408,0.267106,0.980260,-0.230853,0.330997,0.981169,             781P   5858
-0.009866,0.304540,0.965267,-0.092389,0.304540,0.965267,             781P   5859
-0.199611,0.330997,0.981169,-0.273297,0.430190,0.942101,             781P   5860
-0.009866,0.441168,0.911206,-0.092389,0.441168,0.911206,             781P   5861
-0.199611,0.430190,0.942101,-0.273297,0.478602,0.896212,             781P   5862
-0.061147,0.527014,0.850323,-0.112428,0.527014,0.850323,             781P   5863
-0.188408,0.478602,0.896212,-0.230853,0.000000,1.000000,             781P   5864
0.000000,1.000000;                                                   781P   5865
128,3,3,3,3,0,0,1,0,0,0.000000,0.000000,0.000000,0.000000,           783P   5866
1.000000,1.000000,1.000000,1.000000,0.000000,0.000000,               783P   5867
0.000000,0.000000,1.000000,1.000000,1.000000,1.000000,               783P   5868
1.000000,1.000000,1.000000,1.000000,1.000000,1.000000,               783P   5869
1.000000,1.000000,1.000000,1.000000,1.000000,1.000000,               783P   5870
1.000000,1.000000,1.000000,1.000000,0.378838,1.390310,               783P   5871
-0.155853,0.467512,1.384466,-0.198297,0.606659,1.329667,             783P   5872
-0.198297,0.678805,1.271104,-0.155853,0.370212,1.358652,             783P   5873
-0.151165,0.460236,1.366131,-0.190057,0.598308,1.312032,             783P   5874
-0.190057,0.663348,1.242160,-0.151165,0.313137,1.284562,             783P   5875
-0.161263,0.423225,1.297849,-0.196601,0.578934,1.236933,             783P   5876
-0.196601,0.655582,1.148237,-0.161263,0.286455,1.275146,             783P   5877
-0.173275,0.413820,1.295315,-0.205060,0.584379,1.228656,             783P   5878
-0.205060,0.669848,1.122210,-0.173275,0.000000,1.000000,             783P   5879
0.000000,1.000000;                                                   783P   5880
128,3,3,3,3,0,0,1,0,0,0.000000,0.000000,0.000000,0.000000,           785P   5881
1.000000,1.000000,1.000000,1.000000,0.000000,0.000000,               785P   5882
0.000000,0.000000,1.000000,1.000000,1.000000,1.000000,               785P   5883
1.000000,1.000000,1.000000,1.000000,1.000000,1.000000,               785P   5884
1.000000,1.000000,1.000000,1.000000,1.000000,1.000000,               785P   5885
1.000000,1.000000,1.000000,1.000000,0.678805,1.271104,               785P   5886
0.013853,0.606659,1.329667,0.065134,0.467512,1.384466,               785P   5887
0.065134,0.378838,1.390310,0.013853,0.663348,1.242160,               785P   5888
0.018540,0.598308,1.312032,0.066133,0.460236,1.366131,               785P   5889
0.066133,0.370212,1.358652,0.018540,0.655582,1.148237,               785P   5890
0.049937,0.578934,1.236933,0.093841,0.423225,1.297849,               785P   5891
0.093841,0.313137,1.284562,0.049937,0.669848,1.122210,               785P   5892
0.066725,0.584379,1.228656,0.106940,0.413820,1.295315,               785P   5893
0.106940,0.286455,1.275146,0.066725,0.000000,1.000000,               785P   5894
0.000000,1.000000;                                                   785P   5895
128,3,3,3,3,0,0,1,0,0,0.000000,0.000000,0.000000,0.000000,           787P   5896
1.000000,1.000000,1.000000,1.000000,0.000000,0.000000,               787P   5897
0.000000,0.000000,1.000000,1.000000,1.000000,1.000000,               787P   5898
1.000000,1.000000,1.000000,1.000000,1.000000,1.000000,               787P   5899
1.000000,1.000000,1.000000,1.000000,1.000000,1.000000,               787P   5900
1.000000,1.000000,1.000000,1.000000,0.378838,1.390310,               787P   5901
0.013853,0.290164,1.396155,-0.037428,0.290164,1.396155,              787P   5902
-0.113408,0.378838,1.390310,-0.155853,0.370212,1.358652,             787P   5903
0.018540,0.290876,1.363673,-0.035232,0.290876,1.363673,              787P   5904
-0.110074,0.370212,1.358652,-0.151165,0.313137,1.284562,             787P   5905
0.049937,0.243140,1.288759,-0.020157,0.243140,1.288759,              787P   5906
-0.107694,0.313137,1.284562,-0.161263,0.286455,1.275146,             787P   5907
0.066725,0.225796,1.278518,-0.015460,0.225796,1.278518,              787P   5908
-0.111460,0.286455,1.275146,-0.173275,0.000000,1.000000,             787P   5909
0.000000,1.000000;                                                   787P   5910
128,3,3,3,3,0,0,1,0,0,0.000000,0.000000,0.000000,0.000000,           789P   5911
1.000000,1.000000,1.000000,1.000000,0.000000,0.000000,               789P   5912
0.000000,0.000000,1.000000,1.000000,1.000000,1.000000,               789P   5913
1.000000,1.000000,1.000000,1.000000,1.000000,1.000000,               789P   5914
1.000000,1.000000,1.000000,1.000000,1.000000,1.000000,               789P   5915
1.000000,1.000000,1.000000,1.000000,0.678805,1.271104,               789P   5916
-0.155853,0.750950,1.212541,-0.113408,0.750950,1.212541,             789P   5917
-0.037428,0.678805,1.271104,0.013853,0.663348,1.242160,              789P   5918
-0.151165,0.728046,1.189325,-0.110074,0.728046,1.189325,             789P   5919
-0.035232,0.663348,1.242160,0.018540,0.655582,1.148237,              789P   5920
-0.161263,0.712833,1.101129,-0.107694,0.712833,1.101129,             789P   5921
-0.020157,0.655582,1.148237,0.049937,0.669848,1.122210,              789P   5922
-0.173275,0.719652,1.080831,-0.111460,0.719652,1.080831,             789P   5923
-0.015460,0.669848,1.122210,0.066725,0.000000,1.000000,              789P   5924
0.000000,1.000000;                                                   789P   5925
128,3,3,3,3,0,0,1,0,0,0.000000,0.000000,0.000000,0.000000,           791P   5926
1.000000,1.000000,1.000000,1.000000,0.000000,0.000000,               791P   5927
0.000000,0.000000,1.000000,1.000000,1.000000,1.000000,               791P   5928
1.000000,1.000000,1.000000,1.000000,1.000000,1.000000,               791P   5929
1.000000,1.000000,1.000000,1.000000,1.000000,1.000000,               791P   5930
1.000000,1.000000,1.000000,1.000000,0.348528,1.279074,               791P   5931
-0.327542,0.417661,1.228022,-0.336429,0.535822,1.181524,             791P   5932
-0.336429,0.624495,1.169405,-0.327542,0.335383,1.230833,             791P   5933
-0.302542,0.405243,1.191909,-0.321672,0.519175,1.147326,             791P   5934
-0.321672,0.600941,1.125300,-0.302542,0.274423,1.126629,             791P   5935
-0.218569,0.360203,1.093727,-0.247941,0.485097,1.044950,             791P   5936
-0.247941,0.575148,1.006910,-0.218569,0.248734,1.107230,             791P   5937
-0.196975,0.349437,1.080718,-0.236590,0.484299,1.028118,             791P   5938
-0.236590,0.581641,0.974434,-0.196975,0.000000,1.000000,             791P   5939
0.000000,1.000000;                                                   791P   5940
128,3,3,3,3,0,0,1,0,0,0.000000,0.000000,0.000000,0.000000,           793P   5941
1.000000,1.000000,1.000000,1.000000,0.000000,0.000000,               793P   5942
0.000000,0.000000,1.000000,1.000000,1.000000,1.000000,               793P   5943
1.000000,1.000000,1.000000,1.000000,1.000000,1.000000,               793P   5944
1.000000,1.000000,1.000000,1.000000,1.000000,1.000000,               793P   5945
1.000000,1.000000,1.000000,1.000000,0.681887,1.276875,               793P   5946
-0.311208,0.618033,1.351844,-0.310605,0.474445,1.408405,             793P   5947
-0.310605,0.380558,1.396622,-0.311208,0.658333,1.232770,             793P   5948
-0.286208,0.599862,1.313165,-0.296401,0.459871,1.368026,             793P   5949
-0.296401,0.367413,1.348381,-0.286208,0.649927,1.138762,             793P   5950
-0.198001,0.577273,1.232437,-0.218990,0.421314,1.293450,             793P   5951
-0.218990,0.310719,1.273797,-0.198001,0.669848,1.122210,             793P   5952
-0.173275,0.584379,1.228656,-0.205060,0.413820,1.295315,             793P   5953
-0.205060,0.286455,1.275146,-0.173275,0.000000,1.000000,             793P   5954
0.000000,1.000000;                                                   793P   5955
128,3,3,3,3,0,0,1,0,0,0.000000,0.000000,0.000000,0.000000,           795P   5956
1.000000,1.000000,1.000000,1.000000,0.000000,0.000000,               795P   5957
0.000000,0.000000,1.000000,1.000000,1.000000,1.000000,               795P   5958
1.000000,1.000000,1.000000,1.000000,1.000000,1.000000,               795P   5959
1.000000,1.000000,1.000000,1.000000,1.000000,1.000000,               795P   5960
1.000000,1.000000,1.000000,1.000000,0.380558,1.396622,               795P   5961
-0.311208,0.286671,1.384840,-0.311811,0.279394,1.330125,             795P   5962
-0.318655,0.348528,1.279074,-0.327542,0.367413,1.348381,             795P   5963
-0.286208,0.283219,1.338275,-0.295801,0.276502,1.284274,             795P   5964
-0.302226,0.335383,1.230833,-0.302542,0.310719,1.273797,             795P   5965
-0.198001,0.234796,1.255494,-0.217996,0.227217,1.192333,             795P   5966
-0.225412,0.274423,1.126629,-0.218569,0.286455,1.275146,             795P   5967
-0.173275,0.219749,1.251604,-0.203305,0.212255,1.182240,             795P   5968
-0.211345,0.248734,1.107230,-0.196975,0.000000,1.000000,             795P   5969
0.000000,1.000000;                                                   795P   5970
128,3,3,3,3,0,0,1,0,0,0.000000,0.000000,0.000000,0.000000,           797P   5971
1.000000,1.000000,1.000000,1.000000,0.000000,0.000000,               797P   5972
0.000000,0.000000,1.000000,1.000000,1.000000,1.000000,               797P   5973
1.000000,1.000000,1.000000,1.000000,1.000000,1.000000,               797P   5974
1.000000,1.000000,1.000000,1.000000,1.000000,1.000000,               797P   5975
1.000000,1.000000,1.000000,1.000000,0.624495,1.169405,               797P   5976
-0.327542,0.713168,1.157285,-0.318655,0.745740,1.201906,             797P   5977
-0.311811,0.681887,1.276875,-0.311208,0.600941,1.125300,             797P   5978
-0.302542,0.683670,1.121910,-0.302226,0.716215,1.165580,             797P   5979
-0.295801,0.658333,1.232770,-0.286208,0.575148,1.006910,             797P   5980
-0.218569,0.657727,1.020377,-0.225412,0.696041,1.071225,             797P   5981
-0.217996,0.649927,1.138762,-0.198001,0.581641,0.974434,             797P   5982
-0.196975,0.662751,1.001939,-0.211345,0.705514,1.057144,             797P   5983
-0.203305,0.669848,1.122210,-0.173275,0.000000,1.000000,             797P   5984
0.000000,1.000000;                                                   797P   5985
128,3,3,3,3,0,0,1,0,0,0.000000,0.000000,0.000000,0.000000,           799P   5986
1.000000,1.000000,1.000000,1.000000,0.000000,0.000000,               799P   5987
0.000000,0.000000,1.000000,1.000000,1.000000,1.000000,               799P   5988
1.000000,1.000000,1.000000,1.000000,1.000000,1.000000,               799P   5989
1.000000,1.000000,1.000000,1.000000,1.000000,1.000000,               799P   5990
1.000000,1.000000,1.000000,1.000000,0.348528,1.279074,               799P   5991
-0.327542,0.279394,1.330125,-0.318655,0.286671,1.384840,             799P   5992
-0.311811,0.380558,1.396622,-0.311208,0.417661,1.228022,             799P   5993
-0.336429,0.406563,1.280081,-0.324379,0.427705,1.353496,             799P   5994
-0.314371,0.474445,1.408405,-0.310605,0.535822,1.181524,             799P   5995
-0.336429,0.582984,1.210292,-0.324379,0.618215,1.278107,             799P   5996
-0.314371,0.618033,1.351844,-0.310605,0.624495,1.169405,             799P   5997
-0.327542,0.713168,1.157285,-0.318655,0.745740,1.201906,             799P   5998
-0.311811,0.681887,1.276875,-0.311208,0.000000,1.000000,             799P   5999
0.000000,1.000000;                                                   799P   6000
128,3,3,3,3,0,0,1,0,0,0.000000,0.000000,0.000000,0.000000,           801P   6001
1.000000,1.000000,1.000000,1.000000,0.000000,0.000000,               801P   6002
0.000000,0.000000,1.000000,1.000000,1.000000,1.000000,               801P   6003
1.000000,1.000000,1.000000,1.000000,1.000000,1.000000,               801P   6004
1.000000,1.000000,1.000000,1.000000,1.000000,1.000000,               801P   6005
1.000000,1.000000,1.000000,1.000000,0.380558,1.396622,               801P   6006
0.288792,0.474445,1.408405,0.289395,0.618033,1.351844,               801P   6007
0.289395,0.681887,1.276875,0.288792,0.367413,1.348381,               801P   6008
0.238792,0.459871,1.368026,0.252599,0.599862,1.313165,               801P   6009
0.252599,0.658333,1.232770,0.238792,0.310719,1.273797,               801P   6010
0.099599,0.421314,1.293450,0.126610,0.577273,1.232437,               801P   6011
0.126610,0.649927,1.138762,0.099599,0.286455,1.275146,               801P   6012
0.066725,0.413820,1.295315,0.106940,0.584379,1.228656,               801P   6013
0.106940,0.669848,1.122210,0.066725,0.000000,1.000000,               801P   6014
0.000000,1.000000;                                                   801P   6015
128,3,3,3,3,0,0,1,0,0,0.000000,0.000000,0.000000,0.000000,           803P   6016
1.000000,1.000000,1.000000,1.000000,0.000000,0.000000,               803P   6017
0.000000,0.000000,1.000000,1.000000,1.000000,1.000000,               803P   6018
1.000000,1.000000,1.000000,1.000000,1.000000,1.000000,               803P   6019
1.000000,1.000000,1.000000,1.000000,1.000000,1.000000,               803P   6020
1.000000,1.000000,1.000000,1.000000,0.624495,1.169405,               803P   6021
0.272458,0.535822,1.181524,0.263571,0.417661,1.228022,               803P   6022
0.263571,0.348528,1.279074,0.272458,0.600941,1.125300,               803P   6023
0.222458,0.519175,1.147326,0.227328,0.405243,1.191909,               803P   6024
0.227328,0.335383,1.230833,0.222458,0.575148,1.006910,               803P   6025
0.079031,0.485097,1.044950,0.097659,0.360203,1.093727,               803P   6026
0.097659,0.274423,1.126629,0.079031,0.581641,0.974434,               803P   6027
0.043025,0.484299,1.028118,0.075410,0.349437,1.080718,               803P   6028
0.075410,0.248734,1.107230,0.043025,0.000000,1.000000,               803P   6029
0.000000,1.000000;                                                   803P   6030
128,3,3,3,3,0,0,1,0,0,0.000000,0.000000,0.000000,0.000000,           805P   6031
1.000000,1.000000,1.000000,1.000000,0.000000,0.000000,               805P   6032
0.000000,0.000000,1.000000,1.000000,1.000000,1.000000,               805P   6033
1.000000,1.000000,1.000000,1.000000,1.000000,1.000000,               805P   6034
1.000000,1.000000,1.000000,1.000000,1.000000,1.000000,               805P   6035
1.000000,1.000000,1.000000,1.000000,0.348528,1.279074,               805P   6036
0.272458,0.279394,1.330125,0.281345,0.286671,1.384840,               805P   6037
0.288189,0.380558,1.396622,0.288792,0.335383,1.230833,               805P   6038
0.222458,0.276502,1.284274,0.246774,0.283219,1.338275,               805P   6039
0.253199,0.367413,1.348381,0.238792,0.274423,1.126629,               805P   6040
0.079031,0.227217,1.192333,0.120188,0.234796,1.255494,               805P   6041
0.127604,0.310719,1.273797,0.099599,0.248734,1.107230,               805P   6042
0.043025,0.212255,1.182240,0.100655,0.219749,1.251604,               805P   6043
0.108695,0.286455,1.275146,0.066725,0.000000,1.000000,               805P   6044
0.000000,1.000000;                                                   805P   6045
128,3,3,3,3,0,0,1,0,0,0.000000,0.000000,0.000000,0.000000,           807P   6046
1.000000,1.000000,1.000000,1.000000,0.000000,0.000000,               807P   6047
0.000000,0.000000,1.000000,1.000000,1.000000,1.000000,               807P   6048
1.000000,1.000000,1.000000,1.000000,1.000000,1.000000,               807P   6049
1.000000,1.000000,1.000000,1.000000,1.000000,1.000000,               807P   6050
1.000000,1.000000,1.000000,1.000000,0.681887,1.276875,               807P   6051
0.288792,0.745740,1.201906,0.288189,0.713168,1.157285,               807P   6052
0.281345,0.624495,1.169405,0.272458,0.658333,1.232770,               807P   6053
0.238792,0.716215,1.165580,0.253199,0.683670,1.121910,               807P   6054
0.246774,0.600941,1.125300,0.222458,0.649927,1.138762,               807P   6055
0.099599,0.696041,1.071225,0.127604,0.657727,1.020377,               807P   6056
0.120188,0.575148,1.006910,0.079031,0.669848,1.122210,               807P   6057
0.066725,0.705514,1.057144,0.108695,0.662751,1.001939,               807P   6058
0.100655,0.581641,0.974434,0.043025,0.000000,1.000000,               807P   6059
0.000000,1.000000;                                                   807P   6060
128,3,3,3,3,0,0,1,0,0,0.000000,0.000000,0.000000,0.000000,           809P   6061
1.000000,1.000000,1.000000,1.000000,0.000000,0.000000,               809P   6062
0.000000,0.000000,1.000000,1.000000,1.000000,1.000000,               809P   6063
1.000000,1.000000,1.000000,1.000000,1.000000,1.000000,               809P   6064
1.000000,1.000000,1.000000,1.000000,1.000000,1.000000,               809P   6065
1.000000,1.000000,1.000000,1.000000,0.380558,1.396622,               809P   6066
0.288792,0.286671,1.384840,0.288189,0.279394,1.330125,               809P   6067
0.281345,0.348528,1.279074,0.272458,0.474445,1.408405,               809P   6068
0.289395,0.427705,1.353496,0.285629,0.406563,1.280081,               809P   6069
0.275621,0.417661,1.228022,0.263571,0.618033,1.351844,               809P   6070
0.289395,0.618215,1.278107,0.285629,0.582984,1.210292,               809P   6071
0.275621,0.535822,1.181524,0.263571,0.681887,1.276875,               809P   6072
0.288792,0.745740,1.201906,0.288189,0.713168,1.157285,               809P   6073
0.281345,0.624495,1.169405,0.272458,0.000000,1.000000,               809P   6074
0.000000,1.000000;                                                   809P   6075
128,3,3,3,3,0,0,1,0,0,0.000000,0.000000,0.000000,0.000000,           811P   6076
1.000000,1.000000,1.000000,1.000000,0.000000,0.000000,               811P   6077
0.000000,0.000000,1.000000,1.000000,1.000000,1.000000,               811P   6078
1.000000,1.000000,1.000000,1.000000,1.000000,1.000000,               811P   6079
1.000000,1.000000,1.000000,1.000000,1.000000,1.000000,               811P   6080
1.000000,1.000000,1.000000,1.000000,1.263542,0.000000,               811P   6081
0.027645,1.281920,0.000000,-0.023034,1.281920,0.000000,              811P   6082
-0.099013,1.263542,0.000000,-0.142061,1.263542,0.055841,             811P   6083
0.027645,1.276918,0.035621,-0.025725,1.276918,0.035621,              811P   6084
-0.100568,1.263542,0.055841,-0.142061,1.267078,0.235509,             811P   6085
0.050639,1.275452,0.195069,-0.019254,1.275452,0.195069,              811P   6086
-0.106791,1.267078,0.235509,-0.160561,1.275146,0.286455,             811P   6087
0.066725,1.278518,0.225796,-0.015460,1.278518,0.225796,              811P   6088
-0.111460,1.275146,0.286455,-0.173275,0.000000,1.000000,             811P   6089
0.000000,1.000000;                                                   811P   6090
128,3,3,3,3,0,0,1,0,0,0.000000,0.000000,0.000000,0.000000,           813P   6091
1.000000,1.000000,1.000000,1.000000,0.000000,0.000000,               813P   6092
0.000000,0.000000,1.000000,1.000000,1.000000,1.000000,               813P   6093
1.000000,1.000000,1.000000,1.000000,1.000000,1.000000,               813P   6094
1.000000,1.000000,1.000000,1.000000,1.000000,1.000000,               813P   6095
1.000000,1.000000,1.000000,1.000000,1.141708,0.000000,               813P   6096
-0.158395,1.092954,0.000000,-0.124837,1.092954,0.000000,             813P   6097
-0.048857,1.141708,0.000000,0.011311,1.141708,0.050457,              813P   6098
-0.158395,1.093040,0.029049,-0.125839,1.093040,0.029049,             813P   6099
-0.050996,1.141708,0.050457,0.011311,1.117835,0.208452,              813P   6100
-0.181129,1.069253,0.165636,-0.135743,1.069253,0.165636,             813P   6101
-0.048206,1.117835,0.208452,0.030071,1.107230,0.248734,              813P   6102
-0.196975,1.058733,0.184510,-0.142990,1.058733,0.184510,             813P   6103
-0.046990,1.107230,0.248734,0.043025,0.000000,1.000000,              813P   6104
0.000000,1.000000;                                                   813P   6105
128,3,3,3,3,0,0,1,0,0,0.000000,0.000000,0.000000,0.000000,           815P   6106
1.000000,1.000000,1.000000,1.000000,0.000000,0.000000,               815P   6107
0.000000,0.000000,1.000000,1.000000,1.000000,1.000000,               815P   6108
1.000000,1.000000,1.000000,1.000000,1.000000,1.000000,               815P   6109
1.000000,1.000000,1.000000,1.000000,1.000000,1.000000,               815P   6110
1.000000,1.000000,1.000000,1.000000,1.141708,0.000000,               815P   6111
0.011311,1.190461,0.000000,0.071479,1.245165,0.000000,               815P   6112
0.078323,1.263542,0.000000,0.027645,1.141708,0.050457,               815P   6113
0.011311,1.194093,0.035901,0.069814,1.248563,0.036002,               815P   6114
0.076239,1.263542,0.055841,0.027645,1.117835,0.208452,               815P   6115
0.030071,1.182989,0.184769,0.088321,1.246362,0.190402,               815P   6116
0.095737,1.267078,0.235509,0.050639,1.107230,0.248734,               815P   6117
0.043025,1.182240,0.212255,0.100655,1.251604,0.219749,               815P   6118
0.108695,1.275146,0.286455,0.066725,0.000000,1.000000,               815P   6119
0.000000,1.000000;                                                   815P   6120
128,3,3,3,3,0,0,1,0,0,0.000000,0.000000,0.000000,0.000000,           817P   6121
1.000000,1.000000,1.000000,1.000000,0.000000,0.000000,               817P   6122
0.000000,0.000000,1.000000,1.000000,1.000000,1.000000,               817P   6123
1.000000,1.000000,1.000000,1.000000,1.000000,1.000000,               817P   6124
1.000000,1.000000,1.000000,1.000000,1.000000,1.000000,               817P   6125
1.000000,1.000000,1.000000,1.000000,1.263542,0.000000,               817P   6126
-0.142061,1.245165,0.000000,-0.185108,1.190461,0.000000,             817P   6127
-0.191953,1.141708,0.000000,-0.158395,1.263542,0.055841,             817P   6128
-0.142061,1.248563,0.036002,-0.179951,1.194093,0.035901,             817P   6129
-0.186375,1.141708,0.050457,-0.158395,1.267078,0.235509,             817P   6130
-0.160561,1.246362,0.190402,-0.194705,1.182989,0.184769,             817P   6131
-0.202120,1.117835,0.208452,-0.181129,1.275146,0.286455,             817P   6132
-0.173275,1.251604,0.219749,-0.203305,1.182240,0.212255,             817P   6133
-0.211345,1.107230,0.248734,-0.196975,0.000000,1.000000,             817P   6134
0.000000,1.000000;                                                   817P   6135
128,3,3,3,3,0,0,1,0,0,0.000000,0.000000,0.000000,0.000000,           819P   6136
1.000000,1.000000,1.000000,1.000000,0.000000,0.000000,               819P   6137
0.000000,0.000000,1.000000,1.000000,1.000000,1.000000,               819P   6138
1.000000,1.000000,1.000000,1.000000,1.000000,1.000000,               819P   6139
1.000000,1.000000,1.000000,1.000000,1.000000,1.000000,               819P   6140
1.000000,1.000000,1.000000,1.000000,0.893459,0.893459,               819P   6141
-0.142061,0.906454,0.906454,-0.099013,0.906454,0.906454,             819P   6142
-0.023034,0.893459,0.893459,0.027645,0.939720,0.847199,              819P   6143
-0.142061,0.934590,0.872464,-0.100568,0.934590,0.872464,             819P   6144
-0.025725,0.939720,0.847199,0.027645,1.079632,0.704036,              819P   6145
-0.160561,1.056377,0.741570,-0.106791,1.056377,0.741570,             819P   6146
-0.019254,1.079632,0.704036,0.050639,1.122210,0.669848,              819P   6147
-0.173275,1.080831,0.719652,-0.111460,1.080831,0.719652,             819P   6148
-0.015460,1.122210,0.669848,0.066725,0.000000,1.000000,              819P   6149
0.000000,1.000000;                                                   819P   6150
128,3,3,3,3,0,0,1,0,0,0.000000,0.000000,0.000000,0.000000,           821P   6151
1.000000,1.000000,1.000000,1.000000,0.000000,0.000000,               821P   6152
0.000000,0.000000,1.000000,1.000000,1.000000,1.000000,               821P   6153
1.000000,1.000000,1.000000,1.000000,1.000000,1.000000,               821P   6154
1.000000,1.000000,1.000000,1.000000,1.000000,1.000000,               821P   6155
1.000000,1.000000,1.000000,1.000000,0.807309,0.807309,               821P   6156
0.011311,0.772835,0.772835,-0.048857,0.772835,0.772835,              821P   6157
-0.124837,0.807309,0.807309,-0.158395,0.849109,0.765509,             821P   6158
0.011311,0.799064,0.747937,-0.050996,0.799064,0.747937,              821P   6159
-0.125839,0.849109,0.765509,-0.158395,0.952961,0.620577,             821P   6160
0.030071,0.887344,0.619907,-0.048206,0.887344,0.619907,              821P   6161
-0.135743,0.952961,0.620577,-0.181129,0.974434,0.581641,             821P   6162
0.043025,0.893245,0.597872,-0.046990,0.893245,0.597872,              821P   6163
-0.142990,0.974434,0.581641,-0.196975,0.000000,1.000000,             821P   6164
0.000000,1.000000;                                                   821P   6165
128,3,3,3,3,0,0,1,0,0,0.000000,0.000000,0.000000,0.000000,           823P   6166
1.000000,1.000000,1.000000,1.000000,0.000000,0.000000,               823P   6167
0.000000,0.000000,1.000000,1.000000,1.000000,1.000000,               823P   6168
1.000000,1.000000,1.000000,1.000000,1.000000,1.000000,               823P   6169
1.000000,1.000000,1.000000,1.000000,1.000000,1.000000,               823P   6170
1.000000,1.000000,1.000000,1.000000,0.807309,0.807309,               823P   6171
-0.158395,0.841783,0.841783,-0.191953,0.880464,0.880464,             823P   6172
-0.185108,0.893459,0.893459,-0.142061,0.849109,0.765509,             823P   6173
-0.158395,0.875900,0.813813,-0.186375,0.914728,0.852140,             823P   6174
-0.179951,0.939720,0.847199,-0.142061,0.952961,0.620577,             823P   6175
-0.181129,0.982601,0.684788,-0.202120,1.032111,0.724836,             823P   6176
-0.194705,1.079632,0.704036,-0.160561,0.974434,0.581641,             823P   6177
-0.196975,1.001939,0.662751,-0.211345,1.057144,0.705514,             823P   6178
-0.203305,1.122210,0.669848,-0.173275,0.000000,1.000000,             823P   6179
0.000000,1.000000;                                                   823P   6180
128,3,3,3,3,0,0,1,0,0,0.000000,0.000000,0.000000,0.000000,           825P   6181
1.000000,1.000000,1.000000,1.000000,0.000000,0.000000,               825P   6182
0.000000,0.000000,1.000000,1.000000,1.000000,1.000000,               825P   6183
1.000000,1.000000,1.000000,1.000000,1.000000,1.000000,               825P   6184
1.000000,1.000000,1.000000,1.000000,1.000000,1.000000,               825P   6185
1.000000,1.000000,1.000000,1.000000,0.893459,0.893459,               825P   6186
0.027645,0.880464,0.880464,0.078323,0.841783,0.841783,               825P   6187
0.071479,0.807309,0.807309,0.011311,0.939720,0.847199,               825P   6188
0.027645,0.914728,0.852140,0.076239,0.875900,0.813813,               825P   6189
0.069814,0.849109,0.765509,0.011311,1.079632,0.704036,               825P   6190
0.050639,1.032111,0.724836,0.095737,0.982601,0.684788,               825P   6191
0.088321,0.952961,0.620577,0.030071,1.122210,0.669848,               825P   6192
0.066725,1.057144,0.705514,0.108695,1.001939,0.662751,               825P   6193
0.100655,0.974434,0.581641,0.043025,0.000000,1.000000,               825P   6194
0.000000,1.000000;                                                   825P   6195
128,3,3,3,3,0,0,1,0,0,0.000000,0.000000,0.000000,0.000000,           827P   6196
1.000000,1.000000,1.000000,1.000000,0.000000,0.000000,               827P   6197
0.000000,0.000000,1.000000,1.000000,1.000000,1.000000,               827P   6198
1.000000,1.000000,1.000000,1.000000,1.000000,1.000000,               827P   6199
1.000000,1.000000,1.000000,1.000000,1.000000,1.000000,               827P   6200
1.000000,1.000000,1.000000,1.000000,0.896212,0.478602,               827P   6201
-0.061147,0.942101,0.430190,-0.009866,0.981169,0.330997,             827P   6202
-0.009866,0.980260,0.267106,-0.061147,0.912751,0.487435,             827P   6203
-0.042397,0.956339,0.434902,0.002585,0.995018,0.336008,              827P   6204
0.002585,0.998351,0.272035,-0.042397,0.963432,0.549196,              827P   6205
0.019973,1.013600,0.470353,0.058657,1.060772,0.349569,               827P   6206
0.058657,1.077227,0.263325,0.019973,0.974434,0.581641,               827P   6207
0.043025,1.028118,0.484299,0.075410,1.080718,0.349437,               827P   6208
0.075410,1.107230,0.248734,0.043025,0.000000,1.000000,               827P   6209
0.000000,1.000000;                                                   827P   6210
128,3,3,3,3,0,0,1,0,0,0.000000,0.000000,0.000000,0.000000,           829P   6211
1.000000,1.000000,1.000000,1.000000,0.000000,0.000000,               829P   6212
0.000000,0.000000,1.000000,1.000000,1.000000,1.000000,               829P   6213
1.000000,1.000000,1.000000,1.000000,1.000000,1.000000,               829P   6214
1.000000,1.000000,1.000000,1.000000,1.000000,1.000000,               829P   6215
1.000000,1.000000,1.000000,1.000000,0.980260,0.267106,               829P   6216
-0.230853,0.981169,0.330997,-0.273297,0.942101,0.430190,             829P   6217
-0.273297,0.896212,0.478602,-0.230853,0.998351,0.272035,             829P   6218
-0.212103,0.995018,0.336008,-0.253604,0.956339,0.434902,             829P   6219
-0.253604,0.912751,0.487435,-0.212103,1.077227,0.263325,             829P   6220
-0.191227,1.060772,0.349569,-0.231785,1.013600,0.470353,             829P   6221
-0.231785,0.963432,0.549196,-0.191227,1.107230,0.248734,             829P   6222
-0.196975,1.080718,0.349437,-0.236590,1.028118,0.484299,             829P   6223
-0.236590,0.974434,0.581641,-0.196975,0.000000,1.000000,             829P   6224
0.000000,1.000000;                                                   829P   6225
128,3,3,3,3,0,0,1,0,0,0.000000,0.000000,0.000000,0.000000,           831P   6226
1.000000,1.000000,1.000000,1.000000,0.000000,0.000000,               831P   6227
0.000000,0.000000,1.000000,1.000000,1.000000,1.000000,               831P   6228
1.000000,1.000000,1.000000,1.000000,1.000000,1.000000,               831P   6229
1.000000,1.000000,1.000000,1.000000,1.000000,1.000000,               831P   6230
1.000000,1.000000,1.000000,1.000000,0.896212,0.478602,               831P   6231
-0.230853,0.850323,0.527014,-0.188408,0.850323,0.527014,             831P   6232
-0.112428,0.896212,0.478602,-0.061147,0.912751,0.487435,             831P   6233
-0.212103,0.855096,0.525120,-0.173622,0.855096,0.525120,             831P   6234
-0.098779,0.912751,0.487435,-0.042397,0.963432,0.549196,             831P   6235
-0.191227,0.894010,0.576154,-0.142878,0.894010,0.576154,             831P   6236
-0.055341,0.963432,0.549196,0.019973,0.974434,0.581641,              831P   6237
-0.196975,0.893245,0.597872,-0.142990,0.893245,0.597872,             831P   6238
-0.046990,0.974434,0.581641,0.043025,0.000000,1.000000,              831P   6239
0.000000,1.000000;                                                   831P   6240
128,3,3,3,3,0,0,1,0,0,0.000000,0.000000,0.000000,0.000000,           833P   6241
1.000000,1.000000,1.000000,1.000000,0.000000,0.000000,               833P   6242
0.000000,0.000000,1.000000,1.000000,1.000000,1.000000,               833P   6243
1.000000,1.000000,1.000000,1.000000,1.000000,1.000000,               833P   6244
1.000000,1.000000,1.000000,1.000000,1.000000,1.000000,               833P   6245
1.000000,1.000000,1.000000,1.000000,0.980260,0.267106,               833P   6246
-0.061147,0.979352,0.203215,-0.112428,0.979352,0.203215,             833P   6247
-0.188408,0.980260,0.267106,-0.230853,0.998351,0.272035,             833P   6248
-0.042397,0.981580,0.208033,-0.098779,0.981580,0.208033,             833P   6249
-0.173622,0.998351,0.272035,-0.212103,1.077227,0.263325,             833P   6250
0.019973,1.044592,0.199212,-0.055341,1.044592,0.199212,              833P   6251
-0.142878,1.077227,0.263325,-0.191227,1.107230,0.248734,             833P   6252
0.043025,1.058733,0.184510,-0.046990,1.058733,0.184510,              833P   6253
-0.142990,1.107230,0.248734,-0.196975,0.000000,1.000000,             833P   6254
0.000000,1.000000;                                                   833P   6255
128,3,3,3,3,0,0,1,0,0,0.000000,0.000000,0.000000,0.000000,           835P   6256
1.000000,1.000000,1.000000,1.000000,0.000000,0.000000,               835P   6257
0.000000,0.000000,1.000000,1.000000,1.000000,1.000000,               835P   6258
1.000000,1.000000,1.000000,1.000000,1.000000,1.000000,               835P   6259
1.000000,1.000000,1.000000,1.000000,1.000000,1.000000,               835P   6260
1.000000,1.000000,1.000000,1.000000,0.896212,0.478602,               835P   6261
-0.061147,0.850323,0.527014,-0.112428,0.850323,0.527014,             835P   6262
-0.188408,0.896212,0.478602,-0.230853,0.942101,0.430190,             835P   6263
-0.009866,0.911206,0.441168,-0.092389,0.911206,0.441168,             835P   6264
-0.199611,0.942101,0.430190,-0.273297,0.981169,0.330997,             835P   6265
-0.009866,0.965267,0.304540,-0.092389,0.965267,0.304540,             835P   6266
-0.199611,0.981169,0.330997,-0.273297,0.980260,0.267106,             835P   6267
-0.061147,0.979352,0.203215,-0.112428,0.979352,0.203215,             835P   6268
-0.188408,0.980260,0.267106,-0.230853,0.000000,1.000000,             835P   6269
0.000000,1.000000;                                                   835P   6270
128,3,3,3,3,0,0,1,0,0,0.000000,0.000000,0.000000,0.000000,           837P   6271
1.000000,1.000000,1.000000,1.000000,0.000000,0.000000,               837P   6272
0.000000,0.000000,1.000000,1.000000,1.000000,1.000000,               837P   6273
1.000000,1.000000,1.000000,1.000000,1.000000,1.000000,               837P   6274
1.000000,1.000000,1.000000,1.000000,1.000000,1.000000,               837P   6275
1.000000,1.000000,1.000000,1.000000,1.271104,0.678805,               837P   6276
-0.155853,1.329667,0.606659,-0.198297,1.384466,0.467512,             837P   6277
-0.198297,1.390310,0.378838,-0.155853,1.242160,0.663348,             837P   6278
-0.151165,1.312032,0.598308,-0.190057,1.366131,0.460236,             837P   6279
-0.190057,1.358652,0.370212,-0.151165,1.148237,0.655582,             837P   6280
-0.161263,1.236933,0.578934,-0.196601,1.297849,0.423225,             837P   6281
-0.196601,1.284562,0.313137,-0.161263,1.122210,0.669848,             837P   6282
-0.173275,1.228656,0.584379,-0.205060,1.295315,0.413820,             837P   6283
-0.205060,1.275146,0.286455,-0.173275,0.000000,1.000000,             837P   6284
0.000000,1.000000;                                                   837P   6285
128,3,3,3,3,0,0,1,0,0,0.000000,0.000000,0.000000,0.000000,           839P   6286
1.000000,1.000000,1.000000,1.000000,0.000000,0.000000,               839P   6287
0.000000,0.000000,1.000000,1.000000,1.000000,1.000000,               839P   6288
1.000000,1.000000,1.000000,1.000000,1.000000,1.000000,               839P   6289
1.000000,1.000000,1.000000,1.000000,1.000000,1.000000,               839P   6290
1.000000,1.000000,1.000000,1.000000,1.390310,0.378838,               839P   6291
0.013853,1.384466,0.467512,0.065134,1.329667,0.606659,               839P   6292
0.065134,1.271104,0.678805,0.013853,1.358652,0.370212,               839P   6293
0.018540,1.366131,0.460236,0.066133,1.312032,0.598308,               839P   6294
0.066133,1.242160,0.663348,0.018540,1.284562,0.313137,               839P   6295
0.049937,1.297849,0.423225,0.093841,1.236933,0.578934,               839P   6296
0.093841,1.148237,0.655582,0.049937,1.275146,0.286455,               839P   6297
0.066725,1.295315,0.413820,0.106940,1.228656,0.584379,               839P   6298
0.106940,1.122210,0.669848,0.066725,0.000000,1.000000,               839P   6299
0.000000,1.000000;                                                   839P   6300
128,3,3,3,3,0,0,1,0,0,0.000000,0.000000,0.000000,0.000000,           841P   6301
1.000000,1.000000,1.000000,1.000000,0.000000,0.000000,               841P   6302
0.000000,0.000000,1.000000,1.000000,1.000000,1.000000,               841P   6303
1.000000,1.000000,1.000000,1.000000,1.000000,1.000000,               841P   6304
1.000000,1.000000,1.000000,1.000000,1.000000,1.000000,               841P   6305
1.000000,1.000000,1.000000,1.000000,1.271104,0.678805,               841P   6306
0.013853,1.212541,0.750950,-0.037428,1.212541,0.750950,              841P   6307
-0.113408,1.271104,0.678805,-0.155853,1.242160,0.663348,             841P   6308
0.018540,1.189325,0.728046,-0.035232,1.189325,0.728046,              841P   6309
-0.110074,1.242160,0.663348,-0.151165,1.148237,0.655582,             841P   6310
0.049937,1.101129,0.712833,-0.020157,1.101129,0.712833,              841P   6311
-0.107694,1.148237,0.655582,-0.161263,1.122210,0.669848,             841P   6312
0.066725,1.080831,0.719652,-0.015460,1.080831,0.719652,              841P   6313
-0.111460,1.122210,0.669848,-0.173275,0.000000,1.000000,             841P   6314
0.000000,1.000000;                                                   841P   6315
128,3,3,3,3,0,0,1,0,0,0.000000,0.000000,0.000000,0.000000,           843P   6316
1.000000,1.000000,1.000000,1.000000,0.000000,0.000000,               843P   6317
0.000000,0.000000,1.000000,1.000000,1.000000,1.000000,               843P   6318
1.000000,1.000000,1.000000,1.000000,1.000000,1.000000,               843P   6319
1.000000,1.000000,1.000000,1.000000,1.000000,1.000000,               843P   6320
1.000000,1.000000,1.000000,1.000000,1.390310,0.378838,               843P   6321
-0.155853,1.396155,0.290164,-0.113408,1.396155,0.290164,             843P   6322
-0.037428,1.390310,0.378838,0.013853,1.358652,0.370212,              843P   6323
-0.151165,1.363673,0.290876,-0.110074,1.363673,0.290876,             843P   6324
-0.035232,1.358652,0.370212,0.018540,1.284562,0.313137,              843P   6325
-0.161263,1.288759,0.243140,-0.107694,1.288759,0.243140,             843P   6326
-0.020157,1.284562,0.313137,0.049937,1.275146,0.286455,              843P   6327
-0.173275,1.278518,0.225796,-0.111460,1.278518,0.225796,             843P   6328
-0.015460,1.275146,0.286455,0.066725,0.000000,1.000000,              843P   6329
0.000000,1.000000;                                                   843P   6330
128,3,3,3,3,0,0,1,0,0,0.000000,0.000000,0.000000,0.000000,           845P   6331
1.000000,1.000000,1.000000,1.000000,0.000000,0.000000,               845P   6332
0.000000,0.000000,1.000000,1.000000,1.000000,1.000000,               845P   6333
1.000000,1.000000,1.000000,1.000000,1.000000,1.000000,               845P   6334
1.000000,1.000000,1.000000,1.000000,1.000000,1.000000,               845P   6335
1.000000,1.000000,1.000000,1.000000,1.169405,0.624495,               845P   6336
-0.327542,1.181524,0.535822,-0.336429,1.228022,0.417661,             845P   6337
-0.336429,1.279074,0.348528,-0.327542,1.125300,0.600941,             845P   6338
-0.302542,1.147326,0.519175,-0.321672,1.191909,0.405243,             845P   6339
-0.321672,1.230833,0.335383,-0.302542,1.006910,0.575148,             845P   6340
-0.218569,1.044950,0.485097,-0.247941,1.093727,0.360203,             845P   6341
-0.247941,1.126629,0.274423,-0.218569,0.974434,0.581641,             845P   6342
-0.196975,1.028118,0.484299,-0.236590,1.080718,0.349437,             845P   6343
-0.236590,1.107230,0.248734,-0.196975,0.000000,1.000000,             845P   6344
0.000000,1.000000;                                                   845P   6345
128,3,3,3,3,0,0,1,0,0,0.000000,0.000000,0.000000,0.000000,           847P   6346
1.000000,1.000000,1.000000,1.000000,0.000000,0.000000,               847P   6347
0.000000,0.000000,1.000000,1.000000,1.000000,1.000000,               847P   6348
1.000000,1.000000,1.000000,1.000000,1.000000,1.000000,               847P   6349
1.000000,1.000000,1.000000,1.000000,1.000000,1.000000,               847P   6350
1.000000,1.000000,1.000000,1.000000,1.396622,0.380558,               847P   6351
-0.311208,1.408405,0.474445,-0.310605,1.351844,0.618033,             847P   6352
-0.310605,1.276875,0.681887,-0.311208,1.348381,0.367413,             847P   6353
-0.286208,1.368026,0.459871,-0.296401,1.313165,0.599862,             847P   6354
-0.296401,1.232770,0.658333,-0.286208,1.273797,0.310719,             847P   6355
-0.198001,1.293450,0.421314,-0.218990,1.232437,0.577273,             847P   6356
-0.218990,1.138762,0.649927,-0.198001,1.275146,0.286455,             847P   6357
-0.173275,1.295315,0.413820,-0.205060,1.228656,0.584379,             847P   6358
-0.205060,1.122210,0.669848,-0.173275,0.000000,1.000000,             847P   6359
0.000000,1.000000;                                                   847P   6360
128,3,3,3,3,0,0,1,0,0,0.000000,0.000000,0.000000,0.000000,           849P   6361
1.000000,1.000000,1.000000,1.000000,0.000000,0.000000,               849P   6362
0.000000,0.000000,1.000000,1.000000,1.000000,1.000000,               849P   6363
1.000000,1.000000,1.000000,1.000000,1.000000,1.000000,               849P   6364
1.000000,1.000000,1.000000,1.000000,1.000000,1.000000,               849P   6365
1.000000,1.000000,1.000000,1.000000,1.276875,0.681887,               849P   6366
-0.311208,1.201906,0.745740,-0.311811,1.157285,0.713168,             849P   6367
-0.318655,1.169405,0.624495,-0.327542,1.232770,0.658333,             849P   6368
-0.286208,1.165580,0.716215,-0.295801,1.121910,0.683670,             849P   6369
-0.302226,1.125300,0.600941,-0.302542,1.138762,0.649927,             849P   6370
-0.198001,1.071225,0.696041,-0.217996,1.020377,0.657727,             849P   6371
-0.225412,1.006910,0.575148,-0.218569,1.122210,0.669848,             849P   6372
-0.173275,1.057144,0.705514,-0.203305,1.001939,0.662751,             849P   6373
-0.211345,0.974434,0.581641,-0.196975,0.000000,1.000000,             849P   6374
0.000000,1.000000;                                                   849P   6375
128,3,3,3,3,0,0,1,0,0,0.000000,0.000000,0.000000,0.000000,           851P   6376
1.000000,1.000000,1.000000,1.000000,0.000000,0.000000,               851P   6377
0.000000,0.000000,1.000000,1.000000,1.000000,1.000000,               851P   6378
1.000000,1.000000,1.000000,1.000000,1.000000,1.000000,               851P   6379
1.000000,1.000000,1.000000,1.000000,1.000000,1.000000,               851P   6380
1.000000,1.000000,1.000000,1.000000,1.279074,0.348528,               851P   6381
-0.327542,1.330125,0.279394,-0.318655,1.384840,0.286671,             851P   6382
-0.311811,1.396622,0.380558,-0.311208,1.230833,0.335383,             851P   6383
-0.302542,1.284274,0.276502,-0.302226,1.338275,0.283219,             851P   6384
-0.295801,1.348381,0.367413,-0.286208,1.126629,0.274423,             851P   6385
-0.218569,1.192333,0.227217,-0.225412,1.255494,0.234796,             851P   6386
-0.217996,1.273797,0.310719,-0.198001,1.107230,0.248734,             851P   6387
-0.196975,1.182240,0.212255,-0.211345,1.251604,0.219749,             851P   6388
-0.203305,1.275146,0.286455,-0.173275,0.000000,1.000000,             851P   6389
0.000000,1.000000;                                                   851P   6390
128,3,3,3,3,0,0,1,0,0,0.000000,0.000000,0.000000,0.000000,           853P   6391
1.000000,1.000000,1.000000,1.000000,0.000000,0.000000,               853P   6392
0.000000,0.000000,1.000000,1.000000,1.000000,1.000000,               853P   6393
1.000000,1.000000,1.000000,1.000000,1.000000,1.000000,               853P   6394
1.000000,1.000000,1.000000,1.000000,1.000000,1.000000,               853P   6395
1.000000,1.000000,1.000000,1.000000,1.169405,0.624495,               853P   6396
-0.327542,1.157285,0.713168,-0.318655,1.201906,0.745740,             853P   6397
-0.311811,1.276875,0.681887,-0.311208,1.181524,0.535822,             853P   6398
-0.336429,1.210292,0.582984,-0.324379,1.278107,0.618215,             853P   6399
-0.314371,1.351844,0.618033,-0.310605,1.228022,0.417661,             853P   6400
-0.336429,1.280081,0.406563,-0.324379,1.353496,0.427705,             853P   6401
-0.314371,1.408405,0.474445,-0.310605,1.279074,0.348528,             853P   6402
-0.327542,1.330125,0.279394,-0.318655,1.384840,0.286671,             853P   6403
-0.311811,1.396622,0.380558,-0.311208,0.000000,1.000000,             853P   6404
0.000000,1.000000;                                                   853P   6405
128,3,3,3,3,0,0,1,0,0,0.000000,0.000000,0.000000,0.000000,           855P   6406
1.000000,1.000000,1.000000,1.000000,0.000000,0.000000,               855P   6407
0.000000,0.000000,1.000000,1.000000,1.000000,1.000000,               855P   6408
1.000000,1.000000,1.000000,1.000000,1.000000,1.000000,               855P   6409
1.000000,1.000000,1.000000,1.000000,1.000000,1.000000,               855P   6410
1.000000,1.000000,1.000000,1.000000,1.276875,0.681887,               855P   6411
0.288792,1.351844,0.618033,0.289395,1.408405,0.474445,               855P   6412
0.289395,1.396622,0.380558,0.288792,1.232770,0.658333,               855P   6413
0.238792,1.313165,0.599862,0.252599,1.368026,0.459871,               855P   6414
0.252599,1.348381,0.367413,0.238792,1.138762,0.649927,               855P   6415
0.099599,1.232437,0.577273,0.126610,1.293450,0.421314,               855P   6416
0.126610,1.273797,0.310719,0.099599,1.122210,0.669848,               855P   6417
0.066725,1.228656,0.584379,0.106940,1.295315,0.413820,               855P   6418
0.106940,1.275146,0.286455,0.066725,0.000000,1.000000,               855P   6419
0.000000,1.000000;                                                   855P   6420
128,3,3,3,3,0,0,1,0,0,0.000000,0.000000,0.000000,0.000000,           857P   6421
1.000000,1.000000,1.000000,1.000000,0.000000,0.000000,               857P   6422
0.000000,0.000000,1.000000,1.000000,1.000000,1.000000,               857P   6423
1.000000,1.000000,1.000000,1.000000,1.000000,1.000000,               857P   6424
1.000000,1.000000,1.000000,1.000000,1.000000,1.000000,               857P   6425
1.000000,1.000000,1.000000,1.000000,1.279074,0.348528,               857P   6426
0.272458,1.228022,0.417661,0.263571,1.181524,0.535822,               857P   6427
0.263571,1.169405,0.624495,0.272458,1.230833,0.335383,               857P   6428
0.222458,1.191909,0.405243,0.227328,1.147326,0.519175,               857P   6429
0.227328,1.125300,0.600941,0.222458,1.126629,0.274423,               857P   6430
0.079031,1.093727,0.360203,0.097659,1.044950,0.485097,               857P   6431
0.097659,1.006910,0.575148,0.079031,1.107230,0.248734,               857P   6432
0.043025,1.080718,0.349437,0.075410,1.028118,0.484299,               857P   6433
0.075410,0.974434,0.581641,0.043025,0.000000,1.000000,               857P   6434
0.000000,1.000000;                                                   857P   6435
128,3,3,3,3,0,0,1,0,0,0.000000,0.000000,0.000000,0.000000,           859P   6436
1.000000,1.000000,1.000000,1.000000,0.000000,0.000000,               859P   6437
0.000000,0.000000,1.000000,1.000000,1.000000,1.000000,               859P   6438
1.000000,1.000000,1.000000,1.000000,1.000000,1.000000,               859P   6439
1.000000,1.000000,1.000000,1.000000,1.000000,1.000000,               859P   6440
1.000000,1.000000,1.000000,1.000000,1.169405,0.624495,               859P   6441
0.272458,1.157285,0.713168,0.281345,1.201906,0.745740,               859P   6442
0.288189,1.276875,0.681887,0.288792,1.125300,0.600941,               859P   6443
0.222458,1.121910,0.683670,0.246774,1.165580,0.716215,               859P   6444
0.253199,1.232770,0.658333,0.238792,1.006910,0.575148,               859P   6445
0.079031,1.020377,0.657727,0.120188,1.071225,0.696041,               859P   6446
0.127604,1.138762,0.649927,0.099599,0.974434,0.581641,               859P   6447
0.043025,1.001939,0.662751,0.100655,1.057144,0.705514,               859P   6448
0.108695,1.122210,0.669848,0.066725,0.000000,1.000000,               859P   6449
0.000000,1.000000;                                                   859P   6450
128,3,3,3,3,0,0,1,0,0,0.000000,0.000000,0.000000,0.000000,           861P   6451
1.000000,1.000000,1.000000,1.000000,0.000000,0.000000,               861P   6452
0.000000,0.000000,1.000000,1.000000,1.000000,1.000000,               861P   6453
1.000000,1.000000,1.000000,1.000000,1.000000,1.000000,               861P   6454
1.000000,1.000000,1.000000,1.000000,1.000000,1.000000,               861P   6455
1.000000,1.000000,1.000000,1.000000,1.396622,0.380558,               861P   6456
0.288792,1.384840,0.286671,0.288189,1.330125,0.279394,               861P   6457
0.281345,1.279074,0.348528,0.272458,1.348381,0.367413,               861P   6458
0.238792,1.338275,0.283219,0.253199,1.284274,0.276502,               861P   6459
0.246774,1.230833,0.335383,0.222458,1.273797,0.310719,               861P   6460
0.099599,1.255494,0.234796,0.127604,1.192333,0.227217,               861P   6461
0.120188,1.126629,0.274423,0.079031,1.275146,0.286455,               861P   6462
0.066725,1.251604,0.219749,0.108695,1.182240,0.212255,               861P   6463
0.100655,1.107230,0.248734,0.043025,0.000000,1.000000,               861P   6464
0.000000,1.000000;                                                   861P   6465
128,3,3,3,3,0,0,1,0,0,0.000000,0.000000,0.000000,0.000000,           863P   6466
1.000000,1.000000,1.000000,1.000000,0.000000,0.000000,               863P   6467
0.000000,0.000000,1.000000,1.000000,1.000000,1.000000,               863P   6468
1.000000,1.000000,1.000000,1.000000,1.000000,1.000000,               863P   6469
1.000000,1.000000,1.000000,1.000000,1.000000,1.000000,               863P   6470
1.000000,1.000000,1.000000,1.000000,1.276875,0.681887,               863P   6471
0.288792,1.201906,0.745740,0.288189,1.157285,0.713168,               863P   6472
0.281345,1.169405,0.624495,0.272458,1.351844,0.618033,               863P   6473
0.289395,1.278107,0.618215,0.285629,1.210292,0.582984,               863P   6474
0.275621,1.181524,0.535822,0.263571,1.408405,0.474445,               863P   6475
0.289395,1.353496,0.427705,0.285629,1.280081,0.406563,               863P   6476
0.275621,1.228022,0.417661,0.263571,1.396622,0.380558,               863P   6477
0.288792,1.384840,0.286671,0.288189,1.330125,0.279394,               863P   6478
0.281345,1.279074,0.348528,0.272458,0.000000,1.000000,               863P   6479
0.000000,1.000000;                                                   863P   6480
S      2G      3D    864P   6480                                        T      1
