solid irit2stl
  facet normal -0.000000000000000 -0.000000000000000  1.000000000000000
    outer loop
      vertex  0.300000000000000  0.499999999999980  0.500000000000000
      vertex  0.499999999999980  0.300000000000000  0.500000000000000
      vertex  0.499999999999980  0.499999999999980  0.500000000000000
    endloop
  endfacet
  facet normal -0.000000000000000 -0.000000000000000  1.000000000000000
    outer loop
      vertex  0.300000000000000  0.499999999999980  0.500000000000000
      vertex  0.300000000000000  0.300000000000000  0.500000000000000
      vertex  0.499999999999980  0.300000000000000  0.500000000000000
    endloop
  endfacet
  facet normal -0.649017862397587  0.000000000000000 -0.760773168749310
    outer loop
      vertex  0.300000000000000  0.499999999999980  0.495000000000000
      vertex  0.499999999999980  0.474995484434114  0.324379402676756
      vertex  0.300000000000000  0.474995484434114  0.495000000000000
    endloop
  endfacet
  facet normal -0.572416361722459 -0.572416361722460 -0.587093704330786
    outer loop
      vertex  0.300000000000000  0.499999999999980  0.495000000000000
      vertex  0.499999999999980  0.499999999999980  0.300000000000039
      vertex  0.499999999999980  0.474995484434114  0.324379402676756
    endloop
  endfacet
  facet normal -0.590254104643026  0.000000000000000 -0.807217499780610
    outer loop
      vertex  0.300000000000000  0.474995484434114  0.495000000000000
      vertex  0.499999999999980  0.449993979426718  0.348755870058964
      vertex  0.300000000000000  0.449993979426718  0.495000000000000
    endloop
  endfacet
  facet normal -0.521270271379347 -0.595752825354249 -0.611028538824932
    outer loop
      vertex  0.300000000000000  0.474995484434114  0.495000000000000
      vertex  0.499999999999980  0.474995484434114  0.324379402676756
      vertex  0.499999999999980  0.449993979426718  0.348755870058964
    endloop
  endfacet
  facet normal -0.520347326761222  0.000000000000000 -0.853954717495284
    outer loop
      vertex  0.300000000000000  0.449993979426718  0.495000000000000
      vertex  0.499999999999980  0.424992474419322  0.373132337441173
      vertex  0.300000000000000  0.424992474419322  0.495000000000000
    endloop
  endfacet
  facet normal -0.463829410273761 -0.618464037085334 -0.634322089318357
    outer loop
      vertex  0.300000000000000  0.449993979426718  0.495000000000000
      vertex  0.499999999999980  0.449993979426718  0.348755870058964
      vertex  0.499999999999980  0.424992474419322  0.373132337441173
    endloop
  endfacet
  facet normal -0.438180931134351  0.000000000000001 -0.898886795759196
    outer loop
      vertex  0.300000000000000  0.424992474419322  0.495000000000000
      vertex  0.499999999999980  0.399993979607944  0.397505869882264
      vertex  0.300000000000000  0.399993979607944  0.495000000000000
    endloop
  endfacet
  facet normal -0.399884922721516 -0.639854398561546 -0.656260921601652
    outer loop
      vertex  0.300000000000000  0.424992474419322  0.495000000000000
      vertex  0.499999999999980  0.424992474419322  0.373132337441173
      vertex  0.499999999999980  0.399993979607944  0.397505869882264
    endloop
  endfacet
  facet normal -0.343361728236524 -0.000000000000001 -0.939203238698860
    outer loop
      vertex  0.300000000000000  0.399993979607944  0.495000000000000
      vertex  0.499999999999980  0.374992474600548  0.421882337264473
      vertex  0.300000000000000  0.374992474600548  0.495000000000000
    endloop
  endfacet
  facet normal -0.329533630428796 -0.659106941679486 -0.676007119671334
    outer loop
      vertex  0.300000000000000  0.399993979607944  0.495000000000000
      vertex  0.499999999999980  0.399993979607944  0.397505869882264
      vertex  0.499999999999980  0.374992474600548  0.421882337264473
    endloop
  endfacet
  facet normal -0.236789475780870  0.000000000000000 -0.971560983242648
    outer loop
      vertex  0.300000000000000  0.374992474600548  0.495000000000000
      vertex  0.499999999999980  0.349993979789169  0.446255869705565
      vertex  0.300000000000000  0.349993979789169  0.495000000000000
    endloop
  endfacet
  facet normal -0.253229497604667 -0.675346423633797 -0.692662998598834
    outer loop
      vertex  0.300000000000000  0.374992474600548  0.495000000000000
      vertex  0.499999999999980  0.374992474600548  0.421882337264473
      vertex  0.499999999999980  0.349993979789169  0.446255869705565
    endloop
  endfacet
  facet normal -0.120958294657896  0.000000000000002 -0.992657589984308
    outer loop
      vertex  0.300000000000000  0.349993979789169  0.495000000000000
      vertex  0.499999999999980  0.324995484977791  0.470629402146656
      vertex  0.300000000000000  0.324995484977791  0.495000000000000
    endloop
  endfacet
  facet normal -0.171906234380840 -0.687707740435035 -0.705341272241132
    outer loop
      vertex  0.300000000000000  0.349993979789169  0.495000000000000
      vertex  0.499999999999980  0.349993979789169  0.446255869705565
      vertex  0.499999999999980  0.324995484977791  0.470629402146656
    endloop
  endfacet
  facet normal -0.000000000000000 -0.000000000000002 -1.000000000000000
    outer loop
      vertex  0.300000000000000  0.324995484977791  0.495000000000000
      vertex  0.499999999999980  0.300000000000000  0.495000000000000
      vertex  0.300000000000000  0.300000000000000  0.495000000000000
    endloop
  endfacet
  facet normal -0.086916580104992 -0.695458241216051 -0.713290503811406
    outer loop
      vertex  0.300000000000000  0.324995484977791  0.495000000000000
      vertex  0.499999999999980  0.324995484977791  0.470629402146656
      vertex  0.499999999999980  0.300000000000000  0.495000000000000
    endloop
  endfacet
  facet normal  0.000000000000000  1.000000000000000  0.000000000000000
    outer loop
      vertex  0.300000000000000  0.499999999999980  0.500000000000000
      vertex  0.499999999999980  0.499999999999980  0.300000000000039
      vertex  0.300000000000000  0.499999999999980  0.495000000000000
    endloop
  endfacet
  facet normal  0.000000000000000  1.000000000000000  0.000000000000000
    outer loop
      vertex  0.300000000000000  0.499999999999980  0.500000000000000
      vertex  0.499999999999980  0.499999999999980  0.500000000000000
      vertex  0.499999999999980  0.499999999999980  0.300000000000039
    endloop
  endfacet
  facet normal -0.000000000000000 -1.000000000000000  0.000000000000000
    outer loop
      vertex  0.300000000000000  0.300000000000000  0.500000000000000
      vertex  0.499999999999980  0.300000000000000  0.495000000000000
      vertex  0.499999999999980  0.300000000000000  0.500000000000000
    endloop
  endfacet
  facet normal -0.000000000000000 -1.000000000000000  0.000000000000000
    outer loop
      vertex  0.300000000000000  0.300000000000000  0.500000000000000
      vertex  0.300000000000000  0.300000000000000  0.495000000000000
      vertex  0.499999999999980  0.300000000000000  0.495000000000000
    endloop
  endfacet
  facet normal  1.000000000000000 -0.000000000000000 -0.000000000000000
    outer loop
      vertex  0.499999999999980  0.300000000000000  0.500000000000000
      vertex  0.499999999999980  0.499999999999980  0.300000000000039
      vertex  0.499999999999980  0.499999999999980  0.500000000000000
    endloop
  endfacet
  facet normal  1.000000000000000 -0.000000000000000 -0.000000000000000
    outer loop
      vertex  0.499999999999980  0.300000000000000  0.500000000000000
      vertex  0.499999999999980  0.300000000000000  0.495000000000000
      vertex  0.499999999999980  0.499999999999980  0.300000000000039
    endloop
  endfacet
  facet normal -1.000000000000000 -0.000000000000000  0.000000000000000
    outer loop
      vertex  0.300000000000000  0.499999999999980  0.500000000000000
      vertex  0.300000000000000  0.499999999999980  0.495000000000000
      vertex  0.300000000000000  0.474995484434114  0.495000000000000
    endloop
  endfacet
  facet normal -1.000000000000000 -0.000000000000000  0.000000000000000
    outer loop
      vertex  0.300000000000000  0.499999999999980  0.500000000000000
      vertex  0.300000000000000  0.474995484434114  0.495000000000000
      vertex  0.300000000000000  0.449993979426718  0.495000000000000
    endloop
  endfacet
  facet normal -1.000000000000000 -0.000000000000000  0.000000000000000
    outer loop
      vertex  0.300000000000000  0.499999999999980  0.500000000000000
      vertex  0.300000000000000  0.449993979426718  0.495000000000000
      vertex  0.300000000000000  0.424992474419322  0.495000000000000
    endloop
  endfacet
  facet normal -1.000000000000000  0.000000000000002 -0.000000000000033
    outer loop
      vertex  0.300000000000000  0.499999999999980  0.500000000000000
      vertex  0.300000000000000  0.424992474419322  0.495000000000000
      vertex  0.300000000000000  0.399993979607944  0.495000000000000
    endloop
  endfacet
  facet normal -1.000000000000000 -0.000000000000002  0.000000000000056
    outer loop
      vertex  0.300000000000000  0.499999999999980  0.500000000000000
      vertex  0.300000000000000  0.399993979607944  0.495000000000000
      vertex  0.300000000000000  0.374992474600548  0.495000000000000
    endloop
  endfacet
  facet normal -1.000000000000000 -0.000000000000000  0.000000000000000
    outer loop
      vertex  0.300000000000000  0.499999999999980  0.500000000000000
      vertex  0.300000000000000  0.374992474600548  0.495000000000000
      vertex  0.300000000000000  0.349993979789169  0.495000000000000
    endloop
  endfacet
  facet normal -1.000000000000000 -0.000000000000000  0.000000000000000
    outer loop
      vertex  0.300000000000000  0.499999999999980  0.500000000000000
      vertex  0.300000000000000  0.349993979789169  0.495000000000000
      vertex  0.300000000000000  0.324995484977791  0.495000000000000
    endloop
  endfacet
  facet normal -1.000000000000000 -0.000000000000000 -0.000000000000000
    outer loop
      vertex  0.300000000000000  0.499999999999980  0.500000000000000
      vertex  0.300000000000000  0.300000000000000  0.495000000000000
      vertex  0.300000000000000  0.300000000000000  0.500000000000000
    endloop
  endfacet
  facet normal -1.000000000000000  0.000000000000000 -0.000000000000000
    outer loop
      vertex  0.300000000000000  0.499999999999980  0.500000000000000
      vertex  0.300000000000000  0.324995484977791  0.495000000000000
      vertex  0.300000000000000  0.300000000000000  0.495000000000000
    endloop
  endfacet
  facet normal -0.000000000000000 -0.000000000000000  1.000000000000000
    outer loop
      vertex  0.700000000000000  0.499999999999980  0.500000000000000
      vertex  0.499999999999980  0.300000000000000  0.500000000000000
      vertex  0.700000000000000  0.300000000000000  0.500000000000000
    endloop
  endfacet
  facet normal -0.000000000000000 -0.000000000000000  1.000000000000000
    outer loop
      vertex  0.700000000000000  0.499999999999980  0.500000000000000
      vertex  0.499999999999980  0.499999999999980  0.500000000000000
      vertex  0.499999999999980  0.300000000000000  0.500000000000000
    endloop
  endfacet
  facet normal  0.649017862397587 -0.000000000000000 -0.760773168749310
    outer loop
      vertex  0.700000000000000  0.499999999999980  0.495000000000000
      vertex  0.700000000000000  0.474995484434114  0.495000000000000
      vertex  0.499999999999980  0.474995484434114  0.324379402676756
    endloop
  endfacet
  facet normal  0.572416361722460 -0.572416361722460 -0.587093704330786
    outer loop
      vertex  0.700000000000000  0.499999999999980  0.495000000000000
      vertex  0.499999999999980  0.474995484434114  0.324379402676756
      vertex  0.499999999999980  0.499999999999980  0.300000000000039
    endloop
  endfacet
  facet normal  0.590254104643027 -0.000000000000000 -0.807217499780610
    outer loop
      vertex  0.700000000000000  0.474995484434114  0.495000000000000
      vertex  0.700000000000000  0.449993979426718  0.495000000000000
      vertex  0.499999999999980  0.449993979426718  0.348755870058964
    endloop
  endfacet
  facet normal  0.521270271379347 -0.595752825354249 -0.611028538824932
    outer loop
      vertex  0.700000000000000  0.474995484434114  0.495000000000000
      vertex  0.499999999999980  0.449993979426718  0.348755870058964
      vertex  0.499999999999980  0.474995484434114  0.324379402676756
    endloop
  endfacet
  facet normal  0.520347326761222 -0.000000000000000 -0.853954717495284
    outer loop
      vertex  0.700000000000000  0.449993979426718  0.495000000000000
      vertex  0.700000000000000  0.424992474419322  0.495000000000000
      vertex  0.499999999999980  0.424992474419322  0.373132337441173
    endloop
  endfacet
  facet normal  0.463829410273761 -0.618464037085334 -0.634322089318357
    outer loop
      vertex  0.700000000000000  0.449993979426718  0.495000000000000
      vertex  0.499999999999980  0.424992474419322  0.373132337441173
      vertex  0.499999999999980  0.449993979426718  0.348755870058964
    endloop
  endfacet
  facet normal  0.438180931134351 -0.000000000000000 -0.898886795759195
    outer loop
      vertex  0.700000000000000  0.424992474419322  0.495000000000000
      vertex  0.700000000000000  0.399993979607944  0.495000000000000
      vertex  0.499999999999980  0.399993979607944  0.397505869882264
    endloop
  endfacet
  facet normal  0.399884922721516 -0.639854398561546 -0.656260921601652
    outer loop
      vertex  0.700000000000000  0.424992474419322  0.495000000000000
      vertex  0.499999999999980  0.399993979607944  0.397505869882264
      vertex  0.499999999999980  0.424992474419322  0.373132337441173
    endloop
  endfacet
  facet normal  0.343361728236524 -0.000000000000000 -0.939203238698860
    outer loop
      vertex  0.700000000000000  0.399993979607944  0.495000000000000
      vertex  0.700000000000000  0.374992474600548  0.495000000000000
      vertex  0.499999999999980  0.374992474600548  0.421882337264473
    endloop
  endfacet
  facet normal  0.329533630428796 -0.659106941679486 -0.676007119671333
    outer loop
      vertex  0.700000000000000  0.399993979607944  0.495000000000000
      vertex  0.499999999999980  0.374992474600548  0.421882337264473
      vertex  0.499999999999980  0.399993979607944  0.397505869882264
    endloop
  endfacet
  facet normal  0.236789475780871 -0.000000000000000 -0.971560983242648
    outer loop
      vertex  0.700000000000000  0.374992474600548  0.495000000000000
      vertex  0.700000000000000  0.349993979789169  0.495000000000000
      vertex  0.499999999999980  0.349993979789169  0.446255869705565
    endloop
  endfacet
  facet normal  0.253229497604668 -0.675346423633797 -0.692662998598834
    outer loop
      vertex  0.700000000000000  0.374992474600548  0.495000000000000
      vertex  0.499999999999980  0.349993979789169  0.446255869705565
      vertex  0.499999999999980  0.374992474600548  0.421882337264473
    endloop
  endfacet
  facet normal  0.120958294657896  0.000000000000002 -0.992657589984307
    outer loop
      vertex  0.700000000000000  0.349993979789169  0.495000000000000
      vertex  0.700000000000000  0.324995484977791  0.495000000000000
      vertex  0.499999999999980  0.324995484977791  0.470629402146656
    endloop
  endfacet
  facet normal  0.171906234380840 -0.687707740435035 -0.705341272241132
    outer loop
      vertex  0.700000000000000  0.349993979789169  0.495000000000000
      vertex  0.499999999999980  0.324995484977791  0.470629402146656
      vertex  0.499999999999980  0.349993979789169  0.446255869705565
    endloop
  endfacet
  facet normal -0.000000000000000 -0.000000000000002 -1.000000000000000
    outer loop
      vertex  0.700000000000000  0.324995484977791  0.495000000000000
      vertex  0.700000000000000  0.300000000000000  0.495000000000000
      vertex  0.499999999999980  0.300000000000000  0.495000000000000
    endloop
  endfacet
  facet normal  0.086916580104992 -0.695458241216051 -0.713290503811406
    outer loop
      vertex  0.700000000000000  0.324995484977791  0.495000000000000
      vertex  0.499999999999980  0.300000000000000  0.495000000000000
      vertex  0.499999999999980  0.324995484977791  0.470629402146656
    endloop
  endfacet
  facet normal -0.000000000000000  1.000000000000000 -0.000000000000000
    outer loop
      vertex  0.700000000000000  0.499999999999980  0.500000000000000
      vertex  0.499999999999980  0.499999999999980  0.300000000000039
      vertex  0.499999999999980  0.499999999999980  0.500000000000000
    endloop
  endfacet
  facet normal -0.000000000000000  1.000000000000000  0.000000000000000
    outer loop
      vertex  0.700000000000000  0.499999999999980  0.500000000000000
      vertex  0.700000000000000  0.499999999999980  0.495000000000000
      vertex  0.499999999999980  0.499999999999980  0.300000000000039
    endloop
  endfacet
  facet normal -0.000000000000000 -1.000000000000000 -0.000000000000000
    outer loop
      vertex  0.700000000000000  0.300000000000000  0.500000000000000
      vertex  0.499999999999980  0.300000000000000  0.495000000000000
      vertex  0.700000000000000  0.300000000000000  0.495000000000000
    endloop
  endfacet
  facet normal  0.000000000000000 -1.000000000000000 -0.000000000000000
    outer loop
      vertex  0.700000000000000  0.300000000000000  0.500000000000000
      vertex  0.499999999999980  0.300000000000000  0.500000000000000
      vertex  0.499999999999980  0.300000000000000  0.495000000000000
    endloop
  endfacet
  facet normal -1.000000000000000 -0.000000000000000 -0.000000000000000
    outer loop
      vertex  0.499999999999980  0.300000000000000  0.500000000000000
      vertex  0.499999999999980  0.499999999999980  0.300000000000039
      vertex  0.499999999999980  0.300000000000000  0.495000000000000
    endloop
  endfacet
  facet normal -1.000000000000000 -0.000000000000000 -0.000000000000000
    outer loop
      vertex  0.499999999999980  0.300000000000000  0.500000000000000
      vertex  0.499999999999980  0.499999999999980  0.500000000000000
      vertex  0.499999999999980  0.499999999999980  0.300000000000039
    endloop
  endfacet
  facet normal  1.000000000000000 -0.000000000000000 -0.000000000000000
    outer loop
      vertex  0.700000000000000  0.300000000000000  0.500000000000000
      vertex  0.700000000000000  0.300000000000000  0.495000000000000
      vertex  0.700000000000000  0.324995484977791  0.495000000000000
    endloop
  endfacet
  facet normal  1.000000000000000 -0.000000000000000 -0.000000000000000
    outer loop
      vertex  0.700000000000000  0.300000000000000  0.500000000000000
      vertex  0.700000000000000  0.324995484977791  0.495000000000000
      vertex  0.700000000000000  0.349993979789169  0.495000000000000
    endloop
  endfacet
  facet normal  1.000000000000000 -0.000000000000000 -0.000000000000000
    outer loop
      vertex  0.700000000000000  0.300000000000000  0.500000000000000
      vertex  0.700000000000000  0.349993979789169  0.495000000000000
      vertex  0.700000000000000  0.374992474600548  0.495000000000000
    endloop
  endfacet
  facet normal  1.000000000000000  0.000000000000000  0.000000000000000
    outer loop
      vertex  0.700000000000000  0.300000000000000  0.500000000000000
      vertex  0.700000000000000  0.374992474600548  0.495000000000000
      vertex  0.700000000000000  0.399993979607944  0.495000000000000
    endloop
  endfacet
  facet normal  1.000000000000000 -0.000000000000000 -0.000000000000000
    outer loop
      vertex  0.700000000000000  0.300000000000000  0.500000000000000
      vertex  0.700000000000000  0.399993979607944  0.495000000000000
      vertex  0.700000000000000  0.424992474419322  0.495000000000000
    endloop
  endfacet
  facet normal  1.000000000000000 -0.000000000000000 -0.000000000000000
    outer loop
      vertex  0.700000000000000  0.300000000000000  0.500000000000000
      vertex  0.700000000000000  0.424992474419322  0.495000000000000
      vertex  0.700000000000000  0.449993979426718  0.495000000000000
    endloop
  endfacet
  facet normal  1.000000000000000  0.000000000000000  0.000000000000000
    outer loop
      vertex  0.700000000000000  0.300000000000000  0.500000000000000
      vertex  0.700000000000000  0.449993979426718  0.495000000000000
      vertex  0.700000000000000  0.474995484434114  0.495000000000000
    endloop
  endfacet
  facet normal  1.000000000000000 -0.000000000000000 -0.000000000000000
    outer loop
      vertex  0.700000000000000  0.300000000000000  0.500000000000000
      vertex  0.700000000000000  0.499999999999980  0.495000000000000
      vertex  0.700000000000000  0.499999999999980  0.500000000000000
    endloop
  endfacet
  facet normal  1.000000000000000  0.000000000000000  0.000000000000000
    outer loop
      vertex  0.700000000000000  0.300000000000000  0.500000000000000
      vertex  0.700000000000000  0.474995484434114  0.495000000000000
      vertex  0.700000000000000  0.499999999999980  0.495000000000000
    endloop
  endfacet
  facet normal  0.000000000000000  0.000000000000000  1.000000000000000
    outer loop
      vertex  0.300000000000000  0.499999999999980  0.500000000000000
      vertex  0.499999999999980  0.700000000000000  0.500000000000000
      vertex  0.300000000000000  0.700000000000000  0.500000000000000
    endloop
  endfacet
  facet normal  0.000000000000000 -0.000000000000000  1.000000000000000
    outer loop
      vertex  0.300000000000000  0.499999999999980  0.500000000000000
      vertex  0.499999999999980  0.499999999999980  0.500000000000000
      vertex  0.499999999999980  0.700000000000000  0.500000000000000
    endloop
  endfacet
  facet normal -0.649017862397587 -0.000000000000000 -0.760773168749310
    outer loop
      vertex  0.300000000000000  0.499999999999980  0.495000000000000
      vertex  0.300000000000000  0.525004515565886  0.495000000000000
      vertex  0.499999999999980  0.525004515565886  0.324379402676756
    endloop
  endfacet
  facet normal -0.572416361722460  0.572416361722459 -0.587093704330787
    outer loop
      vertex  0.300000000000000  0.499999999999980  0.495000000000000
      vertex  0.499999999999980  0.525004515565886  0.324379402676756
      vertex  0.499999999999980  0.499999999999980  0.300000000000039
    endloop
  endfacet
  facet normal -0.590254104643026 -0.000000000000000 -0.807217499780610
    outer loop
      vertex  0.300000000000000  0.525004515565886  0.495000000000000
      vertex  0.300000000000000  0.550006020573282  0.495000000000000
      vertex  0.499999999999980  0.550006020573282  0.348755870058964
    endloop
  endfacet
  facet normal -0.521270271379347  0.595752825354250 -0.611028538824932
    outer loop
      vertex  0.300000000000000  0.525004515565886  0.495000000000000
      vertex  0.499999999999980  0.550006020573282  0.348755870058964
      vertex  0.499999999999980  0.525004515565886  0.324379402676756
    endloop
  endfacet
  facet normal -0.520347326761222 -0.000000000000000 -0.853954717495284
    outer loop
      vertex  0.300000000000000  0.550006020573282  0.495000000000000
      vertex  0.300000000000000  0.575007525580677  0.495000000000000
      vertex  0.499999999999980  0.575007525580677  0.373132337441173
    endloop
  endfacet
  facet normal -0.463829410273761  0.618464037085335 -0.634322089318356
    outer loop
      vertex  0.300000000000000  0.550006020573282  0.495000000000000
      vertex  0.499999999999980  0.575007525580677  0.373132337441173
      vertex  0.499999999999980  0.550006020573282  0.348755870058964
    endloop
  endfacet
  facet normal -0.438180931134351 -0.000000000000001 -0.898886795759196
    outer loop
      vertex  0.300000000000000  0.575007525580677  0.495000000000000
      vertex  0.300000000000000  0.600006020392056  0.495000000000000
      vertex  0.499999999999980  0.600006020392056  0.397505869882264
    endloop
  endfacet
  facet normal -0.399884922721515  0.639854398561547 -0.656260921601651
    outer loop
      vertex  0.300000000000000  0.575007525580677  0.495000000000000
      vertex  0.499999999999980  0.600006020392056  0.397505869882264
      vertex  0.499999999999980  0.575007525580677  0.373132337441173
    endloop
  endfacet
  facet normal -0.343361728236524  0.000000000000001 -0.939203238698860
    outer loop
      vertex  0.300000000000000  0.600006020392056  0.495000000000000
      vertex  0.300000000000000  0.625007525399452  0.495000000000000
      vertex  0.499999999999980  0.625007525399452  0.421882337264473
    endloop
  endfacet
  facet normal -0.329533630428796  0.659106941679486 -0.676007119671334
    outer loop
      vertex  0.300000000000000  0.600006020392056  0.495000000000000
      vertex  0.499999999999980  0.625007525399452  0.421882337264473
      vertex  0.499999999999980  0.600006020392056  0.397505869882264
    endloop
  endfacet
  facet normal -0.236789475780870 -0.000000000000000 -0.971560983242648
    outer loop
      vertex  0.300000000000000  0.625007525399452  0.495000000000000
      vertex  0.300000000000000  0.650006020210830  0.495000000000000
      vertex  0.499999999999980  0.650006020210830  0.446255869705565
    endloop
  endfacet
  facet normal -0.253229497604667  0.675346423633797 -0.692662998598834
    outer loop
      vertex  0.300000000000000  0.625007525399452  0.495000000000000
      vertex  0.499999999999980  0.650006020210830  0.446255869705565
      vertex  0.499999999999980  0.625007525399452  0.421882337264473
    endloop
  endfacet
  facet normal -0.120958294657896 -0.000000000000002 -0.992657589984308
    outer loop
      vertex  0.300000000000000  0.650006020210830  0.495000000000000
      vertex  0.300000000000000  0.675004515022209  0.495000000000000
      vertex  0.499999999999980  0.675004515022209  0.470629402146656
    endloop
  endfacet
  facet normal -0.171906234380840  0.687707740435035 -0.705341272241132
    outer loop
      vertex  0.300000000000000  0.650006020210830  0.495000000000000
      vertex  0.499999999999980  0.675004515022209  0.470629402146656
      vertex  0.499999999999980  0.650006020210830  0.446255869705565
    endloop
  endfacet
  facet normal -0.000000000000000  0.000000000000002 -1.000000000000000
    outer loop
      vertex  0.300000000000000  0.675004515022209  0.495000000000000
      vertex  0.300000000000000  0.700000000000000  0.495000000000000
      vertex  0.499999999999980  0.700000000000000  0.495000000000000
    endloop
  endfacet
  facet normal -0.086916580104992  0.695458241216051 -0.713290503811406
    outer loop
      vertex  0.300000000000000  0.675004515022209  0.495000000000000
      vertex  0.499999999999980  0.700000000000000  0.495000000000000
      vertex  0.499999999999980  0.675004515022209  0.470629402146656
    endloop
  endfacet
  facet normal -0.000000000000000 -1.000000000000000  0.000000000000000
    outer loop
      vertex  0.300000000000000  0.499999999999980  0.500000000000000
      vertex  0.499999999999980  0.499999999999980  0.300000000000039
      vertex  0.499999999999980  0.499999999999980  0.500000000000000
    endloop
  endfacet
  facet normal  0.000000000000000 -1.000000000000000  0.000000000000000
    outer loop
      vertex  0.300000000000000  0.499999999999980  0.500000000000000
      vertex  0.300000000000000  0.499999999999980  0.495000000000000
      vertex  0.499999999999980  0.499999999999980  0.300000000000039
    endloop
  endfacet
  facet normal -0.000000000000000  1.000000000000000 -0.000000000000000
    outer loop
      vertex  0.300000000000000  0.700000000000000  0.500000000000000
      vertex  0.499999999999980  0.700000000000000  0.495000000000000
      vertex  0.300000000000000  0.700000000000000  0.495000000000000
    endloop
  endfacet
  facet normal  0.000000000000000  1.000000000000000  0.000000000000000
    outer loop
      vertex  0.300000000000000  0.700000000000000  0.500000000000000
      vertex  0.499999999999980  0.700000000000000  0.500000000000000
      vertex  0.499999999999980  0.700000000000000  0.495000000000000
    endloop
  endfacet
  facet normal  1.000000000000000 -0.000000000000000 -0.000000000000000
    outer loop
      vertex  0.499999999999980  0.700000000000000  0.500000000000000
      vertex  0.499999999999980  0.499999999999980  0.300000000000039
      vertex  0.499999999999980  0.700000000000000  0.495000000000000
    endloop
  endfacet
  facet normal  1.000000000000000 -0.000000000000000 -0.000000000000000
    outer loop
      vertex  0.499999999999980  0.700000000000000  0.500000000000000
      vertex  0.499999999999980  0.499999999999980  0.500000000000000
      vertex  0.499999999999980  0.499999999999980  0.300000000000039
    endloop
  endfacet
  facet normal -1.000000000000000 -0.000000000000000  0.000000000000000
    outer loop
      vertex  0.300000000000000  0.700000000000000  0.500000000000000
      vertex  0.300000000000000  0.700000000000000  0.495000000000000
      vertex  0.300000000000000  0.675004515022209  0.495000000000000
    endloop
  endfacet
  facet normal -1.000000000000000 -0.000000000000000 -0.000000000000000
    outer loop
      vertex  0.300000000000000  0.700000000000000  0.500000000000000
      vertex  0.300000000000000  0.675004515022209  0.495000000000000
      vertex  0.300000000000000  0.650006020210830  0.495000000000000
    endloop
  endfacet
  facet normal -1.000000000000000  0.000000000000000 -0.000000000000000
    outer loop
      vertex  0.300000000000000  0.700000000000000  0.500000000000000
      vertex  0.300000000000000  0.650006020210830  0.495000000000000
      vertex  0.300000000000000  0.625007525399452  0.495000000000000
    endloop
  endfacet
  facet normal -1.000000000000000  0.000000000000002 -0.000000000000033
    outer loop
      vertex  0.300000000000000  0.700000000000000  0.500000000000000
      vertex  0.300000000000000  0.625007525399452  0.495000000000000
      vertex  0.300000000000000  0.600006020392056  0.495000000000000
    endloop
  endfacet
  facet normal -1.000000000000000 -0.000000000000002  0.000000000000056
    outer loop
      vertex  0.300000000000000  0.700000000000000  0.500000000000000
      vertex  0.300000000000000  0.600006020392056  0.495000000000000
      vertex  0.300000000000000  0.575007525580677  0.495000000000000
    endloop
  endfacet
  facet normal -1.000000000000000 -0.000000000000000  0.000000000000000
    outer loop
      vertex  0.300000000000000  0.700000000000000  0.500000000000000
      vertex  0.300000000000000  0.575007525580677  0.495000000000000
      vertex  0.300000000000000  0.550006020573282  0.495000000000000
    endloop
  endfacet
  facet normal -1.000000000000000 -0.000000000000000  0.000000000000000
    outer loop
      vertex  0.300000000000000  0.700000000000000  0.500000000000000
      vertex  0.300000000000000  0.550006020573282  0.495000000000000
      vertex  0.300000000000000  0.525004515565886  0.495000000000000
    endloop
  endfacet
  facet normal -1.000000000000000 -0.000000000000000 -0.000000000000000
    outer loop
      vertex  0.300000000000000  0.700000000000000  0.500000000000000
      vertex  0.300000000000000  0.499999999999980  0.495000000000000
      vertex  0.300000000000000  0.499999999999980  0.500000000000000
    endloop
  endfacet
  facet normal -1.000000000000000 -0.000000000000000  0.000000000000000
    outer loop
      vertex  0.300000000000000  0.700000000000000  0.500000000000000
      vertex  0.300000000000000  0.525004515565886  0.495000000000000
      vertex  0.300000000000000  0.499999999999980  0.495000000000000
    endloop
  endfacet
  facet normal -0.000000000000000 -0.000000000000000  1.000000000000000
    outer loop
      vertex  0.700000000000000  0.499999999999980  0.500000000000000
      vertex  0.499999999999980  0.700000000000000  0.500000000000000
      vertex  0.499999999999980  0.499999999999980  0.500000000000000
    endloop
  endfacet
  facet normal  0.000000000000000  0.000000000000000  1.000000000000000
    outer loop
      vertex  0.700000000000000  0.499999999999980  0.500000000000000
      vertex  0.700000000000000  0.700000000000000  0.500000000000000
      vertex  0.499999999999980  0.700000000000000  0.500000000000000
    endloop
  endfacet
  facet normal  0.649017862397588 -0.000000000000000 -0.760773168749310
    outer loop
      vertex  0.700000000000000  0.499999999999980  0.495000000000000
      vertex  0.499999999999980  0.525004515565886  0.324379402676756
      vertex  0.700000000000000  0.525004515565886  0.495000000000000
    endloop
  endfacet
  facet normal  0.572416361722460  0.572416361722459 -0.587093704330787
    outer loop
      vertex  0.700000000000000  0.499999999999980  0.495000000000000
      vertex  0.499999999999980  0.499999999999980  0.300000000000039
      vertex  0.499999999999980  0.525004515565886  0.324379402676756
    endloop
  endfacet
  facet normal  0.590254104643027 -0.000000000000000 -0.807217499780610
    outer loop
      vertex  0.700000000000000  0.525004515565886  0.495000000000000
      vertex  0.499999999999980  0.550006020573282  0.348755870058964
      vertex  0.700000000000000  0.550006020573282  0.495000000000000
    endloop
  endfacet
  facet normal  0.521270271379347  0.595752825354250 -0.611028538824931
    outer loop
      vertex  0.700000000000000  0.525004515565886  0.495000000000000
      vertex  0.499999999999980  0.525004515565886  0.324379402676756
      vertex  0.499999999999980  0.550006020573282  0.348755870058964
    endloop
  endfacet
  facet normal  0.520347326761222 -0.000000000000000 -0.853954717495284
    outer loop
      vertex  0.700000000000000  0.550006020573282  0.495000000000000
      vertex  0.499999999999980  0.575007525580677  0.373132337441173
      vertex  0.700000000000000  0.575007525580677  0.495000000000000
    endloop
  endfacet
  facet normal  0.463829410273761  0.618464037085335 -0.634322089318356
    outer loop
      vertex  0.700000000000000  0.550006020573282  0.495000000000000
      vertex  0.499999999999980  0.550006020573282  0.348755870058964
      vertex  0.499999999999980  0.575007525580677  0.373132337441173
    endloop
  endfacet
  facet normal  0.438180931134351 -0.000000000000000 -0.898886795759195
    outer loop
      vertex  0.700000000000000  0.575007525580677  0.495000000000000
      vertex  0.499999999999980  0.600006020392056  0.397505869882264
      vertex  0.700000000000000  0.600006020392056  0.495000000000000
    endloop
  endfacet
  facet normal  0.399884922721515  0.639854398561547 -0.656260921601651
    outer loop
      vertex  0.700000000000000  0.575007525580677  0.495000000000000
      vertex  0.499999999999980  0.575007525580677  0.373132337441173
      vertex  0.499999999999980  0.600006020392056  0.397505869882264
    endloop
  endfacet
  facet normal  0.343361728236524 -0.000000000000000 -0.939203238698860
    outer loop
      vertex  0.700000000000000  0.600006020392056  0.495000000000000
      vertex  0.499999999999980  0.625007525399452  0.421882337264473
      vertex  0.700000000000000  0.625007525399452  0.495000000000000
    endloop
  endfacet
  facet normal  0.329533630428796  0.659106941679486 -0.676007119671333
    outer loop
      vertex  0.700000000000000  0.600006020392056  0.495000000000000
      vertex  0.499999999999980  0.600006020392056  0.397505869882264
      vertex  0.499999999999980  0.625007525399452  0.421882337264473
    endloop
  endfacet
  facet normal  0.236789475780871 -0.000000000000000 -0.971560983242648
    outer loop
      vertex  0.700000000000000  0.625007525399452  0.495000000000000
      vertex  0.499999999999980  0.650006020210830  0.446255869705565
      vertex  0.700000000000000  0.650006020210830  0.495000000000000
    endloop
  endfacet
  facet normal  0.253229497604668  0.675346423633797 -0.692662998598834
    outer loop
      vertex  0.700000000000000  0.625007525399452  0.495000000000000
      vertex  0.499999999999980  0.625007525399452  0.421882337264473
      vertex  0.499999999999980  0.650006020210830  0.446255869705565
    endloop
  endfacet
  facet normal  0.120958294657896 -0.000000000000002 -0.992657589984307
    outer loop
      vertex  0.700000000000000  0.650006020210830  0.495000000000000
      vertex  0.499999999999980  0.675004515022209  0.470629402146656
      vertex  0.700000000000000  0.675004515022209  0.495000000000000
    endloop
  endfacet
  facet normal  0.171906234380840  0.687707740435035 -0.705341272241132
    outer loop
      vertex  0.700000000000000  0.650006020210830  0.495000000000000
      vertex  0.499999999999980  0.650006020210830  0.446255869705565
      vertex  0.499999999999980  0.675004515022209  0.470629402146656
    endloop
  endfacet
  facet normal -0.000000000000000  0.000000000000002 -1.000000000000000
    outer loop
      vertex  0.700000000000000  0.675004515022209  0.495000000000000
      vertex  0.499999999999980  0.700000000000000  0.495000000000000
      vertex  0.700000000000000  0.700000000000000  0.495000000000000
    endloop
  endfacet
  facet normal  0.086916580104992  0.695458241216051 -0.713290503811407
    outer loop
      vertex  0.700000000000000  0.675004515022209  0.495000000000000
      vertex  0.499999999999980  0.675004515022209  0.470629402146656
      vertex  0.499999999999980  0.700000000000000  0.495000000000000
    endloop
  endfacet
  facet normal -0.000000000000000 -1.000000000000000 -0.000000000000000
    outer loop
      vertex  0.700000000000000  0.499999999999980  0.500000000000000
      vertex  0.499999999999980  0.499999999999980  0.300000000000039
      vertex  0.700000000000000  0.499999999999980  0.495000000000000
    endloop
  endfacet
  facet normal  0.000000000000000 -1.000000000000000 -0.000000000000000
    outer loop
      vertex  0.700000000000000  0.499999999999980  0.500000000000000
      vertex  0.499999999999980  0.499999999999980  0.500000000000000
      vertex  0.499999999999980  0.499999999999980  0.300000000000039
    endloop
  endfacet
  facet normal -0.000000000000000  1.000000000000000 -0.000000000000000
    outer loop
      vertex  0.700000000000000  0.700000000000000  0.500000000000000
      vertex  0.499999999999980  0.700000000000000  0.495000000000000
      vertex  0.499999999999980  0.700000000000000  0.500000000000000
    endloop
  endfacet
  facet normal -0.000000000000000  1.000000000000000 -0.000000000000000
    outer loop
      vertex  0.700000000000000  0.700000000000000  0.500000000000000
      vertex  0.700000000000000  0.700000000000000  0.495000000000000
      vertex  0.499999999999980  0.700000000000000  0.495000000000000
    endloop
  endfacet
  facet normal -1.000000000000000 -0.000000000000000 -0.000000000000000
    outer loop
      vertex  0.499999999999980  0.700000000000000  0.500000000000000
      vertex  0.499999999999980  0.499999999999980  0.300000000000039
      vertex  0.499999999999980  0.499999999999980  0.500000000000000
    endloop
  endfacet
  facet normal -1.000000000000000 -0.000000000000000 -0.000000000000000
    outer loop
      vertex  0.499999999999980  0.700000000000000  0.500000000000000
      vertex  0.499999999999980  0.700000000000000  0.495000000000000
      vertex  0.499999999999980  0.499999999999980  0.300000000000039
    endloop
  endfacet
  facet normal  1.000000000000000 -0.000000000000000 -0.000000000000000
    outer loop
      vertex  0.700000000000000  0.499999999999980  0.500000000000000
      vertex  0.700000000000000  0.499999999999980  0.495000000000000
      vertex  0.700000000000000  0.525004515565886  0.495000000000000
    endloop
  endfacet
  facet normal  1.000000000000000 -0.000000000000000 -0.000000000000000
    outer loop
      vertex  0.700000000000000  0.499999999999980  0.500000000000000
      vertex  0.700000000000000  0.525004515565886  0.495000000000000
      vertex  0.700000000000000  0.550006020573282  0.495000000000000
    endloop
  endfacet
  facet normal  1.000000000000000 -0.000000000000000 -0.000000000000000
    outer loop
      vertex  0.700000000000000  0.499999999999980  0.500000000000000
      vertex  0.700000000000000  0.550006020573282  0.495000000000000
      vertex  0.700000000000000  0.575007525580677  0.495000000000000
    endloop
  endfacet
  facet normal  1.000000000000000 -0.000000000000000 -0.000000000000000
    outer loop
      vertex  0.700000000000000  0.499999999999980  0.500000000000000
      vertex  0.700000000000000  0.575007525580677  0.495000000000000
      vertex  0.700000000000000  0.600006020392056  0.495000000000000
    endloop
  endfacet
  facet normal  1.000000000000000 -0.000000000000000 -0.000000000000000
    outer loop
      vertex  0.700000000000000  0.499999999999980  0.500000000000000
      vertex  0.700000000000000  0.600006020392056  0.495000000000000
      vertex  0.700000000000000  0.625007525399452  0.495000000000000
    endloop
  endfacet
  facet normal  1.000000000000000  0.000000000000000  0.000000000000000
    outer loop
      vertex  0.700000000000000  0.499999999999980  0.500000000000000
      vertex  0.700000000000000  0.625007525399452  0.495000000000000
      vertex  0.700000000000000  0.650006020210830  0.495000000000000
    endloop
  endfacet
  facet normal  1.000000000000000 -0.000000000000000 -0.000000000000000
    outer loop
      vertex  0.700000000000000  0.499999999999980  0.500000000000000
      vertex  0.700000000000000  0.650006020210830  0.495000000000000
      vertex  0.700000000000000  0.675004515022209  0.495000000000000
    endloop
  endfacet
  facet normal  1.000000000000000 -0.000000000000000 -0.000000000000000
    outer loop
      vertex  0.700000000000000  0.499999999999980  0.500000000000000
      vertex  0.700000000000000  0.700000000000000  0.495000000000000
      vertex  0.700000000000000  0.700000000000000  0.500000000000000
    endloop
  endfacet
  facet normal  1.000000000000000  0.000000000000000  0.000000000000000
    outer loop
      vertex  0.700000000000000  0.499999999999980  0.500000000000000
      vertex  0.700000000000000  0.675004515022209  0.495000000000000
      vertex  0.700000000000000  0.700000000000000  0.495000000000000
    endloop
  endfacet
  facet normal -0.000000000000000  0.000000000000000 -1.000000000000000
    outer loop
      vertex  0.300000000000000  0.499999999999980  0.500000000000000
      vertex  0.499999999999980  0.300000000000000  0.500000000000000
      vertex  0.300000000000000  0.300000000000000  0.500000000000000
    endloop
  endfacet
  facet normal -0.000000000000000 -0.000000000000000 -1.000000000000000
    outer loop
      vertex  0.300000000000000  0.499999999999980  0.500000000000000
      vertex  0.499999999999980  0.499999999999980  0.500000000000000
      vertex  0.499999999999980  0.300000000000000  0.500000000000000
    endloop
  endfacet
  facet normal -0.649017862397587 -0.000000000000000  0.760773168749310
    outer loop
      vertex  0.300000000000000  0.499999999999980  0.505000000000000
      vertex  0.300000000000000  0.474995484434114  0.505000000000000
      vertex  0.499999999999980  0.474995484434114  0.675620597323244
    endloop
  endfacet
  facet normal -0.572416361722766 -0.572416361722310  0.587093704330633
    outer loop
      vertex  0.499999999999980  0.474995484434114  0.675620597323244
      vertex  0.499999999999980  0.499999999999980  0.699999999999961
      vertex  0.449993979426718  0.500000000000020  0.651244129941036
    endloop
  endfacet
  facet normal -0.572416361722758 -0.572416361721846  0.587093704331093
    outer loop
      vertex  0.499999999999980  0.474995484434114  0.675620597323244
      vertex  0.449993979426718  0.500000000000020  0.651244129941036
      vertex  0.399993979607944  0.500000000000020  0.602494130117735
    endloop
  endfacet
  facet normal -0.572416361722758 -0.572416361721846  0.587093704331093
    outer loop
      vertex  0.499999999999980  0.474995484434114  0.675620597323244
      vertex  0.399993979607944  0.500000000000020  0.602494130117735
      vertex  0.349993979789169  0.500000000000020  0.553744130294435
    endloop
  endfacet
  facet normal -0.572416361723350 -0.572416361720152  0.587093704332168
    outer loop
      vertex  0.499999999999980  0.474995484434114  0.675620597323244
      vertex  0.349993979789169  0.500000000000020  0.553744130294435
      vertex  0.300000000000000  0.499999999999980  0.505000000000000
    endloop
  endfacet
  facet normal -0.590254104643026 -0.000000000000000  0.807217499780610
    outer loop
      vertex  0.300000000000000  0.474995484434114  0.505000000000000
      vertex  0.300000000000000  0.449993979426718  0.505000000000000
      vertex  0.499999999999980  0.449993979426718  0.651244129941036
    endloop
  endfacet
  facet normal -0.521270271379347 -0.595752825354247  0.611028538824933
    outer loop
      vertex  0.300000000000000  0.474995484434114  0.505000000000000
      vertex  0.499999999999980  0.449993979426718  0.651244129941036
      vertex  0.499999999999980  0.474995484434114  0.675620597323244
    endloop
  endfacet
  facet normal -0.520347326761221 -0.000000000000000  0.853954717495284
    outer loop
      vertex  0.300000000000000  0.449993979426718  0.505000000000000
      vertex  0.300000000000000  0.424992474419322  0.505000000000000
      vertex  0.499999999999980  0.424992474419322  0.626867662558827
    endloop
  endfacet
  facet normal -0.463829410273761 -0.618464037085335  0.634322089318356
    outer loop
      vertex  0.300000000000000  0.449993979426718  0.505000000000000
      vertex  0.499999999999980  0.424992474419322  0.626867662558827
      vertex  0.499999999999980  0.449993979426718  0.651244129941036
    endloop
  endfacet
  facet normal -0.438180931134350 -0.000000000000003  0.898886795759196
    outer loop
      vertex  0.300000000000000  0.424992474419322  0.505000000000000
      vertex  0.300000000000000  0.399993979607944  0.505000000000000
      vertex  0.499999999999980  0.399993979607944  0.602494130117735
    endloop
  endfacet
  facet normal -0.399884922721515 -0.639854398561546  0.656260921601652
    outer loop
      vertex  0.300000000000000  0.424992474419322  0.505000000000000
      vertex  0.499999999999980  0.399993979607944  0.602494130117735
      vertex  0.499999999999980  0.424992474419322  0.626867662558827
    endloop
  endfacet
  facet normal -0.343361728236524  0.000000000000004  0.939203238698860
    outer loop
      vertex  0.300000000000000  0.399993979607944  0.505000000000000
      vertex  0.300000000000000  0.374992474600548  0.505000000000000
      vertex  0.499999999999980  0.374992474600548  0.578117662735527
    endloop
  endfacet
  facet normal -0.329533630428796 -0.659106941679486  0.676007119671334
    outer loop
      vertex  0.300000000000000  0.399993979607944  0.505000000000000
      vertex  0.499999999999980  0.374992474600548  0.578117662735527
      vertex  0.499999999999980  0.399993979607944  0.602494130117735
    endloop
  endfacet
  facet normal -0.236789475780870 -0.000000000000000  0.971560983242648
    outer loop
      vertex  0.300000000000000  0.374992474600548  0.505000000000000
      vertex  0.300000000000000  0.349993979789169  0.505000000000000
      vertex  0.499999999999980  0.349993979789169  0.553744130294435
    endloop
  endfacet
  facet normal -0.253229497604668 -0.675346423633795  0.692662998598835
    outer loop
      vertex  0.300000000000000  0.374992474600548  0.505000000000000
      vertex  0.499999999999980  0.349993979789169  0.553744130294435
      vertex  0.499999999999980  0.374992474600548  0.578117662735527
    endloop
  endfacet
  facet normal -0.120958294657896 -0.000000000000000  0.992657589984308
    outer loop
      vertex  0.300000000000000  0.349993979789169  0.505000000000000
      vertex  0.300000000000000  0.324995484977791  0.505000000000000
      vertex  0.499999999999980  0.324995484977791  0.529370597853344
    endloop
  endfacet
  facet normal -0.171906234380840 -0.687707740435035  0.705341272241131
    outer loop
      vertex  0.300000000000000  0.349993979789169  0.505000000000000
      vertex  0.499999999999980  0.324995484977791  0.529370597853344
      vertex  0.499999999999980  0.349993979789169  0.553744130294435
    endloop
  endfacet
  facet normal -0.000000000000000 -0.000000000000000  1.000000000000000
    outer loop
      vertex  0.300000000000000  0.324995484977791  0.505000000000000
      vertex  0.300000000000000  0.300000000000000  0.505000000000000
      vertex  0.499999999999980  0.300000000000000  0.505000000000000
    endloop
  endfacet
  facet normal -0.086916580104992 -0.695458241216051  0.713290503811406
    outer loop
      vertex  0.300000000000000  0.324995484977791  0.505000000000000
      vertex  0.499999999999980  0.300000000000000  0.505000000000000
      vertex  0.499999999999980  0.324995484977791  0.529370597853344
    endloop
  endfacet
  facet normal -0.000000000000000  1.000000000000000  0.000000000000000
    outer loop
      vertex  0.300000000000000  0.499999999999980  0.500000000000000
      vertex  0.499999999999980  0.499999999999980  0.699999999999961
      vertex  0.499999999999980  0.499999999999980  0.500000000000000
    endloop
  endfacet
  facet normal -0.000000000000000  1.000000000000000  0.000000000000000
    outer loop
      vertex  0.300000000000000  0.499999999999980  0.500000000000000
      vertex  0.300000000000000  0.499999999999980  0.505000000000000
      vertex  0.499999999999980  0.499999999999980  0.699999999999961
    endloop
  endfacet
  facet normal -0.000000000000000 -1.000000000000000 -0.000000000000000
    outer loop
      vertex  0.300000000000000  0.300000000000000  0.500000000000000
      vertex  0.499999999999980  0.300000000000000  0.505000000000000
      vertex  0.300000000000000  0.300000000000000  0.505000000000000
    endloop
  endfacet
  facet normal -0.000000000000000 -1.000000000000000  0.000000000000000
    outer loop
      vertex  0.300000000000000  0.300000000000000  0.500000000000000
      vertex  0.499999999999980  0.300000000000000  0.500000000000000
      vertex  0.499999999999980  0.300000000000000  0.505000000000000
    endloop
  endfacet
  facet normal  1.000000000000000  0.000000000000000 -0.000000000000000
    outer loop
      vertex  0.499999999999980  0.300000000000000  0.500000000000000
      vertex  0.499999999999980  0.499999999999980  0.699999999999961
      vertex  0.499999999999980  0.300000000000000  0.505000000000000
    endloop
  endfacet
  facet normal  1.000000000000000  0.000000000000000 -0.000000000000000
    outer loop
      vertex  0.499999999999980  0.300000000000000  0.500000000000000
      vertex  0.499999999999980  0.499999999999980  0.500000000000000
      vertex  0.499999999999980  0.499999999999980  0.699999999999961
    endloop
  endfacet
  facet normal -1.000000000000000  0.000000000000000 -0.000000000000000
    outer loop
      vertex  0.300000000000000  0.300000000000000  0.500000000000000
      vertex  0.300000000000000  0.300000000000000  0.505000000000000
      vertex  0.300000000000000  0.324995484977791  0.505000000000000
    endloop
  endfacet
  facet normal -1.000000000000000 -0.000000000000000  0.000000000000000
    outer loop
      vertex  0.300000000000000  0.300000000000000  0.500000000000000
      vertex  0.300000000000000  0.324995484977791  0.505000000000000
      vertex  0.300000000000000  0.349993979789169  0.505000000000000
    endloop
  endfacet
  facet normal -1.000000000000000  0.000000000000000 -0.000000000000000
    outer loop
      vertex  0.300000000000000  0.300000000000000  0.500000000000000
      vertex  0.300000000000000  0.349993979789169  0.505000000000000
      vertex  0.300000000000000  0.374992474600548  0.505000000000000
    endloop
  endfacet
  facet normal -1.000000000000000 -0.000000000000002  0.000000000000033
    outer loop
      vertex  0.300000000000000  0.300000000000000  0.500000000000000
      vertex  0.300000000000000  0.374992474600548  0.505000000000000
      vertex  0.300000000000000  0.399993979607944  0.505000000000000
    endloop
  endfacet
  facet normal -1.000000000000000  0.000000000000002 -0.000000000000056
    outer loop
      vertex  0.300000000000000  0.300000000000000  0.500000000000000
      vertex  0.300000000000000  0.399993979607944  0.505000000000000
      vertex  0.300000000000000  0.424992474419322  0.505000000000000
    endloop
  endfacet
  facet normal -1.000000000000000  0.000000000000000 -0.000000000000000
    outer loop
      vertex  0.300000000000000  0.300000000000000  0.500000000000000
      vertex  0.300000000000000  0.424992474419322  0.505000000000000
      vertex  0.300000000000000  0.449993979426718  0.505000000000000
    endloop
  endfacet
  facet normal -1.000000000000000 -0.000000000000000  0.000000000000000
    outer loop
      vertex  0.300000000000000  0.300000000000000  0.500000000000000
      vertex  0.300000000000000  0.449993979426718  0.505000000000000
      vertex  0.300000000000000  0.474995484434114  0.505000000000000
    endloop
  endfacet
  facet normal -1.000000000000000 -0.000000000000000 -0.000000000000000
    outer loop
      vertex  0.300000000000000  0.300000000000000  0.500000000000000
      vertex  0.300000000000000  0.499999999999980  0.505000000000000
      vertex  0.300000000000000  0.499999999999980  0.500000000000000
    endloop
  endfacet
  facet normal -1.000000000000000  0.000000000000000 -0.000000000000000
    outer loop
      vertex  0.300000000000000  0.300000000000000  0.500000000000000
      vertex  0.300000000000000  0.474995484434114  0.505000000000000
      vertex  0.300000000000000  0.499999999999980  0.505000000000000
    endloop
  endfacet
  facet normal -0.000000000000000 -0.000000000000000 -1.000000000000000
    outer loop
      vertex  0.700000000000000  0.499999999999980  0.500000000000000
      vertex  0.499999999999980  0.300000000000000  0.500000000000000
      vertex  0.499999999999980  0.499999999999980  0.500000000000000
    endloop
  endfacet
  facet normal -0.000000000000000  0.000000000000000 -1.000000000000000
    outer loop
      vertex  0.700000000000000  0.499999999999980  0.500000000000000
      vertex  0.700000000000000  0.300000000000000  0.500000000000000
      vertex  0.499999999999980  0.300000000000000  0.500000000000000
    endloop
  endfacet
  facet normal  0.649017862397587 -0.000000000000000  0.760773168749310
    outer loop
      vertex  0.700000000000000  0.499999999999980  0.505000000000000
      vertex  0.499999999999980  0.474995484434114  0.675620597323244
      vertex  0.700000000000000  0.474995484434114  0.505000000000000
    endloop
  endfacet
  facet normal  0.572416361722459 -0.572416361722460  0.587093704330786
    outer loop
      vertex  0.700000000000000  0.499999999999980  0.505000000000000
      vertex  0.499999999999980  0.499999999999980  0.699999999999961
      vertex  0.499999999999980  0.474995484434114  0.675620597323244
    endloop
  endfacet
  facet normal  0.590254104643026 -0.000000000000000  0.807217499780610
    outer loop
      vertex  0.700000000000000  0.474995484434114  0.505000000000000
      vertex  0.499999999999980  0.449993979426718  0.651244129941036
      vertex  0.700000000000000  0.449993979426718  0.505000000000000
    endloop
  endfacet
  facet normal  0.521270271379347 -0.595752825354248  0.611028538824933
    outer loop
      vertex  0.700000000000000  0.474995484434114  0.505000000000000
      vertex  0.499999999999980  0.474995484434114  0.675620597323244
      vertex  0.499999999999980  0.449993979426718  0.651244129941036
    endloop
  endfacet
  facet normal  0.520347326761222 -0.000000000000000  0.853954717495284
    outer loop
      vertex  0.700000000000000  0.449993979426718  0.505000000000000
      vertex  0.499999999999980  0.424992474419322  0.626867662558827
      vertex  0.700000000000000  0.424992474419322  0.505000000000000
    endloop
  endfacet
  facet normal  0.463829410273761 -0.618464037085335  0.634322089318356
    outer loop
      vertex  0.700000000000000  0.449993979426718  0.505000000000000
      vertex  0.499999999999980  0.449993979426718  0.651244129941036
      vertex  0.499999999999980  0.424992474419322  0.626867662558827
    endloop
  endfacet
  facet normal  0.438180931134351 -0.000000000000004  0.898886795759195
    outer loop
      vertex  0.700000000000000  0.424992474419322  0.505000000000000
      vertex  0.499999999999980  0.399993979607944  0.602494130117735
      vertex  0.700000000000000  0.399993979607944  0.505000000000000
    endloop
  endfacet
  facet normal  0.399884922721515 -0.639854398561546  0.656260921601652
    outer loop
      vertex  0.700000000000000  0.424992474419322  0.505000000000000
      vertex  0.499999999999980  0.424992474419322  0.626867662558827
      vertex  0.499999999999980  0.399993979607944  0.602494130117735
    endloop
  endfacet
  facet normal  0.343361728236524  0.000000000000004  0.939203238698860
    outer loop
      vertex  0.700000000000000  0.399993979607944  0.505000000000000
      vertex  0.499999999999980  0.374992474600548  0.578117662735527
      vertex  0.700000000000000  0.374992474600548  0.505000000000000
    endloop
  endfacet
  facet normal  0.329533630428796 -0.659106941679486  0.676007119671333
    outer loop
      vertex  0.700000000000000  0.399993979607944  0.505000000000000
      vertex  0.499999999999980  0.399993979607944  0.602494130117735
      vertex  0.499999999999980  0.374992474600548  0.578117662735527
    endloop
  endfacet
  facet normal  0.236789475780871 -0.000000000000000  0.971560983242648
    outer loop
      vertex  0.700000000000000  0.374992474600548  0.505000000000000
      vertex  0.499999999999980  0.349993979789169  0.553744130294435
      vertex  0.700000000000000  0.349993979789169  0.505000000000000
    endloop
  endfacet
  facet normal  0.253229497604668 -0.675346423633795  0.692662998598835
    outer loop
      vertex  0.700000000000000  0.374992474600548  0.505000000000000
      vertex  0.499999999999980  0.374992474600548  0.578117662735527
      vertex  0.499999999999980  0.349993979789169  0.553744130294435
    endloop
  endfacet
  facet normal  0.120958294657896 -0.000000000000000  0.992657589984307
    outer loop
      vertex  0.700000000000000  0.349993979789169  0.505000000000000
      vertex  0.499999999999980  0.324995484977791  0.529370597853344
      vertex  0.700000000000000  0.324995484977791  0.505000000000000
    endloop
  endfacet
  facet normal  0.171906234380840 -0.687707740435035  0.705341272241131
    outer loop
      vertex  0.700000000000000  0.349993979789169  0.505000000000000
      vertex  0.499999999999980  0.349993979789169  0.553744130294435
      vertex  0.499999999999980  0.324995484977791  0.529370597853344
    endloop
  endfacet
  facet normal -0.000000000000000 -0.000000000000000  1.000000000000000
    outer loop
      vertex  0.700000000000000  0.324995484977791  0.505000000000000
      vertex  0.499999999999980  0.300000000000000  0.505000000000000
      vertex  0.700000000000000  0.300000000000000  0.505000000000000
    endloop
  endfacet
  facet normal  0.086916580104992 -0.695458241216050  0.713290503811406
    outer loop
      vertex  0.700000000000000  0.324995484977791  0.505000000000000
      vertex  0.499999999999980  0.324995484977791  0.529370597853344
      vertex  0.499999999999980  0.300000000000000  0.505000000000000
    endloop
  endfacet
  facet normal -0.000000000000000  1.000000000000000 -0.000000000000000
    outer loop
      vertex  0.700000000000000  0.499999999999980  0.500000000000000
      vertex  0.499999999999980  0.499999999999980  0.699999999999961
      vertex  0.700000000000000  0.499999999999980  0.505000000000000
    endloop
  endfacet
  facet normal -0.000000000000000  1.000000000000000 -0.000000000000000
    outer loop
      vertex  0.700000000000000  0.499999999999980  0.500000000000000
      vertex  0.499999999999980  0.499999999999980  0.500000000000000
      vertex  0.499999999999980  0.499999999999980  0.699999999999961
    endloop
  endfacet
  facet normal  0.000000000000000 -1.000000000000000 -0.000000000000000
    outer loop
      vertex  0.700000000000000  0.300000000000000  0.500000000000000
      vertex  0.499999999999980  0.300000000000000  0.505000000000000
      vertex  0.499999999999980  0.300000000000000  0.500000000000000
    endloop
  endfacet
  facet normal -0.000000000000000 -1.000000000000000 -0.000000000000000
    outer loop
      vertex  0.700000000000000  0.300000000000000  0.500000000000000
      vertex  0.700000000000000  0.300000000000000  0.505000000000000
      vertex  0.499999999999980  0.300000000000000  0.505000000000000
    endloop
  endfacet
  facet normal -1.000000000000000 -0.000000000000000 -0.000000000000000
    outer loop
      vertex  0.499999999999980  0.300000000000000  0.500000000000000
      vertex  0.499999999999980  0.499999999999980  0.699999999999961
      vertex  0.499999999999980  0.499999999999980  0.500000000000000
    endloop
  endfacet
  facet normal -1.000000000000000  0.000000000000000 -0.000000000000000
    outer loop
      vertex  0.499999999999980  0.300000000000000  0.500000000000000
      vertex  0.499999999999980  0.300000000000000  0.505000000000000
      vertex  0.499999999999980  0.499999999999980  0.699999999999961
    endloop
  endfacet
  facet normal  1.000000000000000  0.000000000000000  0.000000000000000
    outer loop
      vertex  0.700000000000000  0.499999999999980  0.500000000000000
      vertex  0.700000000000000  0.499999999999980  0.505000000000000
      vertex  0.700000000000000  0.474995484434114  0.505000000000000
    endloop
  endfacet
  facet normal  1.000000000000000  0.000000000000000  0.000000000000000
    outer loop
      vertex  0.700000000000000  0.499999999999980  0.500000000000000
      vertex  0.700000000000000  0.474995484434114  0.505000000000000
      vertex  0.700000000000000  0.449993979426718  0.505000000000000
    endloop
  endfacet
  facet normal  1.000000000000000 -0.000000000000000 -0.000000000000000
    outer loop
      vertex  0.700000000000000  0.499999999999980  0.500000000000000
      vertex  0.700000000000000  0.449993979426718  0.505000000000000
      vertex  0.700000000000000  0.424992474419322  0.505000000000000
    endloop
  endfacet
  facet normal  1.000000000000000 -0.000000000000000  0.000000000000000
    outer loop
      vertex  0.700000000000000  0.499999999999980  0.500000000000000
      vertex  0.700000000000000  0.424992474419322  0.505000000000000
      vertex  0.700000000000000  0.399993979607944  0.505000000000000
    endloop
  endfacet
  facet normal  1.000000000000000 -0.000000000000000 -0.000000000000000
    outer loop
      vertex  0.700000000000000  0.499999999999980  0.500000000000000
      vertex  0.700000000000000  0.399993979607944  0.505000000000000
      vertex  0.700000000000000  0.374992474600548  0.505000000000000
    endloop
  endfacet
  facet normal  1.000000000000000  0.000000000000000  0.000000000000000
    outer loop
      vertex  0.700000000000000  0.499999999999980  0.500000000000000
      vertex  0.700000000000000  0.374992474600548  0.505000000000000
      vertex  0.700000000000000  0.349993979789169  0.505000000000000
    endloop
  endfacet
  facet normal  1.000000000000000 -0.000000000000000 -0.000000000000000
    outer loop
      vertex  0.700000000000000  0.499999999999980  0.500000000000000
      vertex  0.700000000000000  0.349993979789169  0.505000000000000
      vertex  0.700000000000000  0.324995484977791  0.505000000000000
    endloop
  endfacet
  facet normal  1.000000000000000 -0.000000000000000 -0.000000000000000
    outer loop
      vertex  0.700000000000000  0.499999999999980  0.500000000000000
      vertex  0.700000000000000  0.300000000000000  0.505000000000000
      vertex  0.700000000000000  0.300000000000000  0.500000000000000
    endloop
  endfacet
  facet normal  1.000000000000000  0.000000000000000  0.000000000000000
    outer loop
      vertex  0.700000000000000  0.499999999999980  0.500000000000000
      vertex  0.700000000000000  0.324995484977791  0.505000000000000
      vertex  0.700000000000000  0.300000000000000  0.505000000000000
    endloop
  endfacet
  facet normal -0.000000000000000 -0.000000000000000 -1.000000000000000
    outer loop
      vertex  0.300000000000000  0.499999999999980  0.500000000000000
      vertex  0.499999999999980  0.700000000000000  0.500000000000000
      vertex  0.499999999999980  0.499999999999980  0.500000000000000
    endloop
  endfacet
  facet normal  0.000000000000000 -0.000000000000000 -1.000000000000000
    outer loop
      vertex  0.300000000000000  0.499999999999980  0.500000000000000
      vertex  0.300000000000000  0.700000000000000  0.500000000000000
      vertex  0.499999999999980  0.700000000000000  0.500000000000000
    endloop
  endfacet
  facet normal -0.366166385443255  0.549260600490874  0.751155756764085
    outer loop
      vertex  0.449993979426718  0.500000000000020  0.651244129941036
      vertex  0.499999999999980  0.600006020392056  0.602494130117735
      vertex  0.449993979426718  0.600006020392056  0.578117662735534
    endloop
  endfacet
  facet normal -0.572416361722159  0.572416361723075  0.587093704330480
    outer loop
      vertex  0.449993979426718  0.500000000000020  0.651244129941036
      vertex  0.499999999999980  0.499999999999980  0.699999999999961
      vertex  0.500000000000020  0.525004515565886  0.675620597323244
    endloop
  endfacet
  facet normal -0.572416361722151  0.572416361722609  0.587093704330941
    outer loop
      vertex  0.449993979426718  0.500000000000020  0.651244129941036
      vertex  0.500000000000020  0.525004515565886  0.675620597323244
      vertex  0.500000000000020  0.550006020573282  0.651244129941036
    endloop
  endfacet
  facet normal -0.572416361722152  0.572416361722610  0.587093704330939
    outer loop
      vertex  0.449993979426718  0.500000000000020  0.651244129941036
      vertex  0.500000000000020  0.550006020573282  0.651244129941036
      vertex  0.500000000000020  0.575007525580677  0.626867662558827
    endloop
  endfacet
  facet normal -0.572416361721529  0.572416361722444  0.587093704331708
    outer loop
      vertex  0.449993979426718  0.500000000000020  0.651244129941036
      vertex  0.500000000000020  0.575007525580677  0.626867662558827
      vertex  0.499999999999980  0.600006020392056  0.602494130117735
    endloop
  endfacet
  facet normal  0.000000000000000  0.590254104643026  0.807217499780610
    outer loop
      vertex  0.449993979426718  0.600006020392056  0.578117662735534
      vertex  0.499999999999980  0.700000000000000  0.505000000000000
      vertex  0.449993979426718  0.700000000000000  0.505000000000000
    endloop
  endfacet
  facet normal -0.329533630428681  0.659106941679784  0.676007119671099
    outer loop
      vertex  0.449993979426718  0.600006020392056  0.578117662735534
      vertex  0.499999999999980  0.600006020392056  0.602494130117735
      vertex  0.500000000000020  0.625007525399452  0.578117662735527
    endloop
  endfacet
  facet normal -0.329533630428560  0.659106941679542  0.676007119671394
    outer loop
      vertex  0.449993979426718  0.600006020392056  0.578117662735534
      vertex  0.500000000000020  0.625007525399452  0.578117662735527
      vertex  0.500000000000020  0.650006020210830  0.553744130294435
    endloop
  endfacet
  facet normal -0.329533630428562  0.659106941679543  0.676007119671392
    outer loop
      vertex  0.449993979426718  0.600006020392056  0.578117662735534
      vertex  0.500000000000020  0.650006020210830  0.553744130294435
      vertex  0.500000000000020  0.675004515022209  0.529370597853344
    endloop
  endfacet
  facet normal -0.329533630427968  0.659106941679415  0.676007119671806
    outer loop
      vertex  0.449993979426718  0.600006020392056  0.578117662735534
      vertex  0.500000000000020  0.675004515022209  0.529370597853344
      vertex  0.499999999999980  0.700000000000000  0.505000000000000
    endloop
  endfacet
  facet normal -0.401342254176045  0.401342254176045  0.823315729247159
    outer loop
      vertex  0.399993979607944  0.500000000000020  0.602494130117735
      vertex  0.449993979426718  0.600006020392056  0.578117662735534
      vertex  0.399993979607944  0.600006020392056  0.553744130294440
    endloop
  endfacet
  facet normal -0.618464037085335  0.463829410273761  0.634322089318356
    outer loop
      vertex  0.399993979607944  0.500000000000020  0.602494130117735
      vertex  0.449993979426718  0.500000000000020  0.651244129941036
      vertex  0.449993979426718  0.600006020392056  0.578117662735534
    endloop
  endfacet
  facet normal -0.000000000000002  0.438180931134351  0.898886795759195
    outer loop
      vertex  0.399993979607944  0.600006020392056  0.553744130294440
      vertex  0.449993979426718  0.700000000000000  0.505000000000000
      vertex  0.399993979607944  0.700000000000000  0.505000000000000
    endloop
  endfacet
  facet normal -0.366166385443256  0.549260600490874  0.751155756764085
    outer loop
      vertex  0.399993979607944  0.600006020392056  0.553744130294440
      vertex  0.449993979426718  0.600006020392056  0.578117662735534
      vertex  0.449993979426718  0.700000000000000  0.505000000000000
    endloop
  endfacet
  facet normal -0.428029694448550  0.214001962691414  0.878062492442596
    outer loop
      vertex  0.349993979789169  0.500000000000020  0.553744130294435
      vertex  0.399993979607944  0.600006020392056  0.553744130294440
      vertex  0.349993979789169  0.600006020392056  0.529370597853346
    endloop
  endfacet
  facet normal -0.659106941679485  0.329533630428797  0.676007119671334
    outer loop
      vertex  0.349993979789169  0.500000000000020  0.553744130294435
      vertex  0.399993979607944  0.500000000000020  0.602494130117735
      vertex  0.399993979607944  0.600006020392056  0.553744130294440
    endloop
  endfacet
  facet normal  0.000000000000002  0.236789475780870  0.971560983242648
    outer loop
      vertex  0.349993979789169  0.600006020392056  0.529370597853346
      vertex  0.399993979607944  0.700000000000000  0.505000000000000
      vertex  0.349993979789169  0.700000000000000  0.505000000000000
    endloop
  endfacet
  facet normal -0.401342254176044  0.401342254176045  0.823315729247160
    outer loop
      vertex  0.349993979789169  0.600006020392056  0.529370597853346
      vertex  0.399993979607944  0.600006020392056  0.553744130294440
      vertex  0.399993979607944  0.700000000000000  0.505000000000000
    endloop
  endfacet
  facet normal -0.438180931134351  0.000000000000001  0.898886795759195
    outer loop
      vertex  0.300000000000000  0.499999999999980  0.505000000000000
      vertex  0.349993979789169  0.600006020392056  0.529370597853346
      vertex  0.300000000000000  0.600006020392056  0.505000000000000
    endloop
  endfacet
  facet normal -0.687707740435035  0.171906234380840  0.705341272241132
    outer loop
      vertex  0.300000000000000  0.499999999999980  0.505000000000000
      vertex  0.349993979789169  0.500000000000020  0.553744130294435
      vertex  0.349993979789169  0.600006020392056  0.529370597853346
    endloop
  endfacet
  facet normal -0.000000000000000 -0.000000000000001  1.000000000000000
    outer loop
      vertex  0.300000000000000  0.600006020392056  0.505000000000000
      vertex  0.349993979789169  0.700000000000000  0.505000000000000
      vertex  0.300000000000000  0.700000000000000  0.505000000000000
    endloop
  endfacet
  facet normal -0.428029694448552  0.214001962691414  0.878062492442595
    outer loop
      vertex  0.300000000000000  0.600006020392056  0.505000000000000
      vertex  0.349993979789169  0.600006020392056  0.529370597853346
      vertex  0.349993979789169  0.700000000000000  0.505000000000000
    endloop
  endfacet
  facet normal -0.000000000000000 -1.000000000000000  0.000000000000000
    outer loop
      vertex  0.300000000000000  0.499999999999980  0.500000000000000
      vertex  0.499999999999980  0.499999999999980  0.699999999999961
      vertex  0.300000000000000  0.499999999999980  0.505000000000000
    endloop
  endfacet
  facet normal -0.000000000000000 -1.000000000000000  0.000000000000000
    outer loop
      vertex  0.300000000000000  0.499999999999980  0.500000000000000
      vertex  0.499999999999980  0.499999999999980  0.500000000000000
      vertex  0.499999999999980  0.499999999999980  0.699999999999961
    endloop
  endfacet
  facet normal -0.000000000000000  1.000000000000000  0.000000000000000
    outer loop
      vertex  0.300000000000000  0.700000000000000  0.500000000000000
      vertex  0.300000000000000  0.700000000000000  0.505000000000000
      vertex  0.349993979789169  0.700000000000000  0.505000000000000
    endloop
  endfacet
  facet normal  0.000000000000000  1.000000000000000 -0.000000000000000
    outer loop
      vertex  0.300000000000000  0.700000000000000  0.500000000000000
      vertex  0.349993979789169  0.700000000000000  0.505000000000000
      vertex  0.399993979607944  0.700000000000000  0.505000000000000
    endloop
  endfacet
  facet normal -0.000000000000000  1.000000000000000  0.000000000000000
    outer loop
      vertex  0.300000000000000  0.700000000000000  0.500000000000000
      vertex  0.399993979607944  0.700000000000000  0.505000000000000
      vertex  0.449993979426718  0.700000000000000  0.505000000000000
    endloop
  endfacet
  facet normal  0.000000000000000  1.000000000000000  0.000000000000000
    outer loop
      vertex  0.300000000000000  0.700000000000000  0.500000000000000
      vertex  0.499999999999980  0.700000000000000  0.505000000000000
      vertex  0.499999999999980  0.700000000000000  0.500000000000000
    endloop
  endfacet
  facet normal -0.000000000000000  1.000000000000000  0.000000000000000
    outer loop
      vertex  0.300000000000000  0.700000000000000  0.500000000000000
      vertex  0.449993979426718  0.700000000000000  0.505000000000000
      vertex  0.499999999999980  0.700000000000000  0.505000000000000
    endloop
  endfacet
  facet normal  1.000000000000000 -0.000000000000000 -0.000000000000000
    outer loop
      vertex  0.499999999999980  0.700000000000000  0.500000000000000
      vertex  0.499999999999980  0.499999999999980  0.699999999999961
      vertex  0.499999999999980  0.499999999999980  0.500000000000000
    endloop
  endfacet
  facet normal  1.000000000000000 -0.000000000000000 -0.000000000000000
    outer loop
      vertex  0.499999999999980  0.700000000000000  0.500000000000000
      vertex  0.499999999999980  0.700000000000000  0.505000000000000
      vertex  0.499999999999980  0.499999999999980  0.699999999999961
    endloop
  endfacet
  facet normal -1.000000000000000 -0.000000000000001 -0.000000000000000
    outer loop
      vertex  0.300000000000000  0.499999999999980  0.500000000000000
      vertex  0.300000000000000  0.499999999999980  0.505000000000000
      vertex  0.300000000000000  0.600006020392056  0.505000000000000
    endloop
  endfacet
  facet normal -1.000000000000000 -0.000000000000000 -0.000000000000000
    outer loop
      vertex  0.300000000000000  0.499999999999980  0.500000000000000
      vertex  0.300000000000000  0.700000000000000  0.505000000000000
      vertex  0.300000000000000  0.700000000000000  0.500000000000000
    endloop
  endfacet
  facet normal -1.000000000000000  0.000000000000001 -0.000000000000022
    outer loop
      vertex  0.300000000000000  0.499999999999980  0.500000000000000
      vertex  0.300000000000000  0.600006020392056  0.505000000000000
      vertex  0.300000000000000  0.700000000000000  0.505000000000000
    endloop
  endfacet
  facet normal  0.000000000000000 -0.000000000000000 -1.000000000000000
    outer loop
      vertex  0.700000000000000  0.499999999999980  0.500000000000000
      vertex  0.499999999999980  0.700000000000000  0.500000000000000
      vertex  0.700000000000000  0.700000000000000  0.500000000000000
    endloop
  endfacet
  facet normal  0.000000000000000 -0.000000000000000 -1.000000000000000
    outer loop
      vertex  0.700000000000000  0.499999999999980  0.500000000000000
      vertex  0.499999999999980  0.499999999999980  0.500000000000000
      vertex  0.499999999999980  0.700000000000000  0.500000000000000
    endloop
  endfacet
  facet normal  0.649017862397587 -0.000000000000000  0.760773168749311
    outer loop
      vertex  0.700000000000000  0.499999999999980  0.505000000000000
      vertex  0.700000000000000  0.525004515565886  0.505000000000000
      vertex  0.500000000000020  0.525004515565886  0.675620597323244
    endloop
  endfacet
  facet normal  0.572416361722460  0.572416361722459  0.587093704330787
    outer loop
      vertex  0.700000000000000  0.499999999999980  0.505000000000000
      vertex  0.500000000000020  0.525004515565886  0.675620597323244
      vertex  0.499999999999980  0.499999999999980  0.699999999999961
    endloop
  endfacet
  facet normal  0.590254104643026 -0.000000000000000  0.807217499780610
    outer loop
      vertex  0.700000000000000  0.525004515565886  0.505000000000000
      vertex  0.700000000000000  0.550006020573282  0.505000000000000
      vertex  0.500000000000020  0.550006020573282  0.651244129941036
    endloop
  endfacet
  facet normal  0.521270271379347  0.595752825354249  0.611028538824933
    outer loop
      vertex  0.700000000000000  0.525004515565886  0.505000000000000
      vertex  0.500000000000020  0.550006020573282  0.651244129941036
      vertex  0.500000000000020  0.525004515565886  0.675620597323244
    endloop
  endfacet
  facet normal  0.520347326761222 -0.000000000000000  0.853954717495284
    outer loop
      vertex  0.700000000000000  0.550006020573282  0.505000000000000
      vertex  0.700000000000000  0.575007525580677  0.505000000000000
      vertex  0.500000000000020  0.575007525580677  0.626867662558827
    endloop
  endfacet
  facet normal  0.463829410273760  0.618464037085336  0.634322089318355
    outer loop
      vertex  0.700000000000000  0.550006020573282  0.505000000000000
      vertex  0.500000000000020  0.575007525580677  0.626867662558827
      vertex  0.500000000000020  0.550006020573282  0.651244129941036
    endloop
  endfacet
  facet normal  0.438180931134351  0.000000000000004  0.898886795759195
    outer loop
      vertex  0.700000000000000  0.575007525580677  0.505000000000000
      vertex  0.700000000000000  0.600006020392056  0.505000000000000
      vertex  0.499999999999980  0.600006020392056  0.602494130117735
    endloop
  endfacet
  facet normal  0.399884922721515  0.639854398561547  0.656260921601651
    outer loop
      vertex  0.700000000000000  0.575007525580677  0.505000000000000
      vertex  0.499999999999980  0.600006020392056  0.602494130117735
      vertex  0.500000000000020  0.575007525580677  0.626867662558827
    endloop
  endfacet
  facet normal  0.343361728236524 -0.000000000000004  0.939203238698860
    outer loop
      vertex  0.700000000000000  0.600006020392056  0.505000000000000
      vertex  0.700000000000000  0.625007525399452  0.505000000000000
      vertex  0.500000000000020  0.625007525399452  0.578117662735527
    endloop
  endfacet
  facet normal  0.329533630428796  0.659106941679486  0.676007119671333
    outer loop
      vertex  0.700000000000000  0.600006020392056  0.505000000000000
      vertex  0.500000000000020  0.625007525399452  0.578117662735527
      vertex  0.499999999999980  0.600006020392056  0.602494130117735
    endloop
  endfacet
  facet normal  0.236789475780871 -0.000000000000000  0.971560983242648
    outer loop
      vertex  0.700000000000000  0.625007525399452  0.505000000000000
      vertex  0.700000000000000  0.650006020210830  0.505000000000000
      vertex  0.500000000000020  0.650006020210830  0.553744130294435
    endloop
  endfacet
  facet normal  0.253229497604668  0.675346423633795  0.692662998598835
    outer loop
      vertex  0.700000000000000  0.625007525399452  0.505000000000000
      vertex  0.500000000000020  0.650006020210830  0.553744130294435
      vertex  0.500000000000020  0.625007525399452  0.578117662735527
    endloop
  endfacet
  facet normal  0.120958294657896 -0.000000000000000  0.992657589984307
    outer loop
      vertex  0.700000000000000  0.650006020210830  0.505000000000000
      vertex  0.700000000000000  0.675004515022209  0.505000000000000
      vertex  0.500000000000020  0.675004515022209  0.529370597853344
    endloop
  endfacet
  facet normal  0.171906234380840  0.687707740435035  0.705341272241131
    outer loop
      vertex  0.700000000000000  0.650006020210830  0.505000000000000
      vertex  0.500000000000020  0.675004515022209  0.529370597853344
      vertex  0.500000000000020  0.650006020210830  0.553744130294435
    endloop
  endfacet
  facet normal  0.000000000000000  0.000000000000000  1.000000000000000
    outer loop
      vertex  0.700000000000000  0.675004515022209  0.505000000000000
      vertex  0.700000000000000  0.700000000000000  0.505000000000000
      vertex  0.499999999999980  0.700000000000000  0.505000000000000
    endloop
  endfacet
  facet normal  0.086916580104992  0.695458241216050  0.713290503811407
    outer loop
      vertex  0.700000000000000  0.675004515022209  0.505000000000000
      vertex  0.499999999999980  0.700000000000000  0.505000000000000
      vertex  0.500000000000020  0.675004515022209  0.529370597853344
    endloop
  endfacet
  facet normal -0.000000000000000 -1.000000000000000 -0.000000000000000
    outer loop
      vertex  0.700000000000000  0.499999999999980  0.500000000000000
      vertex  0.499999999999980  0.499999999999980  0.699999999999961
      vertex  0.499999999999980  0.499999999999980  0.500000000000000
    endloop
  endfacet
  facet normal -0.000000000000000 -1.000000000000000  0.000000000000000
    outer loop
      vertex  0.700000000000000  0.499999999999980  0.500000000000000
      vertex  0.700000000000000  0.499999999999980  0.505000000000000
      vertex  0.499999999999980  0.499999999999980  0.699999999999961
    endloop
  endfacet
  facet normal -0.000000000000000  1.000000000000000 -0.000000000000000
    outer loop
      vertex  0.700000000000000  0.700000000000000  0.500000000000000
      vertex  0.499999999999980  0.700000000000000  0.505000000000000
      vertex  0.700000000000000  0.700000000000000  0.505000000000000
    endloop
  endfacet
  facet normal -0.000000000000000  1.000000000000000 -0.000000000000000
    outer loop
      vertex  0.700000000000000  0.700000000000000  0.500000000000000
      vertex  0.499999999999980  0.700000000000000  0.500000000000000
      vertex  0.499999999999980  0.700000000000000  0.505000000000000
    endloop
  endfacet
  facet normal -1.000000000000000 -0.000000000000000 -0.000000000000000
    outer loop
      vertex  0.499999999999980  0.700000000000000  0.500000000000000
      vertex  0.499999999999980  0.499999999999980  0.699999999999961
      vertex  0.499999999999980  0.700000000000000  0.505000000000000
    endloop
  endfacet
  facet normal -1.000000000000000  0.000000000000000 -0.000000000000000
    outer loop
      vertex  0.499999999999980  0.700000000000000  0.500000000000000
      vertex  0.499999999999980  0.499999999999980  0.500000000000000
      vertex  0.499999999999980  0.499999999999980  0.699999999999961
    endloop
  endfacet
  facet normal  1.000000000000000  0.000000000000000  0.000000000000000
    outer loop
      vertex  0.700000000000000  0.700000000000000  0.500000000000000
      vertex  0.700000000000000  0.700000000000000  0.505000000000000
      vertex  0.700000000000000  0.675004515022209  0.505000000000000
    endloop
  endfacet
  facet normal  1.000000000000000 -0.000000000000000 -0.000000000000000
    outer loop
      vertex  0.700000000000000  0.700000000000000  0.500000000000000
      vertex  0.700000000000000  0.675004515022209  0.505000000000000
      vertex  0.700000000000000  0.650006020210830  0.505000000000000
    endloop
  endfacet
  facet normal  1.000000000000000  0.000000000000000  0.000000000000000
    outer loop
      vertex  0.700000000000000  0.700000000000000  0.500000000000000
      vertex  0.700000000000000  0.650006020210830  0.505000000000000
      vertex  0.700000000000000  0.625007525399452  0.505000000000000
    endloop
  endfacet
  facet normal  1.000000000000000 -0.000000000000000  0.000000000000000
    outer loop
      vertex  0.700000000000000  0.700000000000000  0.500000000000000
      vertex  0.700000000000000  0.625007525399452  0.505000000000000
      vertex  0.700000000000000  0.600006020392056  0.505000000000000
    endloop
  endfacet
  facet normal  1.000000000000000 -0.000000000000000 -0.000000000000000
    outer loop
      vertex  0.700000000000000  0.700000000000000  0.500000000000000
      vertex  0.700000000000000  0.600006020392056  0.505000000000000
      vertex  0.700000000000000  0.575007525580677  0.505000000000000
    endloop
  endfacet
  facet normal  1.000000000000000  0.000000000000000  0.000000000000000
    outer loop
      vertex  0.700000000000000  0.700000000000000  0.500000000000000
      vertex  0.700000000000000  0.575007525580677  0.505000000000000
      vertex  0.700000000000000  0.550006020573282  0.505000000000000
    endloop
  endfacet
  facet normal  1.000000000000000  0.000000000000000  0.000000000000000
    outer loop
      vertex  0.700000000000000  0.700000000000000  0.500000000000000
      vertex  0.700000000000000  0.550006020573282  0.505000000000000
      vertex  0.700000000000000  0.525004515565886  0.505000000000000
    endloop
  endfacet
  facet normal  1.000000000000000 -0.000000000000000 -0.000000000000000
    outer loop
      vertex  0.700000000000000  0.700000000000000  0.500000000000000
      vertex  0.700000000000000  0.499999999999980  0.505000000000000
      vertex  0.700000000000000  0.499999999999980  0.500000000000000
    endloop
  endfacet
  facet normal  1.000000000000000  0.000000000000000  0.000000000000000
    outer loop
      vertex  0.700000000000000  0.700000000000000  0.500000000000000
      vertex  0.700000000000000  0.525004515565886  0.505000000000000
      vertex  0.700000000000000  0.499999999999980  0.505000000000000
    endloop
  endfacet
  facet normal -0.599984586998340  0.000000000000000 -0.800011559519256
    outer loop
      vertex  0.000000000000000  0.099999999999990  0.100000000000000
      vertex  0.099999999999990  0.074996989713359  0.025003010286648
      vertex  0.000000000000000  0.074996989713359  0.100000000000000
    endloop
  endfacet
  facet normal -0.577350269189607 -0.577350269189607 -0.577350269189664
    outer loop
      vertex  0.000000000000000  0.099999999999990  0.100000000000000
      vertex  0.099999999999990  0.099999999999990  0.000000000000020
      vertex  0.099999999999990  0.074996989713359  0.025003010286648
    endloop
  endfacet
  facet normal -0.447192055901513  0.000000000000000 -0.894437960474945
    outer loop
      vertex  0.000000000000000  0.074996989713359  0.100000000000000
      vertex  0.099999999999990  0.049996989803972  0.050003010196033
      vertex  0.000000000000000  0.049996989803972  0.100000000000000
    endloop
  endfacet
  facet normal -0.468506608311620 -0.624700551451759 -0.624700551451821
    outer loop
      vertex  0.000000000000000  0.074996989713359  0.100000000000000
      vertex  0.099999999999990  0.074996989713359  0.025003010286648
      vertex  0.099999999999990  0.049996989803972  0.050003010196033
    endloop
  endfacet
  facet normal -0.242508140215470  0.000000000000000 -0.970149370936885
    outer loop
      vertex  0.000000000000000  0.049996989803972  0.100000000000000
      vertex  0.099999999999990  0.024996989894585  0.075003010105418
      vertex  0.000000000000000  0.024996989894585  0.100000000000000
    endloop
  endfacet
  facet normal -0.333315494955677 -0.666671126126805 -0.666671126126871
    outer loop
      vertex  0.000000000000000  0.049996989803972  0.100000000000000
      vertex  0.099999999999990  0.049996989803972  0.050003010196033
      vertex  0.099999999999990  0.024996989894585  0.075003010105418
    endloop
  endfacet
  facet normal -0.000000000000000  0.000000000000000 -1.000000000000000
    outer loop
      vertex  0.000000000000000  0.024996989894585  0.100000000000000
      vertex  0.099999999999990  0.000000000000000  0.100000000000000
      vertex  0.000000000000000  0.000000000000000  0.100000000000000
    endloop
  endfacet
  facet normal -0.174057331302614 -0.696313164251443 -0.696313164251513
    outer loop
      vertex  0.000000000000000  0.024996989894585  0.100000000000000
      vertex  0.099999999999990  0.024996989894585  0.075003010105418
      vertex  0.099999999999990  0.000000000000000  0.100000000000000
    endloop
  endfacet
  facet normal  0.649017862397587 -0.000000000000000  0.760773168749310
    outer loop
      vertex  0.300000000000000  0.499999999999980  0.495000000000000
      vertex  0.300000000000000  0.474995484434114  0.495000000000000
      vertex  0.499999999999980  0.474995484434114  0.324379402676756
    endloop
  endfacet
  facet normal  0.572416361722459  0.572416361722460  0.587093704330786
    outer loop
      vertex  0.300000000000000  0.499999999999980  0.495000000000000
      vertex  0.499999999999980  0.474995484434114  0.324379402676756
      vertex  0.499999999999980  0.499999999999980  0.300000000000039
    endloop
  endfacet
  facet normal  0.590254104643026 -0.000000000000000  0.807217499780610
    outer loop
      vertex  0.300000000000000  0.474995484434114  0.495000000000000
      vertex  0.300000000000000  0.449993979426718  0.495000000000000
      vertex  0.499999999999980  0.449993979426718  0.348755870058964
    endloop
  endfacet
  facet normal  0.521270271379347  0.595752825354249  0.611028538824932
    outer loop
      vertex  0.300000000000000  0.474995484434114  0.495000000000000
      vertex  0.499999999999980  0.449993979426718  0.348755870058964
      vertex  0.499999999999980  0.474995484434114  0.324379402676756
    endloop
  endfacet
  facet normal  0.520347326761222 -0.000000000000000  0.853954717495284
    outer loop
      vertex  0.300000000000000  0.449993979426718  0.495000000000000
      vertex  0.300000000000000  0.424992474419322  0.495000000000000
      vertex  0.499999999999980  0.424992474419322  0.373132337441173
    endloop
  endfacet
  facet normal  0.463829410273761  0.618464037085334  0.634322089318357
    outer loop
      vertex  0.300000000000000  0.449993979426718  0.495000000000000
      vertex  0.499999999999980  0.424992474419322  0.373132337441173
      vertex  0.499999999999980  0.449993979426718  0.348755870058964
    endloop
  endfacet
  facet normal  0.438180931134351 -0.000000000000001  0.898886795759196
    outer loop
      vertex  0.300000000000000  0.424992474419322  0.495000000000000
      vertex  0.300000000000000  0.399993979607944  0.495000000000000
      vertex  0.499999999999980  0.399993979607944  0.397505869882264
    endloop
  endfacet
  facet normal  0.399884922721516  0.639854398561546  0.656260921601652
    outer loop
      vertex  0.300000000000000  0.424992474419322  0.495000000000000
      vertex  0.499999999999980  0.399993979607944  0.397505869882264
      vertex  0.499999999999980  0.424992474419322  0.373132337441173
    endloop
  endfacet
  facet normal  0.343361728236524  0.000000000000001  0.939203238698860
    outer loop
      vertex  0.300000000000000  0.399993979607944  0.495000000000000
      vertex  0.300000000000000  0.374992474600548  0.495000000000000
      vertex  0.499999999999980  0.374992474600548  0.421882337264473
    endloop
  endfacet
  facet normal  0.329533630428796  0.659106941679486  0.676007119671334
    outer loop
      vertex  0.300000000000000  0.399993979607944  0.495000000000000
      vertex  0.499999999999980  0.374992474600548  0.421882337264473
      vertex  0.499999999999980  0.399993979607944  0.397505869882264
    endloop
  endfacet
  facet normal  0.236789475780870 -0.000000000000000  0.971560983242648
    outer loop
      vertex  0.300000000000000  0.374992474600548  0.495000000000000
      vertex  0.300000000000000  0.349993979789169  0.495000000000000
      vertex  0.499999999999980  0.349993979789169  0.446255869705565
    endloop
  endfacet
  facet normal  0.253229497604667  0.675346423633797  0.692662998598834
    outer loop
      vertex  0.300000000000000  0.374992474600548  0.495000000000000
      vertex  0.499999999999980  0.349993979789169  0.446255869705565
      vertex  0.499999999999980  0.374992474600548  0.421882337264473
    endloop
  endfacet
  facet normal  0.120958294657896 -0.000000000000002  0.992657589984308
    outer loop
      vertex  0.300000000000000  0.349993979789169  0.495000000000000
      vertex  0.300000000000000  0.324995484977791  0.495000000000000
      vertex  0.499999999999980  0.324995484977791  0.470629402146656
    endloop
  endfacet
  facet normal  0.171906234380840  0.687707740435035  0.705341272241132
    outer loop
      vertex  0.300000000000000  0.349993979789169  0.495000000000000
      vertex  0.499999999999980  0.324995484977791  0.470629402146656
      vertex  0.499999999999980  0.349993979789169  0.446255869705565
    endloop
  endfacet
  facet normal -0.000000000000000  0.000000000000002  1.000000000000000
    outer loop
      vertex  0.300000000000000  0.324995484977791  0.495000000000000
      vertex  0.300000000000000  0.300000000000000  0.495000000000000
      vertex  0.499999999999980  0.300000000000000  0.495000000000000
    endloop
  endfacet
  facet normal  0.086916580104992  0.695458241216051  0.713290503811406
    outer loop
      vertex  0.300000000000000  0.324995484977791  0.495000000000000
      vertex  0.499999999999980  0.300000000000000  0.495000000000000
      vertex  0.499999999999980  0.324995484977791  0.470629402146656
    endloop
  endfacet
  facet normal -0.385782246266038  0.837011187815603 -0.388051968088611
    outer loop
      vertex  0.000000000000000  0.099999999999990  0.100000000000000
      vertex  0.064815533258966  0.155128778514236  0.154473947078721
      vertex  0.155128778514227  0.155128778514236  0.064688945359070
    endloop
  endfacet
  facet normal -0.385651258830272  0.838180298697871 -0.385651258830272
    outer loop
      vertex  0.000000000000000  0.099999999999990  0.100000000000000
      vertex  0.155128778514227  0.155128778514236  0.064688945359070
      vertex  0.099999999999990  0.099999999999990  0.000000000000020
    endloop
  endfacet
  facet normal -0.428936338856280  0.791035471544393 -0.436206946261875
    outer loop
      vertex  0.064815533258966  0.155128778514236  0.154473947078721
      vertex  0.165575041172783  0.275078743860687  0.272916038413585
      vertex  0.275078743860676  0.275078743860687  0.165237520855194
    endloop
  endfacet
  facet normal -0.429967894227030  0.792510854188667 -0.432497579099724
    outer loop
      vertex  0.064815533258966  0.155128778514236  0.154473947078721
      vertex  0.275078743860676  0.275078743860687  0.165237520855194
      vertex  0.155128778514227  0.155128778514236  0.064688945359070
    endloop
  endfacet
  facet normal -0.448004034224090  0.767414937497372 -0.458657496422816
    outer loop
      vertex  0.165575041172783  0.275078743860687  0.272916038413585
      vertex  0.258548033181367  0.407491154637493  0.403651907584142
      vertex  0.407491154637478  0.407491154637493  0.258168360923098
    endloop
  endfacet
  facet normal -0.448514320225200  0.768630201701894 -0.456116780643545
    outer loop
      vertex  0.165575041172783  0.275078743860687  0.272916038413585
      vertex  0.407491154637478  0.407491154637493  0.258168360923098
      vertex  0.275078743860676  0.275078743860687  0.165237520855194
    endloop
  endfacet
  facet normal -0.488762605092288  0.714012926570275 -0.501294979581834
    outer loop
      vertex  0.258548033181367  0.407491154637493  0.403651907584142
      vertex  0.300000000000000  0.499999999999980  0.495000000000000
      vertex  0.499999999999980  0.499999999999980  0.300000000000039
    endloop
  endfacet
  facet normal -0.488629385645887  0.714837288836464 -0.500248912015065
    outer loop
      vertex  0.258548033181367  0.407491154637493  0.403651907584142
      vertex  0.499999999999980  0.499999999999980  0.300000000000039
      vertex  0.407491154637478  0.407491154637493  0.258168360923098
    endloop
  endfacet
  facet normal -0.000000000000000 -0.643392186388131  0.765536736214991
    outer loop
      vertex  0.000000000000000  0.000000000000000  0.100000000000000
      vertex  0.155128778514227  0.064815533258966  0.154473947078721
      vertex  0.064815533258966  0.064815533258966  0.154473947078721
    endloop
  endfacet
  facet normal -0.000000000000000 -0.643392186388131  0.765536736214991
    outer loop
      vertex  0.000000000000000  0.000000000000000  0.100000000000000
      vertex  0.099999999999990  0.000000000000000  0.100000000000000
      vertex  0.155128778514227  0.064815533258966  0.154473947078721
    endloop
  endfacet
  facet normal -0.000000000000000 -0.761673545385241  0.647960963531197
    outer loop
      vertex  0.064815533258966  0.064815533258966  0.154473947078721
      vertex  0.275078743860676  0.165575041172783  0.272916038413585
      vertex  0.165575041172783  0.165575041172783  0.272916038413585
    endloop
  endfacet
  facet normal -0.000000000000000 -0.761673545385241  0.647960963531197
    outer loop
      vertex  0.064815533258966  0.064815533258966  0.154473947078721
      vertex  0.155128778514227  0.064815533258966  0.154473947078721
      vertex  0.275078743860676  0.165575041172783  0.272916038413585
    endloop
  endfacet
  facet normal -0.000000000000000 -0.814939830603190  0.579545574132393
    outer loop
      vertex  0.165575041172783  0.165575041172783  0.272916038413585
      vertex  0.407491154637478  0.258548033181367  0.403651907584142
      vertex  0.258548033181367  0.258548033181367  0.403651907584142
    endloop
  endfacet
  facet normal -0.000000000000000 -0.814939830603190  0.579545574132392
    outer loop
      vertex  0.165575041172783  0.165575041172783  0.272916038413585
      vertex  0.275078743860676  0.165575041172783  0.272916038413585
      vertex  0.407491154637478  0.258548033181367  0.403651907584142
    endloop
  endfacet
  facet normal -0.000000000000000 -0.910628769179349  0.413225416380581
    outer loop
      vertex  0.258548033181367  0.258548033181367  0.403651907584142
      vertex  0.499999999999980  0.300000000000000  0.495000000000000
      vertex  0.300000000000000  0.300000000000000  0.495000000000000
    endloop
  endfacet
  facet normal -0.000000000000000 -0.910628769179349  0.413225416380581
    outer loop
      vertex  0.258548033181367  0.258548033181367  0.403651907584142
      vertex  0.407491154637478  0.258548033181367  0.403651907584142
      vertex  0.499999999999980  0.300000000000000  0.495000000000000
    endloop
  endfacet
  facet normal  0.837011187815603 -0.385782246266038 -0.388051968088611
    outer loop
      vertex  0.099999999999990  0.000000000000000  0.100000000000000
      vertex  0.155128778514227  0.155128778514236  0.064688945359070
      vertex  0.155128778514227  0.064815533258966  0.154473947078721
    endloop
  endfacet
  facet normal  0.838180298697762 -0.385651258830284 -0.385651258830498
    outer loop
      vertex  0.155128778514227  0.155128778514236  0.064688945359070
      vertex  0.099999999999990  0.000000000000000  0.100000000000000
      vertex  0.099999999999990  0.024996989894585  0.075003010105418
    endloop
  endfacet
  facet normal  0.838180298697828 -0.385651258830300 -0.385651258830338
    outer loop
      vertex  0.155128778514227  0.155128778514236  0.064688945359070
      vertex  0.099999999999990  0.024996989894585  0.075003010105418
      vertex  0.099999999999990  0.049996989803972  0.050003010196033
    endloop
  endfacet
  facet normal  0.838180298697828 -0.385651258830300 -0.385651258830338
    outer loop
      vertex  0.155128778514227  0.155128778514236  0.064688945359070
      vertex  0.099999999999990  0.049996989803972  0.050003010196033
      vertex  0.099999999999990  0.074996989713359  0.025003010286648
    endloop
  endfacet
  facet normal  0.838180298697864 -0.385651258830425 -0.385651258830135
    outer loop
      vertex  0.155128778514227  0.155128778514236  0.064688945359070
      vertex  0.099999999999990  0.074996989713359  0.025003010286648
      vertex  0.099999999999990  0.099999999999990  0.000000000000020
    endloop
  endfacet
  facet normal  0.791035471544393 -0.428936338856280 -0.436206946261875
    outer loop
      vertex  0.155128778514227  0.064815533258966  0.154473947078721
      vertex  0.275078743860676  0.275078743860687  0.165237520855194
      vertex  0.275078743860676  0.165575041172783  0.272916038413585
    endloop
  endfacet
  facet normal  0.792510854188667 -0.429967894227030 -0.432497579099724
    outer loop
      vertex  0.155128778514227  0.064815533258966  0.154473947078721
      vertex  0.155128778514227  0.155128778514236  0.064688945359070
      vertex  0.275078743860676  0.275078743860687  0.165237520855194
    endloop
  endfacet
  facet normal  0.767414937497372 -0.448004034224090 -0.458657496422816
    outer loop
      vertex  0.275078743860676  0.165575041172783  0.272916038413585
      vertex  0.407491154637478  0.407491154637493  0.258168360923098
      vertex  0.407491154637478  0.258548033181367  0.403651907584142
    endloop
  endfacet
  facet normal  0.768630201701894 -0.448514320225200 -0.456116780643545
    outer loop
      vertex  0.275078743860676  0.165575041172783  0.272916038413585
      vertex  0.275078743860676  0.275078743860687  0.165237520855194
      vertex  0.407491154637478  0.407491154637493  0.258168360923098
    endloop
  endfacet
  facet normal  0.714012926570275 -0.488762605092288 -0.501294979581834
    outer loop
      vertex  0.407491154637478  0.258548033181367  0.403651907584142
      vertex  0.499999999999980  0.499999999999980  0.300000000000039
      vertex  0.499999999999980  0.300000000000000  0.495000000000000
    endloop
  endfacet
  facet normal  0.714837288836464 -0.488629385645887 -0.500248912015065
    outer loop
      vertex  0.407491154637478  0.258548033181367  0.403651907584142
      vertex  0.407491154637478  0.407491154637493  0.258168360923098
      vertex  0.499999999999980  0.499999999999980  0.300000000000039
    endloop
  endfacet
  facet normal -0.643392186388264  0.000000000000267  0.765536736214879
    outer loop
      vertex  0.064815533258966  0.155128778514236  0.154473947078721
      vertex  0.000000000000000  0.099999999999990  0.100000000000000
      vertex  0.000000000000000  0.074996989713359  0.100000000000000
    endloop
  endfacet
  facet normal -0.643392186388070 -0.000000000000000  0.765536736215042
    outer loop
      vertex  0.064815533258966  0.155128778514236  0.154473947078721
      vertex  0.000000000000000  0.074996989713359  0.100000000000000
      vertex  0.000000000000000  0.049996989803972  0.100000000000000
    endloop
  endfacet
  facet normal -0.643392186388070 -0.000000000000000  0.765536736215042
    outer loop
      vertex  0.064815533258966  0.155128778514236  0.154473947078721
      vertex  0.000000000000000  0.049996989803972  0.100000000000000
      vertex  0.000000000000000  0.024996989894585  0.100000000000000
    endloop
  endfacet
  facet normal -0.643392186388131 -0.000000000000000  0.765536736214991
    outer loop
      vertex  0.064815533258966  0.155128778514236  0.154473947078721
      vertex  0.000000000000000  0.000000000000000  0.100000000000000
      vertex  0.064815533258966  0.064815533258966  0.154473947078721
    endloop
  endfacet
  facet normal -0.643392186387756 -0.000000000000268  0.765536736215306
    outer loop
      vertex  0.064815533258966  0.155128778514236  0.154473947078721
      vertex  0.000000000000000  0.024996989894585  0.100000000000000
      vertex  0.000000000000000  0.000000000000000  0.100000000000000
    endloop
  endfacet
  facet normal -0.761673545385241 -0.000000000000000  0.647960963531197
    outer loop
      vertex  0.064815533258966  0.064815533258966  0.154473947078721
      vertex  0.165575041172783  0.275078743860687  0.272916038413585
      vertex  0.064815533258966  0.155128778514236  0.154473947078721
    endloop
  endfacet
  facet normal -0.761673545385241 -0.000000000000000  0.647960963531197
    outer loop
      vertex  0.064815533258966  0.064815533258966  0.154473947078721
      vertex  0.165575041172783  0.165575041172783  0.272916038413585
      vertex  0.165575041172783  0.275078743860687  0.272916038413585
    endloop
  endfacet
  facet normal -0.814939830603190 -0.000000000000000  0.579545574132392
    outer loop
      vertex  0.165575041172783  0.165575041172783  0.272916038413585
      vertex  0.258548033181367  0.407491154637493  0.403651907584142
      vertex  0.165575041172783  0.275078743860687  0.272916038413585
    endloop
  endfacet
  facet normal -0.814939830603190 -0.000000000000000  0.579545574132393
    outer loop
      vertex  0.165575041172783  0.165575041172783  0.272916038413585
      vertex  0.258548033181367  0.258548033181367  0.403651907584142
      vertex  0.258548033181367  0.407491154637493  0.403651907584142
    endloop
  endfacet
  facet normal -0.910628769179349  0.000000000000001  0.413225416380581
    outer loop
      vertex  0.258548033181367  0.258548033181367  0.403651907584142
      vertex  0.300000000000000  0.300000000000000  0.495000000000000
      vertex  0.300000000000000  0.324995484977791  0.495000000000000
    endloop
  endfacet
  facet normal -0.910628769179348 -0.000000000000001  0.413225416380582
    outer loop
      vertex  0.258548033181367  0.258548033181367  0.403651907584142
      vertex  0.300000000000000  0.324995484977791  0.495000000000000
      vertex  0.300000000000000  0.349993979789169  0.495000000000000
    endloop
  endfacet
  facet normal -0.910628769179349 -0.000000000000000  0.413225416380581
    outer loop
      vertex  0.258548033181367  0.258548033181367  0.403651907584142
      vertex  0.300000000000000  0.349993979789169  0.495000000000000
      vertex  0.300000000000000  0.374992474600548  0.495000000000000
    endloop
  endfacet
  facet normal -0.910628769179348 -0.000000000000002  0.413225416380583
    outer loop
      vertex  0.258548033181367  0.258548033181367  0.403651907584142
      vertex  0.300000000000000  0.374992474600548  0.495000000000000
      vertex  0.300000000000000  0.399993979607944  0.495000000000000
    endloop
  endfacet
  facet normal -0.910628769179350  0.000000000000002  0.413225416380578
    outer loop
      vertex  0.258548033181367  0.258548033181367  0.403651907584142
      vertex  0.300000000000000  0.399993979607944  0.495000000000000
      vertex  0.300000000000000  0.424992474419322  0.495000000000000
    endloop
  endfacet
  facet normal -0.910628769179349 -0.000000000000000  0.413225416380581
    outer loop
      vertex  0.258548033181367  0.258548033181367  0.403651907584142
      vertex  0.300000000000000  0.424992474419322  0.495000000000000
      vertex  0.300000000000000  0.449993979426718  0.495000000000000
    endloop
  endfacet
  facet normal -0.910628769179349 -0.000000000000000  0.413225416380581
    outer loop
      vertex  0.258548033181367  0.258548033181367  0.403651907584142
      vertex  0.300000000000000  0.449993979426718  0.495000000000000
      vertex  0.300000000000000  0.474995484434114  0.495000000000000
    endloop
  endfacet
  facet normal -0.910628769179349 -0.000000000000000  0.413225416380581
    outer loop
      vertex  0.258548033181367  0.258548033181367  0.403651907584142
      vertex  0.300000000000000  0.499999999999980  0.495000000000000
      vertex  0.258548033181367  0.407491154637493  0.403651907584142
    endloop
  endfacet
  facet normal -0.910628769179349 -0.000000000000000  0.413225416380581
    outer loop
      vertex  0.258548033181367  0.258548033181367  0.403651907584142
      vertex  0.300000000000000  0.474995484434114  0.495000000000000
      vertex  0.300000000000000  0.499999999999980  0.495000000000000
    endloop
  endfacet
  facet normal  0.408231904538857 -0.408231904538857 -0.816512966359479
    outer loop
      vertex  0.950003010196028  0.099999999999990  0.050003010196033
      vertex  0.950003010196028  0.049996989803972  0.075003010105415
      vertex  0.900000000000010  0.049996989803972  0.050003010196033
    endloop
  endfacet
  facet normal  0.577350269189607 -0.577350269189607 -0.577350269189663
    outer loop
      vertex  0.950003010196028  0.099999999999990  0.050003010196033
      vertex  0.900000000000010  0.049996989803972  0.050003010196033
      vertex  0.900000000000010  0.099999999999990  0.000000000000020
    endloop
  endfacet
  facet normal -0.000000000000000 -0.447192055901513 -0.894437960474945
    outer loop
      vertex  0.950003010196028  0.049996989803972  0.075003010105415
      vertex  0.950003010196028  0.000000000000000  0.100000000000000
      vertex  0.900000000000010  0.000000000000000  0.100000000000000
    endloop
  endfacet
  facet normal  0.333315494955677 -0.666671126126804 -0.666671126126872
    outer loop
      vertex  0.950003010196028  0.049996989803972  0.075003010105415
      vertex  0.900000000000010  0.000000000000000  0.100000000000000
      vertex  0.900000000000010  0.049996989803972  0.050003010196033
    endloop
  endfacet
  facet normal  0.447192055901512 -0.000000000000000 -0.894437960474945
    outer loop
      vertex  1.000000000000000  0.099999999999990  0.100000000000000
      vertex  1.000000000000000  0.049996989803972  0.100000000000000
      vertex  0.950003010196028  0.049996989803972  0.075003010105415
    endloop
  endfacet
  facet normal  0.666671126126804 -0.333315494955677 -0.666671126126872
    outer loop
      vertex  1.000000000000000  0.099999999999990  0.100000000000000
      vertex  0.950003010196028  0.049996989803972  0.075003010105415
      vertex  0.950003010196028  0.099999999999990  0.050003010196033
    endloop
  endfacet
  facet normal -0.000000000000000  0.000000000000000 -1.000000000000000
    outer loop
      vertex  1.000000000000000  0.049996989803972  0.100000000000000
      vertex  1.000000000000000  0.000000000000000  0.100000000000000
      vertex  0.950003010196028  0.000000000000000  0.100000000000000
    endloop
  endfacet
  facet normal  0.408231904538856 -0.408231904538857 -0.816512966359479
    outer loop
      vertex  1.000000000000000  0.049996989803972  0.100000000000000
      vertex  0.950003010196028  0.000000000000000  0.100000000000000
      vertex  0.950003010196028  0.049996989803972  0.075003010105415
    endloop
  endfacet
  facet normal -0.649017862397587 -0.000000000000000  0.760773168749310
    outer loop
      vertex  0.700000000000000  0.499999999999980  0.495000000000000
      vertex  0.499999999999980  0.474995484434114  0.324379402676756
      vertex  0.700000000000000  0.474995484434114  0.495000000000000
    endloop
  endfacet
  facet normal -0.572416361722460  0.572416361722460  0.587093704330786
    outer loop
      vertex  0.700000000000000  0.499999999999980  0.495000000000000
      vertex  0.499999999999980  0.499999999999980  0.300000000000039
      vertex  0.499999999999980  0.474995484434114  0.324379402676756
    endloop
  endfacet
  facet normal -0.590254104643027 -0.000000000000000  0.807217499780610
    outer loop
      vertex  0.700000000000000  0.474995484434114  0.495000000000000
      vertex  0.499999999999980  0.449993979426718  0.348755870058964
      vertex  0.700000000000000  0.449993979426718  0.495000000000000
    endloop
  endfacet
  facet normal -0.521270271379347  0.595752825354249  0.611028538824932
    outer loop
      vertex  0.700000000000000  0.474995484434114  0.495000000000000
      vertex  0.499999999999980  0.474995484434114  0.324379402676756
      vertex  0.499999999999980  0.449993979426718  0.348755870058964
    endloop
  endfacet
  facet normal -0.520347326761222 -0.000000000000000  0.853954717495284
    outer loop
      vertex  0.700000000000000  0.449993979426718  0.495000000000000
      vertex  0.499999999999980  0.424992474419322  0.373132337441173
      vertex  0.700000000000000  0.424992474419322  0.495000000000000
    endloop
  endfacet
  facet normal -0.463829410273761  0.618464037085334  0.634322089318357
    outer loop
      vertex  0.700000000000000  0.449993979426718  0.495000000000000
      vertex  0.499999999999980  0.449993979426718  0.348755870058964
      vertex  0.499999999999980  0.424992474419322  0.373132337441173
    endloop
  endfacet
  facet normal -0.438180931134351 -0.000000000000000  0.898886795759195
    outer loop
      vertex  0.700000000000000  0.424992474419322  0.495000000000000
      vertex  0.499999999999980  0.399993979607944  0.397505869882264
      vertex  0.700000000000000  0.399993979607944  0.495000000000000
    endloop
  endfacet
  facet normal -0.399884922721516  0.639854398561546  0.656260921601652
    outer loop
      vertex  0.700000000000000  0.424992474419322  0.495000000000000
      vertex  0.499999999999980  0.424992474419322  0.373132337441173
      vertex  0.499999999999980  0.399993979607944  0.397505869882264
    endloop
  endfacet
  facet normal -0.343361728236524 -0.000000000000000  0.939203238698860
    outer loop
      vertex  0.700000000000000  0.399993979607944  0.495000000000000
      vertex  0.499999999999980  0.374992474600548  0.421882337264473
      vertex  0.700000000000000  0.374992474600548  0.495000000000000
    endloop
  endfacet
  facet normal -0.329533630428796  0.659106941679486  0.676007119671333
    outer loop
      vertex  0.700000000000000  0.399993979607944  0.495000000000000
      vertex  0.499999999999980  0.399993979607944  0.397505869882264
      vertex  0.499999999999980  0.374992474600548  0.421882337264473
    endloop
  endfacet
  facet normal -0.236789475780871 -0.000000000000000  0.971560983242648
    outer loop
      vertex  0.700000000000000  0.374992474600548  0.495000000000000
      vertex  0.499999999999980  0.349993979789169  0.446255869705565
      vertex  0.700000000000000  0.349993979789169  0.495000000000000
    endloop
  endfacet
  facet normal -0.253229497604668  0.675346423633797  0.692662998598834
    outer loop
      vertex  0.700000000000000  0.374992474600548  0.495000000000000
      vertex  0.499999999999980  0.374992474600548  0.421882337264473
      vertex  0.499999999999980  0.349993979789169  0.446255869705565
    endloop
  endfacet
  facet normal -0.120958294657896 -0.000000000000002  0.992657589984307
    outer loop
      vertex  0.700000000000000  0.349993979789169  0.495000000000000
      vertex  0.499999999999980  0.324995484977791  0.470629402146656
      vertex  0.700000000000000  0.324995484977791  0.495000000000000
    endloop
  endfacet
  facet normal -0.171906234380840  0.687707740435035  0.705341272241132
    outer loop
      vertex  0.700000000000000  0.349993979789169  0.495000000000000
      vertex  0.499999999999980  0.349993979789169  0.446255869705565
      vertex  0.499999999999980  0.324995484977791  0.470629402146656
    endloop
  endfacet
  facet normal -0.000000000000000  0.000000000000002  1.000000000000000
    outer loop
      vertex  0.700000000000000  0.324995484977791  0.495000000000000
      vertex  0.499999999999980  0.300000000000000  0.495000000000000
      vertex  0.700000000000000  0.300000000000000  0.495000000000000
    endloop
  endfacet
  facet normal -0.086916580104992  0.695458241216051  0.713290503811406
    outer loop
      vertex  0.700000000000000  0.324995484977791  0.495000000000000
      vertex  0.499999999999980  0.324995484977791  0.470629402146656
      vertex  0.499999999999980  0.300000000000000  0.495000000000000
    endloop
  endfacet
  facet normal  0.385782246266037  0.837011187815603 -0.388051968088611
    outer loop
      vertex  1.000000000000000  0.099999999999990  0.100000000000000
      vertex  0.844871221485773  0.155128778514236  0.064688945359070
      vertex  0.935184466741034  0.155128778514236  0.154473947078721
    endloop
  endfacet
  facet normal  0.385651258830279  0.838180298697806 -0.385651258830406
    outer loop
      vertex  0.844871221485773  0.155128778514236  0.064688945359070
      vertex  1.000000000000000  0.099999999999990  0.100000000000000
      vertex  0.950003010196028  0.099999999999990  0.050003010196033
    endloop
  endfacet
  facet normal  0.385651258830339  0.838180298697868 -0.385651258830212
    outer loop
      vertex  0.844871221485773  0.155128778514236  0.064688945359070
      vertex  0.950003010196028  0.099999999999990  0.050003010196033
      vertex  0.900000000000010  0.099999999999990  0.000000000000020
    endloop
  endfacet
  facet normal  0.428936338856280  0.791035471544393 -0.436206946261875
    outer loop
      vertex  0.935184466741034  0.155128778514236  0.154473947078721
      vertex  0.724921256139323  0.275078743860687  0.165237520855194
      vertex  0.834424958827217  0.275078743860687  0.272916038413585
    endloop
  endfacet
  facet normal  0.429967894227030  0.792510854188668 -0.432497579099724
    outer loop
      vertex  0.935184466741034  0.155128778514236  0.154473947078721
      vertex  0.844871221485773  0.155128778514236  0.064688945359070
      vertex  0.724921256139323  0.275078743860687  0.165237520855194
    endloop
  endfacet
  facet normal  0.448004034224090  0.767414937497371 -0.458657496422816
    outer loop
      vertex  0.834424958827217  0.275078743860687  0.272916038413585
      vertex  0.592508845362522  0.407491154637493  0.258168360923098
      vertex  0.741451966818633  0.407491154637493  0.403651907584142
    endloop
  endfacet
  facet normal  0.448514320225200  0.768630201701894 -0.456116780643546
    outer loop
      vertex  0.834424958827217  0.275078743860687  0.272916038413585
      vertex  0.724921256139323  0.275078743860687  0.165237520855194
      vertex  0.592508845362522  0.407491154637493  0.258168360923098
    endloop
  endfacet
  facet normal  0.488762605092287  0.714012926570276 -0.501294979581833
    outer loop
      vertex  0.741451966818633  0.407491154637493  0.403651907584142
      vertex  0.499999999999980  0.499999999999980  0.300000000000039
      vertex  0.700000000000000  0.499999999999980  0.495000000000000
    endloop
  endfacet
  facet normal  0.488629385645887  0.714837288836464 -0.500248912015065
    outer loop
      vertex  0.741451966818633  0.407491154637493  0.403651907584142
      vertex  0.592508845362522  0.407491154637493  0.258168360923098
      vertex  0.499999999999980  0.499999999999980  0.300000000000039
    endloop
  endfacet
  facet normal -0.000000000000134 -0.643392186388198  0.765536736214935
    outer loop
      vertex  0.844871221485773  0.064815533258966  0.154473947078721
      vertex  0.900000000000010  0.000000000000000  0.100000000000000
      vertex  0.950003010196028  0.000000000000000  0.100000000000000
    endloop
  endfacet
  facet normal -0.000000000000000 -0.643392186388131  0.765536736214991
    outer loop
      vertex  0.844871221485773  0.064815533258966  0.154473947078721
      vertex  1.000000000000000  0.000000000000000  0.100000000000000
      vertex  0.935184466741034  0.064815533258966  0.154473947078721
    endloop
  endfacet
  facet normal  0.000000000000134 -0.643392186387943  0.765536736215149
    outer loop
      vertex  0.844871221485773  0.064815533258966  0.154473947078721
      vertex  0.950003010196028  0.000000000000000  0.100000000000000
      vertex  1.000000000000000  0.000000000000000  0.100000000000000
    endloop
  endfacet
  facet normal -0.000000000000000 -0.761673545385241  0.647960963531197
    outer loop
      vertex  0.935184466741034  0.064815533258966  0.154473947078721
      vertex  0.724921256139323  0.165575041172783  0.272916038413585
      vertex  0.844871221485773  0.064815533258966  0.154473947078721
    endloop
  endfacet
  facet normal -0.000000000000000 -0.761673545385241  0.647960963531197
    outer loop
      vertex  0.935184466741034  0.064815533258966  0.154473947078721
      vertex  0.834424958827217  0.165575041172783  0.272916038413585
      vertex  0.724921256139323  0.165575041172783  0.272916038413585
    endloop
  endfacet
  facet normal -0.000000000000000 -0.814939830603190  0.579545574132392
    outer loop
      vertex  0.834424958827217  0.165575041172783  0.272916038413585
      vertex  0.592508845362522  0.258548033181367  0.403651907584142
      vertex  0.724921256139323  0.165575041172783  0.272916038413585
    endloop
  endfacet
  facet normal -0.000000000000000 -0.814939830603190  0.579545574132392
    outer loop
      vertex  0.834424958827217  0.165575041172783  0.272916038413585
      vertex  0.741451966818633  0.258548033181367  0.403651907584142
      vertex  0.592508845362522  0.258548033181367  0.403651907584142
    endloop
  endfacet
  facet normal -0.000000000000000 -0.910628769179349  0.413225416380581
    outer loop
      vertex  0.741451966818633  0.258548033181367  0.403651907584142
      vertex  0.499999999999980  0.300000000000000  0.495000000000000
      vertex  0.592508845362522  0.258548033181367  0.403651907584142
    endloop
  endfacet
  facet normal -0.000000000000000 -0.910628769179349  0.413225416380581
    outer loop
      vertex  0.741451966818633  0.258548033181367  0.403651907584142
      vertex  0.700000000000000  0.300000000000000  0.495000000000000
      vertex  0.499999999999980  0.300000000000000  0.495000000000000
    endloop
  endfacet
  facet normal -0.837011187815602 -0.385782246266038 -0.388051968088611
    outer loop
      vertex  0.900000000000010  0.000000000000000  0.100000000000000
      vertex  0.844871221485773  0.064815533258966  0.154473947078721
      vertex  0.844871221485773  0.155128778514236  0.064688945359070
    endloop
  endfacet
  facet normal -0.838180298697868 -0.385651258830338 -0.385651258830214
    outer loop
      vertex  0.844871221485773  0.155128778514236  0.064688945359070
      vertex  0.900000000000010  0.099999999999990  0.000000000000020
      vertex  0.900000000000010  0.049996989803972  0.050003010196033
    endloop
  endfacet
  facet normal -0.838180298697808 -0.385651258830280 -0.385651258830403
    outer loop
      vertex  0.844871221485773  0.155128778514236  0.064688945359070
      vertex  0.900000000000010  0.049996989803972  0.050003010196033
      vertex  0.900000000000010  0.000000000000000  0.100000000000000
    endloop
  endfacet
  facet normal -0.791035471544393 -0.428936338856281 -0.436206946261875
    outer loop
      vertex  0.844871221485773  0.064815533258966  0.154473947078721
      vertex  0.724921256139323  0.165575041172783  0.272916038413585
      vertex  0.724921256139323  0.275078743860687  0.165237520855194
    endloop
  endfacet
  facet normal -0.792510854188667 -0.429967894227030 -0.432497579099724
    outer loop
      vertex  0.844871221485773  0.064815533258966  0.154473947078721
      vertex  0.724921256139323  0.275078743860687  0.165237520855194
      vertex  0.844871221485773  0.155128778514236  0.064688945359070
    endloop
  endfacet
  facet normal -0.767414937497373 -0.448004034224090 -0.458657496422815
    outer loop
      vertex  0.724921256139323  0.165575041172783  0.272916038413585
      vertex  0.592508845362522  0.258548033181367  0.403651907584142
      vertex  0.592508845362522  0.407491154637493  0.258168360923098
    endloop
  endfacet
  facet normal -0.768630201701895 -0.448514320225200 -0.456116780643544
    outer loop
      vertex  0.724921256139323  0.165575041172783  0.272916038413585
      vertex  0.592508845362522  0.407491154637493  0.258168360923098
      vertex  0.724921256139323  0.275078743860687  0.165237520855194
    endloop
  endfacet
  facet normal -0.714012926570275 -0.488762605092288 -0.501294979581834
    outer loop
      vertex  0.592508845362522  0.258548033181367  0.403651907584142
      vertex  0.499999999999980  0.300000000000000  0.495000000000000
      vertex  0.499999999999980  0.499999999999980  0.300000000000039
    endloop
  endfacet
  facet normal -0.714837288836464 -0.488629385645888 -0.500248912015065
    outer loop
      vertex  0.592508845362522  0.258548033181367  0.403651907584142
      vertex  0.499999999999980  0.499999999999980  0.300000000000039
      vertex  0.592508845362522  0.407491154637493  0.258168360923098
    endloop
  endfacet
  facet normal  0.643392186388053 -0.000000000000133  0.765536736215056
    outer loop
      vertex  0.935184466741034  0.064815533258966  0.154473947078721
      vertex  1.000000000000000  0.000000000000000  0.100000000000000
      vertex  1.000000000000000  0.049996989803972  0.100000000000000
    endloop
  endfacet
  facet normal  0.643392186388131  0.000000000000000  0.765536736214991
    outer loop
      vertex  0.935184466741034  0.064815533258966  0.154473947078721
      vertex  1.000000000000000  0.099999999999990  0.100000000000000
      vertex  0.935184466741034  0.155128778514236  0.154473947078721
    endloop
  endfacet
  facet normal  0.643392186388089  0.000000000000133  0.765536736215026
    outer loop
      vertex  0.935184466741034  0.064815533258966  0.154473947078721
      vertex  1.000000000000000  0.049996989803972  0.100000000000000
      vertex  1.000000000000000  0.099999999999990  0.100000000000000
    endloop
  endfacet
  facet normal  0.761673545385240  0.000000000000000  0.647960963531198
    outer loop
      vertex  0.935184466741034  0.064815533258966  0.154473947078721
      vertex  0.834424958827217  0.275078743860687  0.272916038413585
      vertex  0.834424958827217  0.165575041172783  0.272916038413585
    endloop
  endfacet
  facet normal  0.761673545385240 -0.000000000000000  0.647960963531198
    outer loop
      vertex  0.935184466741034  0.064815533258966  0.154473947078721
      vertex  0.935184466741034  0.155128778514236  0.154473947078721
      vertex  0.834424958827217  0.275078743860687  0.272916038413585
    endloop
  endfacet
  facet normal  0.814939830603191  0.000000000000000  0.579545574132391
    outer loop
      vertex  0.834424958827217  0.165575041172783  0.272916038413585
      vertex  0.741451966818633  0.407491154637493  0.403651907584142
      vertex  0.741451966818633  0.258548033181367  0.403651907584142
    endloop
  endfacet
  facet normal  0.814939830603191 -0.000000000000000  0.579545574132391
    outer loop
      vertex  0.834424958827217  0.165575041172783  0.272916038413585
      vertex  0.834424958827217  0.275078743860687  0.272916038413585
      vertex  0.741451966818633  0.407491154637493  0.403651907584142
    endloop
  endfacet
  facet normal  0.910628769179348  0.000000000000000  0.413225416380583
    outer loop
      vertex  0.741451966818633  0.407491154637493  0.403651907584142
      vertex  0.700000000000000  0.499999999999980  0.495000000000000
      vertex  0.700000000000000  0.474995484434114  0.495000000000000
    endloop
  endfacet
  facet normal  0.910628769179348  0.000000000000000  0.413225416380583
    outer loop
      vertex  0.741451966818633  0.407491154637493  0.403651907584142
      vertex  0.700000000000000  0.474995484434114  0.495000000000000
      vertex  0.700000000000000  0.449993979426718  0.495000000000000
    endloop
  endfacet
  facet normal  0.910628769179348  0.000000000000000  0.413225416380583
    outer loop
      vertex  0.741451966818633  0.407491154637493  0.403651907584142
      vertex  0.700000000000000  0.449993979426718  0.495000000000000
      vertex  0.700000000000000  0.424992474419322  0.495000000000000
    endloop
  endfacet
  facet normal  0.910628769179348  0.000000000000000  0.413225416380583
    outer loop
      vertex  0.741451966818633  0.407491154637493  0.403651907584142
      vertex  0.700000000000000  0.424992474419322  0.495000000000000
      vertex  0.700000000000000  0.399993979607944  0.495000000000000
    endloop
  endfacet
  facet normal  0.910628769179348 -0.000000000000000  0.413225416380583
    outer loop
      vertex  0.741451966818633  0.407491154637493  0.403651907584142
      vertex  0.700000000000000  0.399993979607944  0.495000000000000
      vertex  0.700000000000000  0.374992474600548  0.495000000000000
    endloop
  endfacet
  facet normal  0.910628769179348  0.000000000000000  0.413225416380583
    outer loop
      vertex  0.741451966818633  0.407491154637493  0.403651907584142
      vertex  0.700000000000000  0.374992474600548  0.495000000000000
      vertex  0.700000000000000  0.349993979789169  0.495000000000000
    endloop
  endfacet
  facet normal  0.910628769179348 -0.000000000000001  0.413225416380583
    outer loop
      vertex  0.741451966818633  0.407491154637493  0.403651907584142
      vertex  0.700000000000000  0.349993979789169  0.495000000000000
      vertex  0.700000000000000  0.324995484977791  0.495000000000000
    endloop
  endfacet
  facet normal  0.910628769179348 -0.000000000000000  0.413225416380583
    outer loop
      vertex  0.741451966818633  0.407491154637493  0.403651907584142
      vertex  0.700000000000000  0.300000000000000  0.495000000000000
      vertex  0.741451966818633  0.258548033181367  0.403651907584142
    endloop
  endfacet
  facet normal  0.910628769179347  0.000000000000001  0.413225416380584
    outer loop
      vertex  0.741451966818633  0.407491154637493  0.403651907584142
      vertex  0.700000000000000  0.324995484977791  0.495000000000000
      vertex  0.700000000000000  0.300000000000000  0.495000000000000
    endloop
  endfacet
  facet normal -0.599984586998340 -0.000000000000000 -0.800011559519256
    outer loop
      vertex  0.000000000000000  0.900000000000010  0.100000000000000
      vertex  0.000000000000000  0.925003010286641  0.100000000000000
      vertex  0.099999999999990  0.925003010286641  0.025003010286648
    endloop
  endfacet
  facet normal -0.577350269189607  0.577350269189606 -0.577350269189664
    outer loop
      vertex  0.000000000000000  0.900000000000010  0.100000000000000
      vertex  0.099999999999990  0.925003010286641  0.025003010286648
      vertex  0.099999999999990  0.900000000000010  0.000000000000020
    endloop
  endfacet
  facet normal -0.447192055901513 -0.000000000000000 -0.894437960474945
    outer loop
      vertex  0.000000000000000  0.925003010286641  0.100000000000000
      vertex  0.000000000000000  0.950003010196028  0.100000000000000
      vertex  0.099999999999990  0.950003010196028  0.050003010196033
    endloop
  endfacet
  facet normal -0.468506608311619  0.624700551451761 -0.624700551451820
    outer loop
      vertex  0.000000000000000  0.925003010286641  0.100000000000000
      vertex  0.099999999999990  0.950003010196028  0.050003010196033
      vertex  0.099999999999990  0.925003010286641  0.025003010286648
    endloop
  endfacet
  facet normal -0.242508140215470 -0.000000000000000 -0.970149370936885
    outer loop
      vertex  0.000000000000000  0.950003010196028  0.100000000000000
      vertex  0.000000000000000  0.975003010105415  0.100000000000000
      vertex  0.099999999999990  0.975003010105415  0.075003010105418
    endloop
  endfacet
  facet normal -0.333315494955677  0.666671126126803 -0.666671126126872
    outer loop
      vertex  0.000000000000000  0.950003010196028  0.100000000000000
      vertex  0.099999999999990  0.975003010105415  0.075003010105418
      vertex  0.099999999999990  0.950003010196028  0.050003010196033
    endloop
  endfacet
  facet normal  0.000000000000000 -0.000000000000000 -1.000000000000000
    outer loop
      vertex  0.000000000000000  0.975003010105415  0.100000000000000
      vertex  0.000000000000000  1.000000000000000  0.100000000000000
      vertex  0.099999999999990  1.000000000000000  0.100000000000000
    endloop
  endfacet
  facet normal -0.174057331302614  0.696313164251443 -0.696313164251514
    outer loop
      vertex  0.000000000000000  0.975003010105415  0.100000000000000
      vertex  0.099999999999990  1.000000000000000  0.100000000000000
      vertex  0.099999999999990  0.975003010105415  0.075003010105418
    endloop
  endfacet
  facet normal  0.649017862397587  0.000000000000000  0.760773168749310
    outer loop
      vertex  0.300000000000000  0.499999999999980  0.495000000000000
      vertex  0.499999999999980  0.525004515565886  0.324379402676756
      vertex  0.300000000000000  0.525004515565886  0.495000000000000
    endloop
  endfacet
  facet normal  0.572416361722460 -0.572416361722459  0.587093704330787
    outer loop
      vertex  0.300000000000000  0.499999999999980  0.495000000000000
      vertex  0.499999999999980  0.499999999999980  0.300000000000039
      vertex  0.499999999999980  0.525004515565886  0.324379402676756
    endloop
  endfacet
  facet normal  0.590254104643026  0.000000000000000  0.807217499780610
    outer loop
      vertex  0.300000000000000  0.525004515565886  0.495000000000000
      vertex  0.499999999999980  0.550006020573282  0.348755870058964
      vertex  0.300000000000000  0.550006020573282  0.495000000000000
    endloop
  endfacet
  facet normal  0.521270271379347 -0.595752825354250  0.611028538824932
    outer loop
      vertex  0.300000000000000  0.525004515565886  0.495000000000000
      vertex  0.499999999999980  0.525004515565886  0.324379402676756
      vertex  0.499999999999980  0.550006020573282  0.348755870058964
    endloop
  endfacet
  facet normal  0.520347326761222  0.000000000000000  0.853954717495284
    outer loop
      vertex  0.300000000000000  0.550006020573282  0.495000000000000
      vertex  0.499999999999980  0.575007525580677  0.373132337441173
      vertex  0.300000000000000  0.575007525580677  0.495000000000000
    endloop
  endfacet
  facet normal  0.463829410273761 -0.618464037085335  0.634322089318356
    outer loop
      vertex  0.300000000000000  0.550006020573282  0.495000000000000
      vertex  0.499999999999980  0.550006020573282  0.348755870058964
      vertex  0.499999999999980  0.575007525580677  0.373132337441173
    endloop
  endfacet
  facet normal  0.438180931134351  0.000000000000001  0.898886795759196
    outer loop
      vertex  0.300000000000000  0.575007525580677  0.495000000000000
      vertex  0.499999999999980  0.600006020392056  0.397505869882264
      vertex  0.300000000000000  0.600006020392056  0.495000000000000
    endloop
  endfacet
  facet normal  0.399884922721515 -0.639854398561547  0.656260921601651
    outer loop
      vertex  0.300000000000000  0.575007525580677  0.495000000000000
      vertex  0.499999999999980  0.575007525580677  0.373132337441173
      vertex  0.499999999999980  0.600006020392056  0.397505869882264
    endloop
  endfacet
  facet normal  0.343361728236524 -0.000000000000001  0.939203238698860
    outer loop
      vertex  0.300000000000000  0.600006020392056  0.495000000000000
      vertex  0.499999999999980  0.625007525399452  0.421882337264473
      vertex  0.300000000000000  0.625007525399452  0.495000000000000
    endloop
  endfacet
  facet normal  0.329533630428796 -0.659106941679486  0.676007119671334
    outer loop
      vertex  0.300000000000000  0.600006020392056  0.495000000000000
      vertex  0.499999999999980  0.600006020392056  0.397505869882264
      vertex  0.499999999999980  0.625007525399452  0.421882337264473
    endloop
  endfacet
  facet normal  0.236789475780870  0.000000000000000  0.971560983242648
    outer loop
      vertex  0.300000000000000  0.625007525399452  0.495000000000000
      vertex  0.499999999999980  0.650006020210830  0.446255869705565
      vertex  0.300000000000000  0.650006020210830  0.495000000000000
    endloop
  endfacet
  facet normal  0.253229497604667 -0.675346423633797  0.692662998598834
    outer loop
      vertex  0.300000000000000  0.625007525399452  0.495000000000000
      vertex  0.499999999999980  0.625007525399452  0.421882337264473
      vertex  0.499999999999980  0.650006020210830  0.446255869705565
    endloop
  endfacet
  facet normal  0.120958294657896  0.000000000000002  0.992657589984308
    outer loop
      vertex  0.300000000000000  0.650006020210830  0.495000000000000
      vertex  0.499999999999980  0.675004515022209  0.470629402146656
      vertex  0.300000000000000  0.675004515022209  0.495000000000000
    endloop
  endfacet
  facet normal  0.171906234380840 -0.687707740435035  0.705341272241132
    outer loop
      vertex  0.300000000000000  0.650006020210830  0.495000000000000
      vertex  0.499999999999980  0.650006020210830  0.446255869705565
      vertex  0.499999999999980  0.675004515022209  0.470629402146656
    endloop
  endfacet
  facet normal -0.000000000000000 -0.000000000000002  1.000000000000000
    outer loop
      vertex  0.300000000000000  0.675004515022209  0.495000000000000
      vertex  0.499999999999980  0.700000000000000  0.495000000000000
      vertex  0.300000000000000  0.700000000000000  0.495000000000000
    endloop
  endfacet
  facet normal  0.086916580104992 -0.695458241216051  0.713290503811406
    outer loop
      vertex  0.300000000000000  0.675004515022209  0.495000000000000
      vertex  0.499999999999980  0.675004515022209  0.470629402146656
      vertex  0.499999999999980  0.700000000000000  0.495000000000000
    endloop
  endfacet
  facet normal -0.385782246266038 -0.837011187815602 -0.388051968088611
    outer loop
      vertex  0.000000000000000  0.900000000000010  0.100000000000000
      vertex  0.155128778514227  0.844871221485764  0.064688945359070
      vertex  0.064815533258966  0.844871221485764  0.154473947078721
    endloop
  endfacet
  facet normal -0.385651258830272 -0.838180298697871 -0.385651258830272
    outer loop
      vertex  0.000000000000000  0.900000000000010  0.100000000000000
      vertex  0.099999999999990  0.900000000000010  0.000000000000020
      vertex  0.155128778514227  0.844871221485764  0.064688945359070
    endloop
  endfacet
  facet normal -0.428936338856281 -0.791035471544393 -0.436206946261875
    outer loop
      vertex  0.064815533258966  0.844871221485764  0.154473947078721
      vertex  0.275078743860676  0.724921256139312  0.165237520855194
      vertex  0.165575041172783  0.724921256139312  0.272916038413585
    endloop
  endfacet
  facet normal -0.429967894227030 -0.792510854188667 -0.432497579099724
    outer loop
      vertex  0.064815533258966  0.844871221485764  0.154473947078721
      vertex  0.155128778514227  0.844871221485764  0.064688945359070
      vertex  0.275078743860676  0.724921256139312  0.165237520855194
    endloop
  endfacet
  facet normal -0.448004034224090 -0.767414937497373 -0.458657496422815
    outer loop
      vertex  0.165575041172783  0.724921256139312  0.272916038413585
      vertex  0.407491154637478  0.592508845362508  0.258168360923098
      vertex  0.258548033181367  0.592508845362508  0.403651907584142
    endloop
  endfacet
  facet normal -0.448514320225200 -0.768630201701895 -0.456116780643544
    outer loop
      vertex  0.165575041172783  0.724921256139312  0.272916038413585
      vertex  0.275078743860676  0.724921256139312  0.165237520855194
      vertex  0.407491154637478  0.592508845362508  0.258168360923098
    endloop
  endfacet
  facet normal -0.488762605092288 -0.714012926570275 -0.501294979581834
    outer loop
      vertex  0.258548033181367  0.592508845362508  0.403651907584142
      vertex  0.499999999999980  0.499999999999980  0.300000000000039
      vertex  0.300000000000000  0.499999999999980  0.495000000000000
    endloop
  endfacet
  facet normal -0.488629385645888 -0.714837288836464 -0.500248912015065
    outer loop
      vertex  0.258548033181367  0.592508845362508  0.403651907584142
      vertex  0.407491154637478  0.592508845362508  0.258168360923098
      vertex  0.499999999999980  0.499999999999980  0.300000000000039
    endloop
  endfacet
  facet normal  0.000000000000000  0.643392186388131  0.765536736214991
    outer loop
      vertex  0.000000000000000  1.000000000000000  0.100000000000000
      vertex  0.155128778514227  0.935184466741034  0.154473947078721
      vertex  0.099999999999990  1.000000000000000  0.100000000000000
    endloop
  endfacet
  facet normal -0.000000000000000  0.643392186388131  0.765536736214991
    outer loop
      vertex  0.000000000000000  1.000000000000000  0.100000000000000
      vertex  0.064815533258966  0.935184466741034  0.154473947078721
      vertex  0.155128778514227  0.935184466741034  0.154473947078721
    endloop
  endfacet
  facet normal  0.000000000000000  0.761673545385240  0.647960963531198
    outer loop
      vertex  0.064815533258966  0.935184466741034  0.154473947078721
      vertex  0.275078743860676  0.834424958827217  0.272916038413585
      vertex  0.155128778514227  0.935184466741034  0.154473947078721
    endloop
  endfacet
  facet normal -0.000000000000000  0.761673545385240  0.647960963531198
    outer loop
      vertex  0.064815533258966  0.935184466741034  0.154473947078721
      vertex  0.165575041172783  0.834424958827217  0.272916038413585
      vertex  0.275078743860676  0.834424958827217  0.272916038413585
    endloop
  endfacet
  facet normal -0.000000000000000  0.814939830603191  0.579545574132391
    outer loop
      vertex  0.165575041172783  0.834424958827217  0.272916038413585
      vertex  0.407491154637478  0.741451966818633  0.403651907584142
      vertex  0.275078743860676  0.834424958827217  0.272916038413585
    endloop
  endfacet
  facet normal -0.000000000000000  0.814939830603191  0.579545574132391
    outer loop
      vertex  0.165575041172783  0.834424958827217  0.272916038413585
      vertex  0.258548033181367  0.741451966818633  0.403651907584142
      vertex  0.407491154637478  0.741451966818633  0.403651907584142
    endloop
  endfacet
  facet normal  0.000000000000000  0.910628769179348  0.413225416380583
    outer loop
      vertex  0.258548033181367  0.741451966818633  0.403651907584142
      vertex  0.499999999999980  0.700000000000000  0.495000000000000
      vertex  0.407491154637478  0.741451966818633  0.403651907584142
    endloop
  endfacet
  facet normal -0.000000000000000  0.910628769179348  0.413225416380583
    outer loop
      vertex  0.258548033181367  0.741451966818633  0.403651907584142
      vertex  0.300000000000000  0.700000000000000  0.495000000000000
      vertex  0.499999999999980  0.700000000000000  0.495000000000000
    endloop
  endfacet
  facet normal  0.837011187815603  0.385782246266037 -0.388051968088611
    outer loop
      vertex  0.099999999999990  1.000000000000000  0.100000000000000
      vertex  0.155128778514227  0.935184466741034  0.154473947078721
      vertex  0.155128778514227  0.844871221485764  0.064688945359070
    endloop
  endfacet
  facet normal  0.838180298697864  0.385651258830425 -0.385651258830135
    outer loop
      vertex  0.155128778514227  0.844871221485764  0.064688945359070
      vertex  0.099999999999990  0.900000000000010  0.000000000000020
      vertex  0.099999999999990  0.925003010286641  0.025003010286648
    endloop
  endfacet
  facet normal  0.838180298697828  0.385651258830300 -0.385651258830337
    outer loop
      vertex  0.155128778514227  0.844871221485764  0.064688945359070
      vertex  0.099999999999990  0.925003010286641  0.025003010286648
      vertex  0.099999999999990  0.950003010196028  0.050003010196033
    endloop
  endfacet
  facet normal  0.838180298697828  0.385651258830300 -0.385651258830340
    outer loop
      vertex  0.155128778514227  0.844871221485764  0.064688945359070
      vertex  0.099999999999990  0.950003010196028  0.050003010196033
      vertex  0.099999999999990  0.975003010105415  0.075003010105418
    endloop
  endfacet
  facet normal  0.838180298697762  0.385651258830284 -0.385651258830499
    outer loop
      vertex  0.155128778514227  0.844871221485764  0.064688945359070
      vertex  0.099999999999990  0.975003010105415  0.075003010105418
      vertex  0.099999999999990  1.000000000000000  0.100000000000000
    endloop
  endfacet
  facet normal  0.791035471544393  0.428936338856280 -0.436206946261875
    outer loop
      vertex  0.155128778514227  0.935184466741034  0.154473947078721
      vertex  0.275078743860676  0.834424958827217  0.272916038413585
      vertex  0.275078743860676  0.724921256139312  0.165237520855194
    endloop
  endfacet
  facet normal  0.792510854188668  0.429967894227030 -0.432497579099724
    outer loop
      vertex  0.155128778514227  0.935184466741034  0.154473947078721
      vertex  0.275078743860676  0.724921256139312  0.165237520855194
      vertex  0.155128778514227  0.844871221485764  0.064688945359070
    endloop
  endfacet
  facet normal  0.767414937497371  0.448004034224090 -0.458657496422816
    outer loop
      vertex  0.275078743860676  0.834424958827217  0.272916038413585
      vertex  0.407491154637478  0.741451966818633  0.403651907584142
      vertex  0.407491154637478  0.592508845362508  0.258168360923098
    endloop
  endfacet
  facet normal  0.768630201701894  0.448514320225200 -0.456116780643546
    outer loop
      vertex  0.275078743860676  0.834424958827217  0.272916038413585
      vertex  0.407491154637478  0.592508845362508  0.258168360923098
      vertex  0.275078743860676  0.724921256139312  0.165237520855194
    endloop
  endfacet
  facet normal  0.714012926570276  0.488762605092287 -0.501294979581833
    outer loop
      vertex  0.407491154637478  0.741451966818633  0.403651907584142
      vertex  0.499999999999980  0.700000000000000  0.495000000000000
      vertex  0.499999999999980  0.499999999999980  0.300000000000039
    endloop
  endfacet
  facet normal  0.714837288836464  0.488629385645887 -0.500248912015065
    outer loop
      vertex  0.407491154637478  0.741451966818633  0.403651907584142
      vertex  0.499999999999980  0.499999999999980  0.300000000000039
      vertex  0.407491154637478  0.592508845362508  0.258168360923098
    endloop
  endfacet
  facet normal -0.643392186387974  0.000000000000268  0.765536736215123
    outer loop
      vertex  0.064815533258966  0.935184466741034  0.154473947078721
      vertex  0.000000000000000  1.000000000000000  0.100000000000000
      vertex  0.000000000000000  0.975003010105415  0.100000000000000
    endloop
  endfacet
  facet normal -0.643392186388070 -0.000000000000000  0.765536736215042
    outer loop
      vertex  0.064815533258966  0.935184466741034  0.154473947078721
      vertex  0.000000000000000  0.975003010105415  0.100000000000000
      vertex  0.000000000000000  0.950003010196028  0.100000000000000
    endloop
  endfacet
  facet normal -0.643392186388070 -0.000000000000000  0.765536736215042
    outer loop
      vertex  0.064815533258966  0.935184466741034  0.154473947078721
      vertex  0.000000000000000  0.950003010196028  0.100000000000000
      vertex  0.000000000000000  0.925003010286641  0.100000000000000
    endloop
  endfacet
  facet normal -0.643392186388131 -0.000000000000000  0.765536736214991
    outer loop
      vertex  0.064815533258966  0.935184466741034  0.154473947078721
      vertex  0.000000000000000  0.900000000000010  0.100000000000000
      vertex  0.064815533258966  0.844871221485764  0.154473947078721
    endloop
  endfacet
  facet normal -0.643392186388046 -0.000000000000267  0.765536736215062
    outer loop
      vertex  0.064815533258966  0.935184466741034  0.154473947078721
      vertex  0.000000000000000  0.925003010286641  0.100000000000000
      vertex  0.000000000000000  0.900000000000010  0.100000000000000
    endloop
  endfacet
  facet normal -0.761673545385241 -0.000000000000000  0.647960963531197
    outer loop
      vertex  0.064815533258966  0.935184466741034  0.154473947078721
      vertex  0.165575041172783  0.724921256139312  0.272916038413585
      vertex  0.165575041172783  0.834424958827217  0.272916038413585
    endloop
  endfacet
  facet normal -0.761673545385241 -0.000000000000000  0.647960963531197
    outer loop
      vertex  0.064815533258966  0.935184466741034  0.154473947078721
      vertex  0.064815533258966  0.844871221485764  0.154473947078721
      vertex  0.165575041172783  0.724921256139312  0.272916038413585
    endloop
  endfacet
  facet normal -0.814939830603190 -0.000000000000000  0.579545574132392
    outer loop
      vertex  0.165575041172783  0.834424958827217  0.272916038413585
      vertex  0.258548033181367  0.592508845362508  0.403651907584142
      vertex  0.258548033181367  0.741451966818633  0.403651907584142
    endloop
  endfacet
  facet normal -0.814939830603190 -0.000000000000000  0.579545574132392
    outer loop
      vertex  0.165575041172783  0.834424958827217  0.272916038413585
      vertex  0.165575041172783  0.724921256139312  0.272916038413585
      vertex  0.258548033181367  0.592508845362508  0.403651907584142
    endloop
  endfacet
  facet normal -0.910628769179349 -0.000000000000000  0.413225416380581
    outer loop
      vertex  0.258548033181367  0.592508845362508  0.403651907584142
      vertex  0.300000000000000  0.499999999999980  0.495000000000000
      vertex  0.300000000000000  0.525004515565886  0.495000000000000
    endloop
  endfacet
  facet normal -0.910628769179349 -0.000000000000000  0.413225416380581
    outer loop
      vertex  0.258548033181367  0.592508845362508  0.403651907584142
      vertex  0.300000000000000  0.525004515565886  0.495000000000000
      vertex  0.300000000000000  0.550006020573282  0.495000000000000
    endloop
  endfacet
  facet normal -0.910628769179349 -0.000000000000000  0.413225416380581
    outer loop
      vertex  0.258548033181367  0.592508845362508  0.403651907584142
      vertex  0.300000000000000  0.550006020573282  0.495000000000000
      vertex  0.300000000000000  0.575007525580677  0.495000000000000
    endloop
  endfacet
  facet normal -0.910628769179349 -0.000000000000002  0.413225416380581
    outer loop
      vertex  0.258548033181367  0.592508845362508  0.403651907584142
      vertex  0.300000000000000  0.575007525580677  0.495000000000000
      vertex  0.300000000000000  0.600006020392056  0.495000000000000
    endloop
  endfacet
  facet normal -0.910628769179349  0.000000000000002  0.413225416380581
    outer loop
      vertex  0.258548033181367  0.592508845362508  0.403651907584142
      vertex  0.300000000000000  0.600006020392056  0.495000000000000
      vertex  0.300000000000000  0.625007525399452  0.495000000000000
    endloop
  endfacet
  facet normal -0.910628769179349 -0.000000000000000  0.413225416380581
    outer loop
      vertex  0.258548033181367  0.592508845362508  0.403651907584142
      vertex  0.300000000000000  0.625007525399452  0.495000000000000
      vertex  0.300000000000000  0.650006020210830  0.495000000000000
    endloop
  endfacet
  facet normal -0.910628769179349  0.000000000000001  0.413225416380581
    outer loop
      vertex  0.258548033181367  0.592508845362508  0.403651907584142
      vertex  0.300000000000000  0.650006020210830  0.495000000000000
      vertex  0.300000000000000  0.675004515022209  0.495000000000000
    endloop
  endfacet
  facet normal -0.910628769179349 -0.000000000000000  0.413225416380581
    outer loop
      vertex  0.258548033181367  0.592508845362508  0.403651907584142
      vertex  0.300000000000000  0.700000000000000  0.495000000000000
      vertex  0.258548033181367  0.741451966818633  0.403651907584142
    endloop
  endfacet
  facet normal -0.910628769179348 -0.000000000000001  0.413225416380582
    outer loop
      vertex  0.258548033181367  0.592508845362508  0.403651907584142
      vertex  0.300000000000000  0.675004515022209  0.495000000000000
      vertex  0.300000000000000  0.700000000000000  0.495000000000000
    endloop
  endfacet
  facet normal  0.599984586998340 -0.000000000000000 -0.800011559519256
    outer loop
      vertex  1.000000000000000  0.900000000000010  0.100000000000000
      vertex  0.900000000000010  0.925003010286641  0.025003010286648
      vertex  1.000000000000000  0.925003010286641  0.100000000000000
    endloop
  endfacet
  facet normal  0.577350269189606  0.577350269189608 -0.577350269189664
    outer loop
      vertex  1.000000000000000  0.900000000000010  0.100000000000000
      vertex  0.900000000000010  0.900000000000010  0.000000000000020
      vertex  0.900000000000010  0.925003010286641  0.025003010286648
    endloop
  endfacet
  facet normal  0.447192055901512 -0.000000000000000 -0.894437960474945
    outer loop
      vertex  1.000000000000000  0.925003010286641  0.100000000000000
      vertex  0.900000000000010  0.950003010196028  0.050003010196033
      vertex  1.000000000000000  0.950003010196028  0.100000000000000
    endloop
  endfacet
  facet normal  0.468506608311619  0.624700551451761 -0.624700551451820
    outer loop
      vertex  1.000000000000000  0.925003010286641  0.100000000000000
      vertex  0.900000000000010  0.925003010286641  0.025003010286648
      vertex  0.900000000000010  0.950003010196028  0.050003010196033
    endloop
  endfacet
  facet normal  0.242508140215470 -0.000000000000000 -0.970149370936885
    outer loop
      vertex  1.000000000000000  0.950003010196028  0.100000000000000
      vertex  0.900000000000010  0.975003010105415  0.075003010105418
      vertex  1.000000000000000  0.975003010105415  0.100000000000000
    endloop
  endfacet
  facet normal  0.333315494955677  0.666671126126803 -0.666671126126873
    outer loop
      vertex  1.000000000000000  0.950003010196028  0.100000000000000
      vertex  0.900000000000010  0.950003010196028  0.050003010196033
      vertex  0.900000000000010  0.975003010105415  0.075003010105418
    endloop
  endfacet
  facet normal  0.000000000000000 -0.000000000000000 -1.000000000000000
    outer loop
      vertex  1.000000000000000  0.975003010105415  0.100000000000000
      vertex  0.900000000000010  1.000000000000000  0.100000000000000
      vertex  1.000000000000000  1.000000000000000  0.100000000000000
    endloop
  endfacet
  facet normal  0.174057331302614  0.696313164251443 -0.696313164251514
    outer loop
      vertex  1.000000000000000  0.975003010105415  0.100000000000000
      vertex  0.900000000000010  0.975003010105415  0.075003010105418
      vertex  0.900000000000010  1.000000000000000  0.100000000000000
    endloop
  endfacet
  facet normal -0.649017862397588 -0.000000000000000  0.760773168749310
    outer loop
      vertex  0.700000000000000  0.499999999999980  0.495000000000000
      vertex  0.700000000000000  0.525004515565886  0.495000000000000
      vertex  0.499999999999980  0.525004515565886  0.324379402676756
    endloop
  endfacet
  facet normal -0.572416361722460 -0.572416361722459  0.587093704330787
    outer loop
      vertex  0.700000000000000  0.499999999999980  0.495000000000000
      vertex  0.499999999999980  0.525004515565886  0.324379402676756
      vertex  0.499999999999980  0.499999999999980  0.300000000000039
    endloop
  endfacet
  facet normal -0.590254104643027 -0.000000000000000  0.807217499780610
    outer loop
      vertex  0.700000000000000  0.525004515565886  0.495000000000000
      vertex  0.700000000000000  0.550006020573282  0.495000000000000
      vertex  0.499999999999980  0.550006020573282  0.348755870058964
    endloop
  endfacet
  facet normal -0.521270271379347 -0.595752825354250  0.611028538824931
    outer loop
      vertex  0.700000000000000  0.525004515565886  0.495000000000000
      vertex  0.499999999999980  0.550006020573282  0.348755870058964
      vertex  0.499999999999980  0.525004515565886  0.324379402676756
    endloop
  endfacet
  facet normal -0.520347326761222 -0.000000000000000  0.853954717495284
    outer loop
      vertex  0.700000000000000  0.550006020573282  0.495000000000000
      vertex  0.700000000000000  0.575007525580677  0.495000000000000
      vertex  0.499999999999980  0.575007525580677  0.373132337441173
    endloop
  endfacet
  facet normal -0.463829410273761 -0.618464037085335  0.634322089318356
    outer loop
      vertex  0.700000000000000  0.550006020573282  0.495000000000000
      vertex  0.499999999999980  0.575007525580677  0.373132337441173
      vertex  0.499999999999980  0.550006020573282  0.348755870058964
    endloop
  endfacet
  facet normal -0.438180931134351 -0.000000000000000  0.898886795759195
    outer loop
      vertex  0.700000000000000  0.575007525580677  0.495000000000000
      vertex  0.700000000000000  0.600006020392056  0.495000000000000
      vertex  0.499999999999980  0.600006020392056  0.397505869882264
    endloop
  endfacet
  facet normal -0.399884922721515 -0.639854398561547  0.656260921601651
    outer loop
      vertex  0.700000000000000  0.575007525580677  0.495000000000000
      vertex  0.499999999999980  0.600006020392056  0.397505869882264
      vertex  0.499999999999980  0.575007525580677  0.373132337441173
    endloop
  endfacet
  facet normal -0.343361728236524 -0.000000000000000  0.939203238698860
    outer loop
      vertex  0.700000000000000  0.600006020392056  0.495000000000000
      vertex  0.700000000000000  0.625007525399452  0.495000000000000
      vertex  0.499999999999980  0.625007525399452  0.421882337264473
    endloop
  endfacet
  facet normal -0.329533630428796 -0.659106941679486  0.676007119671333
    outer loop
      vertex  0.700000000000000  0.600006020392056  0.495000000000000
      vertex  0.499999999999980  0.625007525399452  0.421882337264473
      vertex  0.499999999999980  0.600006020392056  0.397505869882264
    endloop
  endfacet
  facet normal -0.236789475780871 -0.000000000000000  0.971560983242648
    outer loop
      vertex  0.700000000000000  0.625007525399452  0.495000000000000
      vertex  0.700000000000000  0.650006020210830  0.495000000000000
      vertex  0.499999999999980  0.650006020210830  0.446255869705565
    endloop
  endfacet
  facet normal -0.253229497604668 -0.675346423633797  0.692662998598834
    outer loop
      vertex  0.700000000000000  0.625007525399452  0.495000000000000
      vertex  0.499999999999980  0.650006020210830  0.446255869705565
      vertex  0.499999999999980  0.625007525399452  0.421882337264473
    endloop
  endfacet
  facet normal -0.120958294657896  0.000000000000002  0.992657589984307
    outer loop
      vertex  0.700000000000000  0.650006020210830  0.495000000000000
      vertex  0.700000000000000  0.675004515022209  0.495000000000000
      vertex  0.499999999999980  0.675004515022209  0.470629402146656
    endloop
  endfacet
  facet normal -0.171906234380840 -0.687707740435035  0.705341272241132
    outer loop
      vertex  0.700000000000000  0.650006020210830  0.495000000000000
      vertex  0.499999999999980  0.675004515022209  0.470629402146656
      vertex  0.499999999999980  0.650006020210830  0.446255869705565
    endloop
  endfacet
  facet normal -0.000000000000000 -0.000000000000002  1.000000000000000
    outer loop
      vertex  0.700000000000000  0.675004515022209  0.495000000000000
      vertex  0.700000000000000  0.700000000000000  0.495000000000000
      vertex  0.499999999999980  0.700000000000000  0.495000000000000
    endloop
  endfacet
  facet normal -0.086916580104992 -0.695458241216051  0.713290503811407
    outer loop
      vertex  0.700000000000000  0.675004515022209  0.495000000000000
      vertex  0.499999999999980  0.700000000000000  0.495000000000000
      vertex  0.499999999999980  0.675004515022209  0.470629402146656
    endloop
  endfacet
  facet normal  0.385782246266038 -0.837011187815602 -0.388051968088612
    outer loop
      vertex  1.000000000000000  0.900000000000010  0.100000000000000
      vertex  0.935184466741034  0.844871221485764  0.154473947078721
      vertex  0.844871221485773  0.844871221485764  0.064688945359070
    endloop
  endfacet
  facet normal  0.385651258830272 -0.838180298697871 -0.385651258830272
    outer loop
      vertex  1.000000000000000  0.900000000000010  0.100000000000000
      vertex  0.844871221485773  0.844871221485764  0.064688945359070
      vertex  0.900000000000010  0.900000000000010  0.000000000000020
    endloop
  endfacet
  facet normal  0.428936338856280 -0.791035471544393 -0.436206946261875
    outer loop
      vertex  0.935184466741034  0.844871221485764  0.154473947078721
      vertex  0.834424958827217  0.724921256139312  0.272916038413585
      vertex  0.724921256139323  0.724921256139312  0.165237520855194
    endloop
  endfacet
  facet normal  0.429967894227030 -0.792510854188668 -0.432497579099724
    outer loop
      vertex  0.935184466741034  0.844871221485764  0.154473947078721
      vertex  0.724921256139323  0.724921256139312  0.165237520855194
      vertex  0.844871221485773  0.844871221485764  0.064688945359070
    endloop
  endfacet
  facet normal  0.448004034224090 -0.767414937497372 -0.458657496422816
    outer loop
      vertex  0.834424958827217  0.724921256139312  0.272916038413585
      vertex  0.741451966818633  0.592508845362508  0.403651907584142
      vertex  0.592508845362522  0.592508845362508  0.258168360923098
    endloop
  endfacet
  facet normal  0.448514320225200 -0.768630201701895 -0.456116780643545
    outer loop
      vertex  0.834424958827217  0.724921256139312  0.272916038413585
      vertex  0.592508845362522  0.592508845362508  0.258168360923098
      vertex  0.724921256139323  0.724921256139312  0.165237520855194
    endloop
  endfacet
  facet normal  0.488762605092288 -0.714012926570275 -0.501294979581834
    outer loop
      vertex  0.741451966818633  0.592508845362508  0.403651907584142
      vertex  0.700000000000000  0.499999999999980  0.495000000000000
      vertex  0.499999999999980  0.499999999999980  0.300000000000039
    endloop
  endfacet
  facet normal  0.488629385645887 -0.714837288836464 -0.500248912015066
    outer loop
      vertex  0.741451966818633  0.592508845362508  0.403651907584142
      vertex  0.499999999999980  0.499999999999980  0.300000000000039
      vertex  0.592508845362522  0.592508845362508  0.258168360923098
    endloop
  endfacet
  facet normal -0.000000000000000  0.643392186388131  0.765536736214991
    outer loop
      vertex  1.000000000000000  1.000000000000000  0.100000000000000
      vertex  0.844871221485773  0.935184466741034  0.154473947078721
      vertex  0.935184466741034  0.935184466741034  0.154473947078721
    endloop
  endfacet
  facet normal -0.000000000000000  0.643392186388131  0.765536736214991
    outer loop
      vertex  1.000000000000000  1.000000000000000  0.100000000000000
      vertex  0.900000000000010  1.000000000000000  0.100000000000000
      vertex  0.844871221485773  0.935184466741034  0.154473947078721
    endloop
  endfacet
  facet normal -0.000000000000000  0.761673545385240  0.647960963531198
    outer loop
      vertex  0.935184466741034  0.935184466741034  0.154473947078721
      vertex  0.724921256139323  0.834424958827217  0.272916038413585
      vertex  0.834424958827217  0.834424958827217  0.272916038413585
    endloop
  endfacet
  facet normal -0.000000000000000  0.761673545385240  0.647960963531198
    outer loop
      vertex  0.935184466741034  0.935184466741034  0.154473947078721
      vertex  0.844871221485773  0.935184466741034  0.154473947078721
      vertex  0.724921256139323  0.834424958827217  0.272916038413585
    endloop
  endfacet
  facet normal -0.000000000000000  0.814939830603191  0.579545574132391
    outer loop
      vertex  0.834424958827217  0.834424958827217  0.272916038413585
      vertex  0.592508845362522  0.741451966818633  0.403651907584142
      vertex  0.741451966818633  0.741451966818633  0.403651907584142
    endloop
  endfacet
  facet normal -0.000000000000000  0.814939830603191  0.579545574132391
    outer loop
      vertex  0.834424958827217  0.834424958827217  0.272916038413585
      vertex  0.724921256139323  0.834424958827217  0.272916038413585
      vertex  0.592508845362522  0.741451966818633  0.403651907584142
    endloop
  endfacet
  facet normal -0.000000000000000  0.910628769179348  0.413225416380583
    outer loop
      vertex  0.741451966818633  0.741451966818633  0.403651907584142
      vertex  0.499999999999980  0.700000000000000  0.495000000000000
      vertex  0.700000000000000  0.700000000000000  0.495000000000000
    endloop
  endfacet
  facet normal -0.000000000000000  0.910628769179348  0.413225416380583
    outer loop
      vertex  0.741451966818633  0.741451966818633  0.403651907584142
      vertex  0.592508845362522  0.741451966818633  0.403651907584142
      vertex  0.499999999999980  0.700000000000000  0.495000000000000
    endloop
  endfacet
  facet normal -0.837011187815602  0.385782246266038 -0.388051968088612
    outer loop
      vertex  0.900000000000010  1.000000000000000  0.100000000000000
      vertex  0.844871221485773  0.844871221485764  0.064688945359070
      vertex  0.844871221485773  0.935184466741034  0.154473947078721
    endloop
  endfacet
  facet normal -0.838180298697761  0.385651258830285 -0.385651258830498
    outer loop
      vertex  0.844871221485773  0.844871221485764  0.064688945359070
      vertex  0.900000000000010  1.000000000000000  0.100000000000000
      vertex  0.900000000000010  0.975003010105415  0.075003010105418
    endloop
  endfacet
  facet normal -0.838180298697829  0.385651258830300 -0.385651258830337
    outer loop
      vertex  0.844871221485773  0.844871221485764  0.064688945359070
      vertex  0.900000000000010  0.975003010105415  0.075003010105418
      vertex  0.900000000000010  0.950003010196028  0.050003010196033
    endloop
  endfacet
  facet normal -0.838180298697829  0.385651258830300 -0.385651258830337
    outer loop
      vertex  0.844871221485773  0.844871221485764  0.064688945359070
      vertex  0.900000000000010  0.950003010196028  0.050003010196033
      vertex  0.900000000000010  0.925003010286641  0.025003010286648
    endloop
  endfacet
  facet normal -0.838180298697864  0.385651258830423 -0.385651258830137
    outer loop
      vertex  0.844871221485773  0.844871221485764  0.064688945359070
      vertex  0.900000000000010  0.925003010286641  0.025003010286648
      vertex  0.900000000000010  0.900000000000010  0.000000000000020
    endloop
  endfacet
  facet normal -0.791035471544393  0.428936338856280 -0.436206946261875
    outer loop
      vertex  0.844871221485773  0.935184466741034  0.154473947078721
      vertex  0.724921256139323  0.724921256139312  0.165237520855194
      vertex  0.724921256139323  0.834424958827217  0.272916038413585
    endloop
  endfacet
  facet normal -0.792510854188668  0.429967894227030 -0.432497579099724
    outer loop
      vertex  0.844871221485773  0.935184466741034  0.154473947078721
      vertex  0.844871221485773  0.844871221485764  0.064688945359070
      vertex  0.724921256139323  0.724921256139312  0.165237520855194
    endloop
  endfacet
  facet normal -0.767414937497372  0.448004034224090 -0.458657496422816
    outer loop
      vertex  0.724921256139323  0.834424958827217  0.272916038413585
      vertex  0.592508845362522  0.592508845362508  0.258168360923098
      vertex  0.592508845362522  0.741451966818633  0.403651907584142
    endloop
  endfacet
  facet normal -0.768630201701895  0.448514320225200 -0.456116780643545
    outer loop
      vertex  0.724921256139323  0.834424958827217  0.272916038413585
      vertex  0.724921256139323  0.724921256139312  0.165237520855194
      vertex  0.592508845362522  0.592508845362508  0.258168360923098
    endloop
  endfacet
  facet normal -0.714012926570275  0.488762605092288 -0.501294979581834
    outer loop
      vertex  0.592508845362522  0.741451966818633  0.403651907584142
      vertex  0.499999999999980  0.499999999999980  0.300000000000039
      vertex  0.499999999999980  0.700000000000000  0.495000000000000
    endloop
  endfacet
  facet normal -0.714837288836464  0.488629385645887 -0.500248912015066
    outer loop
      vertex  0.592508845362522  0.741451966818633  0.403651907584142
      vertex  0.592508845362522  0.592508845362508  0.258168360923098
      vertex  0.499999999999980  0.499999999999980  0.300000000000039
    endloop
  endfacet
  facet normal  0.643392186388264 -0.000000000000267  0.765536736214879
    outer loop
      vertex  0.935184466741034  0.844871221485764  0.154473947078721
      vertex  1.000000000000000  0.900000000000010  0.100000000000000
      vertex  1.000000000000000  0.925003010286641  0.100000000000000
    endloop
  endfacet
  facet normal  0.643392186388071 -0.000000000000000  0.765536736215041
    outer loop
      vertex  0.935184466741034  0.844871221485764  0.154473947078721
      vertex  1.000000000000000  0.925003010286641  0.100000000000000
      vertex  1.000000000000000  0.950003010196028  0.100000000000000
    endloop
  endfacet
  facet normal  0.643392186388071 -0.000000000000000  0.765536736215041
    outer loop
      vertex  0.935184466741034  0.844871221485764  0.154473947078721
      vertex  1.000000000000000  0.950003010196028  0.100000000000000
      vertex  1.000000000000000  0.975003010105415  0.100000000000000
    endloop
  endfacet
  facet normal  0.643392186388131 -0.000000000000000  0.765536736214991
    outer loop
      vertex  0.935184466741034  0.844871221485764  0.154473947078721
      vertex  1.000000000000000  1.000000000000000  0.100000000000000
      vertex  0.935184466741034  0.935184466741034  0.154473947078721
    endloop
  endfacet
  facet normal  0.643392186387757  0.000000000000267  0.765536736215305
    outer loop
      vertex  0.935184466741034  0.844871221485764  0.154473947078721
      vertex  1.000000000000000  0.975003010105415  0.100000000000000
      vertex  1.000000000000000  1.000000000000000  0.100000000000000
    endloop
  endfacet
  facet normal  0.761673545385240 -0.000000000000000  0.647960963531198
    outer loop
      vertex  0.935184466741034  0.935184466741034  0.154473947078721
      vertex  0.834424958827217  0.724921256139312  0.272916038413585
      vertex  0.935184466741034  0.844871221485764  0.154473947078721
    endloop
  endfacet
  facet normal  0.761673545385240 -0.000000000000000  0.647960963531198
    outer loop
      vertex  0.935184466741034  0.935184466741034  0.154473947078721
      vertex  0.834424958827217  0.834424958827217  0.272916038413585
      vertex  0.834424958827217  0.724921256139312  0.272916038413585
    endloop
  endfacet
  facet normal  0.814939830603191 -0.000000000000000  0.579545574132391
    outer loop
      vertex  0.834424958827217  0.834424958827217  0.272916038413585
      vertex  0.741451966818633  0.592508845362508  0.403651907584142
      vertex  0.834424958827217  0.724921256139312  0.272916038413585
    endloop
  endfacet
  facet normal  0.814939830603191 -0.000000000000000  0.579545574132391
    outer loop
      vertex  0.834424958827217  0.834424958827217  0.272916038413585
      vertex  0.741451966818633  0.741451966818633  0.403651907584142
      vertex  0.741451966818633  0.592508845362508  0.403651907584142
    endloop
  endfacet
  facet normal  0.910628769179348 -0.000000000000001  0.413225416380583
    outer loop
      vertex  0.741451966818633  0.741451966818633  0.403651907584142
      vertex  0.700000000000000  0.700000000000000  0.495000000000000
      vertex  0.700000000000000  0.675004515022209  0.495000000000000
    endloop
  endfacet
  facet normal  0.910628769179347  0.000000000000001  0.413225416380584
    outer loop
      vertex  0.741451966818633  0.741451966818633  0.403651907584142
      vertex  0.700000000000000  0.675004515022209  0.495000000000000
      vertex  0.700000000000000  0.650006020210830  0.495000000000000
    endloop
  endfacet
  facet normal  0.910628769179348  0.000000000000000  0.413225416380583
    outer loop
      vertex  0.741451966818633  0.741451966818633  0.403651907584142
      vertex  0.700000000000000  0.650006020210830  0.495000000000000
      vertex  0.700000000000000  0.625007525399452  0.495000000000000
    endloop
  endfacet
  facet normal  0.910628769179348  0.000000000000000  0.413225416380583
    outer loop
      vertex  0.741451966818633  0.741451966818633  0.403651907584142
      vertex  0.700000000000000  0.625007525399452  0.495000000000000
      vertex  0.700000000000000  0.600006020392056  0.495000000000000
    endloop
  endfacet
  facet normal  0.910628769179348 -0.000000000000000  0.413225416380583
    outer loop
      vertex  0.741451966818633  0.741451966818633  0.403651907584142
      vertex  0.700000000000000  0.600006020392056  0.495000000000000
      vertex  0.700000000000000  0.575007525580677  0.495000000000000
    endloop
  endfacet
  facet normal  0.910628769179348  0.000000000000000  0.413225416380583
    outer loop
      vertex  0.741451966818633  0.741451966818633  0.403651907584142
      vertex  0.700000000000000  0.575007525580677  0.495000000000000
      vertex  0.700000000000000  0.550006020573282  0.495000000000000
    endloop
  endfacet
  facet normal  0.910628769179348 -0.000000000000000  0.413225416380583
    outer loop
      vertex  0.741451966818633  0.741451966818633  0.403651907584142
      vertex  0.700000000000000  0.550006020573282  0.495000000000000
      vertex  0.700000000000000  0.525004515565886  0.495000000000000
    endloop
  endfacet
  facet normal  0.910628769179348 -0.000000000000000  0.413225416380583
    outer loop
      vertex  0.741451966818633  0.741451966818633  0.403651907584142
      vertex  0.700000000000000  0.499999999999980  0.495000000000000
      vertex  0.741451966818633  0.592508845362508  0.403651907584142
    endloop
  endfacet
  facet normal  0.910628769179348 -0.000000000000000  0.413225416380583
    outer loop
      vertex  0.741451966818633  0.741451966818633  0.403651907584142
      vertex  0.700000000000000  0.525004515565886  0.495000000000000
      vertex  0.700000000000000  0.499999999999980  0.495000000000000
    endloop
  endfacet
  facet normal -0.599984586998340 -0.000000000000000  0.800011559519255
    outer loop
      vertex  0.000000000000000  0.099999999999990  0.900000000000000
      vertex  0.000000000000000  0.074996989713359  0.900000000000000
      vertex  0.099999999999990  0.074996989713359  0.974996989713352
    endloop
  endfacet
  facet normal -0.577350269189607 -0.577350269189606  0.577350269189664
    outer loop
      vertex  0.000000000000000  0.099999999999990  0.900000000000000
      vertex  0.099999999999990  0.074996989713359  0.974996989713352
      vertex  0.099999999999990  0.099999999999990  0.999999999999980
    endloop
  endfacet
  facet normal -0.447192055901513 -0.000000000000004  0.894437960474944
    outer loop
      vertex  0.000000000000000  0.074996989713359  0.900000000000000
      vertex  0.000000000000000  0.049996989803972  0.900000000000000
      vertex  0.099999999999990  0.049996989803972  0.949996989803967
    endloop
  endfacet
  facet normal -0.468506608311620 -0.624700551451761  0.624700551451820
    outer loop
      vertex  0.000000000000000  0.074996989713359  0.900000000000000
      vertex  0.099999999999990  0.049996989803972  0.949996989803967
      vertex  0.099999999999990  0.074996989713359  0.974996989713352
    endloop
  endfacet
  facet normal -0.242508140215470  0.000000000000004  0.970149370936885
    outer loop
      vertex  0.000000000000000  0.049996989803972  0.900000000000000
      vertex  0.000000000000000  0.024996989894585  0.900000000000000
      vertex  0.099999999999990  0.024996989894585  0.924996989894582
    endloop
  endfacet
  facet normal -0.333315494955677 -0.666671126126803  0.666671126126872
    outer loop
      vertex  0.000000000000000  0.049996989803972  0.900000000000000
      vertex  0.099999999999990  0.024996989894585  0.924996989894582
      vertex  0.099999999999990  0.049996989803972  0.949996989803967
    endloop
  endfacet
  facet normal -0.000000000000000 -0.000000000000000  1.000000000000000
    outer loop
      vertex  0.000000000000000  0.024996989894585  0.900000000000000
      vertex  0.000000000000000  0.000000000000000  0.900000000000000
      vertex  0.099999999999990  0.000000000000000  0.900000000000000
    endloop
  endfacet
  facet normal -0.174057331302614 -0.696313164251443  0.696313164251513
    outer loop
      vertex  0.000000000000000  0.024996989894585  0.900000000000000
      vertex  0.099999999999990  0.000000000000000  0.900000000000000
      vertex  0.099999999999990  0.024996989894585  0.924996989894582
    endloop
  endfacet
  facet normal  0.649017862397587 -0.000000000000000 -0.760773168749310
    outer loop
      vertex  0.300000000000000  0.499999999999980  0.505000000000000
      vertex  0.499999999999980  0.474995484434114  0.675620597323244
      vertex  0.300000000000000  0.474995484434114  0.505000000000000
    endloop
  endfacet
  facet normal  0.572416361723350  0.572416361720152 -0.587093704332168
    outer loop
      vertex  0.499999999999980  0.474995484434114  0.675620597323244
      vertex  0.300000000000000  0.499999999999980  0.505000000000000
      vertex  0.349993979789169  0.500000000000020  0.553744130294435
    endloop
  endfacet
  facet normal  0.572416361722758  0.572416361721846 -0.587093704331093
    outer loop
      vertex  0.499999999999980  0.474995484434114  0.675620597323244
      vertex  0.349993979789169  0.500000000000020  0.553744130294435
      vertex  0.399993979607944  0.500000000000020  0.602494130117735
    endloop
  endfacet
  facet normal  0.572416361722758  0.572416361721846 -0.587093704331093
    outer loop
      vertex  0.499999999999980  0.474995484434114  0.675620597323244
      vertex  0.399993979607944  0.500000000000020  0.602494130117735
      vertex  0.449993979426718  0.500000000000020  0.651244129941036
    endloop
  endfacet
  facet normal  0.572416361722766  0.572416361722310 -0.587093704330633
    outer loop
      vertex  0.499999999999980  0.474995484434114  0.675620597323244
      vertex  0.449993979426718  0.500000000000020  0.651244129941036
      vertex  0.499999999999980  0.499999999999980  0.699999999999961
    endloop
  endfacet
  facet normal  0.590254104643026 -0.000000000000000 -0.807217499780610
    outer loop
      vertex  0.300000000000000  0.474995484434114  0.505000000000000
      vertex  0.499999999999980  0.449993979426718  0.651244129941036
      vertex  0.300000000000000  0.449993979426718  0.505000000000000
    endloop
  endfacet
  facet normal  0.521270271379348  0.595752825354247 -0.611028538824933
    outer loop
      vertex  0.300000000000000  0.474995484434114  0.505000000000000
      vertex  0.499999999999980  0.474995484434114  0.675620597323244
      vertex  0.499999999999980  0.449993979426718  0.651244129941036
    endloop
  endfacet
  facet normal  0.520347326761221 -0.000000000000000 -0.853954717495284
    outer loop
      vertex  0.300000000000000  0.449993979426718  0.505000000000000
      vertex  0.499999999999980  0.424992474419322  0.626867662558827
      vertex  0.300000000000000  0.424992474419322  0.505000000000000
    endloop
  endfacet
  facet normal  0.463829410273761  0.618464037085335 -0.634322089318356
    outer loop
      vertex  0.300000000000000  0.449993979426718  0.505000000000000
      vertex  0.499999999999980  0.449993979426718  0.651244129941036
      vertex  0.499999999999980  0.424992474419322  0.626867662558827
    endloop
  endfacet
  facet normal  0.438180931134350  0.000000000000003 -0.898886795759196
    outer loop
      vertex  0.300000000000000  0.424992474419322  0.505000000000000
      vertex  0.499999999999980  0.399993979607944  0.602494130117735
      vertex  0.300000000000000  0.399993979607944  0.505000000000000
    endloop
  endfacet
  facet normal  0.399884922721515  0.639854398561546 -0.656260921601652
    outer loop
      vertex  0.300000000000000  0.424992474419322  0.505000000000000
      vertex  0.499999999999980  0.424992474419322  0.626867662558827
      vertex  0.499999999999980  0.399993979607944  0.602494130117735
    endloop
  endfacet
  facet normal  0.343361728236524 -0.000000000000003 -0.939203238698860
    outer loop
      vertex  0.300000000000000  0.399993979607944  0.505000000000000
      vertex  0.499999999999980  0.374992474600548  0.578117662735527
      vertex  0.300000000000000  0.374992474600548  0.505000000000000
    endloop
  endfacet
  facet normal  0.329533630428796  0.659106941679486 -0.676007119671334
    outer loop
      vertex  0.300000000000000  0.399993979607944  0.505000000000000
      vertex  0.499999999999980  0.399993979607944  0.602494130117735
      vertex  0.499999999999980  0.374992474600548  0.578117662735527
    endloop
  endfacet
  facet normal  0.236789475780870 -0.000000000000000 -0.971560983242648
    outer loop
      vertex  0.300000000000000  0.374992474600548  0.505000000000000
      vertex  0.499999999999980  0.349993979789169  0.553744130294435
      vertex  0.300000000000000  0.349993979789169  0.505000000000000
    endloop
  endfacet
  facet normal  0.253229497604668  0.675346423633795 -0.692662998598835
    outer loop
      vertex  0.300000000000000  0.374992474600548  0.505000000000000
      vertex  0.499999999999980  0.374992474600548  0.578117662735527
      vertex  0.499999999999980  0.349993979789169  0.553744130294435
    endloop
  endfacet
  facet normal  0.120958294657896 -0.000000000000000 -0.992657589984308
    outer loop
      vertex  0.300000000000000  0.349993979789169  0.505000000000000
      vertex  0.499999999999980  0.324995484977791  0.529370597853344
      vertex  0.300000000000000  0.324995484977791  0.505000000000000
    endloop
  endfacet
  facet normal  0.171906234380840  0.687707740435035 -0.705341272241131
    outer loop
      vertex  0.300000000000000  0.349993979789169  0.505000000000000
      vertex  0.499999999999980  0.349993979789169  0.553744130294435
      vertex  0.499999999999980  0.324995484977791  0.529370597853344
    endloop
  endfacet
  facet normal -0.000000000000000  0.000000000000000 -1.000000000000000
    outer loop
      vertex  0.300000000000000  0.324995484977791  0.505000000000000
      vertex  0.499999999999980  0.300000000000000  0.505000000000000
      vertex  0.300000000000000  0.300000000000000  0.505000000000000
    endloop
  endfacet
  facet normal  0.086916580104992  0.695458241216051 -0.713290503811406
    outer loop
      vertex  0.300000000000000  0.324995484977791  0.505000000000000
      vertex  0.499999999999980  0.324995484977791  0.529370597853344
      vertex  0.499999999999980  0.300000000000000  0.505000000000000
    endloop
  endfacet
  facet normal -0.385782246266038  0.837011187815603  0.388051968088611
    outer loop
      vertex  0.000000000000000  0.099999999999990  0.900000000000000
      vertex  0.155128778514227  0.155128778514236  0.935311054640930
      vertex  0.064815533258966  0.155128778514236  0.845526052921279
    endloop
  endfacet
  facet normal -0.385651258830272  0.838180298697871  0.385651258830272
    outer loop
      vertex  0.000000000000000  0.099999999999990  0.900000000000000
      vertex  0.099999999999990  0.099999999999990  0.999999999999980
      vertex  0.155128778514227  0.155128778514236  0.935311054640930
    endloop
  endfacet
  facet normal -0.428936338856280  0.791035471544393  0.436206946261875
    outer loop
      vertex  0.064815533258966  0.155128778514236  0.845526052921279
      vertex  0.275078743860676  0.275078743860687  0.834762479144806
      vertex  0.165575041172783  0.275078743860687  0.727083961586414
    endloop
  endfacet
  facet normal -0.429967894227030  0.792510854188668  0.432497579099723
    outer loop
      vertex  0.064815533258966  0.155128778514236  0.845526052921279
      vertex  0.155128778514227  0.155128778514236  0.935311054640930
      vertex  0.275078743860676  0.275078743860687  0.834762479144806
    endloop
  endfacet
  facet normal -0.448004034224091  0.767414937497371  0.458657496422816
    outer loop
      vertex  0.165575041172783  0.275078743860687  0.727083961586414
      vertex  0.407491154637478  0.407491154637493  0.741831639076902
      vertex  0.258548033181367  0.407491154637493  0.596348092415858
    endloop
  endfacet
  facet normal -0.448514320225200  0.768630201701894  0.456116780643546
    outer loop
      vertex  0.165575041172783  0.275078743860687  0.727083961586414
      vertex  0.275078743860676  0.275078743860687  0.834762479144806
      vertex  0.407491154637478  0.407491154637493  0.741831639076902
    endloop
  endfacet
  facet normal -0.488762605092287  0.714012926570276  0.501294979581834
    outer loop
      vertex  0.258548033181367  0.407491154637493  0.596348092415858
      vertex  0.499999999999980  0.499999999999980  0.699999999999961
      vertex  0.300000000000000  0.499999999999980  0.505000000000000
    endloop
  endfacet
  facet normal -0.488629385645887  0.714837288836465  0.500248912015064
    outer loop
      vertex  0.258548033181367  0.407491154637493  0.596348092415858
      vertex  0.407491154637478  0.407491154637493  0.741831639076902
      vertex  0.499999999999980  0.499999999999980  0.699999999999961
    endloop
  endfacet
  facet normal -0.000000000000000 -0.643392186388131 -0.765536736214991
    outer loop
      vertex  0.000000000000000  0.000000000000000  0.900000000000000
      vertex  0.155128778514227  0.064815533258966  0.845526052921279
      vertex  0.099999999999990  0.000000000000000  0.900000000000000
    endloop
  endfacet
  facet normal -0.000000000000000 -0.643392186388131 -0.765536736214991
    outer loop
      vertex  0.000000000000000  0.000000000000000  0.900000000000000
      vertex  0.064815533258966  0.064815533258966  0.845526052921279
      vertex  0.155128778514227  0.064815533258966  0.845526052921279
    endloop
  endfacet
  facet normal -0.000000000000000 -0.761673545385242 -0.647960963531196
    outer loop
      vertex  0.064815533258966  0.064815533258966  0.845526052921279
      vertex  0.275078743860676  0.165575041172783  0.727083961586414
      vertex  0.155128778514227  0.064815533258966  0.845526052921279
    endloop
  endfacet
  facet normal -0.000000000000000 -0.761673545385242 -0.647960963531196
    outer loop
      vertex  0.064815533258966  0.064815533258966  0.845526052921279
      vertex  0.165575041172783  0.165575041172783  0.727083961586414
      vertex  0.275078743860676  0.165575041172783  0.727083961586414
    endloop
  endfacet
  facet normal -0.000000000000000 -0.814939830603189 -0.579545574132394
    outer loop
      vertex  0.165575041172783  0.165575041172783  0.727083961586414
      vertex  0.407491154637478  0.258548033181367  0.596348092415858
      vertex  0.275078743860676  0.165575041172783  0.727083961586414
    endloop
  endfacet
  facet normal  0.000000000000000 -0.814939830603189 -0.579545574132394
    outer loop
      vertex  0.165575041172783  0.165575041172783  0.727083961586414
      vertex  0.258548033181367  0.258548033181367  0.596348092415858
      vertex  0.407491154637478  0.258548033181367  0.596348092415858
    endloop
  endfacet
  facet normal -0.000000000000000 -0.910628769179349 -0.413225416380581
    outer loop
      vertex  0.258548033181367  0.258548033181367  0.596348092415858
      vertex  0.499999999999980  0.300000000000000  0.505000000000000
      vertex  0.407491154637478  0.258548033181367  0.596348092415858
    endloop
  endfacet
  facet normal -0.000000000000000 -0.910628769179349 -0.413225416380581
    outer loop
      vertex  0.258548033181367  0.258548033181367  0.596348092415858
      vertex  0.300000000000000  0.300000000000000  0.505000000000000
      vertex  0.499999999999980  0.300000000000000  0.505000000000000
    endloop
  endfacet
  facet normal  0.837011187815603 -0.385782246266038  0.388051968088611
    outer loop
      vertex  0.099999999999990  0.000000000000000  0.900000000000000
      vertex  0.155128778514227  0.064815533258966  0.845526052921279
      vertex  0.155128778514227  0.155128778514236  0.935311054640930
    endloop
  endfacet
  facet normal  0.838180298697864 -0.385651258830425  0.385651258830135
    outer loop
      vertex  0.155128778514227  0.155128778514236  0.935311054640930
      vertex  0.099999999999990  0.099999999999990  0.999999999999980
      vertex  0.099999999999990  0.074996989713359  0.974996989713352
    endloop
  endfacet
  facet normal  0.838180298697828 -0.385651258830301  0.385651258830337
    outer loop
      vertex  0.155128778514227  0.155128778514236  0.935311054640930
      vertex  0.099999999999990  0.074996989713359  0.974996989713352
      vertex  0.099999999999990  0.049996989803972  0.949996989803967
    endloop
  endfacet
  facet normal  0.838180298697828 -0.385651258830300  0.385651258830340
    outer loop
      vertex  0.155128778514227  0.155128778514236  0.935311054640930
      vertex  0.099999999999990  0.049996989803972  0.949996989803967
      vertex  0.099999999999990  0.024996989894585  0.924996989894582
    endloop
  endfacet
  facet normal  0.838180298697762 -0.385651258830285  0.385651258830498
    outer loop
      vertex  0.155128778514227  0.155128778514236  0.935311054640930
      vertex  0.099999999999990  0.024996989894585  0.924996989894582
      vertex  0.099999999999990  0.000000000000000  0.900000000000000
    endloop
  endfacet
  facet normal  0.791035471544393 -0.428936338856280  0.436206946261875
    outer loop
      vertex  0.155128778514227  0.064815533258966  0.845526052921279
      vertex  0.275078743860676  0.165575041172783  0.727083961586414
      vertex  0.275078743860676  0.275078743860687  0.834762479144806
    endloop
  endfacet
  facet normal  0.792510854188668 -0.429967894227030  0.432497579099723
    outer loop
      vertex  0.155128778514227  0.064815533258966  0.845526052921279
      vertex  0.275078743860676  0.275078743860687  0.834762479144806
      vertex  0.155128778514227  0.155128778514236  0.935311054640930
    endloop
  endfacet
  facet normal  0.767414937497371 -0.448004034224091  0.458657496422816
    outer loop
      vertex  0.275078743860676  0.165575041172783  0.727083961586414
      vertex  0.407491154637478  0.258548033181367  0.596348092415858
      vertex  0.407491154637478  0.407491154637493  0.741831639076902
    endloop
  endfacet
  facet normal  0.768630201701894 -0.448514320225201  0.456116780643546
    outer loop
      vertex  0.275078743860676  0.165575041172783  0.727083961586414
      vertex  0.407491154637478  0.407491154637493  0.741831639076902
      vertex  0.275078743860676  0.275078743860687  0.834762479144806
    endloop
  endfacet
  facet normal  0.714012926570276 -0.488762605092287  0.501294979581834
    outer loop
      vertex  0.407491154637478  0.258548033181367  0.596348092415858
      vertex  0.499999999999980  0.300000000000000  0.505000000000000
      vertex  0.499999999999980  0.499999999999980  0.699999999999961
    endloop
  endfacet
  facet normal  0.714837288836465 -0.488629385645887  0.500248912015064
    outer loop
      vertex  0.407491154637478  0.258548033181367  0.596348092415858
      vertex  0.499999999999980  0.499999999999980  0.699999999999961
      vertex  0.407491154637478  0.407491154637493  0.741831639076902
    endloop
  endfacet
  facet normal -0.643392186387974 -0.000000000000268 -0.765536736215123
    outer loop
      vertex  0.064815533258966  0.064815533258966  0.845526052921279
      vertex  0.000000000000000  0.000000000000000  0.900000000000000
      vertex  0.000000000000000  0.024996989894585  0.900000000000000
    endloop
  endfacet
  facet normal -0.643392186388069 -0.000000000000003 -0.765536736215043
    outer loop
      vertex  0.064815533258966  0.064815533258966  0.845526052921279
      vertex  0.000000000000000  0.024996989894585  0.900000000000000
      vertex  0.000000000000000  0.049996989803972  0.900000000000000
    endloop
  endfacet
  facet normal -0.643392186388070  0.000000000000003 -0.765536736215042
    outer loop
      vertex  0.064815533258966  0.064815533258966  0.845526052921279
      vertex  0.000000000000000  0.049996989803972  0.900000000000000
      vertex  0.000000000000000  0.074996989713359  0.900000000000000
    endloop
  endfacet
  facet normal -0.643392186388131 -0.000000000000000 -0.765536736214991
    outer loop
      vertex  0.064815533258966  0.064815533258966  0.845526052921279
      vertex  0.000000000000000  0.099999999999990  0.900000000000000
      vertex  0.064815533258966  0.155128778514236  0.845526052921279
    endloop
  endfacet
  facet normal -0.643392186388046  0.000000000000267 -0.765536736215062
    outer loop
      vertex  0.064815533258966  0.064815533258966  0.845526052921279
      vertex  0.000000000000000  0.074996989713359  0.900000000000000
      vertex  0.000000000000000  0.099999999999990  0.900000000000000
    endloop
  endfacet
  facet normal -0.761673545385242 -0.000000000000000 -0.647960963531196
    outer loop
      vertex  0.064815533258966  0.064815533258966  0.845526052921279
      vertex  0.165575041172783  0.275078743860687  0.727083961586414
      vertex  0.165575041172783  0.165575041172783  0.727083961586414
    endloop
  endfacet
  facet normal -0.761673545385242 -0.000000000000000 -0.647960963531196
    outer loop
      vertex  0.064815533258966  0.064815533258966  0.845526052921279
      vertex  0.064815533258966  0.155128778514236  0.845526052921279
      vertex  0.165575041172783  0.275078743860687  0.727083961586414
    endloop
  endfacet
  facet normal -0.814939830603189 -0.000000000000000 -0.579545574132394
    outer loop
      vertex  0.165575041172783  0.165575041172783  0.727083961586414
      vertex  0.258548033181367  0.407491154637493  0.596348092415858
      vertex  0.258548033181367  0.258548033181367  0.596348092415858
    endloop
  endfacet
  facet normal -0.814939830603189  0.000000000000000 -0.579545574132394
    outer loop
      vertex  0.165575041172783  0.165575041172783  0.727083961586414
      vertex  0.165575041172783  0.275078743860687  0.727083961586414
      vertex  0.258548033181367  0.407491154637493  0.596348092415858
    endloop
  endfacet
  facet normal -0.910628769179349 -0.000000000000000 -0.413225416380581
    outer loop
      vertex  0.258548033181367  0.407491154637493  0.596348092415858
      vertex  0.300000000000000  0.499999999999980  0.505000000000000
      vertex  0.300000000000000  0.474995484434114  0.505000000000000
    endloop
  endfacet
  facet normal -0.910628769179349 -0.000000000000000 -0.413225416380581
    outer loop
      vertex  0.258548033181367  0.407491154637493  0.596348092415858
      vertex  0.300000000000000  0.474995484434114  0.505000000000000
      vertex  0.300000000000000  0.449993979426718  0.505000000000000
    endloop
  endfacet
  facet normal -0.910628769179349 -0.000000000000000 -0.413225416380581
    outer loop
      vertex  0.258548033181367  0.407491154637493  0.596348092415858
      vertex  0.300000000000000  0.449993979426718  0.505000000000000
      vertex  0.300000000000000  0.424992474419322  0.505000000000000
    endloop
  endfacet
  facet normal -0.910628769179349  0.000000000000004 -0.413225416380580
    outer loop
      vertex  0.258548033181367  0.407491154637493  0.596348092415858
      vertex  0.300000000000000  0.424992474419322  0.505000000000000
      vertex  0.300000000000000  0.399993979607944  0.505000000000000
    endloop
  endfacet
  facet normal -0.910628769179349 -0.000000000000004 -0.413225416380580
    outer loop
      vertex  0.258548033181367  0.407491154637493  0.596348092415858
      vertex  0.300000000000000  0.399993979607944  0.505000000000000
      vertex  0.300000000000000  0.374992474600548  0.505000000000000
    endloop
  endfacet
  facet normal -0.910628769179349 -0.000000000000000 -0.413225416380581
    outer loop
      vertex  0.258548033181367  0.407491154637493  0.596348092415858
      vertex  0.300000000000000  0.374992474600548  0.505000000000000
      vertex  0.300000000000000  0.349993979789169  0.505000000000000
    endloop
  endfacet
  facet normal -0.910628769179349 -0.000000000000000 -0.413225416380581
    outer loop
      vertex  0.258548033181367  0.407491154637493  0.596348092415858
      vertex  0.300000000000000  0.349993979789169  0.505000000000000
      vertex  0.300000000000000  0.324995484977791  0.505000000000000
    endloop
  endfacet
  facet normal -0.910628769179349  0.000000000000000 -0.413225416380581
    outer loop
      vertex  0.258548033181367  0.407491154637493  0.596348092415858
      vertex  0.300000000000000  0.300000000000000  0.505000000000000
      vertex  0.258548033181367  0.258548033181367  0.596348092415858
    endloop
  endfacet
  facet normal -0.910628769179349 -0.000000000000000 -0.413225416380581
    outer loop
      vertex  0.258548033181367  0.407491154637493  0.596348092415858
      vertex  0.300000000000000  0.324995484977791  0.505000000000000
      vertex  0.300000000000000  0.300000000000000  0.505000000000000
    endloop
  endfacet
  facet normal  0.599984586998340 -0.000000000000000  0.800011559519256
    outer loop
      vertex  1.000000000000000  0.099999999999990  0.900000000000000
      vertex  0.900000000000010  0.074996989713359  0.974996989713352
      vertex  1.000000000000000  0.074996989713359  0.900000000000000
    endloop
  endfacet
  facet normal  0.577350269189606 -0.577350269189608  0.577350269189664
    outer loop
      vertex  1.000000000000000  0.099999999999990  0.900000000000000
      vertex  0.900000000000010  0.099999999999990  0.999999999999980
      vertex  0.900000000000010  0.074996989713359  0.974996989713352
    endloop
  endfacet
  facet normal  0.447192055901512 -0.000000000000004  0.894437960474945
    outer loop
      vertex  1.000000000000000  0.074996989713359  0.900000000000000
      vertex  0.900000000000010  0.049996989803972  0.949996989803967
      vertex  1.000000000000000  0.049996989803972  0.900000000000000
    endloop
  endfacet
  facet normal  0.468506608311619 -0.624700551451762  0.624700551451820
    outer loop
      vertex  1.000000000000000  0.074996989713359  0.900000000000000
      vertex  0.900000000000010  0.074996989713359  0.974996989713352
      vertex  0.900000000000010  0.049996989803972  0.949996989803967
    endloop
  endfacet
  facet normal  0.242508140215470  0.000000000000004  0.970149370936885
    outer loop
      vertex  1.000000000000000  0.049996989803972  0.900000000000000
      vertex  0.900000000000010  0.024996989894585  0.924996989894582
      vertex  1.000000000000000  0.024996989894585  0.900000000000000
    endloop
  endfacet
  facet normal  0.333315494955677 -0.666671126126803  0.666671126126873
    outer loop
      vertex  1.000000000000000  0.049996989803972  0.900000000000000
      vertex  0.900000000000010  0.049996989803972  0.949996989803967
      vertex  0.900000000000010  0.024996989894585  0.924996989894582
    endloop
  endfacet
  facet normal -0.000000000000000 -0.000000000000000  1.000000000000000
    outer loop
      vertex  1.000000000000000  0.024996989894585  0.900000000000000
      vertex  0.900000000000010  0.000000000000000  0.900000000000000
      vertex  1.000000000000000  0.000000000000000  0.900000000000000
    endloop
  endfacet
  facet normal  0.174057331302614 -0.696313164251443  0.696313164251513
    outer loop
      vertex  1.000000000000000  0.024996989894585  0.900000000000000
      vertex  0.900000000000010  0.024996989894585  0.924996989894582
      vertex  0.900000000000010  0.000000000000000  0.900000000000000
    endloop
  endfacet
  facet normal -0.649017862397587 -0.000000000000000 -0.760773168749310
    outer loop
      vertex  0.700000000000000  0.499999999999980  0.505000000000000
      vertex  0.700000000000000  0.474995484434114  0.505000000000000
      vertex  0.499999999999980  0.474995484434114  0.675620597323244
    endloop
  endfacet
  facet normal -0.572416361722459  0.572416361722460 -0.587093704330786
    outer loop
      vertex  0.700000000000000  0.499999999999980  0.505000000000000
      vertex  0.499999999999980  0.474995484434114  0.675620597323244
      vertex  0.499999999999980  0.499999999999980  0.699999999999961
    endloop
  endfacet
  facet normal -0.590254104643026 -0.000000000000000 -0.807217499780610
    outer loop
      vertex  0.700000000000000  0.474995484434114  0.505000000000000
      vertex  0.700000000000000  0.449993979426718  0.505000000000000
      vertex  0.499999999999980  0.449993979426718  0.651244129941036
    endloop
  endfacet
  facet normal -0.521270271379347  0.595752825354248 -0.611028538824933
    outer loop
      vertex  0.700000000000000  0.474995484434114  0.505000000000000
      vertex  0.499999999999980  0.449993979426718  0.651244129941036
      vertex  0.499999999999980  0.474995484434114  0.675620597323244
    endloop
  endfacet
  facet normal -0.520347326761222 -0.000000000000000 -0.853954717495284
    outer loop
      vertex  0.700000000000000  0.449993979426718  0.505000000000000
      vertex  0.700000000000000  0.424992474419322  0.505000000000000
      vertex  0.499999999999980  0.424992474419322  0.626867662558827
    endloop
  endfacet
  facet normal -0.463829410273761  0.618464037085335 -0.634322089318356
    outer loop
      vertex  0.700000000000000  0.449993979426718  0.505000000000000
      vertex  0.499999999999980  0.424992474419322  0.626867662558827
      vertex  0.499999999999980  0.449993979426718  0.651244129941036
    endloop
  endfacet
  facet normal -0.438180931134351  0.000000000000004 -0.898886795759195
    outer loop
      vertex  0.700000000000000  0.424992474419322  0.505000000000000
      vertex  0.700000000000000  0.399993979607944  0.505000000000000
      vertex  0.499999999999980  0.399993979607944  0.602494130117735
    endloop
  endfacet
  facet normal -0.399884922721515  0.639854398561546 -0.656260921601652
    outer loop
      vertex  0.700000000000000  0.424992474419322  0.505000000000000
      vertex  0.499999999999980  0.399993979607944  0.602494130117735
      vertex  0.499999999999980  0.424992474419322  0.626867662558827
    endloop
  endfacet
  facet normal -0.343361728236524 -0.000000000000004 -0.939203238698860
    outer loop
      vertex  0.700000000000000  0.399993979607944  0.505000000000000
      vertex  0.700000000000000  0.374992474600548  0.505000000000000
      vertex  0.499999999999980  0.374992474600548  0.578117662735527
    endloop
  endfacet
  facet normal -0.329533630428796  0.659106941679486 -0.676007119671333
    outer loop
      vertex  0.700000000000000  0.399993979607944  0.505000000000000
      vertex  0.499999999999980  0.374992474600548  0.578117662735527
      vertex  0.499999999999980  0.399993979607944  0.602494130117735
    endloop
  endfacet
  facet normal -0.236789475780871 -0.000000000000000 -0.971560983242648
    outer loop
      vertex  0.700000000000000  0.374992474600548  0.505000000000000
      vertex  0.700000000000000  0.349993979789169  0.505000000000000
      vertex  0.499999999999980  0.349993979789169  0.553744130294435
    endloop
  endfacet
  facet normal -0.253229497604668  0.675346423633795 -0.692662998598835
    outer loop
      vertex  0.700000000000000  0.374992474600548  0.505000000000000
      vertex  0.499999999999980  0.349993979789169  0.553744130294435
      vertex  0.499999999999980  0.374992474600548  0.578117662735527
    endloop
  endfacet
  facet normal -0.120958294657896 -0.000000000000000 -0.992657589984307
    outer loop
      vertex  0.700000000000000  0.349993979789169  0.505000000000000
      vertex  0.700000000000000  0.324995484977791  0.505000000000000
      vertex  0.499999999999980  0.324995484977791  0.529370597853344
    endloop
  endfacet
  facet normal -0.171906234380840  0.687707740435035 -0.705341272241131
    outer loop
      vertex  0.700000000000000  0.349993979789169  0.505000000000000
      vertex  0.499999999999980  0.324995484977791  0.529370597853344
      vertex  0.499999999999980  0.349993979789169  0.553744130294435
    endloop
  endfacet
  facet normal -0.000000000000000  0.000000000000000 -1.000000000000000
    outer loop
      vertex  0.700000000000000  0.324995484977791  0.505000000000000
      vertex  0.700000000000000  0.300000000000000  0.505000000000000
      vertex  0.499999999999980  0.300000000000000  0.505000000000000
    endloop
  endfacet
  facet normal -0.086916580104992  0.695458241216050 -0.713290503811406
    outer loop
      vertex  0.700000000000000  0.324995484977791  0.505000000000000
      vertex  0.499999999999980  0.300000000000000  0.505000000000000
      vertex  0.499999999999980  0.324995484977791  0.529370597853344
    endloop
  endfacet
  facet normal  0.385782246266038  0.837011187815603  0.388051968088611
    outer loop
      vertex  1.000000000000000  0.099999999999990  0.900000000000000
      vertex  0.935184466741034  0.155128778514236  0.845526052921279
      vertex  0.844871221485773  0.155128778514236  0.935311054640930
    endloop
  endfacet
  facet normal  0.385651258830272  0.838180298697871  0.385651258830272
    outer loop
      vertex  1.000000000000000  0.099999999999990  0.900000000000000
      vertex  0.844871221485773  0.155128778514236  0.935311054640930
      vertex  0.900000000000010  0.099999999999990  0.999999999999980
    endloop
  endfacet
  facet normal  0.428936338856279  0.791035471544393  0.436206946261875
    outer loop
      vertex  0.935184466741034  0.155128778514236  0.845526052921279
      vertex  0.834424958827217  0.275078743860687  0.727083961586414
      vertex  0.724921256139323  0.275078743860687  0.834762479144806
    endloop
  endfacet
  facet normal  0.429967894227030  0.792510854188668  0.432497579099723
    outer loop
      vertex  0.935184466741034  0.155128778514236  0.845526052921279
      vertex  0.724921256139323  0.275078743860687  0.834762479144806
      vertex  0.844871221485773  0.155128778514236  0.935311054640930
    endloop
  endfacet
  facet normal  0.448004034224091  0.767414937497371  0.458657496422817
    outer loop
      vertex  0.834424958827217  0.275078743860687  0.727083961586414
      vertex  0.741451966818633  0.407491154637493  0.596348092415858
      vertex  0.592508845362522  0.407491154637493  0.741831639076902
    endloop
  endfacet
  facet normal  0.448514320225201  0.768630201701893  0.456116780643546
    outer loop
      vertex  0.834424958827217  0.275078743860687  0.727083961586414
      vertex  0.592508845362522  0.407491154637493  0.741831639076902
      vertex  0.724921256139323  0.275078743860687  0.834762479144806
    endloop
  endfacet
  facet normal  0.488762605092287  0.714012926570276  0.501294979581833
    outer loop
      vertex  0.741451966818633  0.407491154637493  0.596348092415858
      vertex  0.700000000000000  0.499999999999980  0.505000000000000
      vertex  0.499999999999980  0.499999999999980  0.699999999999961
    endloop
  endfacet
  facet normal  0.488629385645887  0.714837288836465  0.500248912015065
    outer loop
      vertex  0.741451966818633  0.407491154637493  0.596348092415858
      vertex  0.499999999999980  0.499999999999980  0.699999999999961
      vertex  0.592508845362522  0.407491154637493  0.741831639076902
    endloop
  endfacet
  facet normal -0.000000000000000 -0.643392186388131 -0.765536736214991
    outer loop
      vertex  1.000000000000000  0.000000000000000  0.900000000000000
      vertex  0.844871221485773  0.064815533258966  0.845526052921279
      vertex  0.935184466741034  0.064815533258966  0.845526052921279
    endloop
  endfacet
  facet normal -0.000000000000000 -0.643392186388131 -0.765536736214991
    outer loop
      vertex  1.000000000000000  0.000000000000000  0.900000000000000
      vertex  0.900000000000010  0.000000000000000  0.900000000000000
      vertex  0.844871221485773  0.064815533258966  0.845526052921279
    endloop
  endfacet
  facet normal  0.000000000000000 -0.761673545385242 -0.647960963531196
    outer loop
      vertex  0.935184466741034  0.064815533258966  0.845526052921279
      vertex  0.724921256139323  0.165575041172783  0.727083961586414
      vertex  0.834424958827217  0.165575041172783  0.727083961586414
    endloop
  endfacet
  facet normal -0.000000000000000 -0.761673545385242 -0.647960963531196
    outer loop
      vertex  0.935184466741034  0.064815533258966  0.845526052921279
      vertex  0.844871221485773  0.064815533258966  0.845526052921279
      vertex  0.724921256139323  0.165575041172783  0.727083961586414
    endloop
  endfacet
  facet normal  0.000000000000000 -0.814939830603189 -0.579545574132394
    outer loop
      vertex  0.834424958827217  0.165575041172783  0.727083961586414
      vertex  0.592508845362522  0.258548033181367  0.596348092415858
      vertex  0.741451966818633  0.258548033181367  0.596348092415858
    endloop
  endfacet
  facet normal -0.000000000000000 -0.814939830603189 -0.579545574132394
    outer loop
      vertex  0.834424958827217  0.165575041172783  0.727083961586414
      vertex  0.724921256139323  0.165575041172783  0.727083961586414
      vertex  0.592508845362522  0.258548033181367  0.596348092415858
    endloop
  endfacet
  facet normal  0.000000000000000 -0.910628769179349 -0.413225416380581
    outer loop
      vertex  0.741451966818633  0.258548033181367  0.596348092415858
      vertex  0.499999999999980  0.300000000000000  0.505000000000000
      vertex  0.700000000000000  0.300000000000000  0.505000000000000
    endloop
  endfacet
  facet normal -0.000000000000000 -0.910628769179349 -0.413225416380581
    outer loop
      vertex  0.741451966818633  0.258548033181367  0.596348092415858
      vertex  0.592508845362522  0.258548033181367  0.596348092415858
      vertex  0.499999999999980  0.300000000000000  0.505000000000000
    endloop
  endfacet
  facet normal -0.837011187815602 -0.385782246266038  0.388051968088611
    outer loop
      vertex  0.900000000000010  0.000000000000000  0.900000000000000
      vertex  0.844871221485773  0.155128778514236  0.935311054640930
      vertex  0.844871221485773  0.064815533258966  0.845526052921279
    endloop
  endfacet
  facet normal -0.838180298697761 -0.385651258830285  0.385651258830498
    outer loop
      vertex  0.844871221485773  0.155128778514236  0.935311054640930
      vertex  0.900000000000010  0.000000000000000  0.900000000000000
      vertex  0.900000000000010  0.024996989894585  0.924996989894582
    endloop
  endfacet
  facet normal -0.838180298697829 -0.385651258830301  0.385651258830337
    outer loop
      vertex  0.844871221485773  0.155128778514236  0.935311054640930
      vertex  0.900000000000010  0.024996989894585  0.924996989894582
      vertex  0.900000000000010  0.049996989803972  0.949996989803967
    endloop
  endfacet
  facet normal -0.838180298697829 -0.385651258830301  0.385651258830337
    outer loop
      vertex  0.844871221485773  0.155128778514236  0.935311054640930
      vertex  0.900000000000010  0.049996989803972  0.949996989803967
      vertex  0.900000000000010  0.074996989713359  0.974996989713352
    endloop
  endfacet
  facet normal -0.838180298697864 -0.385651258830423  0.385651258830138
    outer loop
      vertex  0.844871221485773  0.155128778514236  0.935311054640930
      vertex  0.900000000000010  0.074996989713359  0.974996989713352
      vertex  0.900000000000010  0.099999999999990  0.999999999999980
    endloop
  endfacet
  facet normal -0.791035471544393 -0.428936338856280  0.436206946261875
    outer loop
      vertex  0.844871221485773  0.064815533258966  0.845526052921279
      vertex  0.724921256139323  0.275078743860687  0.834762479144806
      vertex  0.724921256139323  0.165575041172783  0.727083961586414
    endloop
  endfacet
  facet normal -0.792510854188668 -0.429967894227030  0.432497579099724
    outer loop
      vertex  0.844871221485773  0.064815533258966  0.845526052921279
      vertex  0.844871221485773  0.155128778514236  0.935311054640930
      vertex  0.724921256139323  0.275078743860687  0.834762479144806
    endloop
  endfacet
  facet normal -0.767414937497372 -0.448004034224090  0.458657496422816
    outer loop
      vertex  0.724921256139323  0.165575041172783  0.727083961586414
      vertex  0.592508845362522  0.407491154637493  0.741831639076902
      vertex  0.592508845362522  0.258548033181367  0.596348092415858
    endloop
  endfacet
  facet normal -0.768630201701894 -0.448514320225200  0.456116780643545
    outer loop
      vertex  0.724921256139323  0.165575041172783  0.727083961586414
      vertex  0.724921256139323  0.275078743860687  0.834762479144806
      vertex  0.592508845362522  0.407491154637493  0.741831639076902
    endloop
  endfacet
  facet normal -0.714012926570275 -0.488762605092288  0.501294979581834
    outer loop
      vertex  0.592508845362522  0.258548033181367  0.596348092415858
      vertex  0.499999999999980  0.499999999999980  0.699999999999961
      vertex  0.499999999999980  0.300000000000000  0.505000000000000
    endloop
  endfacet
  facet normal -0.714837288836464 -0.488629385645887  0.500248912015065
    outer loop
      vertex  0.592508845362522  0.258548033181367  0.596348092415858
      vertex  0.592508845362522  0.407491154637493  0.741831639076902
      vertex  0.499999999999980  0.499999999999980  0.699999999999961
    endloop
  endfacet
  facet normal  0.643392186388264  0.000000000000267 -0.765536736214879
    outer loop
      vertex  0.935184466741034  0.155128778514236  0.845526052921279
      vertex  1.000000000000000  0.099999999999990  0.900000000000000
      vertex  1.000000000000000  0.074996989713359  0.900000000000000
    endloop
  endfacet
  facet normal  0.643392186388073  0.000000000000003 -0.765536736215039
    outer loop
      vertex  0.935184466741034  0.155128778514236  0.845526052921279
      vertex  1.000000000000000  0.074996989713359  0.900000000000000
      vertex  1.000000000000000  0.049996989803972  0.900000000000000
    endloop
  endfacet
  facet normal  0.643392186388067 -0.000000000000003 -0.765536736215045
    outer loop
      vertex  0.935184466741034  0.155128778514236  0.845526052921279
      vertex  1.000000000000000  0.049996989803972  0.900000000000000
      vertex  1.000000000000000  0.024996989894585  0.900000000000000
    endloop
  endfacet
  facet normal  0.643392186388131 -0.000000000000000 -0.765536736214991
    outer loop
      vertex  0.935184466741034  0.155128778514236  0.845526052921279
      vertex  1.000000000000000  0.000000000000000  0.900000000000000
      vertex  0.935184466741034  0.064815533258966  0.845526052921279
    endloop
  endfacet
  facet normal  0.643392186387757 -0.000000000000267 -0.765536736215305
    outer loop
      vertex  0.935184466741034  0.155128778514236  0.845526052921279
      vertex  1.000000000000000  0.024996989894585  0.900000000000000
      vertex  1.000000000000000  0.000000000000000  0.900000000000000
    endloop
  endfacet
  facet normal  0.761673545385241 -0.000000000000000 -0.647960963531197
    outer loop
      vertex  0.935184466741034  0.064815533258966  0.845526052921279
      vertex  0.834424958827217  0.275078743860687  0.727083961586414
      vertex  0.935184466741034  0.155128778514236  0.845526052921279
    endloop
  endfacet
  facet normal  0.761673545385241 -0.000000000000000 -0.647960963531197
    outer loop
      vertex  0.935184466741034  0.064815533258966  0.845526052921279
      vertex  0.834424958827217  0.165575041172783  0.727083961586414
      vertex  0.834424958827217  0.275078743860687  0.727083961586414
    endloop
  endfacet
  facet normal  0.814939830603190 -0.000000000000000 -0.579545574132392
    outer loop
      vertex  0.834424958827217  0.165575041172783  0.727083961586414
      vertex  0.741451966818633  0.407491154637493  0.596348092415858
      vertex  0.834424958827217  0.275078743860687  0.727083961586414
    endloop
  endfacet
  facet normal  0.814939830603190 -0.000000000000000 -0.579545574132392
    outer loop
      vertex  0.834424958827217  0.165575041172783  0.727083961586414
      vertex  0.741451966818633  0.258548033181367  0.596348092415858
      vertex  0.741451966818633  0.407491154637493  0.596348092415858
    endloop
  endfacet
  facet normal  0.910628769179348 -0.000000000000000 -0.413225416380583
    outer loop
      vertex  0.741451966818633  0.258548033181367  0.596348092415858
      vertex  0.700000000000000  0.300000000000000  0.505000000000000
      vertex  0.700000000000000  0.324995484977791  0.505000000000000
    endloop
  endfacet
  facet normal  0.910628769179348 -0.000000000000000 -0.413225416380582
    outer loop
      vertex  0.741451966818633  0.258548033181367  0.596348092415858
      vertex  0.700000000000000  0.324995484977791  0.505000000000000
      vertex  0.700000000000000  0.349993979789169  0.505000000000000
    endloop
  endfacet
  facet normal  0.910628769179348 -0.000000000000000 -0.413225416380582
    outer loop
      vertex  0.741451966818633  0.258548033181367  0.596348092415858
      vertex  0.700000000000000  0.349993979789169  0.505000000000000
      vertex  0.700000000000000  0.374992474600548  0.505000000000000
    endloop
  endfacet
  facet normal  0.910628769179347 -0.000000000000002 -0.413225416380585
    outer loop
      vertex  0.741451966818633  0.258548033181367  0.596348092415858
      vertex  0.700000000000000  0.374992474600548  0.505000000000000
      vertex  0.700000000000000  0.399993979607944  0.505000000000000
    endloop
  endfacet
  facet normal  0.910628769179349  0.000000000000002 -0.413225416380580
    outer loop
      vertex  0.741451966818633  0.258548033181367  0.596348092415858
      vertex  0.700000000000000  0.399993979607944  0.505000000000000
      vertex  0.700000000000000  0.424992474419322  0.505000000000000
    endloop
  endfacet
  facet normal  0.910628769179348 -0.000000000000000 -0.413225416380583
    outer loop
      vertex  0.741451966818633  0.258548033181367  0.596348092415858
      vertex  0.700000000000000  0.424992474419322  0.505000000000000
      vertex  0.700000000000000  0.449993979426718  0.505000000000000
    endloop
  endfacet
  facet normal  0.910628769179348 -0.000000000000000 -0.413225416380583
    outer loop
      vertex  0.741451966818633  0.258548033181367  0.596348092415858
      vertex  0.700000000000000  0.449993979426718  0.505000000000000
      vertex  0.700000000000000  0.474995484434114  0.505000000000000
    endloop
  endfacet
  facet normal  0.910628769179348 -0.000000000000000 -0.413225416380583
    outer loop
      vertex  0.741451966818633  0.258548033181367  0.596348092415858
      vertex  0.700000000000000  0.499999999999980  0.505000000000000
      vertex  0.741451966818633  0.407491154637493  0.596348092415858
    endloop
  endfacet
  facet normal  0.910628769179348 -0.000000000000000 -0.413225416380583
    outer loop
      vertex  0.741451966818633  0.258548033181367  0.596348092415858
      vertex  0.700000000000000  0.474995484434114  0.505000000000000
      vertex  0.700000000000000  0.499999999999980  0.505000000000000
    endloop
  endfacet
  facet normal -0.599984586998340 -0.000000000000000  0.800011559519255
    outer loop
      vertex  0.000000000000000  0.900000000000010  0.900000000000000
      vertex  0.099999999999990  0.925003010286641  0.974996989713352
      vertex  0.000000000000000  0.925003010286641  0.900000000000000
    endloop
  endfacet
  facet normal -0.577350269189607  0.577350269189606  0.577350269189665
    outer loop
      vertex  0.000000000000000  0.900000000000010  0.900000000000000
      vertex  0.099999999999990  0.900000000000010  0.999999999999980
      vertex  0.099999999999990  0.925003010286641  0.974996989713352
    endloop
  endfacet
  facet normal -0.447192055901513  0.000000000000004  0.894437960474945
    outer loop
      vertex  0.000000000000000  0.925003010286641  0.900000000000000
      vertex  0.099999999999990  0.950003010196028  0.949996989803967
      vertex  0.000000000000000  0.950003010196028  0.900000000000000
    endloop
  endfacet
  facet normal -0.468506608311619  0.624700551451763  0.624700551451819
    outer loop
      vertex  0.000000000000000  0.925003010286641  0.900000000000000
      vertex  0.099999999999990  0.925003010286641  0.974996989713352
      vertex  0.099999999999990  0.950003010196028  0.949996989803967
    endloop
  endfacet
  facet normal -0.242508140215470 -0.000000000000004  0.970149370936885
    outer loop
      vertex  0.000000000000000  0.950003010196028  0.900000000000000
      vertex  0.099999999999990  0.975003010105415  0.924996989894582
      vertex  0.000000000000000  0.975003010105415  0.900000000000000
    endloop
  endfacet
  facet normal -0.333315494955678  0.666671126126802  0.666671126126873
    outer loop
      vertex  0.000000000000000  0.950003010196028  0.900000000000000
      vertex  0.099999999999990  0.950003010196028  0.949996989803967
      vertex  0.099999999999990  0.975003010105415  0.924996989894582
    endloop
  endfacet
  facet normal  0.000000000000000  0.000000000000000  1.000000000000000
    outer loop
      vertex  0.000000000000000  0.975003010105415  0.900000000000000
      vertex  0.099999999999990  1.000000000000000  0.900000000000000
      vertex  0.000000000000000  1.000000000000000  0.900000000000000
    endloop
  endfacet
  facet normal -0.174057331302614  0.696313164251443  0.696313164251514
    outer loop
      vertex  0.000000000000000  0.975003010105415  0.900000000000000
      vertex  0.099999999999990  0.975003010105415  0.924996989894582
      vertex  0.099999999999990  1.000000000000000  0.900000000000000
    endloop
  endfacet
  facet normal  0.366166385443255 -0.549260600490874 -0.751155756764085
    outer loop
      vertex  0.449993979426718  0.500000000000020  0.651244129941036
      vertex  0.449993979426718  0.600006020392056  0.578117662735534
      vertex  0.499999999999980  0.600006020392056  0.602494130117735
    endloop
  endfacet
  facet normal  0.572416361721529 -0.572416361722444 -0.587093704331708
    outer loop
      vertex  0.449993979426718  0.500000000000020  0.651244129941036
      vertex  0.499999999999980  0.600006020392056  0.602494130117735
      vertex  0.500000000000020  0.575007525580677  0.626867662558827
    endloop
  endfacet
  facet normal  0.572416361722152 -0.572416361722610 -0.587093704330939
    outer loop
      vertex  0.449993979426718  0.500000000000020  0.651244129941036
      vertex  0.500000000000020  0.575007525580677  0.626867662558827
      vertex  0.500000000000020  0.550006020573282  0.651244129941036
    endloop
  endfacet
  facet normal  0.572416361722151 -0.572416361722609 -0.587093704330941
    outer loop
      vertex  0.449993979426718  0.500000000000020  0.651244129941036
      vertex  0.500000000000020  0.550006020573282  0.651244129941036
      vertex  0.500000000000020  0.525004515565886  0.675620597323244
    endloop
  endfacet
  facet normal  0.572416361722159 -0.572416361723075 -0.587093704330480
    outer loop
      vertex  0.449993979426718  0.500000000000020  0.651244129941036
      vertex  0.500000000000020  0.525004515565886  0.675620597323244
      vertex  0.499999999999980  0.499999999999980  0.699999999999961
    endloop
  endfacet
  facet normal  0.000000000000000 -0.590254104643026 -0.807217499780610
    outer loop
      vertex  0.449993979426718  0.600006020392056  0.578117662735534
      vertex  0.449993979426718  0.700000000000000  0.505000000000000
      vertex  0.499999999999980  0.700000000000000  0.505000000000000
    endloop
  endfacet
  facet normal  0.329533630427968 -0.659106941679415 -0.676007119671806
    outer loop
      vertex  0.449993979426718  0.600006020392056  0.578117662735534
      vertex  0.499999999999980  0.700000000000000  0.505000000000000
      vertex  0.500000000000020  0.675004515022209  0.529370597853344
    endloop
  endfacet
  facet normal  0.329533630428562 -0.659106941679543 -0.676007119671392
    outer loop
      vertex  0.449993979426718  0.600006020392056  0.578117662735534
      vertex  0.500000000000020  0.675004515022209  0.529370597853344
      vertex  0.500000000000020  0.650006020210830  0.553744130294435
    endloop
  endfacet
  facet normal  0.329533630428560 -0.659106941679542 -0.676007119671394
    outer loop
      vertex  0.449993979426718  0.600006020392056  0.578117662735534
      vertex  0.500000000000020  0.650006020210830  0.553744130294435
      vertex  0.500000000000020  0.625007525399452  0.578117662735527
    endloop
  endfacet
  facet normal  0.329533630428681 -0.659106941679784 -0.676007119671099
    outer loop
      vertex  0.449993979426718  0.600006020392056  0.578117662735534
      vertex  0.500000000000020  0.625007525399452  0.578117662735527
      vertex  0.499999999999980  0.600006020392056  0.602494130117735
    endloop
  endfacet
  facet normal  0.401342254176045 -0.401342254176045 -0.823315729247159
    outer loop
      vertex  0.399993979607944  0.500000000000020  0.602494130117735
      vertex  0.399993979607944  0.600006020392056  0.553744130294440
      vertex  0.449993979426718  0.600006020392056  0.578117662735534
    endloop
  endfacet
  facet normal  0.618464037085335 -0.463829410273761 -0.634322089318356
    outer loop
      vertex  0.399993979607944  0.500000000000020  0.602494130117735
      vertex  0.449993979426718  0.600006020392056  0.578117662735534
      vertex  0.449993979426718  0.500000000000020  0.651244129941036
    endloop
  endfacet
  facet normal  0.000000000000002 -0.438180931134351 -0.898886795759195
    outer loop
      vertex  0.399993979607944  0.600006020392056  0.553744130294440
      vertex  0.399993979607944  0.700000000000000  0.505000000000000
      vertex  0.449993979426718  0.700000000000000  0.505000000000000
    endloop
  endfacet
  facet normal  0.366166385443256 -0.549260600490874 -0.751155756764085
    outer loop
      vertex  0.399993979607944  0.600006020392056  0.553744130294440
      vertex  0.449993979426718  0.700000000000000  0.505000000000000
      vertex  0.449993979426718  0.600006020392056  0.578117662735534
    endloop
  endfacet
  facet normal  0.428029694448550 -0.214001962691414 -0.878062492442596
    outer loop
      vertex  0.349993979789169  0.500000000000020  0.553744130294435
      vertex  0.349993979789169  0.600006020392056  0.529370597853346
      vertex  0.399993979607944  0.600006020392056  0.553744130294440
    endloop
  endfacet
  facet normal  0.659106941679485 -0.329533630428797 -0.676007119671334
    outer loop
      vertex  0.349993979789169  0.500000000000020  0.553744130294435
      vertex  0.399993979607944  0.600006020392056  0.553744130294440
      vertex  0.399993979607944  0.500000000000020  0.602494130117735
    endloop
  endfacet
  facet normal -0.000000000000002 -0.236789475780870 -0.971560983242648
    outer loop
      vertex  0.349993979789169  0.600006020392056  0.529370597853346
      vertex  0.349993979789169  0.700000000000000  0.505000000000000
      vertex  0.399993979607944  0.700000000000000  0.505000000000000
    endloop
  endfacet
  facet normal  0.401342254176044 -0.401342254176045 -0.823315729247160
    outer loop
      vertex  0.349993979789169  0.600006020392056  0.529370597853346
      vertex  0.399993979607944  0.700000000000000  0.505000000000000
      vertex  0.399993979607944  0.600006020392056  0.553744130294440
    endloop
  endfacet
  facet normal  0.438180931134351 -0.000000000000001 -0.898886795759195
    outer loop
      vertex  0.300000000000000  0.499999999999980  0.505000000000000
      vertex  0.300000000000000  0.600006020392056  0.505000000000000
      vertex  0.349993979789169  0.600006020392056  0.529370597853346
    endloop
  endfacet
  facet normal  0.687707740435035 -0.171906234380840 -0.705341272241132
    outer loop
      vertex  0.300000000000000  0.499999999999980  0.505000000000000
      vertex  0.349993979789169  0.600006020392056  0.529370597853346
      vertex  0.349993979789169  0.500000000000020  0.553744130294435
    endloop
  endfacet
  facet normal -0.000000000000000  0.000000000000001 -1.000000000000000
    outer loop
      vertex  0.300000000000000  0.600006020392056  0.505000000000000
      vertex  0.300000000000000  0.700000000000000  0.505000000000000
      vertex  0.349993979789169  0.700000000000000  0.505000000000000
    endloop
  endfacet
  facet normal  0.428029694448552 -0.214001962691414 -0.878062492442595
    outer loop
      vertex  0.300000000000000  0.600006020392056  0.505000000000000
      vertex  0.349993979789169  0.700000000000000  0.505000000000000
      vertex  0.349993979789169  0.600006020392056  0.529370597853346
    endloop
  endfacet
  facet normal -0.385782246266038 -0.837011187815602  0.388051968088611
    outer loop
      vertex  0.000000000000000  0.900000000000010  0.900000000000000
      vertex  0.064815533258966  0.844871221485764  0.845526052921279
      vertex  0.155128778514227  0.844871221485764  0.935311054640930
    endloop
  endfacet
  facet normal -0.385651258830273 -0.838180298697871  0.385651258830272
    outer loop
      vertex  0.000000000000000  0.900000000000010  0.900000000000000
      vertex  0.155128778514227  0.844871221485764  0.935311054640930
      vertex  0.099999999999990  0.900000000000010  0.999999999999980
    endloop
  endfacet
  facet normal -0.428936338856280 -0.791035471544393  0.436206946261875
    outer loop
      vertex  0.064815533258966  0.844871221485764  0.845526052921279
      vertex  0.165575041172783  0.724921256139312  0.727083961586414
      vertex  0.275078743860676  0.724921256139312  0.834762479144806
    endloop
  endfacet
  facet normal -0.429967894227030 -0.792510854188668  0.432497579099724
    outer loop
      vertex  0.064815533258966  0.844871221485764  0.845526052921279
      vertex  0.275078743860676  0.724921256139312  0.834762479144806
      vertex  0.155128778514227  0.844871221485764  0.935311054640930
    endloop
  endfacet
  facet normal -0.448004034224090 -0.767414937497372  0.458657496422816
    outer loop
      vertex  0.165575041172783  0.724921256139312  0.727083961586414
      vertex  0.258548033181367  0.592508845362508  0.596348092415858
      vertex  0.407491154637478  0.592508845362508  0.741831639076902
    endloop
  endfacet
  facet normal -0.448514320225200 -0.768630201701894  0.456116780643545
    outer loop
      vertex  0.165575041172783  0.724921256139312  0.727083961586414
      vertex  0.407491154637478  0.592508845362508  0.741831639076902
      vertex  0.275078743860676  0.724921256139312  0.834762479144806
    endloop
  endfacet
  facet normal -0.488762605092288 -0.714012926570275  0.501294979581834
    outer loop
      vertex  0.258548033181367  0.592508845362508  0.596348092415858
      vertex  0.300000000000000  0.499999999999980  0.505000000000000
      vertex  0.499999999999980  0.499999999999980  0.699999999999961
    endloop
  endfacet
  facet normal -0.488629385645887 -0.714837288836464  0.500248912015065
    outer loop
      vertex  0.258548033181367  0.592508845362508  0.596348092415858
      vertex  0.499999999999980  0.499999999999980  0.699999999999961
      vertex  0.407491154637478  0.592508845362508  0.741831639076902
    endloop
  endfacet
  facet normal -0.000000000000000  0.643392186388131 -0.765536736214991
    outer loop
      vertex  0.000000000000000  1.000000000000000  0.900000000000000
      vertex  0.155128778514227  0.935184466741034  0.845526052921279
      vertex  0.064815533258966  0.935184466741034  0.845526052921279
    endloop
  endfacet
  facet normal -0.000000000000000  0.643392186388131 -0.765536736214991
    outer loop
      vertex  0.000000000000000  1.000000000000000  0.900000000000000
      vertex  0.099999999999990  1.000000000000000  0.900000000000000
      vertex  0.155128778514227  0.935184466741034  0.845526052921279
    endloop
  endfacet
  facet normal -0.000000000000000  0.761673545385241 -0.647960963531197
    outer loop
      vertex  0.064815533258966  0.935184466741034  0.845526052921279
      vertex  0.275078743860676  0.834424958827217  0.727083961586414
      vertex  0.165575041172783  0.834424958827217  0.727083961586414
    endloop
  endfacet
  facet normal -0.000000000000000  0.761673545385241 -0.647960963531197
    outer loop
      vertex  0.064815533258966  0.935184466741034  0.845526052921279
      vertex  0.155128778514227  0.935184466741034  0.845526052921279
      vertex  0.275078743860676  0.834424958827217  0.727083961586414
    endloop
  endfacet
  facet normal -0.000000000000000  0.814939830603190 -0.579545574132392
    outer loop
      vertex  0.165575041172783  0.834424958827217  0.727083961586414
      vertex  0.407491154637478  0.741451966818633  0.596348092415858
      vertex  0.258548033181367  0.741451966818633  0.596348092415858
    endloop
  endfacet
  facet normal -0.000000000000000  0.814939830603190 -0.579545574132392
    outer loop
      vertex  0.165575041172783  0.834424958827217  0.727083961586414
      vertex  0.275078743860676  0.834424958827217  0.727083961586414
      vertex  0.407491154637478  0.741451966818633  0.596348092415858
    endloop
  endfacet
  facet normal -0.000000000000000  0.910628769179348 -0.413225416380583
    outer loop
      vertex  0.407491154637478  0.741451966818633  0.596348092415858
      vertex  0.499999999999980  0.700000000000000  0.505000000000000
      vertex  0.449993979426718  0.700000000000000  0.505000000000000
    endloop
  endfacet
  facet normal  0.000000000000001  0.910628769179348 -0.413225416380582
    outer loop
      vertex  0.407491154637478  0.741451966818633  0.596348092415858
      vertex  0.449993979426718  0.700000000000000  0.505000000000000
      vertex  0.399993979607944  0.700000000000000  0.505000000000000
    endloop
  endfacet
  facet normal -0.000000000000001  0.910628769179348 -0.413225416380582
    outer loop
      vertex  0.407491154637478  0.741451966818633  0.596348092415858
      vertex  0.399993979607944  0.700000000000000  0.505000000000000
      vertex  0.349993979789169  0.700000000000000  0.505000000000000
    endloop
  endfacet
  facet normal -0.000000000000000  0.910628769179348 -0.413225416380583
    outer loop
      vertex  0.407491154637478  0.741451966818633  0.596348092415858
      vertex  0.300000000000000  0.700000000000000  0.505000000000000
      vertex  0.258548033181367  0.741451966818633  0.596348092415858
    endloop
  endfacet
  facet normal -0.000000000000000  0.910628769179348 -0.413225416380583
    outer loop
      vertex  0.407491154637478  0.741451966818633  0.596348092415858
      vertex  0.349993979789169  0.700000000000000  0.505000000000000
      vertex  0.300000000000000  0.700000000000000  0.505000000000000
    endloop
  endfacet
  facet normal  0.837011187815603  0.385782246266038  0.388051968088611
    outer loop
      vertex  0.099999999999990  1.000000000000000  0.900000000000000
      vertex  0.155128778514227  0.844871221485764  0.935311054640930
      vertex  0.155128778514227  0.935184466741034  0.845526052921279
    endloop
  endfacet
  facet normal  0.838180298697761  0.385651258830285  0.385651258830499
    outer loop
      vertex  0.155128778514227  0.844871221485764  0.935311054640930
      vertex  0.099999999999990  1.000000000000000  0.900000000000000
      vertex  0.099999999999990  0.975003010105415  0.924996989894582
    endloop
  endfacet
  facet normal  0.838180298697827  0.385651258830300  0.385651258830341
    outer loop
      vertex  0.155128778514227  0.844871221485764  0.935311054640930
      vertex  0.099999999999990  0.975003010105415  0.924996989894582
      vertex  0.099999999999990  0.950003010196028  0.949996989803967
    endloop
  endfacet
  facet normal  0.838180298697829  0.385651258830301  0.385651258830336
    outer loop
      vertex  0.155128778514227  0.844871221485764  0.935311054640930
      vertex  0.099999999999990  0.950003010196028  0.949996989803967
      vertex  0.099999999999990  0.925003010286641  0.974996989713352
    endloop
  endfacet
  facet normal  0.838180298697864  0.385651258830425  0.385651258830135
    outer loop
      vertex  0.155128778514227  0.844871221485764  0.935311054640930
      vertex  0.099999999999990  0.925003010286641  0.974996989713352
      vertex  0.099999999999990  0.900000000000010  0.999999999999980
    endloop
  endfacet
  facet normal  0.791035471544393  0.428936338856279  0.436206946261875
    outer loop
      vertex  0.155128778514227  0.935184466741034  0.845526052921279
      vertex  0.275078743860676  0.724921256139312  0.834762479144806
      vertex  0.275078743860676  0.834424958827217  0.727083961586414
    endloop
  endfacet
  facet normal  0.792510854188668  0.429967894227030  0.432497579099723
    outer loop
      vertex  0.155128778514227  0.935184466741034  0.845526052921279
      vertex  0.155128778514227  0.844871221485764  0.935311054640930
      vertex  0.275078743860676  0.724921256139312  0.834762479144806
    endloop
  endfacet
  facet normal  0.767414937497371  0.448004034224091  0.458657496422817
    outer loop
      vertex  0.275078743860676  0.834424958827217  0.727083961586414
      vertex  0.407491154637478  0.592508845362508  0.741831639076902
      vertex  0.407491154637478  0.741451966818633  0.596348092415858
    endloop
  endfacet
  facet normal  0.768630201701893  0.448514320225201  0.456116780643546
    outer loop
      vertex  0.275078743860676  0.834424958827217  0.727083961586414
      vertex  0.275078743860676  0.724921256139312  0.834762479144806
      vertex  0.407491154637478  0.592508845362508  0.741831639076902
    endloop
  endfacet
  facet normal  0.714012926570276  0.488762605092287  0.501294979581833
    outer loop
      vertex  0.407491154637478  0.741451966818633  0.596348092415858
      vertex  0.499999999999980  0.499999999999980  0.699999999999961
      vertex  0.499999999999980  0.700000000000000  0.505000000000000
    endloop
  endfacet
  facet normal  0.714837288836465  0.488629385645887  0.500248912015065
    outer loop
      vertex  0.407491154637478  0.741451966818633  0.596348092415858
      vertex  0.407491154637478  0.592508845362508  0.741831639076902
      vertex  0.499999999999980  0.499999999999980  0.699999999999961
    endloop
  endfacet
  facet normal -0.643392186388264 -0.000000000000267 -0.765536736214879
    outer loop
      vertex  0.064815533258966  0.844871221485764  0.845526052921279
      vertex  0.000000000000000  0.900000000000010  0.900000000000000
      vertex  0.000000000000000  0.925003010286641  0.900000000000000
    endloop
  endfacet
  facet normal -0.643392186388073 -0.000000000000003 -0.765536736215040
    outer loop
      vertex  0.064815533258966  0.844871221485764  0.845526052921279
      vertex  0.000000000000000  0.925003010286641  0.900000000000000
      vertex  0.000000000000000  0.950003010196028  0.900000000000000
    endloop
  endfacet
  facet normal -0.643392186388067  0.000000000000003 -0.765536736215045
    outer loop
      vertex  0.064815533258966  0.844871221485764  0.845526052921279
      vertex  0.000000000000000  0.950003010196028  0.900000000000000
      vertex  0.000000000000000  0.975003010105415  0.900000000000000
    endloop
  endfacet
  facet normal -0.643392186388131 -0.000000000000000 -0.765536736214991
    outer loop
      vertex  0.064815533258966  0.844871221485764  0.845526052921279
      vertex  0.000000000000000  1.000000000000000  0.900000000000000
      vertex  0.064815533258966  0.935184466741034  0.845526052921279
    endloop
  endfacet
  facet normal -0.643392186387756  0.000000000000268 -0.765536736215306
    outer loop
      vertex  0.064815533258966  0.844871221485764  0.845526052921279
      vertex  0.000000000000000  0.975003010105415  0.900000000000000
      vertex  0.000000000000000  1.000000000000000  0.900000000000000
    endloop
  endfacet
  facet normal -0.761673545385242  0.000000000000000 -0.647960963531196
    outer loop
      vertex  0.064815533258966  0.935184466741034  0.845526052921279
      vertex  0.165575041172783  0.724921256139312  0.727083961586414
      vertex  0.064815533258966  0.844871221485764  0.845526052921279
    endloop
  endfacet
  facet normal -0.761673545385242 -0.000000000000000 -0.647960963531196
    outer loop
      vertex  0.064815533258966  0.935184466741034  0.845526052921279
      vertex  0.165575041172783  0.834424958827217  0.727083961586414
      vertex  0.165575041172783  0.724921256139312  0.727083961586414
    endloop
  endfacet
  facet normal -0.814939830603189  0.000000000000000 -0.579545574132394
    outer loop
      vertex  0.165575041172783  0.834424958827217  0.727083961586414
      vertex  0.258548033181367  0.592508845362508  0.596348092415858
      vertex  0.165575041172783  0.724921256139312  0.727083961586414
    endloop
  endfacet
  facet normal -0.814939830603189 -0.000000000000000 -0.579545574132394
    outer loop
      vertex  0.165575041172783  0.834424958827217  0.727083961586414
      vertex  0.258548033181367  0.741451966818633  0.596348092415858
      vertex  0.258548033181367  0.592508845362508  0.596348092415858
    endloop
  endfacet
  facet normal -0.910628769179349  0.000000000000001 -0.413225416380581
    outer loop
      vertex  0.258548033181367  0.741451966818633  0.596348092415858
      vertex  0.300000000000000  0.700000000000000  0.505000000000000
      vertex  0.300000000000000  0.600006020392056  0.505000000000000
    endloop
  endfacet
  facet normal -0.910628769179349  0.000000000000000 -0.413225416380581
    outer loop
      vertex  0.258548033181367  0.741451966818633  0.596348092415858
      vertex  0.300000000000000  0.499999999999980  0.505000000000000
      vertex  0.258548033181367  0.592508845362508  0.596348092415858
    endloop
  endfacet
  facet normal -0.910628769179350 -0.000000000000001 -0.413225416380579
    outer loop
      vertex  0.258548033181367  0.741451966818633  0.596348092415858
      vertex  0.300000000000000  0.600006020392056  0.505000000000000
      vertex  0.300000000000000  0.499999999999980  0.505000000000000
    endloop
  endfacet
  facet normal  0.599984586998340 -0.000000000000000  0.800011559519256
    outer loop
      vertex  1.000000000000000  0.900000000000010  0.900000000000000
      vertex  1.000000000000000  0.925003010286641  0.900000000000000
      vertex  0.900000000000010  0.925003010286641  0.974996989713352
    endloop
  endfacet
  facet normal  0.577350269189606  0.577350269189608  0.577350269189664
    outer loop
      vertex  1.000000000000000  0.900000000000010  0.900000000000000
      vertex  0.900000000000010  0.925003010286641  0.974996989713352
      vertex  0.900000000000010  0.900000000000010  0.999999999999980
    endloop
  endfacet
  facet normal  0.447192055901512  0.000000000000004  0.894437960474945
    outer loop
      vertex  1.000000000000000  0.925003010286641  0.900000000000000
      vertex  1.000000000000000  0.950003010196028  0.900000000000000
      vertex  0.900000000000010  0.950003010196028  0.949996989803967
    endloop
  endfacet
  facet normal  0.468506608311618  0.624700551451763  0.624700551451819
    outer loop
      vertex  1.000000000000000  0.925003010286641  0.900000000000000
      vertex  0.900000000000010  0.950003010196028  0.949996989803967
      vertex  0.900000000000010  0.925003010286641  0.974996989713352
    endloop
  endfacet
  facet normal  0.242508140215470 -0.000000000000004  0.970149370936885
    outer loop
      vertex  1.000000000000000  0.950003010196028  0.900000000000000
      vertex  1.000000000000000  0.975003010105415  0.900000000000000
      vertex  0.900000000000010  0.975003010105415  0.924996989894582
    endloop
  endfacet
  facet normal  0.333315494955678  0.666671126126801  0.666671126126874
    outer loop
      vertex  1.000000000000000  0.950003010196028  0.900000000000000
      vertex  0.900000000000010  0.975003010105415  0.924996989894582
      vertex  0.900000000000010  0.950003010196028  0.949996989803967
    endloop
  endfacet
  facet normal  0.000000000000000  0.000000000000000  1.000000000000000
    outer loop
      vertex  1.000000000000000  0.975003010105415  0.900000000000000
      vertex  1.000000000000000  1.000000000000000  0.900000000000000
      vertex  0.900000000000010  1.000000000000000  0.900000000000000
    endloop
  endfacet
  facet normal  0.174057331302614  0.696313164251443  0.696313164251514
    outer loop
      vertex  1.000000000000000  0.975003010105415  0.900000000000000
      vertex  0.900000000000010  1.000000000000000  0.900000000000000
      vertex  0.900000000000010  0.975003010105415  0.924996989894582
    endloop
  endfacet
  facet normal -0.649017862397587 -0.000000000000000 -0.760773168749311
    outer loop
      vertex  0.700000000000000  0.499999999999980  0.505000000000000
      vertex  0.500000000000020  0.525004515565886  0.675620597323244
      vertex  0.700000000000000  0.525004515565886  0.505000000000000
    endloop
  endfacet
  facet normal -0.572416361722459 -0.572416361722459 -0.587093704330787
    outer loop
      vertex  0.700000000000000  0.499999999999980  0.505000000000000
      vertex  0.499999999999980  0.499999999999980  0.699999999999961
      vertex  0.500000000000020  0.525004515565886  0.675620597323244
    endloop
  endfacet
  facet normal -0.590254104643026 -0.000000000000000 -0.807217499780610
    outer loop
      vertex  0.700000000000000  0.525004515565886  0.505000000000000
      vertex  0.500000000000020  0.550006020573282  0.651244129941036
      vertex  0.700000000000000  0.550006020573282  0.505000000000000
    endloop
  endfacet
  facet normal -0.521270271379347 -0.595752825354249 -0.611028538824933
    outer loop
      vertex  0.700000000000000  0.525004515565886  0.505000000000000
      vertex  0.500000000000020  0.525004515565886  0.675620597323244
      vertex  0.500000000000020  0.550006020573282  0.651244129941036
    endloop
  endfacet
  facet normal -0.520347326761222 -0.000000000000000 -0.853954717495284
    outer loop
      vertex  0.700000000000000  0.550006020573282  0.505000000000000
      vertex  0.500000000000020  0.575007525580677  0.626867662558827
      vertex  0.700000000000000  0.575007525580677  0.505000000000000
    endloop
  endfacet
  facet normal -0.463829410273760 -0.618464037085336 -0.634322089318355
    outer loop
      vertex  0.700000000000000  0.550006020573282  0.505000000000000
      vertex  0.500000000000020  0.550006020573282  0.651244129941036
      vertex  0.500000000000020  0.575007525580677  0.626867662558827
    endloop
  endfacet
  facet normal -0.438180931134351 -0.000000000000004 -0.898886795759195
    outer loop
      vertex  0.700000000000000  0.575007525580677  0.505000000000000
      vertex  0.499999999999980  0.600006020392056  0.602494130117735
      vertex  0.700000000000000  0.600006020392056  0.505000000000000
    endloop
  endfacet
  facet normal -0.399884922721515 -0.639854398561547 -0.656260921601651
    outer loop
      vertex  0.700000000000000  0.575007525580677  0.505000000000000
      vertex  0.500000000000020  0.575007525580677  0.626867662558827
      vertex  0.499999999999980  0.600006020392056  0.602494130117735
    endloop
  endfacet
  facet normal -0.343361728236524  0.000000000000004 -0.939203238698860
    outer loop
      vertex  0.700000000000000  0.600006020392056  0.505000000000000
      vertex  0.500000000000020  0.625007525399452  0.578117662735527
      vertex  0.700000000000000  0.625007525399452  0.505000000000000
    endloop
  endfacet
  facet normal -0.329533630428796 -0.659106941679486 -0.676007119671333
    outer loop
      vertex  0.700000000000000  0.600006020392056  0.505000000000000
      vertex  0.499999999999980  0.600006020392056  0.602494130117735
      vertex  0.500000000000020  0.625007525399452  0.578117662735527
    endloop
  endfacet
  facet normal -0.236789475780871 -0.000000000000000 -0.971560983242648
    outer loop
      vertex  0.700000000000000  0.625007525399452  0.505000000000000
      vertex  0.500000000000020  0.650006020210830  0.553744130294435
      vertex  0.700000000000000  0.650006020210830  0.505000000000000
    endloop
  endfacet
  facet normal -0.253229497604668 -0.675346423633795 -0.692662998598835
    outer loop
      vertex  0.700000000000000  0.625007525399452  0.505000000000000
      vertex  0.500000000000020  0.625007525399452  0.578117662735527
      vertex  0.500000000000020  0.650006020210830  0.553744130294435
    endloop
  endfacet
  facet normal -0.120958294657896 -0.000000000000000 -0.992657589984307
    outer loop
      vertex  0.700000000000000  0.650006020210830  0.505000000000000
      vertex  0.500000000000020  0.675004515022209  0.529370597853344
      vertex  0.700000000000000  0.675004515022209  0.505000000000000
    endloop
  endfacet
  facet normal -0.171906234380840 -0.687707740435035 -0.705341272241131
    outer loop
      vertex  0.700000000000000  0.650006020210830  0.505000000000000
      vertex  0.500000000000020  0.650006020210830  0.553744130294435
      vertex  0.500000000000020  0.675004515022209  0.529370597853344
    endloop
  endfacet
  facet normal  0.000000000000000 -0.000000000000000 -1.000000000000000
    outer loop
      vertex  0.700000000000000  0.675004515022209  0.505000000000000
      vertex  0.499999999999980  0.700000000000000  0.505000000000000
      vertex  0.700000000000000  0.700000000000000  0.505000000000000
    endloop
  endfacet
  facet normal -0.086916580104992 -0.695458241216050 -0.713290503811407
    outer loop
      vertex  0.700000000000000  0.675004515022209  0.505000000000000
      vertex  0.500000000000020  0.675004515022209  0.529370597853344
      vertex  0.499999999999980  0.700000000000000  0.505000000000000
    endloop
  endfacet
  facet normal  0.385782246266038 -0.837011187815602  0.388051968088611
    outer loop
      vertex  1.000000000000000  0.900000000000010  0.900000000000000
      vertex  0.844871221485773  0.844871221485764  0.935311054640930
      vertex  0.935184466741034  0.844871221485764  0.845526052921279
    endloop
  endfacet
  facet normal  0.385651258830273 -0.838180298697871  0.385651258830273
    outer loop
      vertex  1.000000000000000  0.900000000000010  0.900000000000000
      vertex  0.900000000000010  0.900000000000010  0.999999999999980
      vertex  0.844871221485773  0.844871221485764  0.935311054640930
    endloop
  endfacet
  facet normal  0.428936338856280 -0.791035471544393  0.436206946261875
    outer loop
      vertex  0.935184466741034  0.844871221485764  0.845526052921279
      vertex  0.724921256139323  0.724921256139312  0.834762479144806
      vertex  0.834424958827217  0.724921256139312  0.727083961586414
    endloop
  endfacet
  facet normal  0.429967894227030 -0.792510854188668  0.432497579099723
    outer loop
      vertex  0.935184466741034  0.844871221485764  0.845526052921279
      vertex  0.844871221485773  0.844871221485764  0.935311054640930
      vertex  0.724921256139323  0.724921256139312  0.834762479144806
    endloop
  endfacet
  facet normal  0.448004034224090 -0.767414937497371  0.458657496422816
    outer loop
      vertex  0.834424958827217  0.724921256139312  0.727083961586414
      vertex  0.592508845362522  0.592508845362508  0.741831639076902
      vertex  0.741451966818633  0.592508845362508  0.596348092415858
    endloop
  endfacet
  facet normal  0.448514320225200 -0.768630201701894  0.456116780643546
    outer loop
      vertex  0.834424958827217  0.724921256139312  0.727083961586414
      vertex  0.724921256139323  0.724921256139312  0.834762479144806
      vertex  0.592508845362522  0.592508845362508  0.741831639076902
    endloop
  endfacet
  facet normal  0.488762605092287 -0.714012926570276  0.501294979581833
    outer loop
      vertex  0.741451966818633  0.592508845362508  0.596348092415858
      vertex  0.499999999999980  0.499999999999980  0.699999999999961
      vertex  0.700000000000000  0.499999999999980  0.505000000000000
    endloop
  endfacet
  facet normal  0.488629385645887 -0.714837288836464  0.500248912015065
    outer loop
      vertex  0.741451966818633  0.592508845362508  0.596348092415858
      vertex  0.592508845362522  0.592508845362508  0.741831639076902
      vertex  0.499999999999980  0.499999999999980  0.699999999999961
    endloop
  endfacet
  facet normal -0.000000000000000  0.643392186388131 -0.765536736214991
    outer loop
      vertex  1.000000000000000  1.000000000000000  0.900000000000000
      vertex  0.844871221485773  0.935184466741034  0.845526052921279
      vertex  0.900000000000010  1.000000000000000  0.900000000000000
    endloop
  endfacet
  facet normal -0.000000000000000  0.643392186388131 -0.765536736214991
    outer loop
      vertex  1.000000000000000  1.000000000000000  0.900000000000000
      vertex  0.935184466741034  0.935184466741034  0.845526052921279
      vertex  0.844871221485773  0.935184466741034  0.845526052921279
    endloop
  endfacet
  facet normal -0.000000000000000  0.761673545385241 -0.647960963531197
    outer loop
      vertex  0.935184466741034  0.935184466741034  0.845526052921279
      vertex  0.724921256139323  0.834424958827217  0.727083961586414
      vertex  0.844871221485773  0.935184466741034  0.845526052921279
    endloop
  endfacet
  facet normal -0.000000000000000  0.761673545385241 -0.647960963531197
    outer loop
      vertex  0.935184466741034  0.935184466741034  0.845526052921279
      vertex  0.834424958827217  0.834424958827217  0.727083961586414
      vertex  0.724921256139323  0.834424958827217  0.727083961586414
    endloop
  endfacet
  facet normal -0.000000000000000  0.814939830603190 -0.579545574132392
    outer loop
      vertex  0.834424958827217  0.834424958827217  0.727083961586414
      vertex  0.592508845362522  0.741451966818633  0.596348092415858
      vertex  0.724921256139323  0.834424958827217  0.727083961586414
    endloop
  endfacet
  facet normal -0.000000000000000  0.814939830603190 -0.579545574132392
    outer loop
      vertex  0.834424958827217  0.834424958827217  0.727083961586414
      vertex  0.741451966818633  0.741451966818633  0.596348092415858
      vertex  0.592508845362522  0.741451966818633  0.596348092415858
    endloop
  endfacet
  facet normal -0.000000000000000  0.910628769179348 -0.413225416380583
    outer loop
      vertex  0.741451966818633  0.741451966818633  0.596348092415858
      vertex  0.499999999999980  0.700000000000000  0.505000000000000
      vertex  0.592508845362522  0.741451966818633  0.596348092415858
    endloop
  endfacet
  facet normal -0.000000000000000  0.910628769179348 -0.413225416380583
    outer loop
      vertex  0.741451966818633  0.741451966818633  0.596348092415858
      vertex  0.700000000000000  0.700000000000000  0.505000000000000
      vertex  0.499999999999980  0.700000000000000  0.505000000000000
    endloop
  endfacet
  facet normal -0.837011187815602  0.385782246266038  0.388051968088611
    outer loop
      vertex  0.900000000000010  1.000000000000000  0.900000000000000
      vertex  0.844871221485773  0.935184466741034  0.845526052921279
      vertex  0.844871221485773  0.844871221485764  0.935311054640930
    endloop
  endfacet
  facet normal -0.838180298697864  0.385651258830423  0.385651258830138
    outer loop
      vertex  0.844871221485773  0.844871221485764  0.935311054640930
      vertex  0.900000000000010  0.900000000000010  0.999999999999980
      vertex  0.900000000000010  0.925003010286641  0.974996989713352
    endloop
  endfacet
  facet normal -0.838180298697829  0.385651258830301  0.385651258830336
    outer loop
      vertex  0.844871221485773  0.844871221485764  0.935311054640930
      vertex  0.900000000000010  0.925003010286641  0.974996989713352
      vertex  0.900000000000010  0.950003010196028  0.949996989803967
    endloop
  endfacet
  facet normal -0.838180298697828  0.385651258830301  0.385651258830338
    outer loop
      vertex  0.844871221485773  0.844871221485764  0.935311054640930
      vertex  0.900000000000010  0.950003010196028  0.949996989803967
      vertex  0.900000000000010  0.975003010105415  0.924996989894582
    endloop
  endfacet
  facet normal -0.838180298697761  0.385651258830285  0.385651258830499
    outer loop
      vertex  0.844871221485773  0.844871221485764  0.935311054640930
      vertex  0.900000000000010  0.975003010105415  0.924996989894582
      vertex  0.900000000000010  1.000000000000000  0.900000000000000
    endloop
  endfacet
  facet normal -0.791035471544393  0.428936338856280  0.436206946261875
    outer loop
      vertex  0.844871221485773  0.935184466741034  0.845526052921279
      vertex  0.724921256139323  0.834424958827217  0.727083961586414
      vertex  0.724921256139323  0.724921256139312  0.834762479144806
    endloop
  endfacet
  facet normal -0.792510854188668  0.429967894227030  0.432497579099723
    outer loop
      vertex  0.844871221485773  0.935184466741034  0.845526052921279
      vertex  0.724921256139323  0.724921256139312  0.834762479144806
      vertex  0.844871221485773  0.844871221485764  0.935311054640930
    endloop
  endfacet
  facet normal -0.767414937497371  0.448004034224090  0.458657496422816
    outer loop
      vertex  0.724921256139323  0.834424958827217  0.727083961586414
      vertex  0.592508845362522  0.741451966818633  0.596348092415858
      vertex  0.592508845362522  0.592508845362508  0.741831639076902
    endloop
  endfacet
  facet normal -0.768630201701894  0.448514320225200  0.456116780643546
    outer loop
      vertex  0.724921256139323  0.834424958827217  0.727083961586414
      vertex  0.592508845362522  0.592508845362508  0.741831639076902
      vertex  0.724921256139323  0.724921256139312  0.834762479144806
    endloop
  endfacet
  facet normal -0.714012926570276  0.488762605092287  0.501294979581833
    outer loop
      vertex  0.592508845362522  0.741451966818633  0.596348092415858
      vertex  0.499999999999980  0.700000000000000  0.505000000000000
      vertex  0.499999999999980  0.499999999999980  0.699999999999961
    endloop
  endfacet
  facet normal -0.714837288836464  0.488629385645887  0.500248912015065
    outer loop
      vertex  0.592508845362522  0.741451966818633  0.596348092415858
      vertex  0.499999999999980  0.499999999999980  0.699999999999961
      vertex  0.592508845362522  0.592508845362508  0.741831639076902
    endloop
  endfacet
  facet normal  0.643392186387975  0.000000000000267 -0.765536736215122
    outer loop
      vertex  0.935184466741034  0.935184466741034  0.845526052921279
      vertex  1.000000000000000  1.000000000000000  0.900000000000000
      vertex  1.000000000000000  0.975003010105415  0.900000000000000
    endloop
  endfacet
  facet normal  0.643392186388070  0.000000000000003 -0.765536736215042
    outer loop
      vertex  0.935184466741034  0.935184466741034  0.845526052921279
      vertex  1.000000000000000  0.975003010105415  0.900000000000000
      vertex  1.000000000000000  0.950003010196028  0.900000000000000
    endloop
  endfacet
  facet normal  0.643392186388071 -0.000000000000003 -0.765536736215042
    outer loop
      vertex  0.935184466741034  0.935184466741034  0.845526052921279
      vertex  1.000000000000000  0.950003010196028  0.900000000000000
      vertex  1.000000000000000  0.925003010286641  0.900000000000000
    endloop
  endfacet
  facet normal  0.643392186388131 -0.000000000000000 -0.765536736214991
    outer loop
      vertex  0.935184466741034  0.935184466741034  0.845526052921279
      vertex  1.000000000000000  0.900000000000010  0.900000000000000
      vertex  0.935184466741034  0.844871221485764  0.845526052921279
    endloop
  endfacet
  facet normal  0.643392186388046 -0.000000000000267 -0.765536736215062
    outer loop
      vertex  0.935184466741034  0.935184466741034  0.845526052921279
      vertex  1.000000000000000  0.925003010286641  0.900000000000000
      vertex  1.000000000000000  0.900000000000010  0.900000000000000
    endloop
  endfacet
  facet normal  0.761673545385241 -0.000000000000000 -0.647960963531197
    outer loop
      vertex  0.935184466741034  0.935184466741034  0.845526052921279
      vertex  0.834424958827217  0.724921256139312  0.727083961586414
      vertex  0.834424958827217  0.834424958827217  0.727083961586414
    endloop
  endfacet
  facet normal  0.761673545385241 -0.000000000000000 -0.647960963531197
    outer loop
      vertex  0.935184466741034  0.935184466741034  0.845526052921279
      vertex  0.935184466741034  0.844871221485764  0.845526052921279
      vertex  0.834424958827217  0.724921256139312  0.727083961586414
    endloop
  endfacet
  facet normal  0.814939830603190 -0.000000000000000 -0.579545574132392
    outer loop
      vertex  0.834424958827217  0.834424958827217  0.727083961586414
      vertex  0.741451966818633  0.592508845362508  0.596348092415858
      vertex  0.741451966818633  0.741451966818633  0.596348092415858
    endloop
  endfacet
  facet normal  0.814939830603190 -0.000000000000000 -0.579545574132392
    outer loop
      vertex  0.834424958827217  0.834424958827217  0.727083961586414
      vertex  0.834424958827217  0.724921256139312  0.727083961586414
      vertex  0.741451966818633  0.592508845362508  0.596348092415858
    endloop
  endfacet
  facet normal  0.910628769179348 -0.000000000000000 -0.413225416380583
    outer loop
      vertex  0.741451966818633  0.592508845362508  0.596348092415858
      vertex  0.700000000000000  0.499999999999980  0.505000000000000
      vertex  0.700000000000000  0.525004515565886  0.505000000000000
    endloop
  endfacet
  facet normal  0.910628769179348 -0.000000000000000 -0.413225416380583
    outer loop
      vertex  0.741451966818633  0.592508845362508  0.596348092415858
      vertex  0.700000000000000  0.525004515565886  0.505000000000000
      vertex  0.700000000000000  0.550006020573282  0.505000000000000
    endloop
  endfacet
  facet normal  0.910628769179348 -0.000000000000000 -0.413225416380583
    outer loop
      vertex  0.741451966818633  0.592508845362508  0.596348092415858
      vertex  0.700000000000000  0.550006020573282  0.505000000000000
      vertex  0.700000000000000  0.575007525580677  0.505000000000000
    endloop
  endfacet
  facet normal  0.910628769179348 -0.000000000000002 -0.413225416380582
    outer loop
      vertex  0.741451966818633  0.592508845362508  0.596348092415858
      vertex  0.700000000000000  0.575007525580677  0.505000000000000
      vertex  0.700000000000000  0.600006020392056  0.505000000000000
    endloop
  endfacet
  facet normal  0.910628769179348  0.000000000000002 -0.413225416380582
    outer loop
      vertex  0.741451966818633  0.592508845362508  0.596348092415858
      vertex  0.700000000000000  0.600006020392056  0.505000000000000
      vertex  0.700000000000000  0.625007525399452  0.505000000000000
    endloop
  endfacet
  facet normal  0.910628769179348 -0.000000000000000 -0.413225416380583
    outer loop
      vertex  0.741451966818633  0.592508845362508  0.596348092415858
      vertex  0.700000000000000  0.625007525399452  0.505000000000000
      vertex  0.700000000000000  0.650006020210830  0.505000000000000
    endloop
  endfacet
  facet normal  0.910628769179348 -0.000000000000000 -0.413225416380583
    outer loop
      vertex  0.741451966818633  0.592508845362508  0.596348092415858
      vertex  0.700000000000000  0.650006020210830  0.505000000000000
      vertex  0.700000000000000  0.675004515022209  0.505000000000000
    endloop
  endfacet
  facet normal  0.910628769179348 -0.000000000000000 -0.413225416380583
    outer loop
      vertex  0.741451966818633  0.592508845362508  0.596348092415858
      vertex  0.700000000000000  0.700000000000000  0.505000000000000
      vertex  0.741451966818633  0.741451966818633  0.596348092415858
    endloop
  endfacet
  facet normal  0.910628769179348 -0.000000000000000 -0.413225416380583
    outer loop
      vertex  0.741451966818633  0.592508845362508  0.596348092415858
      vertex  0.700000000000000  0.675004515022209  0.505000000000000
      vertex  0.700000000000000  0.700000000000000  0.505000000000000
    endloop
  endfacet
  facet normal  0.599984586998340 -0.000000000000000  0.800011559519256
    outer loop
      vertex  0.000000000000000  0.099999999999990  0.100000000000000
      vertex  0.000000000000000  0.074996989713359  0.100000000000000
      vertex  0.099999999999990  0.074996989713359  0.025003010286648
    endloop
  endfacet
  facet normal  0.577350269189607  0.577350269189607  0.577350269189664
    outer loop
      vertex  0.000000000000000  0.099999999999990  0.100000000000000
      vertex  0.099999999999990  0.074996989713359  0.025003010286648
      vertex  0.099999999999990  0.099999999999990  0.000000000000020
    endloop
  endfacet
  facet normal  0.447192055901513 -0.000000000000000  0.894437960474945
    outer loop
      vertex  0.000000000000000  0.074996989713359  0.100000000000000
      vertex  0.000000000000000  0.049996989803972  0.100000000000000
      vertex  0.099999999999990  0.049996989803972  0.050003010196033
    endloop
  endfacet
  facet normal  0.468506608311620  0.624700551451759  0.624700551451821
    outer loop
      vertex  0.000000000000000  0.074996989713359  0.100000000000000
      vertex  0.099999999999990  0.049996989803972  0.050003010196033
      vertex  0.099999999999990  0.074996989713359  0.025003010286648
    endloop
  endfacet
  facet normal  0.242508140215470 -0.000000000000000  0.970149370936885
    outer loop
      vertex  0.000000000000000  0.049996989803972  0.100000000000000
      vertex  0.000000000000000  0.024996989894585  0.100000000000000
      vertex  0.099999999999990  0.024996989894585  0.075003010105418
    endloop
  endfacet
  facet normal  0.333315494955677  0.666671126126805  0.666671126126871
    outer loop
      vertex  0.000000000000000  0.049996989803972  0.100000000000000
      vertex  0.099999999999990  0.024996989894585  0.075003010105418
      vertex  0.099999999999990  0.049996989803972  0.050003010196033
    endloop
  endfacet
  facet normal -0.000000000000000 -0.000000000000000  1.000000000000000
    outer loop
      vertex  0.000000000000000  0.024996989894585  0.100000000000000
      vertex  0.000000000000000  0.000000000000000  0.100000000000000
      vertex  0.099999999999990  0.000000000000000  0.100000000000000
    endloop
  endfacet
  facet normal  0.174057331302614  0.696313164251443  0.696313164251513
    outer loop
      vertex  0.000000000000000  0.024996989894585  0.100000000000000
      vertex  0.099999999999990  0.000000000000000  0.100000000000000
      vertex  0.099999999999990  0.024996989894585  0.075003010105418
    endloop
  endfacet
  facet normal -0.000000000000000  0.000000000000000 -1.000000000000000
    outer loop
      vertex  0.000000000000000  0.099999999999990  0.000000000000000
      vertex  0.099999999999990  0.000000000000000  0.000000000000000
      vertex  0.000000000000000  0.000000000000000  0.000000000000000
    endloop
  endfacet
  facet normal -0.000000000000000 -0.000000000000000 -1.000000000000000
    outer loop
      vertex  0.000000000000000  0.099999999999990  0.000000000000000
      vertex  0.099999999999990  0.099999999999990  0.000000000000020
      vertex  0.099999999999990  0.000000000000000  0.000000000000000
    endloop
  endfacet
  facet normal -0.000000000000000  1.000000000000000 -0.000000000000000
    outer loop
      vertex  0.000000000000000  0.099999999999990  0.100000000000000
      vertex  0.099999999999990  0.099999999999990  0.000000000000020
      vertex  0.000000000000000  0.099999999999990  0.000000000000000
    endloop
  endfacet
  facet normal -0.000000000000000 -1.000000000000000  0.000000000000000
    outer loop
      vertex  0.000000000000000  0.000000000000000  0.100000000000000
      vertex  0.099999999999990  0.000000000000000  0.000000000000000
      vertex  0.099999999999990  0.000000000000000  0.100000000000000
    endloop
  endfacet
  facet normal -0.000000000000000 -1.000000000000000  0.000000000000000
    outer loop
      vertex  0.000000000000000  0.000000000000000  0.100000000000000
      vertex  0.000000000000000  0.000000000000000  0.000000000000000
      vertex  0.099999999999990  0.000000000000000  0.000000000000000
    endloop
  endfacet
  facet normal  1.000000000000000 -0.000000000000000  0.000000000000400
    outer loop
      vertex  0.099999999999990  0.000000000000000  0.000000000000000
      vertex  0.099999999999990  0.099999999999990  0.000000000000020
      vertex  0.099999999999990  0.074996989713359  0.025003010286648
    endloop
  endfacet
  facet normal  1.000000000000000  0.000000000000100  0.000000000000100
    outer loop
      vertex  0.099999999999990  0.000000000000000  0.000000000000000
      vertex  0.099999999999990  0.074996989713359  0.025003010286648
      vertex  0.099999999999990  0.049996989803972  0.050003010196033
    endloop
  endfacet
  facet normal  1.000000000000000  0.000000000000100  0.000000000000100
    outer loop
      vertex  0.099999999999990  0.000000000000000  0.000000000000000
      vertex  0.099999999999990  0.049996989803972  0.050003010196033
      vertex  0.099999999999990  0.024996989894585  0.075003010105418
    endloop
  endfacet
  facet normal  1.000000000000000  0.000000000000400 -0.000000000000000
    outer loop
      vertex  0.099999999999990  0.000000000000000  0.000000000000000
      vertex  0.099999999999990  0.024996989894585  0.075003010105418
      vertex  0.099999999999990  0.000000000000000  0.100000000000000
    endloop
  endfacet
  facet normal -1.000000000000000  0.000000000000000 -0.000000000000000
    outer loop
      vertex  0.000000000000000  0.000000000000000  0.000000000000000
      vertex  0.000000000000000  0.000000000000000  0.100000000000000
      vertex  0.000000000000000  0.024996989894585  0.100000000000000
    endloop
  endfacet
  facet normal -1.000000000000000  0.000000000000000 -0.000000000000000
    outer loop
      vertex  0.000000000000000  0.000000000000000  0.000000000000000
      vertex  0.000000000000000  0.024996989894585  0.100000000000000
      vertex  0.000000000000000  0.049996989803972  0.100000000000000
    endloop
  endfacet
  facet normal -1.000000000000000 -0.000000000000000  0.000000000000000
    outer loop
      vertex  0.000000000000000  0.000000000000000  0.000000000000000
      vertex  0.000000000000000  0.049996989803972  0.100000000000000
      vertex  0.000000000000000  0.074996989713359  0.100000000000000
    endloop
  endfacet
  facet normal -1.000000000000000 -0.000000000000000 -0.000000000000000
    outer loop
      vertex  0.000000000000000  0.000000000000000  0.000000000000000
      vertex  0.000000000000000  0.099999999999990  0.100000000000000
      vertex  0.000000000000000  0.099999999999990  0.000000000000000
    endloop
  endfacet
  facet normal -1.000000000000000 -0.000000000000000  0.000000000000000
    outer loop
      vertex  0.000000000000000  0.000000000000000  0.000000000000000
      vertex  0.000000000000000  0.074996989713359  0.100000000000000
      vertex  0.000000000000000  0.099999999999990  0.100000000000000
    endloop
  endfacet
  facet normal -0.408231904538857  0.408231904538857  0.816512966359479
    outer loop
      vertex  0.950003010196028  0.099999999999990  0.050003010196033
      vertex  0.900000000000010  0.049996989803972  0.050003010196033
      vertex  0.950003010196028  0.049996989803972  0.075003010105415
    endloop
  endfacet
  facet normal -0.577350269189607  0.577350269189607  0.577350269189663
    outer loop
      vertex  0.950003010196028  0.099999999999990  0.050003010196033
      vertex  0.900000000000010  0.099999999999990  0.000000000000020
      vertex  0.900000000000010  0.049996989803972  0.050003010196033
    endloop
  endfacet
  facet normal -0.000000000000000  0.447192055901513  0.894437960474945
    outer loop
      vertex  0.950003010196028  0.049996989803972  0.075003010105415
      vertex  0.900000000000010  0.000000000000000  0.100000000000000
      vertex  0.950003010196028  0.000000000000000  0.100000000000000
    endloop
  endfacet
  facet normal -0.333315494955677  0.666671126126804  0.666671126126872
    outer loop
      vertex  0.950003010196028  0.049996989803972  0.075003010105415
      vertex  0.900000000000010  0.049996989803972  0.050003010196033
      vertex  0.900000000000010  0.000000000000000  0.100000000000000
    endloop
  endfacet
  facet normal -0.447192055901512 -0.000000000000000  0.894437960474945
    outer loop
      vertex  1.000000000000000  0.099999999999990  0.100000000000000
      vertex  0.950003010196028  0.049996989803972  0.075003010105415
      vertex  1.000000000000000  0.049996989803972  0.100000000000000
    endloop
  endfacet
  facet normal -0.666671126126804  0.333315494955677  0.666671126126872
    outer loop
      vertex  1.000000000000000  0.099999999999990  0.100000000000000
      vertex  0.950003010196028  0.099999999999990  0.050003010196033
      vertex  0.950003010196028  0.049996989803972  0.075003010105415
    endloop
  endfacet
  facet normal -0.000000000000000 -0.000000000000000  1.000000000000000
    outer loop
      vertex  1.000000000000000  0.049996989803972  0.100000000000000
      vertex  0.950003010196028  0.000000000000000  0.100000000000000
      vertex  1.000000000000000  0.000000000000000  0.100000000000000
    endloop
  endfacet
  facet normal -0.408231904538856  0.408231904538857  0.816512966359479
    outer loop
      vertex  1.000000000000000  0.049996989803972  0.100000000000000
      vertex  0.950003010196028  0.049996989803972  0.075003010105415
      vertex  0.950003010196028  0.000000000000000  0.100000000000000
    endloop
  endfacet
  facet normal -0.000000000000000 -0.000000000000000 -1.000000000000000
    outer loop
      vertex  1.000000000000000  0.099999999999990  0.000000000000000
      vertex  0.900000000000010  0.000000000000000  0.000000000000000
      vertex  0.900000000000010  0.099999999999990  0.000000000000020
    endloop
  endfacet
  facet normal -0.000000000000000  0.000000000000000 -1.000000000000000
    outer loop
      vertex  1.000000000000000  0.099999999999990  0.000000000000000
      vertex  1.000000000000000  0.000000000000000  0.000000000000000
      vertex  0.900000000000010  0.000000000000000  0.000000000000000
    endloop
  endfacet
  facet normal -0.000000000000000  1.000000000000000  0.000000000000200
    outer loop
      vertex  1.000000000000000  0.099999999999990  0.000000000000000
      vertex  0.900000000000010  0.099999999999990  0.000000000000020
      vertex  0.950003010196028  0.099999999999990  0.050003010196033
    endloop
  endfacet
  facet normal -0.000000000000200  1.000000000000000 -0.000000000000000
    outer loop
      vertex  1.000000000000000  0.099999999999990  0.000000000000000
      vertex  0.950003010196028  0.099999999999990  0.050003010196033
      vertex  1.000000000000000  0.099999999999990  0.100000000000000
    endloop
  endfacet
  facet normal -0.000000000000000 -1.000000000000000 -0.000000000000000
    outer loop
      vertex  1.000000000000000  0.000000000000000  0.000000000000000
      vertex  1.000000000000000  0.000000000000000  0.100000000000000
      vertex  0.950003010196028  0.000000000000000  0.100000000000000
    endloop
  endfacet
  facet normal  0.000000000000000 -1.000000000000000 -0.000000000000000
    outer loop
      vertex  1.000000000000000  0.000000000000000  0.000000000000000
      vertex  0.900000000000010  0.000000000000000  0.100000000000000
      vertex  0.900000000000010  0.000000000000000  0.000000000000000
    endloop
  endfacet
  facet normal -0.000000000000000 -1.000000000000000 -0.000000000000000
    outer loop
      vertex  1.000000000000000  0.000000000000000  0.000000000000000
      vertex  0.950003010196028  0.000000000000000  0.100000000000000
      vertex  0.900000000000010  0.000000000000000  0.100000000000000
    endloop
  endfacet
  facet normal -1.000000000000000  0.000000000000198 -0.000000000000000
    outer loop
      vertex  0.900000000000010  0.000000000000000  0.000000000000000
      vertex  0.900000000000010  0.000000000000000  0.100000000000000
      vertex  0.900000000000010  0.049996989803972  0.050003010196033
    endloop
  endfacet
  facet normal -1.000000000000000 -0.000000000000000  0.000000000000198
    outer loop
      vertex  0.900000000000010  0.000000000000000  0.000000000000000
      vertex  0.900000000000010  0.049996989803972  0.050003010196033
      vertex  0.900000000000010  0.099999999999990  0.000000000000020
    endloop
  endfacet
  facet normal  1.000000000000000  0.000000000000000  0.000000000000000
    outer loop
      vertex  1.000000000000000  0.099999999999990  0.000000000000000
      vertex  1.000000000000000  0.099999999999990  0.100000000000000
      vertex  1.000000000000000  0.049996989803972  0.100000000000000
    endloop
  endfacet
  facet normal  1.000000000000000 -0.000000000000000 -0.000000000000000
    outer loop
      vertex  1.000000000000000  0.099999999999990  0.000000000000000
      vertex  1.000000000000000  0.000000000000000  0.100000000000000
      vertex  1.000000000000000  0.000000000000000  0.000000000000000
    endloop
  endfacet
  facet normal  1.000000000000000 -0.000000000000000  0.000000000000000
    outer loop
      vertex  1.000000000000000  0.099999999999990  0.000000000000000
      vertex  1.000000000000000  0.049996989803972  0.100000000000000
      vertex  1.000000000000000  0.000000000000000  0.100000000000000
    endloop
  endfacet
  facet normal  0.599984586998340  0.000000000000000  0.800011559519256
    outer loop
      vertex  0.000000000000000  0.900000000000010  0.100000000000000
      vertex  0.099999999999990  0.925003010286641  0.025003010286648
      vertex  0.000000000000000  0.925003010286641  0.100000000000000
    endloop
  endfacet
  facet normal  0.577350269189607 -0.577350269189606  0.577350269189664
    outer loop
      vertex  0.000000000000000  0.900000000000010  0.100000000000000
      vertex  0.099999999999990  0.900000000000010  0.000000000000020
      vertex  0.099999999999990  0.925003010286641  0.025003010286648
    endloop
  endfacet
  facet normal  0.447192055901513  0.000000000000000  0.894437960474945
    outer loop
      vertex  0.000000000000000  0.925003010286641  0.100000000000000
      vertex  0.099999999999990  0.950003010196028  0.050003010196033
      vertex  0.000000000000000  0.950003010196028  0.100000000000000
    endloop
  endfacet
  facet normal  0.468506608311619 -0.624700551451761  0.624700551451820
    outer loop
      vertex  0.000000000000000  0.925003010286641  0.100000000000000
      vertex  0.099999999999990  0.925003010286641  0.025003010286648
      vertex  0.099999999999990  0.950003010196028  0.050003010196033
    endloop
  endfacet
  facet normal  0.242508140215470  0.000000000000000  0.970149370936885
    outer loop
      vertex  0.000000000000000  0.950003010196028  0.100000000000000
      vertex  0.099999999999990  0.975003010105415  0.075003010105418
      vertex  0.000000000000000  0.975003010105415  0.100000000000000
    endloop
  endfacet
  facet normal  0.333315494955677 -0.666671126126803  0.666671126126872
    outer loop
      vertex  0.000000000000000  0.950003010196028  0.100000000000000
      vertex  0.099999999999990  0.950003010196028  0.050003010196033
      vertex  0.099999999999990  0.975003010105415  0.075003010105418
    endloop
  endfacet
  facet normal  0.000000000000000  0.000000000000000  1.000000000000000
    outer loop
      vertex  0.000000000000000  0.975003010105415  0.100000000000000
      vertex  0.099999999999990  1.000000000000000  0.100000000000000
      vertex  0.000000000000000  1.000000000000000  0.100000000000000
    endloop
  endfacet
  facet normal  0.174057331302614 -0.696313164251443  0.696313164251514
    outer loop
      vertex  0.000000000000000  0.975003010105415  0.100000000000000
      vertex  0.099999999999990  0.975003010105415  0.075003010105418
      vertex  0.099999999999990  1.000000000000000  0.100000000000000
    endloop
  endfacet
  facet normal -0.000000000000000 -0.000000000000000 -1.000000000000000
    outer loop
      vertex  0.000000000000000  0.900000000000010  0.000000000000000
      vertex  0.099999999999990  1.000000000000000  0.000000000000000
      vertex  0.099999999999990  0.900000000000010  0.000000000000020
    endloop
  endfacet
  facet normal  0.000000000000000 -0.000000000000000 -1.000000000000000
    outer loop
      vertex  0.000000000000000  0.900000000000010  0.000000000000000
      vertex  0.000000000000000  1.000000000000000  0.000000000000000
      vertex  0.099999999999990  1.000000000000000  0.000000000000000
    endloop
  endfacet
  facet normal -0.000000000000000 -1.000000000000000  0.000000000000000
    outer loop
      vertex  0.000000000000000  0.900000000000010  0.100000000000000
      vertex  0.000000000000000  0.900000000000010  0.000000000000000
      vertex  0.099999999999990  0.900000000000010  0.000000000000020
    endloop
  endfacet
  facet normal -0.000000000000000  1.000000000000000 -0.000000000000000
    outer loop
      vertex  0.000000000000000  1.000000000000000  0.100000000000000
      vertex  0.099999999999990  1.000000000000000  0.000000000000000
      vertex  0.000000000000000  1.000000000000000  0.000000000000000
    endloop
  endfacet
  facet normal  0.000000000000000  1.000000000000000  0.000000000000000
    outer loop
      vertex  0.000000000000000  1.000000000000000  0.100000000000000
      vertex  0.099999999999990  1.000000000000000  0.100000000000000
      vertex  0.099999999999990  1.000000000000000  0.000000000000000
    endloop
  endfacet
  facet normal  1.000000000000000 -0.000000000000400 -0.000000000000000
    outer loop
      vertex  0.099999999999990  1.000000000000000  0.000000000000000
      vertex  0.099999999999990  1.000000000000000  0.100000000000000
      vertex  0.099999999999990  0.975003010105415  0.075003010105418
    endloop
  endfacet
  facet normal  1.000000000000000 -0.000000000000100  0.000000000000100
    outer loop
      vertex  0.099999999999990  1.000000000000000  0.000000000000000
      vertex  0.099999999999990  0.975003010105415  0.075003010105418
      vertex  0.099999999999990  0.950003010196028  0.050003010196033
    endloop
  endfacet
  facet normal  1.000000000000000 -0.000000000000100  0.000000000000100
    outer loop
      vertex  0.099999999999990  1.000000000000000  0.000000000000000
      vertex  0.099999999999990  0.950003010196028  0.050003010196033
      vertex  0.099999999999990  0.925003010286641  0.025003010286648
    endloop
  endfacet
  facet normal  1.000000000000000 -0.000000000000000  0.000000000000400
    outer loop
      vertex  0.099999999999990  1.000000000000000  0.000000000000000
      vertex  0.099999999999990  0.925003010286641  0.025003010286648
      vertex  0.099999999999990  0.900000000000010  0.000000000000020
    endloop
  endfacet
  facet normal -1.000000000000000  0.000000000000000 -0.000000000000000
    outer loop
      vertex  0.000000000000000  0.900000000000010  0.000000000000000
      vertex  0.000000000000000  0.900000000000010  0.100000000000000
      vertex  0.000000000000000  0.925003010286641  0.100000000000000
    endloop
  endfacet
  facet normal -1.000000000000000  0.000000000000000 -0.000000000000000
    outer loop
      vertex  0.000000000000000  0.900000000000010  0.000000000000000
      vertex  0.000000000000000  0.925003010286641  0.100000000000000
      vertex  0.000000000000000  0.950003010196028  0.100000000000000
    endloop
  endfacet
  facet normal -1.000000000000000  0.000000000000000 -0.000000000000000
    outer loop
      vertex  0.000000000000000  0.900000000000010  0.000000000000000
      vertex  0.000000000000000  0.950003010196028  0.100000000000000
      vertex  0.000000000000000  0.975003010105415  0.100000000000000
    endloop
  endfacet
  facet normal -1.000000000000000 -0.000000000000000 -0.000000000000000
    outer loop
      vertex  0.000000000000000  0.900000000000010  0.000000000000000
      vertex  0.000000000000000  1.000000000000000  0.100000000000000
      vertex  0.000000000000000  1.000000000000000  0.000000000000000
    endloop
  endfacet
  facet normal -1.000000000000000 -0.000000000000000 -0.000000000000000
    outer loop
      vertex  0.000000000000000  0.900000000000010  0.000000000000000
      vertex  0.000000000000000  0.975003010105415  0.100000000000000
      vertex  0.000000000000000  1.000000000000000  0.100000000000000
    endloop
  endfacet
  facet normal -0.599984586998340 -0.000000000000000  0.800011559519256
    outer loop
      vertex  1.000000000000000  0.900000000000010  0.100000000000000
      vertex  1.000000000000000  0.925003010286641  0.100000000000000
      vertex  0.900000000000010  0.925003010286641  0.025003010286648
    endloop
  endfacet
  facet normal -0.577350269189606 -0.577350269189608  0.577350269189664
    outer loop
      vertex  1.000000000000000  0.900000000000010  0.100000000000000
      vertex  0.900000000000010  0.925003010286641  0.025003010286648
      vertex  0.900000000000010  0.900000000000010  0.000000000000020
    endloop
  endfacet
  facet normal -0.447192055901512 -0.000000000000000  0.894437960474945
    outer loop
      vertex  1.000000000000000  0.925003010286641  0.100000000000000
      vertex  1.000000000000000  0.950003010196028  0.100000000000000
      vertex  0.900000000000010  0.950003010196028  0.050003010196033
    endloop
  endfacet
  facet normal -0.468506608311619 -0.624700551451761  0.624700551451820
    outer loop
      vertex  1.000000000000000  0.925003010286641  0.100000000000000
      vertex  0.900000000000010  0.950003010196028  0.050003010196033
      vertex  0.900000000000010  0.925003010286641  0.025003010286648
    endloop
  endfacet
  facet normal -0.242508140215470 -0.000000000000000  0.970149370936885
    outer loop
      vertex  1.000000000000000  0.950003010196028  0.100000000000000
      vertex  1.000000000000000  0.975003010105415  0.100000000000000
      vertex  0.900000000000010  0.975003010105415  0.075003010105418
    endloop
  endfacet
  facet normal -0.333315494955677 -0.666671126126803  0.666671126126873
    outer loop
      vertex  1.000000000000000  0.950003010196028  0.100000000000000
      vertex  0.900000000000010  0.975003010105415  0.075003010105418
      vertex  0.900000000000010  0.950003010196028  0.050003010196033
    endloop
  endfacet
  facet normal  0.000000000000000  0.000000000000000  1.000000000000000
    outer loop
      vertex  1.000000000000000  0.975003010105415  0.100000000000000
      vertex  1.000000000000000  1.000000000000000  0.100000000000000
      vertex  0.900000000000010  1.000000000000000  0.100000000000000
    endloop
  endfacet
  facet normal -0.174057331302614 -0.696313164251443  0.696313164251514
    outer loop
      vertex  1.000000000000000  0.975003010105415  0.100000000000000
      vertex  0.900000000000010  1.000000000000000  0.100000000000000
      vertex  0.900000000000010  0.975003010105415  0.075003010105418
    endloop
  endfacet
  facet normal  0.000000000000000 -0.000000000000000 -1.000000000000000
    outer loop
      vertex  1.000000000000000  0.900000000000010  0.000000000000000
      vertex  0.900000000000010  1.000000000000000  0.000000000000000
      vertex  1.000000000000000  1.000000000000000  0.000000000000000
    endloop
  endfacet
  facet normal  0.000000000000000 -0.000000000000000 -1.000000000000000
    outer loop
      vertex  1.000000000000000  0.900000000000010  0.000000000000000
      vertex  0.900000000000010  0.900000000000010  0.000000000000020
      vertex  0.900000000000010  1.000000000000000  0.000000000000000
    endloop
  endfacet
  facet normal -0.000000000000000 -1.000000000000000 -0.000000000000000
    outer loop
      vertex  1.000000000000000  0.900000000000010  0.100000000000000
      vertex  0.900000000000010  0.900000000000010  0.000000000000020
      vertex  1.000000000000000  0.900000000000010  0.000000000000000
    endloop
  endfacet
  facet normal -0.000000000000000  1.000000000000000 -0.000000000000000
    outer loop
      vertex  1.000000000000000  1.000000000000000  0.100000000000000
      vertex  0.900000000000010  1.000000000000000  0.000000000000000
      vertex  0.900000000000010  1.000000000000000  0.100000000000000
    endloop
  endfacet
  facet normal -0.000000000000000  1.000000000000000 -0.000000000000000
    outer loop
      vertex  1.000000000000000  1.000000000000000  0.100000000000000
      vertex  1.000000000000000  1.000000000000000  0.000000000000000
      vertex  0.900000000000010  1.000000000000000  0.000000000000000
    endloop
  endfacet
  facet normal -1.000000000000000 -0.000000000000000  0.000000000000395
    outer loop
      vertex  0.900000000000010  1.000000000000000  0.000000000000000
      vertex  0.900000000000010  0.900000000000010  0.000000000000020
      vertex  0.900000000000010  0.925003010286641  0.025003010286648
    endloop
  endfacet
  facet normal -1.000000000000000 -0.000000000000099  0.000000000000099
    outer loop
      vertex  0.900000000000010  1.000000000000000  0.000000000000000
      vertex  0.900000000000010  0.925003010286641  0.025003010286648
      vertex  0.900000000000010  0.950003010196028  0.050003010196033
    endloop
  endfacet
  facet normal -1.000000000000000 -0.000000000000097  0.000000000000101
    outer loop
      vertex  0.900000000000010  1.000000000000000  0.000000000000000
      vertex  0.900000000000010  0.950003010196028  0.050003010196033
      vertex  0.900000000000010  0.975003010105415  0.075003010105418
    endloop
  endfacet
  facet normal -1.000000000000000 -0.000000000000400 -0.000000000000000
    outer loop
      vertex  0.900000000000010  1.000000000000000  0.000000000000000
      vertex  0.900000000000010  0.975003010105415  0.075003010105418
      vertex  0.900000000000010  1.000000000000000  0.100000000000000
    endloop
  endfacet
  facet normal  1.000000000000000  0.000000000000000  0.000000000000000
    outer loop
      vertex  1.000000000000000  1.000000000000000  0.000000000000000
      vertex  1.000000000000000  1.000000000000000  0.100000000000000
      vertex  1.000000000000000  0.975003010105415  0.100000000000000
    endloop
  endfacet
  facet normal  1.000000000000000  0.000000000000000  0.000000000000000
    outer loop
      vertex  1.000000000000000  1.000000000000000  0.000000000000000
      vertex  1.000000000000000  0.975003010105415  0.100000000000000
      vertex  1.000000000000000  0.950003010196028  0.100000000000000
    endloop
  endfacet
  facet normal  1.000000000000000  0.000000000000000  0.000000000000000
    outer loop
      vertex  1.000000000000000  1.000000000000000  0.000000000000000
      vertex  1.000000000000000  0.950003010196028  0.100000000000000
      vertex  1.000000000000000  0.925003010286641  0.100000000000000
    endloop
  endfacet
  facet normal  1.000000000000000 -0.000000000000000 -0.000000000000000
    outer loop
      vertex  1.000000000000000  1.000000000000000  0.000000000000000
      vertex  1.000000000000000  0.900000000000010  0.100000000000000
      vertex  1.000000000000000  0.900000000000010  0.000000000000000
    endloop
  endfacet
  facet normal  1.000000000000000 -0.000000000000000  0.000000000000000
    outer loop
      vertex  1.000000000000000  1.000000000000000  0.000000000000000
      vertex  1.000000000000000  0.925003010286641  0.100000000000000
      vertex  1.000000000000000  0.900000000000010  0.100000000000000
    endloop
  endfacet
  facet normal  0.599984586998340 -0.000000000000000 -0.800011559519255
    outer loop
      vertex  0.000000000000000  0.099999999999990  0.900000000000000
      vertex  0.099999999999990  0.074996989713359  0.974996989713352
      vertex  0.000000000000000  0.074996989713359  0.900000000000000
    endloop
  endfacet
  facet normal  0.577350269189607  0.577350269189606 -0.577350269189664
    outer loop
      vertex  0.000000000000000  0.099999999999990  0.900000000000000
      vertex  0.099999999999990  0.099999999999990  0.999999999999980
      vertex  0.099999999999990  0.074996989713359  0.974996989713352
    endloop
  endfacet
  facet normal  0.447192055901513  0.000000000000004 -0.894437960474944
    outer loop
      vertex  0.000000000000000  0.074996989713359  0.900000000000000
      vertex  0.099999999999990  0.049996989803972  0.949996989803967
      vertex  0.000000000000000  0.049996989803972  0.900000000000000
    endloop
  endfacet
  facet normal  0.468506608311620  0.624700551451761 -0.624700551451820
    outer loop
      vertex  0.000000000000000  0.074996989713359  0.900000000000000
      vertex  0.099999999999990  0.074996989713359  0.974996989713352
      vertex  0.099999999999990  0.049996989803972  0.949996989803967
    endloop
  endfacet
  facet normal  0.242508140215470 -0.000000000000004 -0.970149370936885
    outer loop
      vertex  0.000000000000000  0.049996989803972  0.900000000000000
      vertex  0.099999999999990  0.024996989894585  0.924996989894582
      vertex  0.000000000000000  0.024996989894585  0.900000000000000
    endloop
  endfacet
  facet normal  0.333315494955677  0.666671126126803 -0.666671126126872
    outer loop
      vertex  0.000000000000000  0.049996989803972  0.900000000000000
      vertex  0.099999999999990  0.049996989803972  0.949996989803967
      vertex  0.099999999999990  0.024996989894585  0.924996989894582
    endloop
  endfacet
  facet normal -0.000000000000000  0.000000000000000 -1.000000000000000
    outer loop
      vertex  0.000000000000000  0.024996989894585  0.900000000000000
      vertex  0.099999999999990  0.000000000000000  0.900000000000000
      vertex  0.000000000000000  0.000000000000000  0.900000000000000
    endloop
  endfacet
  facet normal  0.174057331302614  0.696313164251443 -0.696313164251513
    outer loop
      vertex  0.000000000000000  0.024996989894585  0.900000000000000
      vertex  0.099999999999990  0.024996989894585  0.924996989894582
      vertex  0.099999999999990  0.000000000000000  0.900000000000000
    endloop
  endfacet
  facet normal -0.000000000000000 -0.000000000000000  1.000000000000000
    outer loop
      vertex  0.000000000000000  0.099999999999990  1.000000000000000
      vertex  0.099999999999990  0.000000000000000  1.000000000000000
      vertex  0.099999999999990  0.099999999999990  0.999999999999980
    endloop
  endfacet
  facet normal -0.000000000000000 -0.000000000000000  1.000000000000000
    outer loop
      vertex  0.000000000000000  0.099999999999990  1.000000000000000
      vertex  0.000000000000000  0.000000000000000  1.000000000000000
      vertex  0.099999999999990  0.000000000000000  1.000000000000000
    endloop
  endfacet
  facet normal -0.000000000000000  1.000000000000000  0.000000000000000
    outer loop
      vertex  0.000000000000000  0.099999999999990  0.900000000000000
      vertex  0.000000000000000  0.099999999999990  1.000000000000000
      vertex  0.099999999999990  0.099999999999990  0.999999999999980
    endloop
  endfacet
  facet normal -0.000000000000000 -1.000000000000000 -0.000000000000000
    outer loop
      vertex  0.000000000000000  0.000000000000000  0.900000000000000
      vertex  0.099999999999990  0.000000000000000  1.000000000000000
      vertex  0.000000000000000  0.000000000000000  1.000000000000000
    endloop
  endfacet
  facet normal -0.000000000000000 -1.000000000000000  0.000000000000000
    outer loop
      vertex  0.000000000000000  0.000000000000000  0.900000000000000
      vertex  0.099999999999990  0.000000000000000  0.900000000000000
      vertex  0.099999999999990  0.000000000000000  1.000000000000000
    endloop
  endfacet
  facet normal  1.000000000000000  0.000000000000400 -0.000000000000000
    outer loop
      vertex  0.099999999999990  0.000000000000000  1.000000000000000
      vertex  0.099999999999990  0.000000000000000  0.900000000000000
      vertex  0.099999999999990  0.024996989894585  0.924996989894582
    endloop
  endfacet
  facet normal  1.000000000000000  0.000000000000100 -0.000000000000100
    outer loop
      vertex  0.099999999999990  0.000000000000000  1.000000000000000
      vertex  0.099999999999990  0.024996989894585  0.924996989894582
      vertex  0.099999999999990  0.049996989803972  0.949996989803967
    endloop
  endfacet
  facet normal  1.000000000000000  0.000000000000100 -0.000000000000100
    outer loop
      vertex  0.099999999999990  0.000000000000000  1.000000000000000
      vertex  0.099999999999990  0.049996989803972  0.949996989803967
      vertex  0.099999999999990  0.074996989713359  0.974996989713352
    endloop
  endfacet
  facet normal  1.000000000000000 -0.000000000000000 -0.000000000000400
    outer loop
      vertex  0.099999999999990  0.000000000000000  1.000000000000000
      vertex  0.099999999999990  0.074996989713359  0.974996989713352
      vertex  0.099999999999990  0.099999999999990  0.999999999999980
    endloop
  endfacet
  facet normal -1.000000000000000 -0.000000000000000  0.000000000000000
    outer loop
      vertex  0.000000000000000  0.099999999999990  1.000000000000000
      vertex  0.000000000000000  0.099999999999990  0.900000000000000
      vertex  0.000000000000000  0.074996989713359  0.900000000000000
    endloop
  endfacet
  facet normal -1.000000000000000 -0.000000000000000  0.000000000000000
    outer loop
      vertex  0.000000000000000  0.099999999999990  1.000000000000000
      vertex  0.000000000000000  0.074996989713359  0.900000000000000
      vertex  0.000000000000000  0.049996989803972  0.900000000000000
    endloop
  endfacet
  facet normal -1.000000000000000 -0.000000000000000  0.000000000000000
    outer loop
      vertex  0.000000000000000  0.099999999999990  1.000000000000000
      vertex  0.000000000000000  0.049996989803972  0.900000000000000
      vertex  0.000000000000000  0.024996989894585  0.900000000000000
    endloop
  endfacet
  facet normal -1.000000000000000 -0.000000000000000 -0.000000000000000
    outer loop
      vertex  0.000000000000000  0.099999999999990  1.000000000000000
      vertex  0.000000000000000  0.000000000000000  0.900000000000000
      vertex  0.000000000000000  0.000000000000000  1.000000000000000
    endloop
  endfacet
  facet normal -1.000000000000000  0.000000000000000 -0.000000000000000
    outer loop
      vertex  0.000000000000000  0.099999999999990  1.000000000000000
      vertex  0.000000000000000  0.024996989894585  0.900000000000000
      vertex  0.000000000000000  0.000000000000000  0.900000000000000
    endloop
  endfacet
  facet normal -0.599984586998340 -0.000000000000000 -0.800011559519256
    outer loop
      vertex  1.000000000000000  0.099999999999990  0.900000000000000
      vertex  1.000000000000000  0.074996989713359  0.900000000000000
      vertex  0.900000000000010  0.074996989713359  0.974996989713352
    endloop
  endfacet
  facet normal -0.577350269189606  0.577350269189608 -0.577350269189664
    outer loop
      vertex  1.000000000000000  0.099999999999990  0.900000000000000
      vertex  0.900000000000010  0.074996989713359  0.974996989713352
      vertex  0.900000000000010  0.099999999999990  0.999999999999980
    endloop
  endfacet
  facet normal -0.447192055901512  0.000000000000004 -0.894437960474945
    outer loop
      vertex  1.000000000000000  0.074996989713359  0.900000000000000
      vertex  1.000000000000000  0.049996989803972  0.900000000000000
      vertex  0.900000000000010  0.049996989803972  0.949996989803967
    endloop
  endfacet
  facet normal -0.468506608311619  0.624700551451762 -0.624700551451820
    outer loop
      vertex  1.000000000000000  0.074996989713359  0.900000000000000
      vertex  0.900000000000010  0.049996989803972  0.949996989803967
      vertex  0.900000000000010  0.074996989713359  0.974996989713352
    endloop
  endfacet
  facet normal -0.242508140215470 -0.000000000000004 -0.970149370936885
    outer loop
      vertex  1.000000000000000  0.049996989803972  0.900000000000000
      vertex  1.000000000000000  0.024996989894585  0.900000000000000
      vertex  0.900000000000010  0.024996989894585  0.924996989894582
    endloop
  endfacet
  facet normal -0.333315494955677  0.666671126126803 -0.666671126126873
    outer loop
      vertex  1.000000000000000  0.049996989803972  0.900000000000000
      vertex  0.900000000000010  0.024996989894585  0.924996989894582
      vertex  0.900000000000010  0.049996989803972  0.949996989803967
    endloop
  endfacet
  facet normal -0.000000000000000  0.000000000000000 -1.000000000000000
    outer loop
      vertex  1.000000000000000  0.024996989894585  0.900000000000000
      vertex  1.000000000000000  0.000000000000000  0.900000000000000
      vertex  0.900000000000010  0.000000000000000  0.900000000000000
    endloop
  endfacet
  facet normal -0.174057331302614  0.696313164251443 -0.696313164251513
    outer loop
      vertex  1.000000000000000  0.024996989894585  0.900000000000000
      vertex  0.900000000000010  0.000000000000000  0.900000000000000
      vertex  0.900000000000010  0.024996989894585  0.924996989894582
    endloop
  endfacet
  facet normal -0.000000000000000 -0.000000000000000  1.000000000000000
    outer loop
      vertex  1.000000000000000  0.099999999999990  1.000000000000000
      vertex  0.900000000000010  0.000000000000000  1.000000000000000
      vertex  1.000000000000000  0.000000000000000  1.000000000000000
    endloop
  endfacet
  facet normal -0.000000000000000 -0.000000000000000  1.000000000000000
    outer loop
      vertex  1.000000000000000  0.099999999999990  1.000000000000000
      vertex  0.900000000000010  0.099999999999990  0.999999999999980
      vertex  0.900000000000010  0.000000000000000  1.000000000000000
    endloop
  endfacet
  facet normal -0.000000000000000  1.000000000000000 -0.000000000000000
    outer loop
      vertex  1.000000000000000  0.099999999999990  0.900000000000000
      vertex  0.900000000000010  0.099999999999990  0.999999999999980
      vertex  1.000000000000000  0.099999999999990  1.000000000000000
    endloop
  endfacet
  facet normal  0.000000000000000 -1.000000000000000 -0.000000000000000
    outer loop
      vertex  1.000000000000000  0.000000000000000  0.900000000000000
      vertex  0.900000000000010  0.000000000000000  1.000000000000000
      vertex  0.900000000000010  0.000000000000000  0.900000000000000
    endloop
  endfacet
  facet normal -0.000000000000000 -1.000000000000000 -0.000000000000000
    outer loop
      vertex  1.000000000000000  0.000000000000000  0.900000000000000
      vertex  1.000000000000000  0.000000000000000  1.000000000000000
      vertex  0.900000000000010  0.000000000000000  1.000000000000000
    endloop
  endfacet
  facet normal -1.000000000000000 -0.000000000000000 -0.000000000000395
    outer loop
      vertex  0.900000000000010  0.000000000000000  1.000000000000000
      vertex  0.900000000000010  0.099999999999990  0.999999999999980
      vertex  0.900000000000010  0.074996989713359  0.974996989713352
    endloop
  endfacet
  facet normal -1.000000000000000  0.000000000000099 -0.000000000000099
    outer loop
      vertex  0.900000000000010  0.000000000000000  1.000000000000000
      vertex  0.900000000000010  0.074996989713359  0.974996989713352
      vertex  0.900000000000010  0.049996989803972  0.949996989803967
    endloop
  endfacet
  facet normal -1.000000000000000  0.000000000000097 -0.000000000000101
    outer loop
      vertex  0.900000000000010  0.000000000000000  1.000000000000000
      vertex  0.900000000000010  0.049996989803972  0.949996989803967
      vertex  0.900000000000010  0.024996989894585  0.924996989894582
    endloop
  endfacet
  facet normal -1.000000000000000  0.000000000000400 -0.000000000000000
    outer loop
      vertex  0.900000000000010  0.000000000000000  1.000000000000000
      vertex  0.900000000000010  0.024996989894585  0.924996989894582
      vertex  0.900000000000010  0.000000000000000  0.900000000000000
    endloop
  endfacet
  facet normal  1.000000000000000 -0.000000000000000 -0.000000000000000
    outer loop
      vertex  1.000000000000000  0.000000000000000  1.000000000000000
      vertex  1.000000000000000  0.000000000000000  0.900000000000000
      vertex  1.000000000000000  0.024996989894585  0.900000000000000
    endloop
  endfacet
  facet normal  1.000000000000000 -0.000000000000000 -0.000000000000000
    outer loop
      vertex  1.000000000000000  0.000000000000000  1.000000000000000
      vertex  1.000000000000000  0.024996989894585  0.900000000000000
      vertex  1.000000000000000  0.049996989803972  0.900000000000000
    endloop
  endfacet
  facet normal  1.000000000000000 -0.000000000000000 -0.000000000000000
    outer loop
      vertex  1.000000000000000  0.000000000000000  1.000000000000000
      vertex  1.000000000000000  0.049996989803972  0.900000000000000
      vertex  1.000000000000000  0.074996989713359  0.900000000000000
    endloop
  endfacet
  facet normal  1.000000000000000 -0.000000000000000 -0.000000000000000
    outer loop
      vertex  1.000000000000000  0.000000000000000  1.000000000000000
      vertex  1.000000000000000  0.099999999999990  0.900000000000000
      vertex  1.000000000000000  0.099999999999990  1.000000000000000
    endloop
  endfacet
  facet normal  1.000000000000000  0.000000000000000  0.000000000000000
    outer loop
      vertex  1.000000000000000  0.000000000000000  1.000000000000000
      vertex  1.000000000000000  0.074996989713359  0.900000000000000
      vertex  1.000000000000000  0.099999999999990  0.900000000000000
    endloop
  endfacet
  facet normal  0.599984586998340 -0.000000000000000 -0.800011559519255
    outer loop
      vertex  0.000000000000000  0.900000000000010  0.900000000000000
      vertex  0.000000000000000  0.925003010286641  0.900000000000000
      vertex  0.099999999999990  0.925003010286641  0.974996989713352
    endloop
  endfacet
  facet normal  0.577350269189607 -0.577350269189606 -0.577350269189665
    outer loop
      vertex  0.000000000000000  0.900000000000010  0.900000000000000
      vertex  0.099999999999990  0.925003010286641  0.974996989713352
      vertex  0.099999999999990  0.900000000000010  0.999999999999980
    endloop
  endfacet
  facet normal  0.447192055901513 -0.000000000000004 -0.894437960474945
    outer loop
      vertex  0.000000000000000  0.925003010286641  0.900000000000000
      vertex  0.000000000000000  0.950003010196028  0.900000000000000
      vertex  0.099999999999990  0.950003010196028  0.949996989803967
    endloop
  endfacet
  facet normal  0.468506608311619 -0.624700551451763 -0.624700551451819
    outer loop
      vertex  0.000000000000000  0.925003010286641  0.900000000000000
      vertex  0.099999999999990  0.950003010196028  0.949996989803967
      vertex  0.099999999999990  0.925003010286641  0.974996989713352
    endloop
  endfacet
  facet normal  0.242508140215470  0.000000000000004 -0.970149370936885
    outer loop
      vertex  0.000000000000000  0.950003010196028  0.900000000000000
      vertex  0.000000000000000  0.975003010105415  0.900000000000000
      vertex  0.099999999999990  0.975003010105415  0.924996989894582
    endloop
  endfacet
  facet normal  0.333315494955678 -0.666671126126802 -0.666671126126873
    outer loop
      vertex  0.000000000000000  0.950003010196028  0.900000000000000
      vertex  0.099999999999990  0.975003010105415  0.924996989894582
      vertex  0.099999999999990  0.950003010196028  0.949996989803967
    endloop
  endfacet
  facet normal  0.000000000000000 -0.000000000000000 -1.000000000000000
    outer loop
      vertex  0.000000000000000  0.975003010105415  0.900000000000000
      vertex  0.000000000000000  1.000000000000000  0.900000000000000
      vertex  0.099999999999990  1.000000000000000  0.900000000000000
    endloop
  endfacet
  facet normal  0.174057331302614 -0.696313164251443 -0.696313164251514
    outer loop
      vertex  0.000000000000000  0.975003010105415  0.900000000000000
      vertex  0.099999999999990  1.000000000000000  0.900000000000000
      vertex  0.099999999999990  0.975003010105415  0.924996989894582
    endloop
  endfacet
  facet normal  0.000000000000000  0.000000000000000  1.000000000000000
    outer loop
      vertex  0.000000000000000  0.900000000000010  1.000000000000000
      vertex  0.099999999999990  1.000000000000000  1.000000000000000
      vertex  0.000000000000000  1.000000000000000  1.000000000000000
    endloop
  endfacet
  facet normal  0.000000000000000 -0.000000000000000  1.000000000000000
    outer loop
      vertex  0.000000000000000  0.900000000000010  1.000000000000000
      vertex  0.099999999999990  0.900000000000010  0.999999999999980
      vertex  0.099999999999990  1.000000000000000  1.000000000000000
    endloop
  endfacet
  facet normal -0.000000000000000 -1.000000000000000 -0.000000000000000
    outer loop
      vertex  0.000000000000000  0.900000000000010  0.900000000000000
      vertex  0.099999999999990  0.900000000000010  0.999999999999980
      vertex  0.000000000000000  0.900000000000010  1.000000000000000
    endloop
  endfacet
  facet normal  0.000000000000000  1.000000000000000  0.000000000000000
    outer loop
      vertex  0.000000000000000  1.000000000000000  0.900000000000000
      vertex  0.099999999999990  1.000000000000000  1.000000000000000
      vertex  0.099999999999990  1.000000000000000  0.900000000000000
    endloop
  endfacet
  facet normal -0.000000000000000  1.000000000000000  0.000000000000000
    outer loop
      vertex  0.000000000000000  1.000000000000000  0.900000000000000
      vertex  0.000000000000000  1.000000000000000  1.000000000000000
      vertex  0.099999999999990  1.000000000000000  1.000000000000000
    endloop
  endfacet
  facet normal  1.000000000000000 -0.000000000000000 -0.000000000000400
    outer loop
      vertex  0.099999999999990  1.000000000000000  1.000000000000000
      vertex  0.099999999999990  0.900000000000010  0.999999999999980
      vertex  0.099999999999990  0.925003010286641  0.974996989713352
    endloop
  endfacet
  facet normal  1.000000000000000 -0.000000000000100 -0.000000000000100
    outer loop
      vertex  0.099999999999990  1.000000000000000  1.000000000000000
      vertex  0.099999999999990  0.925003010286641  0.974996989713352
      vertex  0.099999999999990  0.950003010196028  0.949996989803967
    endloop
  endfacet
  facet normal  1.000000000000000 -0.000000000000100 -0.000000000000100
    outer loop
      vertex  0.099999999999990  1.000000000000000  1.000000000000000
      vertex  0.099999999999990  0.950003010196028  0.949996989803967
      vertex  0.099999999999990  0.975003010105415  0.924996989894582
    endloop
  endfacet
  facet normal  1.000000000000000 -0.000000000000400 -0.000000000000000
    outer loop
      vertex  0.099999999999990  1.000000000000000  1.000000000000000
      vertex  0.099999999999990  0.975003010105415  0.924996989894582
      vertex  0.099999999999990  1.000000000000000  0.900000000000000
    endloop
  endfacet
  facet normal -1.000000000000000 -0.000000000000000  0.000000000000000
    outer loop
      vertex  0.000000000000000  1.000000000000000  1.000000000000000
      vertex  0.000000000000000  1.000000000000000  0.900000000000000
      vertex  0.000000000000000  0.975003010105415  0.900000000000000
    endloop
  endfacet
  facet normal -1.000000000000000 -0.000000000000000 -0.000000000000000
    outer loop
      vertex  0.000000000000000  1.000000000000000  1.000000000000000
      vertex  0.000000000000000  0.975003010105415  0.900000000000000
      vertex  0.000000000000000  0.950003010196028  0.900000000000000
    endloop
  endfacet
  facet normal -1.000000000000000 -0.000000000000000 -0.000000000000000
    outer loop
      vertex  0.000000000000000  1.000000000000000  1.000000000000000
      vertex  0.000000000000000  0.950003010196028  0.900000000000000
      vertex  0.000000000000000  0.925003010286641  0.900000000000000
    endloop
  endfacet
  facet normal -1.000000000000000 -0.000000000000000 -0.000000000000000
    outer loop
      vertex  0.000000000000000  1.000000000000000  1.000000000000000
      vertex  0.000000000000000  0.900000000000010  0.900000000000000
      vertex  0.000000000000000  0.900000000000010  1.000000000000000
    endloop
  endfacet
  facet normal -1.000000000000000 -0.000000000000000 -0.000000000000000
    outer loop
      vertex  0.000000000000000  1.000000000000000  1.000000000000000
      vertex  0.000000000000000  0.925003010286641  0.900000000000000
      vertex  0.000000000000000  0.900000000000010  0.900000000000000
    endloop
  endfacet
  facet normal -0.599984586998340 -0.000000000000000 -0.800011559519256
    outer loop
      vertex  1.000000000000000  0.900000000000010  0.900000000000000
      vertex  0.900000000000010  0.925003010286641  0.974996989713352
      vertex  1.000000000000000  0.925003010286641  0.900000000000000
    endloop
  endfacet
  facet normal -0.577350269189606 -0.577350269189608 -0.577350269189664
    outer loop
      vertex  1.000000000000000  0.900000000000010  0.900000000000000
      vertex  0.900000000000010  0.900000000000010  0.999999999999980
      vertex  0.900000000000010  0.925003010286641  0.974996989713352
    endloop
  endfacet
  facet normal -0.447192055901512 -0.000000000000004 -0.894437960474945
    outer loop
      vertex  1.000000000000000  0.925003010286641  0.900000000000000
      vertex  0.900000000000010  0.950003010196028  0.949996989803967
      vertex  1.000000000000000  0.950003010196028  0.900000000000000
    endloop
  endfacet
  facet normal -0.468506608311618 -0.624700551451763 -0.624700551451819
    outer loop
      vertex  1.000000000000000  0.925003010286641  0.900000000000000
      vertex  0.900000000000010  0.925003010286641  0.974996989713352
      vertex  0.900000000000010  0.950003010196028  0.949996989803967
    endloop
  endfacet
  facet normal -0.242508140215470  0.000000000000004 -0.970149370936885
    outer loop
      vertex  1.000000000000000  0.950003010196028  0.900000000000000
      vertex  0.900000000000010  0.975003010105415  0.924996989894582
      vertex  1.000000000000000  0.975003010105415  0.900000000000000
    endloop
  endfacet
  facet normal -0.333315494955678 -0.666671126126801 -0.666671126126874
    outer loop
      vertex  1.000000000000000  0.950003010196028  0.900000000000000
      vertex  0.900000000000010  0.950003010196028  0.949996989803967
      vertex  0.900000000000010  0.975003010105415  0.924996989894582
    endloop
  endfacet
  facet normal  0.000000000000000 -0.000000000000000 -1.000000000000000
    outer loop
      vertex  1.000000000000000  0.975003010105415  0.900000000000000
      vertex  0.900000000000010  1.000000000000000  0.900000000000000
      vertex  1.000000000000000  1.000000000000000  0.900000000000000
    endloop
  endfacet
  facet normal -0.174057331302614 -0.696313164251443 -0.696313164251514
    outer loop
      vertex  1.000000000000000  0.975003010105415  0.900000000000000
      vertex  0.900000000000010  0.975003010105415  0.924996989894582
      vertex  0.900000000000010  1.000000000000000  0.900000000000000
    endloop
  endfacet
  facet normal -0.000000000000000 -0.000000000000000  1.000000000000000
    outer loop
      vertex  1.000000000000000  0.900000000000010  1.000000000000000
      vertex  0.900000000000010  1.000000000000000  1.000000000000000
      vertex  0.900000000000010  0.900000000000010  0.999999999999980
    endloop
  endfacet
  facet normal  0.000000000000000  0.000000000000000  1.000000000000000
    outer loop
      vertex  1.000000000000000  0.900000000000010  1.000000000000000
      vertex  1.000000000000000  1.000000000000000  1.000000000000000
      vertex  0.900000000000010  1.000000000000000  1.000000000000000
    endloop
  endfacet
  facet normal -0.000000000000000 -1.000000000000000 -0.000000000000000
    outer loop
      vertex  1.000000000000000  0.900000000000010  0.900000000000000
      vertex  1.000000000000000  0.900000000000010  1.000000000000000
      vertex  0.900000000000010  0.900000000000010  0.999999999999980
    endloop
  endfacet
  facet normal -0.000000000000000  1.000000000000000 -0.000000000000000
    outer loop
      vertex  1.000000000000000  1.000000000000000  0.900000000000000
      vertex  0.900000000000010  1.000000000000000  1.000000000000000
      vertex  1.000000000000000  1.000000000000000  1.000000000000000
    endloop
  endfacet
  facet normal -0.000000000000000  1.000000000000000 -0.000000000000000
    outer loop
      vertex  1.000000000000000  1.000000000000000  0.900000000000000
      vertex  0.900000000000010  1.000000000000000  0.900000000000000
      vertex  0.900000000000010  1.000000000000000  1.000000000000000
    endloop
  endfacet
  facet normal -1.000000000000000 -0.000000000000400 -0.000000000000000
    outer loop
      vertex  0.900000000000010  1.000000000000000  1.000000000000000
      vertex  0.900000000000010  1.000000000000000  0.900000000000000
      vertex  0.900000000000010  0.975003010105415  0.924996989894582
    endloop
  endfacet
  facet normal -1.000000000000000 -0.000000000000097 -0.000000000000101
    outer loop
      vertex  0.900000000000010  1.000000000000000  1.000000000000000
      vertex  0.900000000000010  0.975003010105415  0.924996989894582
      vertex  0.900000000000010  0.950003010196028  0.949996989803967
    endloop
  endfacet
  facet normal -1.000000000000000 -0.000000000000099 -0.000000000000099
    outer loop
      vertex  0.900000000000010  1.000000000000000  1.000000000000000
      vertex  0.900000000000010  0.950003010196028  0.949996989803967
      vertex  0.900000000000010  0.925003010286641  0.974996989713352
    endloop
  endfacet
  facet normal -1.000000000000000  0.000000000000000 -0.000000000000395
    outer loop
      vertex  0.900000000000010  1.000000000000000  1.000000000000000
      vertex  0.900000000000010  0.925003010286641  0.974996989713352
      vertex  0.900000000000010  0.900000000000010  0.999999999999980
    endloop
  endfacet
  facet normal  1.000000000000000 -0.000000000000000 -0.000000000000000
    outer loop
      vertex  1.000000000000000  0.900000000000010  1.000000000000000
      vertex  1.000000000000000  0.900000000000010  0.900000000000000
      vertex  1.000000000000000  0.925003010286641  0.900000000000000
    endloop
  endfacet
  facet normal  1.000000000000000 -0.000000000000000 -0.000000000000000
    outer loop
      vertex  1.000000000000000  0.900000000000010  1.000000000000000
      vertex  1.000000000000000  0.925003010286641  0.900000000000000
      vertex  1.000000000000000  0.950003010196028  0.900000000000000
    endloop
  endfacet
  facet normal  1.000000000000000 -0.000000000000000 -0.000000000000000
    outer loop
      vertex  1.000000000000000  0.900000000000010  1.000000000000000
      vertex  1.000000000000000  0.950003010196028  0.900000000000000
      vertex  1.000000000000000  0.975003010105415  0.900000000000000
    endloop
  endfacet
  facet normal  1.000000000000000 -0.000000000000000 -0.000000000000000
    outer loop
      vertex  1.000000000000000  0.900000000000010  1.000000000000000
      vertex  1.000000000000000  1.000000000000000  0.900000000000000
      vertex  1.000000000000000  1.000000000000000  1.000000000000000
    endloop
  endfacet
  facet normal  1.000000000000000 -0.000000000000000 -0.000000000000000
    outer loop
      vertex  1.000000000000000  0.900000000000010  1.000000000000000
      vertex  1.000000000000000  0.975003010105415  0.900000000000000
      vertex  1.000000000000000  1.000000000000000  0.900000000000000
    endloop
  endfacet
endsolid

