solid irit2stl
  facet normal  0.314122341445964  0.314122341445967 -0.895909766220353
    outer loop
      vertex  0.266247290905173  0.396262191715286  0.733752709094910
      vertex  0.379387869274415  0.379387869274449  0.767505418189756
      vertex  0.396262191715250  0.266247290905222  0.733752709094914
    endloop
  endfacet
  facet normal  0.429147187413504  0.429147187413522 -0.794773793648320
    outer loop
      vertex  0.266247290905173  0.396262191715286  0.733752709094910
      vertex  0.396262191715250  0.266247290905222  0.733752709094914
      vertex  0.300000000000007  0.300000000000061  0.700000000000068
    endloop
  endfacet
  facet normal  0.271947548086601  0.101898628357763 -0.956901876175657
    outer loop
      vertex  0.255000000163146  0.500012642823334  0.744999999836938
      vertex  0.373764901054782  0.500014674868751  0.778752708931784
      vertex  0.379387869274415  0.379387869274449  0.767505418189756
    endloop
  endfacet
  facet normal  0.301695617693507  0.135020107076342 -0.943795171077722
    outer loop
      vertex  0.255000000163146  0.500012642823334  0.744999999836938
      vertex  0.379387869274415  0.379387869274449  0.767505418189756
      vertex  0.266247290905173  0.396262191715286  0.733752709094910
    endloop
  endfacet
  facet normal  0.101898628357793  0.271947548086597 -0.956901876175655
    outer loop
      vertex  0.379387869274415  0.379387869274449  0.767505418189756
      vertex  0.500014674868733  0.373764901054813  0.778752708931789
      vertex  0.500012642823316  0.255000000163191  0.744999999836947
    endloop
  endfacet
  facet normal  0.135020107076375  0.301695617693513 -0.943795171077715
    outer loop
      vertex  0.379387869274415  0.379387869274449  0.767505418189756
      vertex  0.500012642823316  0.255000000163191  0.744999999836947
      vertex  0.396262191715250  0.266247290905222  0.733752709094914
    endloop
  endfacet
  facet normal  0.088387932348089  0.088387932348061 -0.992156815644817
    outer loop
      vertex  0.373764901054782  0.500014674868751  0.778752708931784
      vertex  0.500015351999731  0.500015351999749  0.789999999673817
      vertex  0.500014674868733  0.373764901054813  0.778752708931789
    endloop
  endfacet
  facet normal  0.096877054621466  0.096877054621439 -0.990570377396651
    outer loop
      vertex  0.373764901054782  0.500014674868751  0.778752708931784
      vertex  0.500014674868733  0.373764901054813  0.778752708931789
      vertex  0.379387869274415  0.379387869274449  0.767505418189756
    endloop
  endfacet
  facet normal -0.102437936158756  0.298380040008107 -0.948934044578597
    outer loop
      vertex  0.500014674868733  0.373764901054813  0.778752708931789
      vertex  0.620640577404249  0.379390578124648  0.767499999836925
      vertex  0.603762190872580  0.266252709258053  0.733747290742084
    endloop
  endfacet
  facet normal -0.132792541200751  0.270953200274307 -0.953388957489313
    outer loop
      vertex  0.500014674868733  0.373764901054813  0.778752708931789
      vertex  0.603762190872580  0.266252709258053  0.733747290742084
      vertex  0.500012642823316  0.255000000163191  0.744999999836947
    endloop
  endfacet
  facet normal -0.316386028970114  0.410758011908072 -0.855089314823809
    outer loop
      vertex  0.620640577404249  0.379390578124648  0.767499999836925
      vertex  0.733752709094870  0.396262191715295  0.733752709094892
      vertex  0.700000000000029  0.300000000000079  0.700000000000050
    endloop
  endfacet
  facet normal -0.410789566226135  0.316380403415289 -0.855076237896085
    outer loop
      vertex  0.620640577404249  0.379390578124648  0.767499999836925
      vertex  0.700000000000029  0.300000000000079  0.700000000000050
      vertex  0.603762190872580  0.266252709258053  0.733747290742084
    endloop
  endfacet
  facet normal -0.088363378149859  0.096560427792900 -0.991396992726121
    outer loop
      vertex  0.500015351999731  0.500015351999749  0.789999999673817
      vertex  0.626264899885879  0.500014674542545  0.778747290578953
      vertex  0.620640577404249  0.379390578124648  0.767499999836925
    endloop
  endfacet
  facet normal -0.096602507766282  0.088321203674499 -0.991396651434103
    outer loop
      vertex  0.500015351999731  0.500015351999749  0.789999999673817
      vertex  0.620640577404249  0.379390578124648  0.767499999836925
      vertex  0.500014674868733  0.373764901054813  0.778752708931789
    endloop
  endfacet
  facet normal -0.270973954078232  0.132729998816341 -0.953391768175823
    outer loop
      vertex  0.626264899885879  0.500014674542545  0.778747290578953
      vertex  0.744999999836899  0.500012642823334  0.744999999836920
      vertex  0.733752709094870  0.396262191715295  0.733752709094892
    endloop
  endfacet
  facet normal -0.298390258126680  0.102394111614603 -0.948935561438051
    outer loop
      vertex  0.626264899885879  0.500014674542545  0.778747290578953
      vertex  0.733752709094870  0.396262191715295  0.733752709094892
      vertex  0.620640577404249  0.379390578124648  0.767499999836925
    endloop
  endfacet
  facet normal  0.298380040008122 -0.102437936158808 -0.948934044578587
    outer loop
      vertex  0.266252709258013  0.603762190872580  0.733747290742070
      vertex  0.379390578124619  0.620640577404251  0.767499999836916
      vertex  0.373764901054782  0.500014674868751  0.778752708931784
    endloop
  endfacet
  facet normal  0.270953200274307 -0.132792541200826 -0.953388957489302
    outer loop
      vertex  0.266252709258013  0.603762190872580  0.733747290742070
      vertex  0.373764901054782  0.500014674868751  0.778752708931784
      vertex  0.255000000163146  0.500012642823334  0.744999999836938
    endloop
  endfacet
  facet normal  0.410758011908100 -0.316386028970192 -0.855089314823767
    outer loop
      vertex  0.300000000000043  0.700000000000011  0.700000000000032
      vertex  0.396262191715268  0.733752709094857  0.733752709094878
      vertex  0.379390578124619  0.620640577404251  0.767499999836916
    endloop
  endfacet
  facet normal  0.316380403415299 -0.410789566226249 -0.855076237896027
    outer loop
      vertex  0.300000000000043  0.700000000000011  0.700000000000032
      vertex  0.379390578124619  0.620640577404251  0.767499999836916
      vertex  0.266252709258013  0.603762190872580  0.733747290742070
    endloop
  endfacet
  facet normal  0.096560427792932 -0.088363378149902 -0.991396992726114
    outer loop
      vertex  0.379390578124619  0.620640577404251  0.767499999836916
      vertex  0.500014674542527  0.626264899885883  0.778747290578949
      vertex  0.500015351999731  0.500015351999749  0.789999999673817
    endloop
  endfacet
  facet normal  0.088321203674526 -0.096602507766332 -0.991396651434096
    outer loop
      vertex  0.379390578124619  0.620640577404251  0.767499999836916
      vertex  0.500015351999731  0.500015351999749  0.789999999673817
      vertex  0.373764901054782  0.500014674868751  0.778752708931784
    endloop
  endfacet
  facet normal  0.132729998816388 -0.270973954078292 -0.953391768175800
    outer loop
      vertex  0.396262191715268  0.733752709094857  0.733752709094878
      vertex  0.500012642823316  0.744999999836890  0.744999999836911
      vertex  0.500014674542527  0.626264899885883  0.778747290578949
    endloop
  endfacet
  facet normal  0.102394111614636 -0.298390258126758 -0.948935561438023
    outer loop
      vertex  0.396262191715268  0.733752709094857  0.733752709094878
      vertex  0.500014674542527  0.626264899885883  0.778747290578949
      vertex  0.379390578124619  0.620640577404251  0.767499999836916
    endloop
  endfacet
  facet normal -0.096929196292979 -0.096929196293024 -0.990560175765201
    outer loop
      vertex  0.500014674542527  0.626264899885883  0.778747290578949
      vertex  0.620637867901633  0.620637867901639  0.767494581484085
      vertex  0.626264899885879  0.500014674542545  0.778747290578953
    endloop
  endfacet
  facet normal -0.088431403828414 -0.088431403828458 -0.992149068252278
    outer loop
      vertex  0.500014674542527  0.626264899885883  0.778747290578949
      vertex  0.626264899885879  0.500014674542545  0.778747290578953
      vertex  0.500015351999731  0.500015351999749  0.789999999673817
    endloop
  endfacet
  facet normal -0.301738326135132 -0.135088419541651 -0.943771742237978
    outer loop
      vertex  0.620637867901633  0.620637867901639  0.767494581484085
      vertex  0.733747290742030  0.603762190872571  0.733747290742052
      vertex  0.744999999836899  0.500012642823334  0.744999999836920
    endloop
  endfacet
  facet normal -0.271971981478996 -0.101953769477653 -0.956889058449142
    outer loop
      vertex  0.620637867901633  0.620637867901639  0.767494581484085
      vertex  0.744999999836899  0.500012642823334  0.744999999836920
      vertex  0.626264899885879  0.500014674542545  0.778747290578953
    endloop
  endfacet
  facet normal -0.135088419541591 -0.301738326135189 -0.943771742237968
    outer loop
      vertex  0.500012642823316  0.744999999836890  0.744999999836911
      vertex  0.603762190872562  0.733747290742026  0.733747290742047
      vertex  0.620637867901633  0.620637867901639  0.767494581484085
    endloop
  endfacet
  facet normal -0.101953769477605 -0.271971981479059 -0.956889058449129
    outer loop
      vertex  0.500012642823316  0.744999999836890  0.744999999836911
      vertex  0.620637867901633  0.620637867901639  0.767494581484085
      vertex  0.500014674542527  0.626264899885883  0.778747290578949
    endloop
  endfacet
  facet normal -0.429185919741673 -0.429185919741744 -0.794731962733931
    outer loop
      vertex  0.603762190872562  0.733747290742026  0.733747290742047
      vertex  0.699999999999993  0.699999999999993  0.700000000000014
      vertex  0.733747290742030  0.603762190872571  0.733747290742052
    endloop
  endfacet
  facet normal -0.314167026755739 -0.314167026755802 -0.895878428470559
    outer loop
      vertex  0.603762190872562  0.733747290742026  0.733747290742047
      vertex  0.733747290742030  0.603762190872571  0.733747290742052
      vertex  0.620637867901633  0.620637867901639  0.767494581484085
    endloop
  endfacet
  facet normal -0.000000000000000 -0.000000000000000  1.000000000000000
    outer loop
      vertex  0.314641134382844  0.424748506044718  1.000000000000000
      vertex  0.424748506044689  0.314641134382885  1.000000000000000
      vertex  0.402782396644723  0.402782396644749  1.000000000000000
    endloop
  endfacet
  facet normal -0.000000000000000 -0.000000000000000  1.000000000000000
    outer loop
      vertex  0.314641134382844  0.424748506044718  1.000000000000000
      vertex  0.358578643762667  0.358578643762714  1.000000000000000
      vertex  0.424748506044689  0.314641134382885  1.000000000000000
    endloop
  endfacet
  facet normal  0.000000000000001  0.000000000000002  1.000000000000000
    outer loop
      vertex  0.300000000212342  0.500009244516138  1.000000000000000
      vertex  0.402782396644723  0.402782396644749  1.000000000000000
      vertex  0.395462711039683  0.500011889726462  1.000000000000000
    endloop
  endfacet
  facet normal  0.000000000000000  0.000000000000002  1.000000000000000
    outer loop
      vertex  0.300000000212342  0.500009244516138  1.000000000000000
      vertex  0.314641134382844  0.424748506044718  1.000000000000000
      vertex  0.402782396644723  0.402782396644749  1.000000000000000
    endloop
  endfacet
  facet normal  0.000000000000001 -0.000000000000000  1.000000000000000
    outer loop
      vertex  0.500011889726451  0.395462711039706  1.000000000000000
      vertex  0.402782396644723  0.402782396644749  1.000000000000000
      vertex  0.500009244516126  0.300000000212378  1.000000000000000
    endloop
  endfacet
  facet normal  0.000000000000001  0.000000000000002  1.000000000000000
    outer loop
      vertex  0.500011889726451  0.395462711039706  1.000000000000000
      vertex  0.395462711039683  0.500011889726462  1.000000000000000
      vertex  0.402782396644723  0.402782396644749  1.000000000000000
    endloop
  endfacet
  facet normal  0.000000000000001  0.000000000000002  1.000000000000000
    outer loop
      vertex  0.500011889726451  0.395462711039706  1.000000000000000
      vertex  0.500012771180129  0.500012771180141  1.000000000000000
      vertex  0.395462711039683  0.500011889726462  1.000000000000000
    endloop
  endfacet
  facet normal  0.000000000000002  0.000000000000000  1.000000000000000
    outer loop
      vertex  0.402782396644723  0.402782396644749  1.000000000000000
      vertex  0.424748506044689  0.314641134382885  1.000000000000000
      vertex  0.500009244516126  0.300000000212378  1.000000000000000
    endloop
  endfacet
  facet normal -0.000000000000001  0.000000000000000  1.000000000000000
    outer loop
      vertex  0.500011889726451  0.395462711039706  1.000000000000000
      vertex  0.575268887393524  0.314648187710891  1.000000000000000
      vertex  0.597240287214138  0.402785922884102  1.000000000000000
    endloop
  endfacet
  facet normal -0.000000000000001  0.000000000000000  1.000000000000000
    outer loop
      vertex  0.500011889726451  0.395462711039706  1.000000000000000
      vertex  0.500009244516126  0.300000000212378  1.000000000000000
      vertex  0.575268887393524  0.314648187710891  1.000000000000000
    endloop
  endfacet
  facet normal -0.000000000000000 -0.000000000000000  1.000000000000000
    outer loop
      vertex  0.597240287214138  0.402785922884102  1.000000000000000
      vertex  0.641421356237356  0.358578643762737  1.000000000000000
      vertex  0.685358865617188  0.424748506044730  1.000000000000000
    endloop
  endfacet
  facet normal -0.000000000000000 -0.000000000000000  1.000000000000000
    outer loop
      vertex  0.597240287214138  0.402785922884102  1.000000000000000
      vertex  0.575268887393524  0.314648187710891  1.000000000000000
      vertex  0.641421356237356  0.358578643762737  1.000000000000000
    endloop
  endfacet
  facet normal -0.000000000000001  0.000000000000002  1.000000000000000
    outer loop
      vertex  0.597240287214138  0.402785922884102  1.000000000000000
      vertex  0.500012771180129  0.500012771180141  1.000000000000000
      vertex  0.500011889726451  0.395462711039706  1.000000000000000
    endloop
  endfacet
  facet normal -0.000000000000001  0.000000000000002  1.000000000000000
    outer loop
      vertex  0.597240287214138  0.402785922884102  1.000000000000000
      vertex  0.699999999787693  0.500009244516138  1.000000000000000
      vertex  0.500012771180129  0.500012771180141  1.000000000000000
    endloop
  endfacet
  facet normal -0.000000000000000  0.000000000000002  1.000000000000000
    outer loop
      vertex  0.597240287214138  0.402785922884102  1.000000000000000
      vertex  0.685358865617188  0.424748506044730  1.000000000000000
      vertex  0.699999999787693  0.500009244516138  1.000000000000000
    endloop
  endfacet
  facet normal  0.000000000000001 -0.000000000000002  1.000000000000000
    outer loop
      vertex  0.314648187710861  0.575268887393518  1.000000000000000
      vertex  0.395462711039683  0.500011889726462  1.000000000000000
      vertex  0.402785922884081  0.597240287214135  1.000000000000000
    endloop
  endfacet
  facet normal  0.000000000000001 -0.000000000000002  1.000000000000000
    outer loop
      vertex  0.314648187710861  0.575268887393518  1.000000000000000
      vertex  0.300000000212342  0.500009244516138  1.000000000000000
      vertex  0.395462711039683  0.500011889726462  1.000000000000000
    endloop
  endfacet
  facet normal -0.000000000000000 -0.000000000000000  1.000000000000000
    outer loop
      vertex  0.358578643762714  0.641421356237333  1.000000000000000
      vertex  0.402785922884081  0.597240287214135  1.000000000000000
      vertex  0.424748506044712  0.685358865617171  1.000000000000000
    endloop
  endfacet
  facet normal -0.000000000000000 -0.000000000000000  1.000000000000000
    outer loop
      vertex  0.358578643762714  0.641421356237333  1.000000000000000
      vertex  0.314648187710861  0.575268887393518  1.000000000000000
      vertex  0.402785922884081  0.597240287214135  1.000000000000000
    endloop
  endfacet
  facet normal  0.000000000000001 -0.000000000000002  1.000000000000000
    outer loop
      vertex  0.500011889301813  0.604561735726535  1.000000000000000
      vertex  0.402785922884081  0.597240287214135  1.000000000000000
      vertex  0.500012771180129  0.500012771180141  1.000000000000000
    endloop
  endfacet
  facet normal  0.000000000000001 -0.000000000000000  1.000000000000000
    outer loop
      vertex  0.500011889301813  0.604561735726535  1.000000000000000
      vertex  0.424748506044712  0.685358865617171  1.000000000000000
      vertex  0.402785922884081  0.597240287214135  1.000000000000000
    endloop
  endfacet
  facet normal  0.000000000000001  0.000000000000000  1.000000000000000
    outer loop
      vertex  0.500011889301813  0.604561735726535  1.000000000000000
      vertex  0.500009244516126  0.699999999787681  1.000000000000000
      vertex  0.424748506044712  0.685358865617171  1.000000000000000
    endloop
  endfacet
  facet normal  0.000000000000001 -0.000000000000002  1.000000000000000
    outer loop
      vertex  0.402785922884081  0.597240287214135  1.000000000000000
      vertex  0.395462711039683  0.500011889726462  1.000000000000000
      vertex  0.500012771180129  0.500012771180141  1.000000000000000
    endloop
  endfacet
  facet normal -0.000000000000000 -0.000000000000002  1.000000000000000
    outer loop
      vertex  0.597236760125504  0.597236760125507  1.000000000000000
      vertex  0.699999999787693  0.500009244516138  1.000000000000000
      vertex  0.685351812289171  0.575268887393506  1.000000000000000
    endloop
  endfacet
  facet normal -0.000000000000001 -0.000000000000002  1.000000000000000
    outer loop
      vertex  0.597236760125504  0.597236760125507  1.000000000000000
      vertex  0.500012771180129  0.500012771180141  1.000000000000000
      vertex  0.699999999787693  0.500009244516138  1.000000000000000
    endloop
  endfacet
  facet normal -0.000000000000001 -0.000000000000002  1.000000000000000
    outer loop
      vertex  0.597236760125504  0.597236760125507  1.000000000000000
      vertex  0.500011889301813  0.604561735726535  1.000000000000000
      vertex  0.500012771180129  0.500012771180141  1.000000000000000
    endloop
  endfacet
  facet normal -0.000000000000002 -0.000000000000000  1.000000000000000
    outer loop
      vertex  0.500009244516126  0.699999999787681  1.000000000000000
      vertex  0.597236760125504  0.597236760125507  1.000000000000000
      vertex  0.575268887393500  0.685351812289165  1.000000000000000
    endloop
  endfacet
  facet normal -0.000000000000001 -0.000000000000000  1.000000000000000
    outer loop
      vertex  0.500009244516126  0.699999999787681  1.000000000000000
      vertex  0.500011889301813  0.604561735726535  1.000000000000000
      vertex  0.597236760125504  0.597236760125507  1.000000000000000
    endloop
  endfacet
  facet normal -0.000000000000000 -0.000000000000000  1.000000000000000
    outer loop
      vertex  0.575268887393500  0.685351812289165  1.000000000000000
      vertex  0.685351812289171  0.575268887393506  1.000000000000000
      vertex  0.641421356237310  0.641421356237310  1.000000000000000
    endloop
  endfacet
  facet normal -0.000000000000000 -0.000000000000000  1.000000000000000
    outer loop
      vertex  0.575268887393500  0.685351812289165  1.000000000000000
      vertex  0.597236760125504  0.597236760125507  1.000000000000000
      vertex  0.685351812289171  0.575268887393506  1.000000000000000
    endloop
  endfacet
  facet normal -0.788568100314508 -0.518189014216990  0.331120063891019
    outer loop
      vertex  0.280309452084785  0.346727470732536  0.719690547915261
      vertex  0.338291425011415  0.338291425011510  0.844573551201894
      vertex  0.318829342032174  0.374356152214632  0.854664053103302
    endloop
  endfacet
  facet normal -0.805946659794907 -0.483536468816837  0.341529595920436
    outer loop
      vertex  0.280309452084785  0.346727470732536  0.719690547915261
      vertex  0.300000000000007  0.300000000000061  0.700000000000068
      vertex  0.338291425011415  0.338291425011510  0.844573551201894
    endloop
  endfacet
  facet normal -0.906523053799548 -0.357247679633907  0.224922316203020
    outer loop
      vertex  0.290106538958711  0.404827017896668  0.787297518068965
      vertex  0.318829342032174  0.374356152214632  0.854664053103302
      vertex  0.304930340901052  0.414162157043975  0.861870265176843
    endloop
  endfacet
  facet normal -0.930690604936294 -0.199701862987962  0.306486808529263
    outer loop
      vertex  0.290106538958711  0.404827017896668  0.787297518068965
      vertex  0.280309452084785  0.346727470732536  0.719690547915261
      vertex  0.318829342032174  0.374356152214632  0.854664053103302
    endloop
  endfacet
  facet normal -0.830631403270543 -0.357091726151262  0.427243456374840
    outer loop
      vertex  0.290106538958711  0.404827017896668  0.787297518068965
      vertex  0.266247290905173  0.396262191715286  0.733752709094910
      vertex  0.280309452084785  0.346727470732536  0.719690547915261
    endloop
  endfacet
  facet normal -0.890229252911085 -0.135016477567561  0.435043018616113
    outer loop
      vertex  0.255000000163146  0.500012642823334  0.744999999836938
      vertex  0.290106538958711  0.404827017896668  0.787297518068965
      vertex  0.280385073091444  0.500011654530875  0.796945210092692
    endloop
  endfacet
  facet normal -0.895368950968770 -0.142791780042230  0.421811509081315
    outer loop
      vertex  0.255000000163146  0.500012642823334  0.744999999836938
      vertex  0.266247290905173  0.396262191715286  0.733752709094910
      vertex  0.290106538958711  0.404827017896668  0.787297518068965
    endloop
  endfacet
  facet normal -0.972976014404804 -0.138403094011276  0.184830351839326
    outer loop
      vertex  0.280385073091444  0.500011654530875  0.796945210092692
      vertex  0.304930340901052  0.414162157043975  0.861870265176843
      vertex  0.293813549907945  0.500010537164295  0.867633985369237
    endloop
  endfacet
  facet normal -0.970709840030139 -0.120224708167745  0.208010639186177
    outer loop
      vertex  0.280385073091444  0.500011654530875  0.796945210092692
      vertex  0.290106538958711  0.404827017896668  0.787297518068965
      vertex  0.304930340901052  0.414162157043975  0.861870265176843
    endloop
  endfacet
  facet normal -0.934796768747029 -0.343058464809146  0.092010275854961
    outer loop
      vertex  0.318829342032174  0.374356152214632  0.854664053103302
      vertex  0.314641134382844  0.424748506044718  1.000000000000000
      vertex  0.304930340901052  0.414162157043975  0.861870265176843
    endloop
  endfacet
  facet normal -0.821584652749762 -0.545541159397919  0.165479611338761
    outer loop
      vertex  0.318829342032174  0.374356152214632  0.854664053103302
      vertex  0.358578643762667  0.358578643762714  1.000000000000000
      vertex  0.314641134382844  0.424748506044718  1.000000000000000
    endloop
  endfacet
  facet normal -0.844818759159004 -0.505203106787299  0.176213180737147
    outer loop
      vertex  0.318829342032174  0.374356152214632  0.854664053103302
      vertex  0.338291425011415  0.338291425011510  0.844573551201894
      vertex  0.358578643762667  0.358578643762714  1.000000000000000
    endloop
  endfacet
  facet normal -0.980566741014448 -0.190758282604160  0.045827328464752
    outer loop
      vertex  0.293813549907945  0.500010537164295  0.867633985369237
      vertex  0.314641134382844  0.424748506044718  1.000000000000000
      vertex  0.300000000212342  0.500009244516138  1.000000000000000
    endloop
  endfacet
  facet normal -0.987872705046928 -0.133271378629811  0.079663406036743
    outer loop
      vertex  0.293813549907945  0.500010537164295  0.867633985369237
      vertex  0.304930340901052  0.414162157043975  0.861870265176843
      vertex  0.314641134382844  0.424748506044718  1.000000000000000
    endloop
  endfacet
  facet normal -0.896975261008649  0.134365326774016  0.421166641721988
    outer loop
      vertex  0.266252709258013  0.603762190872580  0.733747290742070
      vertex  0.280385073091444  0.500011654530875  0.796945210092692
      vertex  0.290111222249418  0.595195129420196  0.787292870318617
    endloop
  endfacet
  facet normal -0.889146770487499  0.143565246769608  0.434519321148820
    outer loop
      vertex  0.266252709258013  0.603762190872580  0.733747290742070
      vertex  0.255000000163146  0.500012642823334  0.744999999836938
      vertex  0.280385073091444  0.500011654530875  0.796945210092692
    endloop
  endfacet
  facet normal -0.967737457520141  0.139472752187452  0.209836995569681
    outer loop
      vertex  0.290111222249418  0.595195129420196  0.787292870318617
      vertex  0.293813549907945  0.500010537164295  0.867633985369237
      vertex  0.304935696385981  0.585857714773503  0.861867488519745
    endloop
  endfacet
  facet normal -0.975511176203799  0.118473298918135  0.185316007255000
    outer loop
      vertex  0.290111222249418  0.595195129420196  0.787292870318617
      vertex  0.280385073091444  0.500011654530875  0.796945210092692
      vertex  0.293813549907945  0.500010537164295  0.867633985369237
    endloop
  endfacet
  facet normal -0.830607720400407  0.357151211606910  0.427239776775238
    outer loop
      vertex  0.290111222249418  0.595195129420196  0.787292870318617
      vertex  0.280315547731740  0.653289969590768  0.719684452268306
      vertex  0.266252709258013  0.603762190872580  0.733747290742070
    endloop
  endfacet
  facet normal -0.930676906154282  0.199757120842177  0.306492396355827
    outer loop
      vertex  0.290111222249418  0.595195129420196  0.787292870318617
      vertex  0.318835366952730  0.625657624294335  0.854660929364062
      vertex  0.280315547731740  0.653289969590768  0.719684452268306
    endloop
  endfacet
  facet normal -0.906493734112758  0.357312200274060  0.224937994899970
    outer loop
      vertex  0.290111222249418  0.595195129420196  0.787292870318617
      vertex  0.304935696385981  0.585857714773503  0.861867488519745
      vertex  0.318835366952730  0.625657624294335  0.854660929364062
    endloop
  endfacet
  facet normal -0.782433146622938  0.518691023739953  0.344612816008529
    outer loop
      vertex  0.300000000000043  0.700000000000011  0.700000000000032
      vertex  0.318835366952730  0.625657624294335  0.854660929364062
      vertex  0.338291425011454  0.661708574988546  0.844573551201876
    endloop
  endfacet
  facet normal -0.811939056135851  0.481340144720698  0.330252379554608
    outer loop
      vertex  0.300000000000043  0.700000000000011  0.700000000000032
      vertex  0.280315547731740  0.653289969590768  0.719684452268306
      vertex  0.318835366952730  0.625657624294335  0.854660929364062
    endloop
  endfacet
  facet normal -0.978162903093778  0.190385086359810  0.083371781214753
    outer loop
      vertex  0.304935696385981  0.585857714773503  0.861867488519745
      vertex  0.300000000212342  0.500009244516138  1.000000000000000
      vertex  0.314648187710861  0.575268887393518  1.000000000000000
    endloop
  endfacet
  facet normal -0.990248023394922  0.131402969591065  0.046282953072370
    outer loop
      vertex  0.304935696385981  0.585857714773503  0.861867488519745
      vertex  0.293813549907945  0.500010537164295  0.867633985369237
      vertex  0.300000000212342  0.500009244516138  1.000000000000000
    endloop
  endfacet
  facet normal -0.844801806922360  0.505230957686949  0.176214603297921
    outer loop
      vertex  0.318835366952730  0.625657624294335  0.854660929364062
      vertex  0.358578643762714  0.641421356237333  1.000000000000000
      vertex  0.338291425011454  0.661708574988546  0.844573551201876
    endloop
  endfacet
  facet normal -0.821558531827531  0.545579652691400  0.165482389850168
    outer loop
      vertex  0.318835366952730  0.625657624294335  0.854660929364062
      vertex  0.314648187710861  0.575268887393518  1.000000000000000
      vertex  0.358578643762714  0.641421356237333  1.000000000000000
    endloop
  endfacet
  facet normal -0.934771537352073  0.343122140428102  0.092029178549411
    outer loop
      vertex  0.318835366952730  0.625657624294335  0.854660929364062
      vertex  0.304935696385981  0.585857714773503  0.861867488519745
      vertex  0.314648187710861  0.575268887393518  1.000000000000000
    endloop
  endfacet
  facet normal  0.788568100314507 -0.518189014216990  0.331120063891021
    outer loop
      vertex  0.719690547915215  0.346727470732536  0.719690547915261
      vertex  0.681170657967826  0.374356152214632  0.854664053103302
      vertex  0.661708574988585  0.338291425011510  0.844573551201894
    endloop
  endfacet
  facet normal  0.805946659794906 -0.483536468816839  0.341529595920437
    outer loop
      vertex  0.719690547915215  0.346727470732536  0.719690547915261
      vertex  0.661708574988585  0.338291425011510  0.844573551201894
      vertex  0.700000000000029  0.300000000000079  0.700000000000050
    endloop
  endfacet
  facet normal  0.906523053799548 -0.357247679633904  0.224922316203023
    outer loop
      vertex  0.709893461041289  0.404827017896668  0.787297518068965
      vertex  0.695069659098948  0.414162157043975  0.861870265176843
      vertex  0.681170657967826  0.374356152214632  0.854664053103302
    endloop
  endfacet
  facet normal  0.930690604936293 -0.199701862987963  0.306486808529264
    outer loop
      vertex  0.709893461041289  0.404827017896668  0.787297518068965
      vertex  0.681170657967826  0.374356152214632  0.854664053103302
      vertex  0.719690547915215  0.346727470732536  0.719690547915261
    endloop
  endfacet
  facet normal  0.830631403270544 -0.357091726151261  0.427243456374839
    outer loop
      vertex  0.709893461041289  0.404827017896668  0.787297518068965
      vertex  0.719690547915215  0.346727470732536  0.719690547915261
      vertex  0.733752709094870  0.396262191715295  0.733752709094892
    endloop
  endfacet
  facet normal  0.890229252911085 -0.135016477567559  0.435043018616114
    outer loop
      vertex  0.744999999836899  0.500012642823334  0.744999999836920
      vertex  0.719614926908556  0.500011654530875  0.796945210092692
      vertex  0.709893461041289  0.404827017896668  0.787297518068965
    endloop
  endfacet
  facet normal  0.895368950968771 -0.142791780042229  0.421811509081314
    outer loop
      vertex  0.744999999836899  0.500012642823334  0.744999999836920
      vertex  0.709893461041289  0.404827017896668  0.787297518068965
      vertex  0.733752709094870  0.396262191715295  0.733752709094892
    endloop
  endfacet
  facet normal  0.972976014404803 -0.138403094011275  0.184830351839328
    outer loop
      vertex  0.719614926908556  0.500011654530875  0.796945210092692
      vertex  0.706186450092055  0.500010537164295  0.867633985369237
      vertex  0.695069659098948  0.414162157043975  0.861870265176843
    endloop
  endfacet
  facet normal  0.970709840030139 -0.120224708167743  0.208010639186181
    outer loop
      vertex  0.719614926908556  0.500011654530875  0.796945210092692
      vertex  0.695069659098948  0.414162157043975  0.861870265176843
      vertex  0.709893461041289  0.404827017896668  0.787297518068965
    endloop
  endfacet
  facet normal  0.934796768747030 -0.343058464809142  0.092010275854959
    outer loop
      vertex  0.681170657967826  0.374356152214632  0.854664053103302
      vertex  0.695069659098948  0.414162157043975  0.861870265176843
      vertex  0.685358865617188  0.424748506044730  1.000000000000000
    endloop
  endfacet
  facet normal  0.821584652749762 -0.545541159397919  0.165479611338760
    outer loop
      vertex  0.681170657967826  0.374356152214632  0.854664053103302
      vertex  0.685358865617188  0.424748506044730  1.000000000000000
      vertex  0.641421356237356  0.358578643762737  1.000000000000000
    endloop
  endfacet
  facet normal  0.844818759159004 -0.505203106787299  0.176213180737146
    outer loop
      vertex  0.681170657967826  0.374356152214632  0.854664053103302
      vertex  0.641421356237356  0.358578643762737  1.000000000000000
      vertex  0.661708574988585  0.338291425011510  0.844573551201894
    endloop
  endfacet
  facet normal  0.980566741014448 -0.190758282604158  0.045827328464751
    outer loop
      vertex  0.706186450092055  0.500010537164295  0.867633985369237
      vertex  0.699999999787693  0.500009244516138  1.000000000000000
      vertex  0.685358865617188  0.424748506044730  1.000000000000000
    endloop
  endfacet
  facet normal  0.987872705046928 -0.133271378629810  0.079663406036740
    outer loop
      vertex  0.706186450092055  0.500010537164295  0.867633985369237
      vertex  0.685358865617188  0.424748506044730  1.000000000000000
      vertex  0.695069659098948  0.414162157043975  0.861870265176843
    endloop
  endfacet
  facet normal  0.896975261008649  0.134365326774014  0.421166641721989
    outer loop
      vertex  0.733747290742030  0.603762190872571  0.733747290742052
      vertex  0.709888777750582  0.595195129420196  0.787292870318617
      vertex  0.719614926908556  0.500011654530875  0.796945210092692
    endloop
  endfacet
  facet normal  0.889146770487500  0.143565246769606  0.434519321148820
    outer loop
      vertex  0.733747290742030  0.603762190872571  0.733747290742052
      vertex  0.719614926908556  0.500011654530875  0.796945210092692
      vertex  0.744999999836899  0.500012642823334  0.744999999836920
    endloop
  endfacet
  facet normal  0.967737457520142  0.139472752187449  0.209836995569682
    outer loop
      vertex  0.709888777750582  0.595195129420196  0.787292870318617
      vertex  0.695064303614018  0.585857714773503  0.861867488519745
      vertex  0.706186450092055  0.500010537164295  0.867633985369237
    endloop
  endfacet
  facet normal  0.975511176203799  0.118473298918133  0.185316007255003
    outer loop
      vertex  0.709888777750582  0.595195129420196  0.787292870318617
      vertex  0.706186450092055  0.500010537164295  0.867633985369237
      vertex  0.719614926908556  0.500011654530875  0.796945210092692
    endloop
  endfacet
  facet normal  0.830607720400405  0.357151211606913  0.427239776775239
    outer loop
      vertex  0.709888777750582  0.595195129420196  0.787292870318617
      vertex  0.733747290742030  0.603762190872571  0.733747290742052
      vertex  0.719684452268260  0.653289969590768  0.719684452268306
    endloop
  endfacet
  facet normal  0.930676906154280  0.199757120842183  0.306492396355830
    outer loop
      vertex  0.709888777750582  0.595195129420196  0.787292870318617
      vertex  0.719684452268260  0.653289969590768  0.719684452268306
      vertex  0.681164633047269  0.625657624294335  0.854660929364062
    endloop
  endfacet
  facet normal  0.906493734112755  0.357312200274067  0.224937994899971
    outer loop
      vertex  0.709888777750582  0.595195129420196  0.787292870318617
      vertex  0.681164633047269  0.625657624294335  0.854660929364062
      vertex  0.695064303614018  0.585857714773503  0.861867488519745
    endloop
  endfacet
  facet normal  0.782433146622942  0.518691023739947  0.344612816008529
    outer loop
      vertex  0.699999999999993  0.699999999999993  0.700000000000014
      vertex  0.661708574988546  0.661708574988546  0.844573551201876
      vertex  0.681164633047269  0.625657624294335  0.854660929364062
    endloop
  endfacet
  facet normal  0.811939056135851  0.481340144720696  0.330252379554610
    outer loop
      vertex  0.699999999999993  0.699999999999993  0.700000000000014
      vertex  0.681164633047269  0.625657624294335  0.854660929364062
      vertex  0.719684452268260  0.653289969590768  0.719684452268306
    endloop
  endfacet
  facet normal  0.978162903093778  0.190385086359808  0.083371781214751
    outer loop
      vertex  0.695064303614018  0.585857714773503  0.861867488519745
      vertex  0.685351812289171  0.575268887393506  1.000000000000000
      vertex  0.699999999787693  0.500009244516138  1.000000000000000
    endloop
  endfacet
  facet normal  0.990248023394923  0.131402969591063  0.046282953072369
    outer loop
      vertex  0.695064303614018  0.585857714773503  0.861867488519745
      vertex  0.699999999787693  0.500009244516138  1.000000000000000
      vertex  0.706186450092055  0.500010537164295  0.867633985369237
    endloop
  endfacet
  facet normal  0.844801806922365  0.505230957686942  0.176214603297920
    outer loop
      vertex  0.681164633047269  0.625657624294335  0.854660929364062
      vertex  0.661708574988546  0.661708574988546  0.844573551201876
      vertex  0.641421356237310  0.641421356237310  1.000000000000000
    endloop
  endfacet
  facet normal  0.821558531827531  0.545579652691401  0.165482389850166
    outer loop
      vertex  0.681164633047269  0.625657624294335  0.854660929364062
      vertex  0.641421356237310  0.641421356237310  1.000000000000000
      vertex  0.685351812289171  0.575268887393506  1.000000000000000
    endloop
  endfacet
  facet normal  0.934771537352071  0.343122140428109  0.092029178549410
    outer loop
      vertex  0.681164633047269  0.625657624294335  0.854660929364062
      vertex  0.685351812289171  0.575268887393506  1.000000000000000
      vertex  0.695064303614018  0.585857714773503  0.861867488519745
    endloop
  endfacet
  facet normal -0.518189014216946 -0.788568100314539  0.331120063891012
    outer loop
      vertex  0.346727470732491  0.280309452084836  0.719690547915264
      vertex  0.374356152214591  0.318829342032222  0.854664053103303
      vertex  0.338291425011415  0.338291425011510  0.844573551201894
    endloop
  endfacet
  facet normal -0.483536468816805 -0.805946659794931  0.341529595920426
    outer loop
      vertex  0.346727470732491  0.280309452084836  0.719690547915264
      vertex  0.338291425011415  0.338291425011510  0.844573551201894
      vertex  0.300000000000007  0.300000000000061  0.700000000000068
    endloop
  endfacet
  facet normal -0.357247679633892 -0.906523053799558  0.224922316203005
    outer loop
      vertex  0.404827017896633  0.290106538958758  0.787297518068969
      vertex  0.414162157043942  0.304930340901097  0.861870265176845
      vertex  0.374356152214591  0.318829342032222  0.854664053103303
    endloop
  endfacet
  facet normal -0.199701862987983 -0.930690604936294  0.306486808529248
    outer loop
      vertex  0.404827017896633  0.290106538958758  0.787297518068969
      vertex  0.374356152214591  0.318829342032222  0.854664053103303
      vertex  0.346727470732491  0.280309452084836  0.719690547915264
    endloop
  endfacet
  facet normal -0.357091726151255 -0.830631403270552  0.427243456374830
    outer loop
      vertex  0.404827017896633  0.290106538958758  0.787297518068969
      vertex  0.346727470732491  0.280309452084836  0.719690547915264
      vertex  0.396262191715250  0.266247290905222  0.733752709094914
    endloop
  endfacet
  facet normal -0.135016477567595 -0.890229252911087  0.435043018616098
    outer loop
      vertex  0.500012642823316  0.255000000163191  0.744999999836947
      vertex  0.500011654530858  0.280385073091486  0.796945210092699
      vertex  0.404827017896633  0.290106538958758  0.787297518068969
    endloop
  endfacet
  facet normal -0.142791780042262 -0.895368950968772  0.421811509081299
    outer loop
      vertex  0.500012642823316  0.255000000163191  0.744999999836947
      vertex  0.404827017896633  0.290106538958758  0.787297518068969
      vertex  0.396262191715250  0.266247290905222  0.733752709094914
    endloop
  endfacet
  facet normal -0.138403094011310 -0.972976014404804  0.184830351839300
    outer loop
      vertex  0.500011654530858  0.280385073091486  0.796945210092699
      vertex  0.500010537164280  0.293813549907985  0.867633985369242
      vertex  0.414162157043942  0.304930340901097  0.861870265176845
    endloop
  endfacet
  facet normal -0.120224708167777 -0.970709840030139  0.208010639186159
    outer loop
      vertex  0.500011654530858  0.280385073091486  0.796945210092699
      vertex  0.414162157043942  0.304930340901097  0.861870265176845
      vertex  0.404827017896633  0.290106538958758  0.787297518068969
    endloop
  endfacet
  facet normal -0.343058464809130 -0.934796768747037  0.092010275854941
    outer loop
      vertex  0.374356152214591  0.318829342032222  0.854664053103303
      vertex  0.414162157043942  0.304930340901097  0.861870265176845
      vertex  0.424748506044689  0.314641134382885  1.000000000000000
    endloop
  endfacet
  facet normal -0.545541159397869 -0.821584652749797  0.165479611338752
    outer loop
      vertex  0.374356152214591  0.318829342032222  0.854664053103303
      vertex  0.424748506044689  0.314641134382885  1.000000000000000
      vertex  0.358578643762667  0.358578643762714  1.000000000000000
    endloop
  endfacet
  facet normal -0.505203106787255 -0.844818759159032  0.176213180737137
    outer loop
      vertex  0.374356152214591  0.318829342032222  0.854664053103303
      vertex  0.358578643762667  0.358578643762714  1.000000000000000
      vertex  0.338291425011415  0.338291425011510  0.844573551201894
    endloop
  endfacet
  facet normal -0.190758282604192 -0.980566741014443  0.045827328464721
    outer loop
      vertex  0.500010537164280  0.293813549907985  0.867633985369242
      vertex  0.500009244516126  0.300000000212378  1.000000000000000
      vertex  0.424748506044689  0.314641134382885  1.000000000000000
    endloop
  endfacet
  facet normal -0.133271378629844 -0.987872705046925  0.079663406036719
    outer loop
      vertex  0.500010537164280  0.293813549907985  0.867633985369242
      vertex  0.424748506044689  0.314641134382885  1.000000000000000
      vertex  0.414162157043942  0.304930340901097  0.861870265176845
    endloop
  endfacet
  facet normal  0.134365326773930 -0.896975261008674  0.421166641721963
    outer loop
      vertex  0.603762190872580  0.266252709258053  0.733747290742084
      vertex  0.595195129420198  0.290111222249456  0.787292870318627
      vertex  0.500011654530858  0.280385073091486  0.796945210092699
    endloop
  endfacet
  facet normal  0.143565246769527 -0.889146770487520  0.434519321148804
    outer loop
      vertex  0.603762190872580  0.266252709258053  0.733747290742084
      vertex  0.500011654530858  0.280385073091486  0.796945210092699
      vertex  0.500012642823316  0.255000000163191  0.744999999836947
    endloop
  endfacet
  facet normal  0.139472752187359 -0.967737457520163  0.209836995569643
    outer loop
      vertex  0.595195129420198  0.290111222249456  0.787292870318627
      vertex  0.585857714773506  0.304935696386016  0.861867488519752
      vertex  0.500010537164280  0.293813549907985  0.867633985369242
    endloop
  endfacet
  facet normal  0.118473298918056 -0.975511176203814  0.185316007254972
    outer loop
      vertex  0.595195129420198  0.290111222249456  0.787292870318627
      vertex  0.500010537164280  0.293813549907985  0.867633985369242
      vertex  0.500011654530858  0.280385073091486  0.796945210092699
    endloop
  endfacet
  facet normal  0.357151211606799 -0.830607720400464  0.427239776775220
    outer loop
      vertex  0.595195129420198  0.290111222249456  0.787292870318627
      vertex  0.603762190872580  0.266252709258053  0.733747290742084
      vertex  0.653289969590777  0.280315547731778  0.719684452268321
    endloop
  endfacet
  facet normal  0.199757120842080 -0.930676906154315  0.306492396355789
    outer loop
      vertex  0.595195129420198  0.290111222249456  0.787292870318627
      vertex  0.653289969590777  0.280315547731778  0.719684452268321
      vertex  0.625657624294347  0.318835366952763  0.854660929364069
    endloop
  endfacet
  facet normal  0.357312200273931 -0.906493734112818  0.224937994899933
    outer loop
      vertex  0.595195129420198  0.290111222249456  0.787292870318627
      vertex  0.625657624294347  0.318835366952763  0.854660929364069
      vertex  0.585857714773506  0.304935696386016  0.861867488519752
    endloop
  endfacet
  facet normal  0.518691023739808 -0.782433146623048  0.344612816008497
    outer loop
      vertex  0.700000000000029  0.300000000000079  0.700000000000050
      vertex  0.661708574988585  0.338291425011510  0.844573551201894
      vertex  0.625657624294347  0.318835366952763  0.854660929364069
    endloop
  endfacet
  facet normal  0.481340144720575 -0.811939056135935  0.330252379554581
    outer loop
      vertex  0.700000000000029  0.300000000000079  0.700000000000050
      vertex  0.625657624294347  0.318835366952763  0.854660929364069
      vertex  0.653289969590777  0.280315547731778  0.719684452268321
    endloop
  endfacet
  facet normal  0.190385086359696 -0.978162903093804  0.083371781214706
    outer loop
      vertex  0.585857714773506  0.304935696386016  0.861867488519752
      vertex  0.575268887393524  0.314648187710891  1.000000000000000
      vertex  0.500009244516126  0.300000000212378  1.000000000000000
    endloop
  endfacet
  facet normal  0.131402969590977 -0.990248023394936  0.046282953072333
    outer loop
      vertex  0.585857714773506  0.304935696386016  0.861867488519752
      vertex  0.500009244516126  0.300000000212378  1.000000000000000
      vertex  0.500010537164280  0.293813549907985  0.867633985369242
    endloop
  endfacet
  facet normal  0.505230957686799 -0.844801806922458  0.176214603297881
    outer loop
      vertex  0.625657624294347  0.318835366952763  0.854660929364069
      vertex  0.661708574988585  0.338291425011510  0.844573551201894
      vertex  0.641421356237356  0.358578643762737  1.000000000000000
    endloop
  endfacet
  facet normal  0.545579652691253 -0.821558531827637  0.165482389850129
    outer loop
      vertex  0.625657624294347  0.318835366952763  0.854660929364069
      vertex  0.641421356237356  0.358578643762737  1.000000000000000
      vertex  0.575268887393524  0.314648187710891  1.000000000000000
    endloop
  endfacet
  facet normal  0.343122140427972 -0.934771537352125  0.092029178549365
    outer loop
      vertex  0.625657624294347  0.318835366952763  0.854660929364069
      vertex  0.575268887393524  0.314648187710891  1.000000000000000
      vertex  0.585857714773506  0.304935696386016  0.861867488519752
    endloop
  endfacet
  facet normal -0.518189014216998  0.788568100314496  0.331120063891035
    outer loop
      vertex  0.346727470732505  0.719690547915200  0.719690547915246
      vertex  0.338291425011454  0.661708574988546  0.844573551201876
      vertex  0.374356152214606  0.681170657967808  0.854664053103294
    endloop
  endfacet
  facet normal -0.483536468816848  0.805946659794894  0.341529595920451
    outer loop
      vertex  0.346727470732505  0.719690547915200  0.719690547915246
      vertex  0.300000000000043  0.700000000000011  0.700000000000032
      vertex  0.338291425011454  0.661708574988546  0.844573551201876
    endloop
  endfacet
  facet normal -0.357247679633939  0.906523053799531  0.224922316203035
    outer loop
      vertex  0.404827017896643  0.709893461041274  0.787297518068955
      vertex  0.374356152214606  0.681170657967808  0.854664053103294
      vertex  0.414162157043952  0.695069659098932  0.861870265176836
    endloop
  endfacet
  facet normal -0.199701862988004  0.930690604936280  0.306486808529276
    outer loop
      vertex  0.404827017896643  0.709893461041274  0.787297518068955
      vertex  0.346727470732505  0.719690547915200  0.719690547915246
      vertex  0.374356152214606  0.681170657967808  0.854664053103294
    endloop
  endfacet
  facet normal -0.357091726151285  0.830631403270531  0.427243456374844
    outer loop
      vertex  0.404827017896643  0.709893461041274  0.787297518068955
      vertex  0.396262191715268  0.733752709094857  0.733752709094878
      vertex  0.346727470732505  0.719690547915200  0.719690547915246
    endloop
  endfacet
  facet normal -0.135016477567608  0.890229252911080  0.435043018616109
    outer loop
      vertex  0.500012642823316  0.744999999836890  0.744999999836911
      vertex  0.404827017896643  0.709893461041274  0.787297518068955
      vertex  0.500011654530858  0.719614926908546  0.796945210092686
    endloop
  endfacet
  facet normal -0.142791780042273  0.895368950968762  0.421811509081316
    outer loop
      vertex  0.500012642823316  0.744999999836890  0.744999999836911
      vertex  0.396262191715268  0.733752709094857  0.733752709094878
      vertex  0.404827017896643  0.709893461041274  0.787297518068955
    endloop
  endfacet
  facet normal -0.138403094011324  0.972976014404796  0.184830351839333
    outer loop
      vertex  0.500011654530858  0.719614926908546  0.796945210092686
      vertex  0.414162157043952  0.695069659098932  0.861870265176836
      vertex  0.500010537164280  0.706186450092045  0.867633985369233
    endloop
  endfacet
  facet normal -0.120224708167790  0.970709840030131  0.208010639186189
    outer loop
      vertex  0.500011654530858  0.719614926908546  0.796945210092686
      vertex  0.404827017896643  0.709893461041274  0.787297518068955
      vertex  0.414162157043952  0.695069659098932  0.861870265176836
    endloop
  endfacet
  facet normal -0.343058464809179  0.934796768747014  0.092010275854983
    outer loop
      vertex  0.374356152214606  0.681170657967808  0.854664053103294
      vertex  0.424748506044712  0.685358865617171  1.000000000000000
      vertex  0.414162157043952  0.695069659098932  0.861870265176836
    endloop
  endfacet
  facet normal -0.545541159397933  0.821584652749748  0.165479611338785
    outer loop
      vertex  0.374356152214606  0.681170657967808  0.854664053103294
      vertex  0.358578643762714  0.641421356237333  1.000000000000000
      vertex  0.424748506044712  0.685358865617171  1.000000000000000
    endloop
  endfacet
  facet normal -0.505203106787310  0.844818759158992  0.176213180737171
    outer loop
      vertex  0.374356152214606  0.681170657967808  0.854664053103294
      vertex  0.338291425011454  0.661708574988546  0.844573551201876
      vertex  0.358578643762714  0.641421356237333  1.000000000000000
    endloop
  endfacet
  facet normal -0.190758282604219  0.980566741014436  0.045827328464763
    outer loop
      vertex  0.500010537164280  0.706186450092045  0.867633985369233
      vertex  0.424748506044712  0.685358865617171  1.000000000000000
      vertex  0.500009244516126  0.699999999787681  1.000000000000000
    endloop
  endfacet
  facet normal -0.133271378629858  0.987872705046920  0.079663406036761
    outer loop
      vertex  0.500010537164280  0.706186450092045  0.867633985369233
      vertex  0.414162157043952  0.695069659098932  0.861870265176836
      vertex  0.424748506044712  0.685358865617171  1.000000000000000
    endloop
  endfacet
  facet normal  0.134365326773941  0.896975261008665  0.421166641721979
    outer loop
      vertex  0.603762190872562  0.733747290742026  0.733747290742047
      vertex  0.500011654530858  0.719614926908546  0.796945210092686
      vertex  0.595195129420188  0.709888777750577  0.787292870318614
    endloop
  endfacet
  facet normal  0.143565246769536  0.889146770487513  0.434519321148816
    outer loop
      vertex  0.603762190872562  0.733747290742026  0.733747290742047
      vertex  0.500012642823316  0.744999999836890  0.744999999836911
      vertex  0.500011654530858  0.719614926908546  0.796945210092686
    endloop
  endfacet
  facet normal  0.139472752187375  0.967737457520153  0.209836995569678
    outer loop
      vertex  0.595195129420188  0.709888777750577  0.787292870318614
      vertex  0.500010537164280  0.706186450092045  0.867633985369233
      vertex  0.585857714773496  0.695064303614013  0.861867488519743
    endloop
  endfacet
  facet normal  0.118473298918066  0.975511176203806  0.185316007255005
    outer loop
      vertex  0.595195129420188  0.709888777750577  0.787292870318614
      vertex  0.500011654530858  0.719614926908546  0.796945210092686
      vertex  0.500010537164280  0.706186450092045  0.867633985369233
    endloop
  endfacet
  facet normal  0.357151211606836  0.830607720400442  0.427239776775234
    outer loop
      vertex  0.595195129420188  0.709888777750577  0.787292870318614
      vertex  0.653289969590763  0.719684452268257  0.719684452268303
      vertex  0.603762190872562  0.733747290742026  0.733747290742047
    endloop
  endfacet
  facet normal  0.199757120842109  0.930676906154300  0.306492396355817
    outer loop
      vertex  0.595195129420188  0.709888777750577  0.787292870318614
      vertex  0.625657624294331  0.681164633047267  0.854660929364060
      vertex  0.653289969590763  0.719684452268257  0.719684452268303
    endloop
  endfacet
  facet normal  0.357312200273976  0.906493734112791  0.224937994899967
    outer loop
      vertex  0.595195129420188  0.709888777750577  0.787292870318614
      vertex  0.585857714773496  0.695064303614013  0.861867488519743
      vertex  0.625657624294331  0.681164633047267  0.854660929364060
    endloop
  endfacet
  facet normal  0.518691023739860  0.782433146623002  0.344612816008522
    outer loop
      vertex  0.699999999999993  0.699999999999993  0.700000000000014
      vertex  0.625657624294331  0.681164633047267  0.854660929364060
      vertex  0.661708574988546  0.661708574988546  0.844573551201876
    endloop
  endfacet
  facet normal  0.481340144720613  0.811939056135903  0.330252379554603
    outer loop
      vertex  0.699999999999993  0.699999999999993  0.700000000000014
      vertex  0.653289969590763  0.719684452268257  0.719684452268303
      vertex  0.625657624294331  0.681164633047267  0.854660929364060
    endloop
  endfacet
  facet normal  0.190385086359721  0.978162903093795  0.083371781214747
    outer loop
      vertex  0.585857714773496  0.695064303614013  0.861867488519743
      vertex  0.500009244516126  0.699999999787681  1.000000000000000
      vertex  0.575268887393500  0.685351812289165  1.000000000000000
    endloop
  endfacet
  facet normal  0.131402969590993  0.990248023394932  0.046282953072375
    outer loop
      vertex  0.585857714773496  0.695064303614013  0.861867488519743
      vertex  0.500010537164280  0.706186450092045  0.867633985369233
      vertex  0.500009244516126  0.699999999787681  1.000000000000000
    endloop
  endfacet
  facet normal  0.505230957686855  0.844801806922418  0.176214603297916
    outer loop
      vertex  0.625657624294331  0.681164633047267  0.854660929364060
      vertex  0.641421356237310  0.641421356237310  1.000000000000000
      vertex  0.661708574988546  0.661708574988546  0.844573551201876
    endloop
  endfacet
  facet normal  0.545579652691316  0.821558531827588  0.165482389850161
    outer loop
      vertex  0.625657624294331  0.681164633047267  0.854660929364060
      vertex  0.575268887393500  0.685351812289165  1.000000000000000
      vertex  0.641421356237310  0.641421356237310  1.000000000000000
    endloop
  endfacet
  facet normal  0.343122140428020  0.934771537352104  0.092029178549405
    outer loop
      vertex  0.625657624294331  0.681164633047267  0.854660929364060
      vertex  0.585857714773496  0.695064303614013  0.861867488519743
      vertex  0.575268887393500  0.685351812289165  1.000000000000000
    endloop
  endfacet
  facet normal  0.314122341445965 -0.314122341445966  0.895909766220353
    outer loop
      vertex  0.266247290905173  0.603737808284714  0.266247290905090
      vertex  0.379387869274415  0.620612130725551  0.232494581810244
      vertex  0.396262191715250  0.733752709094778  0.266247290905086
    endloop
  endfacet
  facet normal -0.707106762569547 -0.000000013055557  0.707106799803548
    outer loop
      vertex  0.266247290905173  0.603737808284714  0.266247290905090
      vertex  0.300000000000007  0.699999999999939  0.299999999999931
      vertex  0.266252709257930  0.603762190872580  0.266252709258013
    endloop
  endfacet
  facet normal  0.429147187413503 -0.429147187413519  0.794773793648322
    outer loop
      vertex  0.266247290905173  0.603737808284714  0.266247290905090
      vertex  0.396262191715250  0.733752709094778  0.266247290905086
      vertex  0.300000000000007  0.699999999999939  0.299999999999931
    endloop
  endfacet
  facet normal  0.271947548086601 -0.101898628357765  0.956901876175657
    outer loop
      vertex  0.255000000163146  0.499987357176666  0.255000000163062
      vertex  0.373764901054782  0.499985325131249  0.221247291068216
      vertex  0.379387869274415  0.620612130725551  0.232494581810244
    endloop
  endfacet
  facet normal  0.301695617693508 -0.135020107076346  0.943795171077721
    outer loop
      vertex  0.255000000163146  0.499987357176666  0.255000000163062
      vertex  0.379387869274415  0.620612130725551  0.232494581810244
      vertex  0.266247290905173  0.603737808284714  0.266247290905090
    endloop
  endfacet
  facet normal  0.101898628357793 -0.271947548086595  0.956901876175655
    outer loop
      vertex  0.379387869274415  0.620612130725551  0.232494581810244
      vertex  0.500014674868733  0.626235098945187  0.221247291068211
      vertex  0.500012642823316  0.744999999836809  0.255000000163053
    endloop
  endfacet
  facet normal  0.135020107076376 -0.301695617693512  0.943795171077715
    outer loop
      vertex  0.379387869274415  0.620612130725551  0.232494581810244
      vertex  0.500012642823316  0.744999999836809  0.255000000163053
      vertex  0.396262191715250  0.733752709094778  0.266247290905086
    endloop
  endfacet
  facet normal  0.088387932348091 -0.088387932348064  0.992156815644817
    outer loop
      vertex  0.373764901054782  0.499985325131249  0.221247291068216
      vertex  0.500015351999731  0.499984648000251  0.210000000326183
      vertex  0.500014674868733  0.626235098945187  0.221247291068211
    endloop
  endfacet
  facet normal  0.096877054621467 -0.096877054621441  0.990570377396651
    outer loop
      vertex  0.373764901054782  0.499985325131249  0.221247291068216
      vertex  0.500014674868733  0.626235098945187  0.221247291068211
      vertex  0.379387869274415  0.620612130725551  0.232494581810244
    endloop
  endfacet
  facet normal -0.102437936158756 -0.298380040008107  0.948934044578597
    outer loop
      vertex  0.500014674868733  0.626235098945187  0.221247291068211
      vertex  0.620640577404249  0.620609421875352  0.232500000163075
      vertex  0.603762190872580  0.733747290741947  0.266252709257916
    endloop
  endfacet
  facet normal -0.132792541200753 -0.270953200274305  0.953388957489313
    outer loop
      vertex  0.500014674868733  0.626235098945187  0.221247291068211
      vertex  0.603762190872580  0.733747290741947  0.266252709257916
      vertex  0.500012642823316  0.744999999836809  0.255000000163053
    endloop
  endfacet
  facet normal -0.316356961598542 -0.410785134023566  0.855087040314247
    outer loop
      vertex  0.620640577404249  0.620609421875352  0.232500000163075
      vertex  0.733747290742052  0.603762190872571  0.266252709257970
      vertex  0.700000000000029  0.699999999999921  0.299999999999949
    endloop
  endfacet
  facet normal -0.312132088025364 -0.271666786071860  0.910368451216491
    outer loop
      vertex  0.620640577404249  0.620609421875352  0.232500000163075
      vertex  0.733752709094870  0.603737808284705  0.266247290905108
      vertex  0.733747290742052  0.603762190872571  0.266252709257970
    endloop
  endfacet
  facet normal -0.410789566226134 -0.316380403415288  0.855076237896086
    outer loop
      vertex  0.620640577404249  0.620609421875352  0.232500000163075
      vertex  0.700000000000029  0.699999999999921  0.299999999999949
      vertex  0.603762190872580  0.733747290741947  0.266252709257916
    endloop
  endfacet
  facet normal -0.088363378149860 -0.096560427792903  0.991396992726121
    outer loop
      vertex  0.500015351999731  0.499984648000251  0.210000000326183
      vertex  0.626264899885879  0.499985325457455  0.221252709421047
      vertex  0.620640577404249  0.620609421875352  0.232500000163075
    endloop
  endfacet
  facet normal -0.096602507766283 -0.088321203674502  0.991396651434103
    outer loop
      vertex  0.500015351999731  0.499984648000251  0.210000000326183
      vertex  0.620640577404249  0.620609421875352  0.232500000163075
      vertex  0.500014674868733  0.626235098945187  0.221247291068211
    endloop
  endfacet
  facet normal -0.270973954078232 -0.132729998816343  0.953391768175823
    outer loop
      vertex  0.626264899885879  0.499985325457455  0.221252709421047
      vertex  0.744999999836899  0.499987357176666  0.255000000163080
      vertex  0.733752709094870  0.603737808284705  0.266247290905108
    endloop
  endfacet
  facet normal -0.298390258126679 -0.102394111614605  0.948935561438051
    outer loop
      vertex  0.626264899885879  0.499985325457455  0.221252709421047
      vertex  0.733752709094870  0.603737808284705  0.266247290905108
      vertex  0.620640577404249  0.620609421875352  0.232500000163075
    endloop
  endfacet
  facet normal  0.298380040008122  0.102437936158811  0.948934044578586
    outer loop
      vertex  0.266252709258013  0.396237809127420  0.266252709257930
      vertex  0.379390578124619  0.379359422595749  0.232500000163084
      vertex  0.373764901054782  0.499985325131249  0.221247291068216
    endloop
  endfacet
  facet normal  0.270953200274307  0.132792541200830  0.953388957489302
    outer loop
      vertex  0.266252709258013  0.396237809127420  0.266252709257930
      vertex  0.373764901054782  0.499985325131249  0.221247291068216
      vertex  0.255000000163146  0.499987357176666  0.255000000163062
    endloop
  endfacet
  facet normal  0.410758011908099  0.316386028970191  0.855089314823767
    outer loop
      vertex  0.300000000000043  0.299999999999989  0.299999999999968
      vertex  0.396262191715268  0.266247290905143  0.266247290905122
      vertex  0.379390578124619  0.379359422595749  0.232500000163084
    endloop
  endfacet
  facet normal  0.316380403415299  0.410789566226247  0.855076237896027
    outer loop
      vertex  0.300000000000043  0.299999999999989  0.299999999999968
      vertex  0.379390578124619  0.379359422595749  0.232500000163084
      vertex  0.266252709258013  0.396237809127420  0.266252709257930
    endloop
  endfacet
  facet normal  0.096560427792934  0.088363378149905  0.991396992726114
    outer loop
      vertex  0.379390578124619  0.379359422595749  0.232500000163084
      vertex  0.500014674542527  0.373735100114117  0.221252709421051
      vertex  0.500015351999731  0.499984648000251  0.210000000326183
    endloop
  endfacet
  facet normal  0.088321203674528  0.096602507766335  0.991396651434096
    outer loop
      vertex  0.379390578124619  0.379359422595749  0.232500000163084
      vertex  0.500015351999731  0.499984648000251  0.210000000326183
      vertex  0.373764901054782  0.499985325131249  0.221247291068216
    endloop
  endfacet
  facet normal  0.132729998816390  0.270973954078292  0.953391768175799
    outer loop
      vertex  0.396262191715268  0.266247290905143  0.266247290905122
      vertex  0.500012642823316  0.255000000163110  0.255000000163089
      vertex  0.500014674542527  0.373735100114117  0.221252709421051
    endloop
  endfacet
  facet normal  0.102394111614638  0.298390258126758  0.948935561438023
    outer loop
      vertex  0.396262191715268  0.266247290905143  0.266247290905122
      vertex  0.500014674542527  0.373735100114117  0.221252709421051
      vertex  0.379390578124619  0.379359422595749  0.232500000163084
    endloop
  endfacet
  facet normal -0.096929196292981  0.096929196293027  0.990560175765200
    outer loop
      vertex  0.500014674542527  0.373735100114117  0.221252709421051
      vertex  0.620637867901633  0.379362132098361  0.232505418515915
      vertex  0.626264899885879  0.499985325457455  0.221252709421047
    endloop
  endfacet
  facet normal -0.088431403828416  0.088431403828461  0.992149068252278
    outer loop
      vertex  0.500014674542527  0.373735100114117  0.221252709421051
      vertex  0.626264899885879  0.499985325457455  0.221252709421047
      vertex  0.500015351999731  0.499984648000251  0.210000000326183
    endloop
  endfacet
  facet normal -0.135088419541593  0.301738326135190  0.943771742237967
    outer loop
      vertex  0.500012642823316  0.255000000163110  0.255000000163089
      vertex  0.603762190872562  0.266252709257974  0.266252709257953
      vertex  0.620637867901633  0.379362132098361  0.232505418515915
    endloop
  endfacet
  facet normal -0.101953769477607  0.271971981479060  0.956889058449129
    outer loop
      vertex  0.500012642823316  0.255000000163110  0.255000000163089
      vertex  0.620637867901633  0.379362132098361  0.232505418515915
      vertex  0.500014674542527  0.373735100114117  0.221252709421051
    endloop
  endfacet
  facet normal -0.301738326135131  0.135088419541654  0.943771742237977
    outer loop
      vertex  0.620637867901633  0.379362132098361  0.232505418515915
      vertex  0.733747290742030  0.396237809127429  0.266252709257948
      vertex  0.744999999836899  0.499987357176666  0.255000000163080
    endloop
  endfacet
  facet normal -0.271971981478996  0.101953769477656  0.956889058449142
    outer loop
      vertex  0.620637867901633  0.379362132098361  0.232505418515915
      vertex  0.744999999836899  0.499987357176666  0.255000000163080
      vertex  0.626264899885879  0.499985325457455  0.221252709421047
    endloop
  endfacet
  facet normal -0.429185919741672  0.429185919741744  0.794731962733933
    outer loop
      vertex  0.603762190872562  0.266252709257974  0.266252709257953
      vertex  0.699999999999993  0.300000000000007  0.299999999999986
      vertex  0.733747290742030  0.396237809127429  0.266252709257948
    endloop
  endfacet
  facet normal -0.314167026755738  0.314167026755802  0.895878428470559
    outer loop
      vertex  0.603762190872562  0.266252709257974  0.266252709257953
      vertex  0.733747290742030  0.396237809127429  0.266252709257948
      vertex  0.620637867901633  0.379362132098361  0.232505418515915
    endloop
  endfacet
  facet normal -0.000000000000000 -0.000000000000000 -1.000000000000000
    outer loop
      vertex  0.314641134382844  0.575251493955282  0.000000000000000
      vertex  0.424748506044689  0.685358865617115  0.000000000000000
      vertex  0.402782396644723  0.597217603355251  0.000000000000000
    endloop
  endfacet
  facet normal  0.000000000000000 -0.000000000000000 -1.000000000000000
    outer loop
      vertex  0.314641134382844  0.575251493955282  0.000000000000000
      vertex  0.358578643762667  0.641421356237286  0.000000000000000
      vertex  0.424748506044689  0.685358865617115  0.000000000000000
    endloop
  endfacet
  facet normal  0.000000000000000 -0.000000000000000 -1.000000000000000
    outer loop
      vertex  0.300000000212342  0.499990755483862  0.000000000000000
      vertex  0.402782396644723  0.597217603355251  0.000000000000000
      vertex  0.395462711039683  0.499988110273537  0.000000000000000
    endloop
  endfacet
  facet normal  0.000000000000000 -0.000000000000000 -1.000000000000000
    outer loop
      vertex  0.300000000212342  0.499990755483862  0.000000000000000
      vertex  0.314641134382844  0.575251493955282  0.000000000000000
      vertex  0.402782396644723  0.597217603355251  0.000000000000000
    endloop
  endfacet
  facet normal  0.000000000000000 -0.000000000000000 -1.000000000000000
    outer loop
      vertex  0.500011889726451  0.604537288960293  0.000000000000000
      vertex  0.402782396644723  0.597217603355251  0.000000000000000
      vertex  0.500009244516126  0.699999999787622  0.000000000000000
    endloop
  endfacet
  facet normal -0.000000000000000 -0.000000000000000 -1.000000000000000
    outer loop
      vertex  0.500011889726451  0.604537288960293  0.000000000000000
      vertex  0.395462711039683  0.499988110273537  0.000000000000000
      vertex  0.402782396644723  0.597217603355251  0.000000000000000
    endloop
  endfacet
  facet normal -0.000000000000000  0.000000000000000 -1.000000000000000
    outer loop
      vertex  0.500011889726451  0.604537288960293  0.000000000000000
      vertex  0.500012771180129  0.499987228819859  0.000000000000000
      vertex  0.395462711039683  0.499988110273537  0.000000000000000
    endloop
  endfacet
  facet normal -0.000000000000000  0.000000000000000 -1.000000000000000
    outer loop
      vertex  0.402782396644723  0.597217603355251  0.000000000000000
      vertex  0.424748506044689  0.685358865617115  0.000000000000000
      vertex  0.500009244516126  0.699999999787622  0.000000000000000
    endloop
  endfacet
  facet normal  0.000000000000000 -0.000000000000000 -1.000000000000000
    outer loop
      vertex  0.500011889726451  0.604537288960293  0.000000000000000
      vertex  0.575268887393524  0.685351812289109  0.000000000000000
      vertex  0.597240287214138  0.597214077115898  0.000000000000000
    endloop
  endfacet
  facet normal -0.000000000000000 -0.000000000000000 -1.000000000000000
    outer loop
      vertex  0.500011889726451  0.604537288960293  0.000000000000000
      vertex  0.500009244516126  0.699999999787622  0.000000000000000
      vertex  0.575268887393524  0.685351812289109  0.000000000000000
    endloop
  endfacet
  facet normal -0.000000000000000 -0.000000000000000 -1.000000000000000
    outer loop
      vertex  0.597240287214138  0.597214077115898  0.000000000000000
      vertex  0.641421356237356  0.641421356237263  0.000000000000000
      vertex  0.685358865617188  0.575251493955270  0.000000000000000
    endloop
  endfacet
  facet normal -0.000000000000000 -0.000000000000000 -1.000000000000000
    outer loop
      vertex  0.597240287214138  0.597214077115898  0.000000000000000
      vertex  0.575268887393524  0.685351812289109  0.000000000000000
      vertex  0.641421356237356  0.641421356237263  0.000000000000000
    endloop
  endfacet
  facet normal  0.000000000000000  0.000000000000000 -1.000000000000000
    outer loop
      vertex  0.597240287214138  0.597214077115898  0.000000000000000
      vertex  0.500012771180129  0.499987228819859  0.000000000000000
      vertex  0.500011889726451  0.604537288960293  0.000000000000000
    endloop
  endfacet
  facet normal -0.000000000000000  0.000000000000000 -1.000000000000000
    outer loop
      vertex  0.597240287214138  0.597214077115898  0.000000000000000
      vertex  0.699999999787693  0.499990755483862  0.000000000000000
      vertex  0.500012771180129  0.499987228819859  0.000000000000000
    endloop
  endfacet
  facet normal -0.000000000000000 -0.000000000000000 -1.000000000000000
    outer loop
      vertex  0.597240287214138  0.597214077115898  0.000000000000000
      vertex  0.685358865617188  0.575251493955270  0.000000000000000
      vertex  0.699999999787693  0.499990755483862  0.000000000000000
    endloop
  endfacet
  facet normal -0.000000000000000 -0.000000000000000 -1.000000000000000
    outer loop
      vertex  0.314648187710861  0.424731112606482  0.000000000000000
      vertex  0.395462711039683  0.499988110273537  0.000000000000000
      vertex  0.402785922884081  0.402759712785865  0.000000000000000
    endloop
  endfacet
  facet normal -0.000000000000000 -0.000000000000000 -1.000000000000000
    outer loop
      vertex  0.314648187710861  0.424731112606482  0.000000000000000
      vertex  0.300000000212342  0.499990755483862  0.000000000000000
      vertex  0.395462711039683  0.499988110273537  0.000000000000000
    endloop
  endfacet
  facet normal  0.000000000000000 -0.000000000000000 -1.000000000000000
    outer loop
      vertex  0.358578643762714  0.358578643762667  0.000000000000000
      vertex  0.402785922884081  0.402759712785865  0.000000000000000
      vertex  0.424748506044712  0.314641134382829  0.000000000000000
    endloop
  endfacet
  facet normal -0.000000000000000 -0.000000000000000 -1.000000000000000
    outer loop
      vertex  0.358578643762714  0.358578643762667  0.000000000000000
      vertex  0.314648187710861  0.424731112606482  0.000000000000000
      vertex  0.402785922884081  0.402759712785865  0.000000000000000
    endloop
  endfacet
  facet normal  0.000000000000000 -0.000000000000000 -1.000000000000000
    outer loop
      vertex  0.500011889301813  0.395438264273465  0.000000000000000
      vertex  0.402785922884081  0.402759712785865  0.000000000000000
      vertex  0.500012771180129  0.499987228819859  0.000000000000000
    endloop
  endfacet
  facet normal  0.000000000000000  0.000000000000000 -1.000000000000000
    outer loop
      vertex  0.500011889301813  0.395438264273465  0.000000000000000
      vertex  0.424748506044712  0.314641134382829  0.000000000000000
      vertex  0.402785922884081  0.402759712785865  0.000000000000000
    endloop
  endfacet
  facet normal  0.000000000000000 -0.000000000000000 -1.000000000000000
    outer loop
      vertex  0.500011889301813  0.395438264273465  0.000000000000000
      vertex  0.500009244516126  0.300000000212319  0.000000000000000
      vertex  0.424748506044712  0.314641134382829  0.000000000000000
    endloop
  endfacet
  facet normal -0.000000000000000 -0.000000000000000 -1.000000000000000
    outer loop
      vertex  0.402785922884081  0.402759712785865  0.000000000000000
      vertex  0.395462711039683  0.499988110273537  0.000000000000000
      vertex  0.500012771180129  0.499987228819859  0.000000000000000
    endloop
  endfacet
  facet normal -0.000000000000000 -0.000000000000000 -1.000000000000000
    outer loop
      vertex  0.597236760125504  0.402763239874493  0.000000000000000
      vertex  0.699999999787693  0.499990755483862  0.000000000000000
      vertex  0.685351812289171  0.424731112606494  0.000000000000000
    endloop
  endfacet
  facet normal -0.000000000000000  0.000000000000000 -1.000000000000000
    outer loop
      vertex  0.597236760125504  0.402763239874493  0.000000000000000
      vertex  0.500012771180129  0.499987228819859  0.000000000000000
      vertex  0.699999999787693  0.499990755483862  0.000000000000000
    endloop
  endfacet
  facet normal -0.000000000000000 -0.000000000000000 -1.000000000000000
    outer loop
      vertex  0.597236760125504  0.402763239874493  0.000000000000000
      vertex  0.500011889301813  0.395438264273465  0.000000000000000
      vertex  0.500012771180129  0.499987228819859  0.000000000000000
    endloop
  endfacet
  facet normal -0.000000000000000 -0.000000000000000 -1.000000000000000
    outer loop
      vertex  0.500009244516126  0.300000000212319  0.000000000000000
      vertex  0.597236760125504  0.402763239874493  0.000000000000000
      vertex  0.575268887393500  0.314648187710835  0.000000000000000
    endloop
  endfacet
  facet normal -0.000000000000000 -0.000000000000000 -1.000000000000000
    outer loop
      vertex  0.500009244516126  0.300000000212319  0.000000000000000
      vertex  0.500011889301813  0.395438264273465  0.000000000000000
      vertex  0.597236760125504  0.402763239874493  0.000000000000000
    endloop
  endfacet
  facet normal -0.000000000000000 -0.000000000000000 -1.000000000000000
    outer loop
      vertex  0.575268887393500  0.314648187710835  0.000000000000000
      vertex  0.685351812289171  0.424731112606494  0.000000000000000
      vertex  0.641421356237310  0.358578643762690  0.000000000000000
    endloop
  endfacet
  facet normal -0.000000000000000 -0.000000000000000 -1.000000000000000
    outer loop
      vertex  0.575268887393500  0.314648187710835  0.000000000000000
      vertex  0.597236760125504  0.402763239874493  0.000000000000000
      vertex  0.685351812289171  0.424731112606494  0.000000000000000
    endloop
  endfacet
  facet normal -0.788568100314509  0.518189014216988 -0.331120063891019
    outer loop
      vertex  0.280309452084785  0.653272529267464  0.280309452084739
      vertex  0.338291425011415  0.661708574988490  0.155426448798106
      vertex  0.318829342032174  0.625643847785368  0.145335946896698
    endloop
  endfacet
  facet normal -0.805946659794908  0.483536468816836 -0.341529595920436
    outer loop
      vertex  0.280309452084785  0.653272529267464  0.280309452084739
      vertex  0.300000000000007  0.699999999999939  0.299999999999931
      vertex  0.338291425011415  0.661708574988490  0.155426448798106
    endloop
  endfacet
  facet normal -0.707106755275446 -0.000000021837463  0.707106807097648
    outer loop
      vertex  0.280309452084785  0.653272529267464  0.280309452084739
      vertex  0.280315547731694  0.653289969590768  0.280315547731740
      vertex  0.300000000000007  0.699999999999939  0.299999999999931
    endloop
  endfacet
  facet normal -0.906523053799548  0.357247679633907 -0.224922316203020
    outer loop
      vertex  0.290106538958711  0.595172982103332  0.212702481931035
      vertex  0.318829342032174  0.625643847785368  0.145335946896698
      vertex  0.304930340901052  0.585837842956025  0.138129734823157
    endloop
  endfacet
  facet normal -0.930690604936294  0.199701862987962 -0.306486808529262
    outer loop
      vertex  0.290106538958711  0.595172982103332  0.212702481931035
      vertex  0.280309452084785  0.653272529267464  0.280309452084739
      vertex  0.318829342032174  0.625643847785368  0.145335946896698
    endloop
  endfacet
  facet normal -0.830601007239103  0.357129183034016 -0.427271241015406
    outer loop
      vertex  0.290106538958711  0.595172982103332  0.212702481931035
      vertex  0.266252709257930  0.603762190872580  0.266252709258013
      vertex  0.280309452084785  0.653272529267464  0.280309452084739
    endloop
  endfacet
  facet normal -0.857550257399538  0.285635262094597 -0.427808430354214
    outer loop
      vertex  0.290106538958711  0.595172982103332  0.212702481931035
      vertex  0.266247290905173  0.603737808284714  0.266247290905090
      vertex  0.266252709257930  0.603762190872580  0.266252709258013
    endloop
  endfacet
  facet normal -0.890229252911085  0.135016477567562 -0.435043018616114
    outer loop
      vertex  0.255000000163146  0.499987357176666  0.255000000163062
      vertex  0.290106538958711  0.595172982103332  0.212702481931035
      vertex  0.280385073091444  0.499988345469125  0.203054789907307
    endloop
  endfacet
  facet normal -0.895368950968770  0.142791780042231 -0.421811509081314
    outer loop
      vertex  0.255000000163146  0.499987357176666  0.255000000163062
      vertex  0.266247290905173  0.603737808284714  0.266247290905090
      vertex  0.290106538958711  0.595172982103332  0.212702481931035
    endloop
  endfacet
  facet normal -0.972976014404804  0.138403094011276 -0.184830351839326
    outer loop
      vertex  0.280385073091444  0.499988345469125  0.203054789907307
      vertex  0.304930340901052  0.585837842956025  0.138129734823157
      vertex  0.293813549907945  0.499989462835705  0.132366014630763
    endloop
  endfacet
  facet normal -0.970709840030139  0.120224708167745 -0.208010639186176
    outer loop
      vertex  0.280385073091444  0.499988345469125  0.203054789907307
      vertex  0.290106538958711  0.595172982103332  0.212702481931035
      vertex  0.304930340901052  0.585837842956025  0.138129734823157
    endloop
  endfacet
  facet normal -0.934796768747029  0.343058464809146 -0.092010275854961
    outer loop
      vertex  0.318829342032174  0.625643847785368  0.145335946896698
      vertex  0.314641134382844  0.575251493955282  0.000000000000000
      vertex  0.304930340901052  0.585837842956025  0.138129734823157
    endloop
  endfacet
  facet normal -0.821584652749762  0.545541159397919 -0.165479611338761
    outer loop
      vertex  0.318829342032174  0.625643847785368  0.145335946896698
      vertex  0.358578643762667  0.641421356237286  0.000000000000000
      vertex  0.314641134382844  0.575251493955282  0.000000000000000
    endloop
  endfacet
  facet normal -0.844818759159004  0.505203106787298 -0.176213180737147
    outer loop
      vertex  0.318829342032174  0.625643847785368  0.145335946896698
      vertex  0.338291425011415  0.661708574988490  0.155426448798106
      vertex  0.358578643762667  0.641421356237286  0.000000000000000
    endloop
  endfacet
  facet normal -0.980566741014448  0.190758282604159 -0.045827328464752
    outer loop
      vertex  0.293813549907945  0.499989462835705  0.132366014630763
      vertex  0.314641134382844  0.575251493955282  0.000000000000000
      vertex  0.300000000212342  0.499990755483862  0.000000000000000
    endloop
  endfacet
  facet normal -0.987872705046928  0.133271378629811 -0.079663406036743
    outer loop
      vertex  0.293813549907945  0.499989462835705  0.132366014630763
      vertex  0.304930340901052  0.585837842956025  0.138129734823157
      vertex  0.314641134382844  0.575251493955282  0.000000000000000
    endloop
  endfacet
  facet normal -0.896975261008649 -0.134365326774018 -0.421166641721988
    outer loop
      vertex  0.266252709258013  0.396237809127420  0.266252709257930
      vertex  0.280385073091444  0.499988345469125  0.203054789907307
      vertex  0.290111222249418  0.404804870579804  0.212707129681383
    endloop
  endfacet
  facet normal -0.889146770487499 -0.143565246769610 -0.434519321148820
    outer loop
      vertex  0.266252709258013  0.396237809127420  0.266252709257930
      vertex  0.255000000163146  0.499987357176666  0.255000000163062
      vertex  0.280385073091444  0.499988345469125  0.203054789907307
    endloop
  endfacet
  facet normal -0.967737457520142 -0.139472752187452 -0.209836995569680
    outer loop
      vertex  0.290111222249418  0.404804870579804  0.212707129681383
      vertex  0.293813549907945  0.499989462835705  0.132366014630763
      vertex  0.304935696385981  0.414142285226496  0.138132511480255
    endloop
  endfacet
  facet normal -0.975511176203799 -0.118473298918136 -0.185316007255000
    outer loop
      vertex  0.290111222249418  0.404804870579804  0.212707129681383
      vertex  0.280385073091444  0.499988345469125  0.203054789907307
      vertex  0.293813549907945  0.499989462835705  0.132366014630763
    endloop
  endfacet
  facet normal -0.830618478078976 -0.357125398426083 -0.427240440118650
    outer loop
      vertex  0.290111222249418  0.404804870579804  0.212707129681383
      vertex  0.280309452084739  0.346727470732536  0.280309452084785
      vertex  0.266252709258013  0.396237809127420  0.266252709257930
    endloop
  endfacet
  facet normal -0.759844097109547 -0.434571360727969 -0.483512854557992
    outer loop
      vertex  0.290111222249418  0.404804870579804  0.212707129681383
      vertex  0.280315547731740  0.346710030409232  0.280315547731694
      vertex  0.280309452084739  0.346727470732536  0.280309452084785
    endloop
  endfacet
  facet normal -0.930676906154283 -0.199757120842174 -0.306492396355826
    outer loop
      vertex  0.290111222249418  0.404804870579804  0.212707129681383
      vertex  0.318835366952730  0.374342375705665  0.145339070635938
      vertex  0.280315547731740  0.346710030409232  0.280315547731694
    endloop
  endfacet
  facet normal -0.906493734112759 -0.357312200274059 -0.224937994899968
    outer loop
      vertex  0.290111222249418  0.404804870579804  0.212707129681383
      vertex  0.304935696385981  0.414142285226496  0.138132511480255
      vertex  0.318835366952730  0.374342375705665  0.145339070635938
    endloop
  endfacet
  facet normal -0.782433146622936 -0.518691023739955 -0.344612816008528
    outer loop
      vertex  0.300000000000043  0.299999999999989  0.299999999999968
      vertex  0.318835366952730  0.374342375705665  0.145339070635938
      vertex  0.338291425011454  0.338291425011454  0.155426448798124
    endloop
  endfacet
  facet normal -0.811939056135850 -0.481340144720700 -0.330252379554608
    outer loop
      vertex  0.300000000000043  0.299999999999989  0.299999999999968
      vertex  0.280315547731740  0.346710030409232  0.280315547731694
      vertex  0.318835366952730  0.374342375705665  0.145339070635938
    endloop
  endfacet
  facet normal -0.978162903093777 -0.190385086359811 -0.083371781214753
    outer loop
      vertex  0.304935696385981  0.414142285226496  0.138132511480255
      vertex  0.300000000212342  0.499990755483862  0.000000000000000
      vertex  0.314648187710861  0.424731112606482  0.000000000000000
    endloop
  endfacet
  facet normal -0.990248023394922 -0.131402969591066 -0.046282953072371
    outer loop
      vertex  0.304935696385981  0.414142285226496  0.138132511480255
      vertex  0.293813549907945  0.499989462835705  0.132366014630763
      vertex  0.300000000212342  0.499990755483862  0.000000000000000
    endloop
  endfacet
  facet normal -0.844801806922359 -0.505230957686951 -0.176214603297922
    outer loop
      vertex  0.318835366952730  0.374342375705665  0.145339070635938
      vertex  0.358578643762714  0.358578643762667  0.000000000000000
      vertex  0.338291425011454  0.338291425011454  0.155426448798124
    endloop
  endfacet
  facet normal -0.821558531827531 -0.545579652691400 -0.165482389850170
    outer loop
      vertex  0.318835366952730  0.374342375705665  0.145339070635938
      vertex  0.314648187710861  0.424731112606482  0.000000000000000
      vertex  0.358578643762714  0.358578643762667  0.000000000000000
    endloop
  endfacet
  facet normal -0.934771537352073 -0.343122140428101 -0.092029178549412
    outer loop
      vertex  0.318835366952730  0.374342375705665  0.145339070635938
      vertex  0.304935696385981  0.414142285226496  0.138132511480255
      vertex  0.314648187710861  0.424731112606482  0.000000000000000
    endloop
  endfacet
  facet normal  0.788568100314508  0.518189014216988 -0.331120063891020
    outer loop
      vertex  0.719690547915215  0.653272529267464  0.280309452084739
      vertex  0.681170657967826  0.625643847785368  0.145335946896698
      vertex  0.661708574988585  0.661708574988490  0.155426448798106
    endloop
  endfacet
  facet normal  0.707106755322403 -0.000000021797887  0.707106807050690
    outer loop
      vertex  0.719690547915215  0.653272529267464  0.280309452084739
      vertex  0.700000000000029  0.699999999999921  0.299999999999949
      vertex  0.719684452268306  0.653289969590768  0.280315547731740
    endloop
  endfacet
  facet normal  0.805946659794907  0.483536468816837 -0.341529595920437
    outer loop
      vertex  0.719690547915215  0.653272529267464  0.280309452084739
      vertex  0.661708574988585  0.661708574988490  0.155426448798106
      vertex  0.700000000000029  0.699999999999921  0.299999999999949
    endloop
  endfacet
  facet normal  0.906523053799548  0.357247679633904 -0.224922316203024
    outer loop
      vertex  0.709893461041289  0.595172982103332  0.212702481931035
      vertex  0.695069659098948  0.585837842956025  0.138129734823157
      vertex  0.681170657967826  0.625643847785368  0.145335946896698
    endloop
  endfacet
  facet normal  0.930690604936293  0.199701862987963 -0.306486808529264
    outer loop
      vertex  0.709893461041289  0.595172982103332  0.212702481931035
      vertex  0.681170657967826  0.625643847785368  0.145335946896698
      vertex  0.719690547915215  0.653272529267464  0.280309452084739
    endloop
  endfacet
  facet normal  0.857550257400770  0.285635262090945 -0.427808430354184
    outer loop
      vertex  0.709893461041289  0.595172982103332  0.212702481931035
      vertex  0.733747290742052  0.603762190872571  0.266252709257970
      vertex  0.733752709094870  0.603737808284705  0.266247290905108
    endloop
  endfacet
  facet normal  0.830601007239102  0.357129183034016 -0.427271241015406
    outer loop
      vertex  0.709893461041289  0.595172982103332  0.212702481931035
      vertex  0.719690547915215  0.653272529267464  0.280309452084739
      vertex  0.733747290742052  0.603762190872571  0.266252709257970
    endloop
  endfacet
  facet normal  0.890229252911085  0.135016477567560 -0.435043018616114
    outer loop
      vertex  0.744999999836899  0.499987357176666  0.255000000163080
      vertex  0.719614926908556  0.499988345469125  0.203054789907307
      vertex  0.709893461041289  0.595172982103332  0.212702481931035
    endloop
  endfacet
  facet normal  0.895368950968770  0.142791780042230 -0.421811509081313
    outer loop
      vertex  0.744999999836899  0.499987357176666  0.255000000163080
      vertex  0.709893461041289  0.595172982103332  0.212702481931035
      vertex  0.733752709094870  0.603737808284705  0.266247290905108
    endloop
  endfacet
  facet normal  0.972976014404803  0.138403094011276 -0.184830351839328
    outer loop
      vertex  0.719614926908556  0.499988345469125  0.203054789907307
      vertex  0.706186450092055  0.499989462835705  0.132366014630763
      vertex  0.695069659098948  0.585837842956025  0.138129734823157
    endloop
  endfacet
  facet normal  0.970709840030139  0.120224708167743 -0.208010639186180
    outer loop
      vertex  0.719614926908556  0.499988345469125  0.203054789907307
      vertex  0.695069659098948  0.585837842956025  0.138129734823157
      vertex  0.709893461041289  0.595172982103332  0.212702481931035
    endloop
  endfacet
  facet normal  0.934796768747031  0.343058464809142 -0.092010275854959
    outer loop
      vertex  0.681170657967826  0.625643847785368  0.145335946896698
      vertex  0.695069659098948  0.585837842956025  0.138129734823157
      vertex  0.685358865617188  0.575251493955270  0.000000000000000
    endloop
  endfacet
  facet normal  0.821584652749762  0.545541159397919 -0.165479611338760
    outer loop
      vertex  0.681170657967826  0.625643847785368  0.145335946896698
      vertex  0.685358865617188  0.575251493955270  0.000000000000000
      vertex  0.641421356237356  0.641421356237263  0.000000000000000
    endloop
  endfacet
  facet normal  0.844818759159004  0.505203106787298 -0.176213180737146
    outer loop
      vertex  0.681170657967826  0.625643847785368  0.145335946896698
      vertex  0.641421356237356  0.641421356237263  0.000000000000000
      vertex  0.661708574988585  0.661708574988490  0.155426448798106
    endloop
  endfacet
  facet normal  0.980566741014449  0.190758282604157 -0.045827328464751
    outer loop
      vertex  0.706186450092055  0.499989462835705  0.132366014630763
      vertex  0.699999999787693  0.499990755483862  0.000000000000000
      vertex  0.685358865617188  0.575251493955270  0.000000000000000
    endloop
  endfacet
  facet normal  0.987872705046928  0.133271378629810 -0.079663406036740
    outer loop
      vertex  0.706186450092055  0.499989462835705  0.132366014630763
      vertex  0.685358865617188  0.575251493955270  0.000000000000000
      vertex  0.695069659098948  0.585837842956025  0.138129734823157
    endloop
  endfacet
  facet normal  0.896975261008649 -0.134365326774016 -0.421166641721989
    outer loop
      vertex  0.733747290742030  0.396237809127429  0.266252709257948
      vertex  0.709888777750582  0.404804870579804  0.212707129681383
      vertex  0.719614926908556  0.499988345469125  0.203054789907307
    endloop
  endfacet
  facet normal  0.889146770487500 -0.143565246769608 -0.434519321148820
    outer loop
      vertex  0.733747290742030  0.396237809127429  0.266252709257948
      vertex  0.719614926908556  0.499988345469125  0.203054789907307
      vertex  0.744999999836899  0.499987357176666  0.255000000163080
    endloop
  endfacet
  facet normal  0.967737457520142 -0.139472752187450 -0.209836995569681
    outer loop
      vertex  0.709888777750582  0.404804870579804  0.212707129681383
      vertex  0.695064303614018  0.414142285226496  0.138132511480255
      vertex  0.706186450092055  0.499989462835705  0.132366014630763
    endloop
  endfacet
  facet normal  0.975511176203798 -0.118473298918134 -0.185316007255002
    outer loop
      vertex  0.709888777750582  0.404804870579804  0.212707129681383
      vertex  0.706186450092055  0.499989462835705  0.132366014630763
      vertex  0.719614926908556  0.499988345469125  0.203054789907307
    endloop
  endfacet
  facet normal  0.759844097099093 -0.434571360738155 -0.483512854565266
    outer loop
      vertex  0.709888777750582  0.404804870579804  0.212707129681383
      vertex  0.719690547915261  0.346727470732536  0.280309452084785
      vertex  0.719684452268260  0.346710030409232  0.280315547731694
    endloop
  endfacet
  facet normal  0.830618478078975 -0.357125398426083 -0.427240440118650
    outer loop
      vertex  0.709888777750582  0.404804870579804  0.212707129681383
      vertex  0.733747290742030  0.396237809127429  0.266252709257948
      vertex  0.719690547915261  0.346727470732536  0.280309452084785
    endloop
  endfacet
  facet normal  0.930676906154281 -0.199757120842181 -0.306492396355829
    outer loop
      vertex  0.709888777750582  0.404804870579804  0.212707129681383
      vertex  0.719684452268260  0.346710030409232  0.280315547731694
      vertex  0.681164633047269  0.374342375705665  0.145339070635938
    endloop
  endfacet
  facet normal  0.906493734112756 -0.357312200274065 -0.224937994899970
    outer loop
      vertex  0.709888777750582  0.404804870579804  0.212707129681383
      vertex  0.681164633047269  0.374342375705665  0.145339070635938
      vertex  0.695064303614018  0.414142285226496  0.138132511480255
    endloop
  endfacet
  facet normal  0.782433146622941 -0.518691023739949 -0.344612816008528
    outer loop
      vertex  0.699999999999993  0.300000000000007  0.299999999999986
      vertex  0.661708574988546  0.338291425011454  0.155426448798124
      vertex  0.681164633047269  0.374342375705665  0.145339070635938
    endloop
  endfacet
  facet normal  0.811939056135851 -0.481340144720697 -0.330252379554609
    outer loop
      vertex  0.699999999999993  0.300000000000007  0.299999999999986
      vertex  0.681164633047269  0.374342375705665  0.145339070635938
      vertex  0.719684452268260  0.346710030409232  0.280315547731694
    endloop
  endfacet
  facet normal  0.978162903093778 -0.190385086359809 -0.083371781214751
    outer loop
      vertex  0.695064303614018  0.414142285226496  0.138132511480255
      vertex  0.685351812289171  0.424731112606494  0.000000000000000
      vertex  0.699999999787693  0.499990755483862  0.000000000000000
    endloop
  endfacet
  facet normal  0.990248023394923 -0.131402969591063 -0.046282953072369
    outer loop
      vertex  0.695064303614018  0.414142285226496  0.138132511480255
      vertex  0.699999999787693  0.499990755483862  0.000000000000000
      vertex  0.706186450092055  0.499989462835705  0.132366014630763
    endloop
  endfacet
  facet normal  0.844801806922363 -0.505230957686944 -0.176214603297921
    outer loop
      vertex  0.681164633047269  0.374342375705665  0.145339070635938
      vertex  0.661708574988546  0.338291425011454  0.155426448798124
      vertex  0.641421356237310  0.358578643762690  0.000000000000000
    endloop
  endfacet
  facet normal  0.821558531827531 -0.545579652691401 -0.165482389850167
    outer loop
      vertex  0.681164633047269  0.374342375705665  0.145339070635938
      vertex  0.641421356237310  0.358578643762690  0.000000000000000
      vertex  0.685351812289171  0.424731112606494  0.000000000000000
    endloop
  endfacet
  facet normal  0.934771537352071 -0.343122140428108 -0.092029178549411
    outer loop
      vertex  0.681164633047269  0.374342375705665  0.145339070635938
      vertex  0.685351812289171  0.424731112606494  0.000000000000000
      vertex  0.695064303614018  0.414142285226496  0.138132511480255
    endloop
  endfacet
  facet normal -0.518189014216947  0.788568100314539 -0.331120063891013
    outer loop
      vertex  0.346727470732491  0.719690547915164  0.280309452084736
      vertex  0.374356152214591  0.681170657967778  0.145335946896696
      vertex  0.338291425011415  0.661708574988490  0.155426448798106
    endloop
  endfacet
  facet normal -0.483536468816806  0.805946659794930 -0.341529595920427
    outer loop
      vertex  0.346727470732491  0.719690547915164  0.280309452084736
      vertex  0.338291425011415  0.661708574988490  0.155426448798106
      vertex  0.300000000000007  0.699999999999939  0.299999999999931
    endloop
  endfacet
  facet normal -0.357247679633891  0.906523053799558 -0.224922316203006
    outer loop
      vertex  0.404827017896633  0.709893461041242  0.212702481931031
      vertex  0.414162157043942  0.695069659098902  0.138129734823155
      vertex  0.374356152214591  0.681170657967778  0.145335946896696
    endloop
  endfacet
  facet normal -0.199701862987982  0.930690604936294 -0.306486808529248
    outer loop
      vertex  0.404827017896633  0.709893461041242  0.212702481931031
      vertex  0.374356152214591  0.681170657967778  0.145335946896696
      vertex  0.346727470732491  0.719690547915164  0.280309452084736
    endloop
  endfacet
  facet normal -0.357091726151254  0.830631403270552 -0.427243456374831
    outer loop
      vertex  0.404827017896633  0.709893461041242  0.212702481931031
      vertex  0.346727470732491  0.719690547915164  0.280309452084736
      vertex  0.396262191715250  0.733752709094778  0.266247290905086
    endloop
  endfacet
  facet normal -0.135016477567595  0.890229252911088 -0.435043018616097
    outer loop
      vertex  0.500012642823316  0.744999999836809  0.255000000163053
      vertex  0.500011654530858  0.719614926908513  0.203054789907300
      vertex  0.404827017896633  0.709893461041242  0.212702481931031
    endloop
  endfacet
  facet normal -0.142791780042261  0.895368950968772 -0.421811509081299
    outer loop
      vertex  0.500012642823316  0.744999999836809  0.255000000163053
      vertex  0.404827017896633  0.709893461041242  0.212702481931031
      vertex  0.396262191715250  0.733752709094778  0.266247290905086
    endloop
  endfacet
  facet normal -0.138403094011307  0.972976014404804 -0.184830351839303
    outer loop
      vertex  0.500011654530858  0.719614926908513  0.203054789907300
      vertex  0.500010537164280  0.706186450092015  0.132366014630758
      vertex  0.414162157043942  0.695069659098902  0.138129734823155
    endloop
  endfacet
  facet normal -0.120224708167776  0.970709840030139 -0.208010639186160
    outer loop
      vertex  0.500011654530858  0.719614926908513  0.203054789907300
      vertex  0.414162157043942  0.695069659098902  0.138129734823155
      vertex  0.404827017896633  0.709893461041242  0.212702481931031
    endloop
  endfacet
  facet normal -0.343058464809129  0.934796768747037 -0.092010275854941
    outer loop
      vertex  0.374356152214591  0.681170657967778  0.145335946896696
      vertex  0.414162157043942  0.695069659098902  0.138129734823155
      vertex  0.424748506044689  0.685358865617115  0.000000000000000
    endloop
  endfacet
  facet normal -0.545541159397869  0.821584652749797 -0.165479611338752
    outer loop
      vertex  0.374356152214591  0.681170657967778  0.145335946896696
      vertex  0.424748506044689  0.685358865617115  0.000000000000000
      vertex  0.358578643762667  0.641421356237286  0.000000000000000
    endloop
  endfacet
  facet normal -0.505203106787256  0.844818759159031 -0.176213180737137
    outer loop
      vertex  0.374356152214591  0.681170657967778  0.145335946896696
      vertex  0.358578643762667  0.641421356237286  0.000000000000000
      vertex  0.338291425011415  0.661708574988490  0.155426448798106
    endloop
  endfacet
  facet normal -0.190758282604190  0.980566741014443 -0.045827328464720
    outer loop
      vertex  0.500010537164280  0.706186450092015  0.132366014630758
      vertex  0.500009244516126  0.699999999787622  0.000000000000000
      vertex  0.424748506044689  0.685358865617115  0.000000000000000
    endloop
  endfacet
  facet normal -0.133271378629840  0.987872705046926 -0.079663406036719
    outer loop
      vertex  0.500010537164280  0.706186450092015  0.132366014630758
      vertex  0.424748506044689  0.685358865617115  0.000000000000000
      vertex  0.414162157043942  0.695069659098902  0.138129734823155
    endloop
  endfacet
  facet normal  0.134365326773927  0.896975261008675 -0.421166641721961
    outer loop
      vertex  0.603762190872580  0.733747290741947  0.266252709257916
      vertex  0.595195129420198  0.709888777750544  0.212707129681373
      vertex  0.500011654530858  0.719614926908513  0.203054789907300
    endloop
  endfacet
  facet normal  0.143565246769524  0.889146770487521 -0.434519321148803
    outer loop
      vertex  0.603762190872580  0.733747290741947  0.266252709257916
      vertex  0.500011654530858  0.719614926908513  0.203054789907300
      vertex  0.500012642823316  0.744999999836809  0.255000000163053
    endloop
  endfacet
  facet normal  0.139472752187356  0.967737457520163 -0.209836995569647
    outer loop
      vertex  0.595195129420198  0.709888777750544  0.212707129681373
      vertex  0.585857714773506  0.695064303613984  0.138132511480248
      vertex  0.500010537164280  0.706186450092015  0.132366014630758
    endloop
  endfacet
  facet normal  0.118473298918051  0.975511176203814 -0.185316007254975
    outer loop
      vertex  0.595195129420198  0.709888777750544  0.212707129681373
      vertex  0.500010537164280  0.706186450092015  0.132366014630758
      vertex  0.500011654530858  0.719614926908513  0.203054789907300
    endloop
  endfacet
  facet normal  0.357151211606804  0.830607720400463 -0.427239776775219
    outer loop
      vertex  0.595195129420198  0.709888777750544  0.212707129681373
      vertex  0.603762190872580  0.733747290741947  0.266252709257916
      vertex  0.653289969590777  0.719684452268221  0.280315547731679
    endloop
  endfacet
  facet normal  0.199757120842089  0.930676906154313 -0.306492396355791
    outer loop
      vertex  0.595195129420198  0.709888777750544  0.212707129681373
      vertex  0.653289969590777  0.719684452268221  0.280315547731679
      vertex  0.625657624294347  0.681164633047237  0.145339070635930
    endloop
  endfacet
  facet normal  0.357312200273935  0.906493734112815 -0.224937994899938
    outer loop
      vertex  0.595195129420198  0.709888777750544  0.212707129681373
      vertex  0.625657624294347  0.681164633047237  0.145339070635930
      vertex  0.585857714773506  0.695064303613984  0.138132511480248
    endloop
  endfacet
  facet normal  0.518691023739807  0.782433146623048 -0.344612816008498
    outer loop
      vertex  0.700000000000029  0.699999999999921  0.299999999999949
      vertex  0.661708574988585  0.661708574988490  0.155426448798106
      vertex  0.625657624294347  0.681164633047237  0.145339070635930
    endloop
  endfacet
  facet normal  0.481340144720573  0.811939056135936 -0.330252379554581
    outer loop
      vertex  0.700000000000029  0.699999999999921  0.299999999999949
      vertex  0.625657624294347  0.681164633047237  0.145339070635930
      vertex  0.653289969590777  0.719684452268221  0.280315547731679
    endloop
  endfacet
  facet normal  0.190385086359694  0.978162903093804 -0.083371781214706
    outer loop
      vertex  0.585857714773506  0.695064303613984  0.138132511480248
      vertex  0.575268887393524  0.685351812289109  0.000000000000000
      vertex  0.500009244516126  0.699999999787622  0.000000000000000
    endloop
  endfacet
  facet normal  0.131402969590972  0.990248023394936 -0.046282953072331
    outer loop
      vertex  0.585857714773506  0.695064303613984  0.138132511480248
      vertex  0.500009244516126  0.699999999787622  0.000000000000000
      vertex  0.500010537164280  0.706186450092015  0.132366014630758
    endloop
  endfacet
  facet normal  0.505230957686797  0.844801806922459 -0.176214603297880
    outer loop
      vertex  0.625657624294347  0.681164633047237  0.145339070635930
      vertex  0.661708574988585  0.661708574988490  0.155426448798106
      vertex  0.641421356237356  0.641421356237263  0.000000000000000
    endloop
  endfacet
  facet normal  0.545579652691253  0.821558531827637 -0.165482389850127
    outer loop
      vertex  0.625657624294347  0.681164633047237  0.145339070635930
      vertex  0.641421356237356  0.641421356237263  0.000000000000000
      vertex  0.575268887393524  0.685351812289109  0.000000000000000
    endloop
  endfacet
  facet normal  0.343122140427977  0.934771537352124 -0.092029178549364
    outer loop
      vertex  0.625657624294347  0.681164633047237  0.145339070635930
      vertex  0.575268887393524  0.685351812289109  0.000000000000000
      vertex  0.585857714773506  0.695064303613984  0.138132511480248
    endloop
  endfacet
  facet normal -0.518189014217000 -0.788568100314495 -0.331120063891033
    outer loop
      vertex  0.346727470732505  0.280309452084800  0.280309452084755
      vertex  0.338291425011454  0.338291425011454  0.155426448798124
      vertex  0.374356152214606  0.318829342032192  0.145335946896705
    endloop
  endfacet
  facet normal -0.483536468816846 -0.805946659794896 -0.341529595920450
    outer loop
      vertex  0.346727470732505  0.280309452084800  0.280309452084755
      vertex  0.300000000000043  0.299999999999989  0.299999999999968
      vertex  0.338291425011454  0.338291425011454  0.155426448798124
    endloop
  endfacet
  facet normal -0.357247679633935 -0.906523053799533 -0.224922316203034
    outer loop
      vertex  0.404827017896643  0.290106538958725  0.212702481931045
      vertex  0.374356152214606  0.318829342032192  0.145335946896705
      vertex  0.414162157043952  0.304930340901068  0.138129734823164
    endloop
  endfacet
  facet normal -0.199701862988003 -0.930690604936281 -0.306486808529274
    outer loop
      vertex  0.404827017896643  0.290106538958725  0.212702481931045
      vertex  0.346727470732505  0.280309452084800  0.280309452084755
      vertex  0.374356152214606  0.318829342032192  0.145335946896705
    endloop
  endfacet
  facet normal -0.357091726151283 -0.830631403270534 -0.427243456374842
    outer loop
      vertex  0.404827017896643  0.290106538958725  0.212702481931045
      vertex  0.396262191715268  0.266247290905143  0.266247290905122
      vertex  0.346727470732505  0.280309452084800  0.280309452084755
    endloop
  endfacet
  facet normal -0.135016477567610 -0.890229252911080 -0.435043018616109
    outer loop
      vertex  0.500012642823316  0.255000000163110  0.255000000163089
      vertex  0.404827017896643  0.290106538958725  0.212702481931045
      vertex  0.500011654530858  0.280385073091453  0.203054789907314
    endloop
  endfacet
  facet normal -0.142791780042276 -0.895368950968763 -0.421811509081314
    outer loop
      vertex  0.500012642823316  0.255000000163110  0.255000000163089
      vertex  0.396262191715268  0.266247290905143  0.266247290905122
      vertex  0.404827017896643  0.290106538958725  0.212702481931045
    endloop
  endfacet
  facet normal -0.138403094011328 -0.972976014404796 -0.184830351839330
    outer loop
      vertex  0.500011654530858  0.280385073091453  0.203054789907314
      vertex  0.414162157043952  0.304930340901068  0.138129734823164
      vertex  0.500010537164280  0.293813549907955  0.132366014630767
    endloop
  endfacet
  facet normal -0.120224708167792 -0.970709840030131 -0.208010639186189
    outer loop
      vertex  0.500011654530858  0.280385073091453  0.203054789907314
      vertex  0.404827017896643  0.290106538958725  0.212702481931045
      vertex  0.414162157043952  0.304930340901068  0.138129734823164
    endloop
  endfacet
  facet normal -0.343058464809174 -0.934796768747016 -0.092010275854983
    outer loop
      vertex  0.374356152214606  0.318829342032192  0.145335946896705
      vertex  0.424748506044712  0.314641134382829  0.000000000000000
      vertex  0.414162157043952  0.304930340901068  0.138129734823164
    endloop
  endfacet
  facet normal -0.545541159397934 -0.821584652749747 -0.165479611338787
    outer loop
      vertex  0.374356152214606  0.318829342032192  0.145335946896705
      vertex  0.358578643762714  0.358578643762667  0.000000000000000
      vertex  0.424748506044712  0.314641134382829  0.000000000000000
    endloop
  endfacet
  facet normal -0.505203106787313 -0.844818759158990 -0.176213180737172
    outer loop
      vertex  0.374356152214606  0.318829342032192  0.145335946896705
      vertex  0.338291425011454  0.338291425011454  0.155426448798124
      vertex  0.358578643762714  0.358578643762667  0.000000000000000
    endloop
  endfacet
  facet normal -0.190758282604219 -0.980566741014436 -0.045827328464765
    outer loop
      vertex  0.500010537164280  0.293813549907955  0.132366014630767
      vertex  0.424748506044712  0.314641134382829  0.000000000000000
      vertex  0.500009244516126  0.300000000212319  0.000000000000000
    endloop
  endfacet
  facet normal -0.133271378629862 -0.987872705046919 -0.079663406036761
    outer loop
      vertex  0.500010537164280  0.293813549907955  0.132366014630767
      vertex  0.414162157043952  0.304930340901068  0.138129734823164
      vertex  0.424748506044712  0.314641134382829  0.000000000000000
    endloop
  endfacet
  facet normal  0.134365326773946 -0.896975261008664 -0.421166641721979
    outer loop
      vertex  0.603762190872562  0.266252709257974  0.266252709257953
      vertex  0.500011654530858  0.280385073091453  0.203054789907314
      vertex  0.595195129420188  0.290111222249423  0.212707129681387
    endloop
  endfacet
  facet normal  0.143565246769541 -0.889146770487513 -0.434519321148815
    outer loop
      vertex  0.603762190872562  0.266252709257974  0.266252709257953
      vertex  0.500012642823316  0.255000000163110  0.255000000163089
      vertex  0.500011654530858  0.280385073091453  0.203054789907314
    endloop
  endfacet
  facet normal  0.139472752187377 -0.967737457520154 -0.209836995569673
    outer loop
      vertex  0.595195129420188  0.290111222249423  0.212707129681387
      vertex  0.500010537164280  0.293813549907955  0.132366014630767
      vertex  0.585857714773496  0.304935696385987  0.138132511480257
    endloop
  endfacet
  facet normal  0.118473298918071 -0.975511176203806 -0.185316007255002
    outer loop
      vertex  0.595195129420188  0.290111222249423  0.212707129681387
      vertex  0.500011654530858  0.280385073091453  0.203054789907314
      vertex  0.500010537164280  0.293813549907955  0.132366014630767
    endloop
  endfacet
  facet normal  0.357151211606828 -0.830607720400445 -0.427239776775233
    outer loop
      vertex  0.595195129420188  0.290111222249423  0.212707129681387
      vertex  0.653289969590763  0.280315547731742  0.280315547731697
      vertex  0.603762190872562  0.266252709257974  0.266252709257953
    endloop
  endfacet
  facet normal  0.199757120842099 -0.930676906154303 -0.306492396355815
    outer loop
      vertex  0.595195129420188  0.290111222249423  0.212707129681387
      vertex  0.625657624294331  0.318835366952733  0.145339070635939
      vertex  0.653289969590763  0.280315547731742  0.280315547731697
    endloop
  endfacet
  facet normal  0.357312200273973 -0.906493734112794 -0.224937994899962
    outer loop
      vertex  0.595195129420188  0.290111222249423  0.212707129681387
      vertex  0.585857714773496  0.304935696385987  0.138132511480257
      vertex  0.625657624294331  0.318835366952733  0.145339070635939
    endloop
  endfacet
  facet normal  0.518691023739865 -0.782433146622999 -0.344612816008521
    outer loop
      vertex  0.699999999999993  0.300000000000007  0.299999999999986
      vertex  0.625657624294331  0.318835366952733  0.145339070635939
      vertex  0.661708574988546  0.338291425011454  0.155426448798124
    endloop
  endfacet
  facet normal  0.481340144720616 -0.811939056135902 -0.330252379554602
    outer loop
      vertex  0.699999999999993  0.300000000000007  0.299999999999986
      vertex  0.653289969590763  0.280315547731742  0.280315547731697
      vertex  0.625657624294331  0.318835366952733  0.145339070635939
    endloop
  endfacet
  facet normal  0.190385086359724 -0.978162903093795 -0.083371781214749
    outer loop
      vertex  0.585857714773496  0.304935696385987  0.138132511480257
      vertex  0.500009244516126  0.300000000212319  0.000000000000000
      vertex  0.575268887393500  0.314648187710835  0.000000000000000
    endloop
  endfacet
  facet normal  0.131402969590995 -0.990248023394931 -0.046282953072376
    outer loop
      vertex  0.585857714773496  0.304935696385987  0.138132511480257
      vertex  0.500010537164280  0.293813549907955  0.132366014630767
      vertex  0.500009244516126  0.300000000212319  0.000000000000000
    endloop
  endfacet
  facet normal  0.505230957686859 -0.844801806922415 -0.176214603297917
    outer loop
      vertex  0.625657624294331  0.318835366952733  0.145339070635939
      vertex  0.641421356237310  0.358578643762690  0.000000000000000
      vertex  0.661708574988546  0.338291425011454  0.155426448798124
    endloop
  endfacet
  facet normal  0.545579652691316 -0.821558531827588 -0.165482389850164
    outer loop
      vertex  0.625657624294331  0.318835366952733  0.145339070635939
      vertex  0.575268887393500  0.314648187710835  0.000000000000000
      vertex  0.641421356237310  0.358578643762690  0.000000000000000
    endloop
  endfacet
  facet normal  0.343122140428017 -0.934771537352105 -0.092029178549407
    outer loop
      vertex  0.625657624294331  0.318835366952733  0.145339070635939
      vertex  0.585857714773496  0.304935696385987  0.138132511480257
      vertex  0.575268887393500  0.314648187710835  0.000000000000000
    endloop
  endfacet
  facet normal  0.314122341445964 -0.895909766220353 -0.314122341445967
    outer loop
      vertex  0.266247290905173  0.733752709094910  0.603737808284714
      vertex  0.379387869274415  0.767505418189756  0.620612130725551
      vertex  0.396262191715268  0.733752709094857  0.733752709094878
    endloop
  endfacet
  facet normal -0.707106769446060 -0.707106792927035 -0.000000008233298
    outer loop
      vertex  0.266247290905173  0.733752709094910  0.603737808284714
      vertex  0.300000000000043  0.700000000000011  0.700000000000032
      vertex  0.266252709257953  0.733747290742026  0.603762190872562
    endloop
  endfacet
  facet normal  0.429147187413504 -0.794773793648320 -0.429147187413521
    outer loop
      vertex  0.266247290905173  0.733752709094910  0.603737808284714
      vertex  0.396262191715268  0.733752709094857  0.733752709094878
      vertex  0.300000000000043  0.700000000000011  0.700000000000032
    endloop
  endfacet
  facet normal  0.271947548086601 -0.956901876175657 -0.101898628357763
    outer loop
      vertex  0.255000000163146  0.744999999836938  0.499987357176666
      vertex  0.373764901054782  0.778752708931784  0.499985325131249
      vertex  0.379387869274415  0.767505418189756  0.620612130725551
    endloop
  endfacet
  facet normal  0.301695617693507 -0.943795171077722 -0.135020107076342
    outer loop
      vertex  0.255000000163146  0.744999999836938  0.499987357176666
      vertex  0.379387869274415  0.767505418189756  0.620612130725551
      vertex  0.266247290905173  0.733752709094910  0.603737808284714
    endloop
  endfacet
  facet normal  0.101898628357793 -0.956901876175655 -0.271947548086597
    outer loop
      vertex  0.379387869274415  0.767505418189756  0.620612130725551
      vertex  0.500014674868733  0.778752708931789  0.626235098945187
      vertex  0.500012642823316  0.744999999836890  0.744999999836911
    endloop
  endfacet
  facet normal  0.135020107076374 -0.943795171077715 -0.301695617693513
    outer loop
      vertex  0.379387869274415  0.767505418189756  0.620612130725551
      vertex  0.500012642823316  0.744999999836890  0.744999999836911
      vertex  0.396262191715268  0.733752709094857  0.733752709094878
    endloop
  endfacet
  facet normal  0.088387932348089 -0.992156815644817 -0.088387932348061
    outer loop
      vertex  0.373764901054782  0.778752708931784  0.499985325131249
      vertex  0.500015351999731  0.789999999673817  0.499984648000251
      vertex  0.500014674868733  0.778752708931789  0.626235098945187
    endloop
  endfacet
  facet normal  0.096877054621466 -0.990570377396651 -0.096877054621439
    outer loop
      vertex  0.373764901054782  0.778752708931784  0.499985325131249
      vertex  0.500014674868733  0.778752708931789  0.626235098945187
      vertex  0.379387869274415  0.767505418189756  0.620612130725551
    endloop
  endfacet
  facet normal -0.102437936158756 -0.948934044578598 -0.298380040008106
    outer loop
      vertex  0.500014674868733  0.778752708931789  0.626235098945187
      vertex  0.620640577404249  0.767499999836925  0.620609421875352
      vertex  0.603762190872562  0.733747290742026  0.733747290742047
    endloop
  endfacet
  facet normal -0.132792541200749 -0.953388957489313 -0.270953200274307
    outer loop
      vertex  0.500014674868733  0.778752708931789  0.626235098945187
      vertex  0.603762190872562  0.733747290742026  0.733747290742047
      vertex  0.500012642823316  0.744999999836890  0.744999999836911
    endloop
  endfacet
  facet normal -0.316386028970114 -0.855089314823809 -0.410758011908071
    outer loop
      vertex  0.620640577404249  0.767499999836925  0.620609421875352
      vertex  0.733752709094870  0.733752709094892  0.603737808284705
      vertex  0.699999999999993  0.699999999999993  0.700000000000014
    endloop
  endfacet
  facet normal -0.410789566226135 -0.855076237896085 -0.316380403415288
    outer loop
      vertex  0.620640577404249  0.767499999836925  0.620609421875352
      vertex  0.699999999999993  0.699999999999993  0.700000000000014
      vertex  0.603762190872562  0.733747290742026  0.733747290742047
    endloop
  endfacet
  facet normal -0.088363378149858 -0.991396992726121 -0.096560427792900
    outer loop
      vertex  0.500015351999731  0.789999999673817  0.499984648000251
      vertex  0.626264899885879  0.778747290578953  0.499985325457455
      vertex  0.620640577404249  0.767499999836925  0.620609421875352
    endloop
  endfacet
  facet normal -0.096602507766282 -0.991396651434103 -0.088321203674499
    outer loop
      vertex  0.500015351999731  0.789999999673817  0.499984648000251
      vertex  0.620640577404249  0.767499999836925  0.620609421875352
      vertex  0.500014674868733  0.778752708931789  0.626235098945187
    endloop
  endfacet
  facet normal -0.270973954078232 -0.953391768175823 -0.132729998816341
    outer loop
      vertex  0.626264899885879  0.778747290578953  0.499985325457455
      vertex  0.744999999836899  0.744999999836920  0.499987357176666
      vertex  0.733752709094870  0.733752709094892  0.603737808284705
    endloop
  endfacet
  facet normal -0.298390258126680 -0.948935561438051 -0.102394111614603
    outer loop
      vertex  0.626264899885879  0.778747290578953  0.499985325457455
      vertex  0.733752709094870  0.733752709094892  0.603737808284705
      vertex  0.620640577404249  0.767499999836925  0.620609421875352
    endloop
  endfacet
  facet normal  0.298380040008122 -0.948934044578587  0.102437936158809
    outer loop
      vertex  0.266252709258013  0.733747290742070  0.396237809127420
      vertex  0.379390578124619  0.767499999836916  0.379359422595749
      vertex  0.373764901054782  0.778752708931784  0.499985325131249
    endloop
  endfacet
  facet normal  0.270953200274307 -0.953388957489302  0.132792541200826
    outer loop
      vertex  0.266252709258013  0.733747290742070  0.396237809127420
      vertex  0.373764901054782  0.778752708931784  0.499985325131249
      vertex  0.255000000163146  0.744999999836938  0.499987357176666
    endloop
  endfacet
  facet normal  0.410758011908099 -0.855089314823767  0.316386028970192
    outer loop
      vertex  0.300000000000007  0.699999999999939  0.299999999999931
      vertex  0.396262191715250  0.733752709094778  0.266247290905086
      vertex  0.379390578124619  0.767499999836916  0.379359422595749
    endloop
  endfacet
  facet normal  0.316380403415299 -0.855076237896027  0.410789566226248
    outer loop
      vertex  0.300000000000007  0.699999999999939  0.299999999999931
      vertex  0.379390578124619  0.767499999836916  0.379359422595749
      vertex  0.266252709258013  0.733747290742070  0.396237809127420
    endloop
  endfacet
  facet normal  0.096560427792933 -0.991396992726114  0.088363378149903
    outer loop
      vertex  0.379390578124619  0.767499999836916  0.379359422595749
      vertex  0.500014674542527  0.778747290578949  0.373735100114117
      vertex  0.500015351999731  0.789999999673817  0.499984648000251
    endloop
  endfacet
  facet normal  0.088321203674527 -0.991396651434096  0.096602507766332
    outer loop
      vertex  0.379390578124619  0.767499999836916  0.379359422595749
      vertex  0.500015351999731  0.789999999673817  0.499984648000251
      vertex  0.373764901054782  0.778752708931784  0.499985325131249
    endloop
  endfacet
  facet normal  0.132729998816389 -0.953391768175799  0.270973954078292
    outer loop
      vertex  0.396262191715250  0.733752709094778  0.266247290905086
      vertex  0.500012642823316  0.744999999836809  0.255000000163053
      vertex  0.500014674542527  0.778747290578949  0.373735100114117
    endloop
  endfacet
  facet normal  0.102394111614637 -0.948935561438023  0.298390258126758
    outer loop
      vertex  0.396262191715250  0.733752709094778  0.266247290905086
      vertex  0.500014674542527  0.778747290578949  0.373735100114117
      vertex  0.379390578124619  0.767499999836916  0.379359422595749
    endloop
  endfacet
  facet normal -0.096929196292979 -0.990560175765201  0.096929196293025
    outer loop
      vertex  0.500014674542527  0.778747290578949  0.373735100114117
      vertex  0.620637867901633  0.767494581484085  0.379362132098361
      vertex  0.626264899885879  0.778747290578953  0.499985325457455
    endloop
  endfacet
  facet normal -0.088431403828414 -0.992149068252278  0.088431403828459
    outer loop
      vertex  0.500014674542527  0.778747290578949  0.373735100114117
      vertex  0.626264899885879  0.778747290578953  0.499985325457455
      vertex  0.500015351999731  0.789999999673817  0.499984648000251
    endloop
  endfacet
  facet normal -0.301738326135132 -0.943771742237978  0.135088419541651
    outer loop
      vertex  0.620637867901633  0.767494581484085  0.379362132098361
      vertex  0.733747290742030  0.733747290742052  0.396237809127429
      vertex  0.744999999836899  0.744999999836920  0.499987357176666
    endloop
  endfacet
  facet normal -0.271971981478996 -0.956889058449142  0.101953769477653
    outer loop
      vertex  0.620637867901633  0.767494581484085  0.379362132098361
      vertex  0.744999999836899  0.744999999836920  0.499987357176666
      vertex  0.626264899885879  0.778747290578953  0.499985325457455
    endloop
  endfacet
  facet normal -0.135088419541592 -0.943771742237968  0.301738326135189
    outer loop
      vertex  0.500012642823316  0.744999999836809  0.255000000163053
      vertex  0.603762190872580  0.733747290741947  0.266252709257916
      vertex  0.620637867901633  0.767494581484085  0.379362132098361
    endloop
  endfacet
  facet normal -0.101953769477605 -0.956889058449130  0.271971981479059
    outer loop
      vertex  0.500012642823316  0.744999999836809  0.255000000163053
      vertex  0.620637867901633  0.767494581484085  0.379362132098361
      vertex  0.500014674542527  0.778747290578949  0.373735100114117
    endloop
  endfacet
  facet normal -0.429185919741672 -0.794731962733932  0.429185919741744
    outer loop
      vertex  0.603762190872580  0.733747290741947  0.266252709257916
      vertex  0.700000000000029  0.699999999999921  0.299999999999949
      vertex  0.733747290742030  0.733747290742052  0.396237809127429
    endloop
  endfacet
  facet normal -0.314167026755739 -0.895878428470559  0.314167026755802
    outer loop
      vertex  0.603762190872580  0.733747290741947  0.266252709257916
      vertex  0.733747290742030  0.733747290742052  0.396237809127429
      vertex  0.620637867901633  0.767494581484085  0.379362132098361
    endloop
  endfacet
  facet normal  0.000000000000000  1.000000000000000 -0.000000000000000
    outer loop
      vertex  0.314641134382844  1.000000000000000  0.575251493955282
      vertex  0.424748506044689  1.000000000000000  0.685358865617115
      vertex  0.402782396644723  1.000000000000000  0.597217603355251
    endloop
  endfacet
  facet normal -0.000000000000000  1.000000000000000 -0.000000000000000
    outer loop
      vertex  0.314641134382844  1.000000000000000  0.575251493955282
      vertex  0.358578643762667  1.000000000000000  0.641421356237286
      vertex  0.424748506044689  1.000000000000000  0.685358865617115
    endloop
  endfacet
  facet normal  0.000000000000001  1.000000000000000 -0.000000000000002
    outer loop
      vertex  0.300000000212342  1.000000000000000  0.499990755483862
      vertex  0.402782396644723  1.000000000000000  0.597217603355251
      vertex  0.395462711039683  1.000000000000000  0.499988110273537
    endloop
  endfacet
  facet normal  0.000000000000000  1.000000000000000 -0.000000000000002
    outer loop
      vertex  0.300000000212342  1.000000000000000  0.499990755483862
      vertex  0.314641134382844  1.000000000000000  0.575251493955282
      vertex  0.402782396644723  1.000000000000000  0.597217603355251
    endloop
  endfacet
  facet normal  0.000000000000001  1.000000000000000  0.000000000000000
    outer loop
      vertex  0.500011889726451  1.000000000000000  0.604537288960294
      vertex  0.402782396644723  1.000000000000000  0.597217603355251
      vertex  0.500009244516126  1.000000000000000  0.699999999787622
    endloop
  endfacet
  facet normal  0.000000000000001  1.000000000000000 -0.000000000000002
    outer loop
      vertex  0.500011889726451  1.000000000000000  0.604537288960294
      vertex  0.395462711039683  1.000000000000000  0.499988110273537
      vertex  0.402782396644723  1.000000000000000  0.597217603355251
    endloop
  endfacet
  facet normal  0.000000000000001  1.000000000000000 -0.000000000000002
    outer loop
      vertex  0.500011889726451  1.000000000000000  0.604537288960294
      vertex  0.500012771180129  1.000000000000000  0.499987228819859
      vertex  0.395462711039683  1.000000000000000  0.499988110273537
    endloop
  endfacet
  facet normal  0.000000000000002  1.000000000000000 -0.000000000000000
    outer loop
      vertex  0.402782396644723  1.000000000000000  0.597217603355251
      vertex  0.424748506044689  1.000000000000000  0.685358865617115
      vertex  0.500009244516126  1.000000000000000  0.699999999787622
    endloop
  endfacet
  facet normal -0.000000000000001  1.000000000000000 -0.000000000000000
    outer loop
      vertex  0.500011889726451  1.000000000000000  0.604537288960294
      vertex  0.575268887393524  1.000000000000000  0.685351812289109
      vertex  0.597240287214138  1.000000000000000  0.597214077115899
    endloop
  endfacet
  facet normal -0.000000000000001  1.000000000000000 -0.000000000000000
    outer loop
      vertex  0.500011889726451  1.000000000000000  0.604537288960294
      vertex  0.500009244516126  1.000000000000000  0.699999999787622
      vertex  0.575268887393524  1.000000000000000  0.685351812289109
    endloop
  endfacet
  facet normal  0.000000000000000  1.000000000000000  0.000000000000000
    outer loop
      vertex  0.597240287214138  1.000000000000000  0.597214077115899
      vertex  0.641421356237356  1.000000000000000  0.641421356237263
      vertex  0.685358865617188  1.000000000000000  0.575251493955270
    endloop
  endfacet
  facet normal -0.000000000000000  1.000000000000000  0.000000000000000
    outer loop
      vertex  0.597240287214138  1.000000000000000  0.597214077115899
      vertex  0.575268887393524  1.000000000000000  0.685351812289109
      vertex  0.641421356237356  1.000000000000000  0.641421356237263
    endloop
  endfacet
  facet normal -0.000000000000001  1.000000000000000 -0.000000000000002
    outer loop
      vertex  0.597240287214138  1.000000000000000  0.597214077115899
      vertex  0.500012771180129  1.000000000000000  0.499987228819859
      vertex  0.500011889726451  1.000000000000000  0.604537288960294
    endloop
  endfacet
  facet normal -0.000000000000001  1.000000000000000 -0.000000000000002
    outer loop
      vertex  0.597240287214138  1.000000000000000  0.597214077115899
      vertex  0.699999999787693  1.000000000000000  0.499990755483862
      vertex  0.500012771180129  1.000000000000000  0.499987228819859
    endloop
  endfacet
  facet normal -0.000000000000000  1.000000000000000 -0.000000000000002
    outer loop
      vertex  0.597240287214138  1.000000000000000  0.597214077115899
      vertex  0.685358865617188  1.000000000000000  0.575251493955270
      vertex  0.699999999787693  1.000000000000000  0.499990755483862
    endloop
  endfacet
  facet normal  0.000000000000001  1.000000000000000  0.000000000000002
    outer loop
      vertex  0.314648187710861  1.000000000000000  0.424731112606482
      vertex  0.395462711039683  1.000000000000000  0.499988110273537
      vertex  0.402785922884081  1.000000000000000  0.402759712785865
    endloop
  endfacet
  facet normal  0.000000000000001  1.000000000000000  0.000000000000002
    outer loop
      vertex  0.314648187710861  1.000000000000000  0.424731112606482
      vertex  0.300000000212342  1.000000000000000  0.499990755483862
      vertex  0.395462711039683  1.000000000000000  0.499988110273537
    endloop
  endfacet
  facet normal  0.000000000000000  1.000000000000000  0.000000000000000
    outer loop
      vertex  0.358578643762714  1.000000000000000  0.358578643762667
      vertex  0.402785922884081  1.000000000000000  0.402759712785865
      vertex  0.424748506044712  1.000000000000000  0.314641134382829
    endloop
  endfacet
  facet normal -0.000000000000000  1.000000000000000 -0.000000000000000
    outer loop
      vertex  0.358578643762714  1.000000000000000  0.358578643762667
      vertex  0.314648187710861  1.000000000000000  0.424731112606482
      vertex  0.402785922884081  1.000000000000000  0.402759712785865
    endloop
  endfacet
  facet normal  0.000000000000001  1.000000000000000  0.000000000000002
    outer loop
      vertex  0.500011889301813  1.000000000000000  0.395438264273465
      vertex  0.402785922884081  1.000000000000000  0.402759712785865
      vertex  0.500012771180129  1.000000000000000  0.499987228819859
    endloop
  endfacet
  facet normal  0.000000000000001  1.000000000000000  0.000000000000000
    outer loop
      vertex  0.500011889301813  1.000000000000000  0.395438264273465
      vertex  0.424748506044712  1.000000000000000  0.314641134382829
      vertex  0.402785922884081  1.000000000000000  0.402759712785865
    endloop
  endfacet
  facet normal  0.000000000000001  1.000000000000000 -0.000000000000000
    outer loop
      vertex  0.500011889301813  1.000000000000000  0.395438264273465
      vertex  0.500009244516126  1.000000000000000  0.300000000212319
      vertex  0.424748506044712  1.000000000000000  0.314641134382829
    endloop
  endfacet
  facet normal  0.000000000000001  1.000000000000000  0.000000000000002
    outer loop
      vertex  0.402785922884081  1.000000000000000  0.402759712785865
      vertex  0.395462711039683  1.000000000000000  0.499988110273537
      vertex  0.500012771180129  1.000000000000000  0.499987228819859
    endloop
  endfacet
  facet normal -0.000000000000000  1.000000000000000  0.000000000000002
    outer loop
      vertex  0.597236760125504  1.000000000000000  0.402763239874493
      vertex  0.699999999787693  1.000000000000000  0.499990755483862
      vertex  0.685351812289171  1.000000000000000  0.424731112606494
    endloop
  endfacet
  facet normal -0.000000000000001  1.000000000000000  0.000000000000002
    outer loop
      vertex  0.597236760125504  1.000000000000000  0.402763239874493
      vertex  0.500012771180129  1.000000000000000  0.499987228819859
      vertex  0.699999999787693  1.000000000000000  0.499990755483862
    endloop
  endfacet
  facet normal -0.000000000000001  1.000000000000000  0.000000000000002
    outer loop
      vertex  0.597236760125504  1.000000000000000  0.402763239874493
      vertex  0.500011889301813  1.000000000000000  0.395438264273465
      vertex  0.500012771180129  1.000000000000000  0.499987228819859
    endloop
  endfacet
  facet normal -0.000000000000002  1.000000000000000  0.000000000000000
    outer loop
      vertex  0.500009244516126  1.000000000000000  0.300000000212319
      vertex  0.597236760125504  1.000000000000000  0.402763239874493
      vertex  0.575268887393500  1.000000000000000  0.314648187710835
    endloop
  endfacet
  facet normal -0.000000000000001  1.000000000000000  0.000000000000000
    outer loop
      vertex  0.500009244516126  1.000000000000000  0.300000000212319
      vertex  0.500011889301813  1.000000000000000  0.395438264273465
      vertex  0.597236760125504  1.000000000000000  0.402763239874493
    endloop
  endfacet
  facet normal -0.000000000000000  1.000000000000000 -0.000000000000000
    outer loop
      vertex  0.575268887393500  1.000000000000000  0.314648187710835
      vertex  0.685351812289171  1.000000000000000  0.424731112606494
      vertex  0.641421356237310  1.000000000000000  0.358578643762690
    endloop
  endfacet
  facet normal -0.000000000000000  1.000000000000000  0.000000000000000
    outer loop
      vertex  0.575268887393500  1.000000000000000  0.314648187710835
      vertex  0.597236760125504  1.000000000000000  0.402763239874493
      vertex  0.685351812289171  1.000000000000000  0.424731112606494
    endloop
  endfacet
  facet normal -0.788568100314508  0.331120063891020  0.518189014216989
    outer loop
      vertex  0.280309452084785  0.719690547915261  0.653272529267464
      vertex  0.338291425011415  0.844573551201894  0.661708574988490
      vertex  0.318829342032174  0.854664053103302  0.625643847785368
    endloop
  endfacet
  facet normal -0.805946659794907  0.341529595920437  0.483536468816837
    outer loop
      vertex  0.280309452084785  0.719690547915261  0.653272529267464
      vertex  0.300000000000043  0.700000000000011  0.700000000000032
      vertex  0.338291425011415  0.844573551201894  0.661708574988490
    endloop
  endfacet
  facet normal -0.707106755196629 -0.707106807176465 -0.000000021903123
    outer loop
      vertex  0.280309452084785  0.719690547915261  0.653272529267464
      vertex  0.280315547731697  0.719684452268257  0.653289969590763
      vertex  0.300000000000043  0.700000000000011  0.700000000000032
    endloop
  endfacet
  facet normal -0.906523053799548  0.224922316203020  0.357247679633908
    outer loop
      vertex  0.290106538958711  0.787297518068965  0.595172982103332
      vertex  0.318829342032174  0.854664053103302  0.625643847785368
      vertex  0.304930340901052  0.861870265176843  0.585837842956025
    endloop
  endfacet
  facet normal -0.930690604936294  0.306486808529263  0.199701862987962
    outer loop
      vertex  0.290106538958711  0.787297518068965  0.595172982103332
      vertex  0.280309452084785  0.719690547915261  0.653272529267464
      vertex  0.318829342032174  0.854664053103302  0.625643847785368
    endloop
  endfacet
  facet normal -0.830601007239245  0.427271241015276  0.357129183033839
    outer loop
      vertex  0.290106538958711  0.787297518068965  0.595172982103332
      vertex  0.266252709257953  0.733747290742026  0.603762190872562
      vertex  0.280309452084785  0.719690547915261  0.653272529267464
    endloop
  endfacet
  facet normal -0.857550257291642  0.427808430357231  0.285635262414009
    outer loop
      vertex  0.290106538958711  0.787297518068965  0.595172982103332
      vertex  0.266247290905173  0.733752709094910  0.603737808284714
      vertex  0.266252709257953  0.733747290742026  0.603762190872562
    endloop
  endfacet
  facet normal -0.890229252911085  0.435043018616114  0.135016477567561
    outer loop
      vertex  0.255000000163146  0.744999999836938  0.499987357176666
      vertex  0.290106538958711  0.787297518068965  0.595172982103332
      vertex  0.280385073091444  0.796945210092692  0.499988345469125
    endloop
  endfacet
  facet normal -0.895368950968770  0.421811509081315  0.142791780042230
    outer loop
      vertex  0.255000000163146  0.744999999836938  0.499987357176666
      vertex  0.266247290905173  0.733752709094910  0.603737808284714
      vertex  0.290106538958711  0.787297518068965  0.595172982103332
    endloop
  endfacet
  facet normal -0.972976014404804  0.184830351839326  0.138403094011276
    outer loop
      vertex  0.280385073091444  0.796945210092692  0.499988345469125
      vertex  0.304930340901052  0.861870265176843  0.585837842956025
      vertex  0.293813549907945  0.867633985369237  0.499989462835705
    endloop
  endfacet
  facet normal -0.970709840030139  0.208010639186177  0.120224708167745
    outer loop
      vertex  0.280385073091444  0.796945210092692  0.499988345469125
      vertex  0.290106538958711  0.787297518068965  0.595172982103332
      vertex  0.304930340901052  0.861870265176843  0.585837842956025
    endloop
  endfacet
  facet normal -0.934796768747029  0.092010275854961  0.343058464809146
    outer loop
      vertex  0.318829342032174  0.854664053103302  0.625643847785368
      vertex  0.314641134382844  1.000000000000000  0.575251493955282
      vertex  0.304930340901052  0.861870265176843  0.585837842956025
    endloop
  endfacet
  facet normal -0.821584652749762  0.165479611338760  0.545541159397919
    outer loop
      vertex  0.318829342032174  0.854664053103302  0.625643847785368
      vertex  0.358578643762667  1.000000000000000  0.641421356237286
      vertex  0.314641134382844  1.000000000000000  0.575251493955282
    endloop
  endfacet
  facet normal -0.844818759159004  0.176213180737146  0.505203106787299
    outer loop
      vertex  0.318829342032174  0.854664053103302  0.625643847785368
      vertex  0.338291425011415  0.844573551201894  0.661708574988490
      vertex  0.358578643762667  1.000000000000000  0.641421356237286
    endloop
  endfacet
  facet normal -0.980566741014448  0.045827328464752  0.190758282604159
    outer loop
      vertex  0.293813549907945  0.867633985369237  0.499989462835705
      vertex  0.314641134382844  1.000000000000000  0.575251493955282
      vertex  0.300000000212342  1.000000000000000  0.499990755483862
    endloop
  endfacet
  facet normal -0.987872705046928  0.079663406036743  0.133271378629810
    outer loop
      vertex  0.293813549907945  0.867633985369237  0.499989462835705
      vertex  0.304930340901052  0.861870265176843  0.585837842956025
      vertex  0.314641134382844  1.000000000000000  0.575251493955282
    endloop
  endfacet
  facet normal -0.896975261008649  0.421166641721988 -0.134365326774017
    outer loop
      vertex  0.266252709258013  0.733747290742070  0.396237809127420
      vertex  0.280385073091444  0.796945210092692  0.499988345469125
      vertex  0.290111222249418  0.787292870318617  0.404804870579804
    endloop
  endfacet
  facet normal -0.889146770487500  0.434519321148820 -0.143565246769609
    outer loop
      vertex  0.266252709258013  0.733747290742070  0.396237809127420
      vertex  0.255000000163146  0.744999999836938  0.499987357176666
      vertex  0.280385073091444  0.796945210092692  0.499988345469125
    endloop
  endfacet
  facet normal -0.967737457520141  0.209836995569680 -0.139472752187452
    outer loop
      vertex  0.290111222249418  0.787292870318617  0.404804870579804
      vertex  0.293813549907945  0.867633985369237  0.499989462835705
      vertex  0.304935696385981  0.861867488519745  0.414142285226496
    endloop
  endfacet
  facet normal -0.975511176203799  0.185316007255000 -0.118473298918136
    outer loop
      vertex  0.290111222249418  0.787292870318617  0.404804870579804
      vertex  0.280385073091444  0.796945210092692  0.499988345469125
      vertex  0.293813549907945  0.867633985369237  0.499989462835705
    endloop
  endfacet
  facet normal -0.830618478078911  0.427240440118646 -0.357125398426238
    outer loop
      vertex  0.290111222249418  0.787292870318617  0.404804870579804
      vertex  0.280309452084755  0.719690547915200  0.346727470732505
      vertex  0.266252709258013  0.733747290742070  0.396237809127420
    endloop
  endfacet
  facet normal -0.759844097419779  0.483512854342695 -0.434571360425076
    outer loop
      vertex  0.290111222249418  0.787292870318617  0.404804870579804
      vertex  0.280315547731740  0.719684452268306  0.346710030409232
      vertex  0.280309452084755  0.719690547915200  0.346727470732505
    endloop
  endfacet
  facet normal -0.930676906154283  0.306492396355826 -0.199757120842175
    outer loop
      vertex  0.290111222249418  0.787292870318617  0.404804870579804
      vertex  0.318835366952730  0.854660929364062  0.374342375705665
      vertex  0.280315547731740  0.719684452268306  0.346710030409232
    endloop
  endfacet
  facet normal -0.906493734112758  0.224937994899969 -0.357312200274059
    outer loop
      vertex  0.290111222249418  0.787292870318617  0.404804870579804
      vertex  0.304935696385981  0.861867488519745  0.414142285226496
      vertex  0.318835366952730  0.854660929364062  0.374342375705665
    endloop
  endfacet
  facet normal -0.782433146622936  0.344612816008529 -0.518691023739955
    outer loop
      vertex  0.300000000000007  0.699999999999939  0.299999999999931
      vertex  0.318835366952730  0.854660929364062  0.374342375705665
      vertex  0.338291425011454  0.844573551201876  0.338291425011454
    endloop
  endfacet
  facet normal -0.811939056135850  0.330252379554608 -0.481340144720699
    outer loop
      vertex  0.300000000000007  0.699999999999939  0.299999999999931
      vertex  0.280315547731740  0.719684452268306  0.346710030409232
      vertex  0.318835366952730  0.854660929364062  0.374342375705665
    endloop
  endfacet
  facet normal -0.978162903093777  0.083371781214753 -0.190385086359811
    outer loop
      vertex  0.304935696385981  0.861867488519745  0.414142285226496
      vertex  0.300000000212342  1.000000000000000  0.499990755483862
      vertex  0.314648187710861  1.000000000000000  0.424731112606482
    endloop
  endfacet
  facet normal -0.990248023394922  0.046282953072371 -0.131402969591066
    outer loop
      vertex  0.304935696385981  0.861867488519745  0.414142285226496
      vertex  0.293813549907945  0.867633985369237  0.499989462835705
      vertex  0.300000000212342  1.000000000000000  0.499990755483862
    endloop
  endfacet
  facet normal -0.844801806922359  0.176214603297921 -0.505230957686950
    outer loop
      vertex  0.318835366952730  0.854660929364062  0.374342375705665
      vertex  0.358578643762714  1.000000000000000  0.358578643762667
      vertex  0.338291425011454  0.844573551201876  0.338291425011454
    endloop
  endfacet
  facet normal -0.821558531827531  0.165482389850170 -0.545579652691400
    outer loop
      vertex  0.318835366952730  0.854660929364062  0.374342375705665
      vertex  0.314648187710861  1.000000000000000  0.424731112606482
      vertex  0.358578643762714  1.000000000000000  0.358578643762667
    endloop
  endfacet
  facet normal -0.934771537352073  0.092029178549412 -0.343122140428101
    outer loop
      vertex  0.318835366952730  0.854660929364062  0.374342375705665
      vertex  0.304935696385981  0.861867488519745  0.414142285226496
      vertex  0.314648187710861  1.000000000000000  0.424731112606482
    endloop
  endfacet
  facet normal  0.788568100314506  0.331120063891021  0.518189014216992
    outer loop
      vertex  0.719690547915215  0.719690547915261  0.653272529267464
      vertex  0.681170657967826  0.854664053103302  0.625643847785368
      vertex  0.661708574988585  0.844573551201894  0.661708574988490
    endloop
  endfacet
  facet normal  0.805946659794905  0.341529595920437  0.483536468816839
    outer loop
      vertex  0.719690547915215  0.719690547915261  0.653272529267464
      vertex  0.661708574988585  0.844573551201894  0.661708574988490
      vertex  0.699999999999993  0.699999999999993  0.700000000000014
    endloop
  endfacet
  facet normal  0.906523053799549  0.224922316203024  0.357247679633903
    outer loop
      vertex  0.709893461041289  0.787297518068965  0.595172982103332
      vertex  0.695069659098948  0.861870265176843  0.585837842956025
      vertex  0.681170657967826  0.854664053103302  0.625643847785368
    endloop
  endfacet
  facet normal  0.930690604936293  0.306486808529264  0.199701862987963
    outer loop
      vertex  0.709893461041289  0.787297518068965  0.595172982103332
      vertex  0.681170657967826  0.854664053103302  0.625643847785368
      vertex  0.719690547915215  0.719690547915261  0.653272529267464
    endloop
  endfacet
  facet normal  0.830631403270544  0.427243456374840  0.357091726151261
    outer loop
      vertex  0.709893461041289  0.787297518068965  0.595172982103332
      vertex  0.719690547915215  0.719690547915261  0.653272529267464
      vertex  0.733752709094870  0.733752709094892  0.603737808284705
    endloop
  endfacet
  facet normal  0.890229252911085  0.435043018616114  0.135016477567559
    outer loop
      vertex  0.744999999836899  0.744999999836920  0.499987357176666
      vertex  0.719614926908556  0.796945210092692  0.499988345469125
      vertex  0.709893461041289  0.787297518068965  0.595172982103332
    endloop
  endfacet
  facet normal  0.895368950968771  0.421811509081314  0.142791780042228
    outer loop
      vertex  0.744999999836899  0.744999999836920  0.499987357176666
      vertex  0.709893461041289  0.787297518068965  0.595172982103332
      vertex  0.733752709094870  0.733752709094892  0.603737808284705
    endloop
  endfacet
  facet normal  0.972976014404804  0.184830351839328  0.138403094011275
    outer loop
      vertex  0.719614926908556  0.796945210092692  0.499988345469125
      vertex  0.706186450092055  0.867633985369237  0.499989462835705
      vertex  0.695069659098948  0.861870265176843  0.585837842956025
    endloop
  endfacet
  facet normal  0.970709840030139  0.208010639186181  0.120224708167743
    outer loop
      vertex  0.719614926908556  0.796945210092692  0.499988345469125
      vertex  0.695069659098948  0.861870265176843  0.585837842956025
      vertex  0.709893461041289  0.787297518068965  0.595172982103332
    endloop
  endfacet
  facet normal  0.934796768747031  0.092010275854958  0.343058464809141
    outer loop
      vertex  0.681170657967826  0.854664053103302  0.625643847785368
      vertex  0.695069659098948  0.861870265176843  0.585837842956025
      vertex  0.685358865617188  1.000000000000000  0.575251493955270
    endloop
  endfacet
  facet normal  0.821584652749762  0.165479611338760  0.545541159397919
    outer loop
      vertex  0.681170657967826  0.854664053103302  0.625643847785368
      vertex  0.685358865617188  1.000000000000000  0.575251493955270
      vertex  0.641421356237356  1.000000000000000  0.641421356237263
    endloop
  endfacet
  facet normal  0.844818759159003  0.176213180737146  0.505203106787301
    outer loop
      vertex  0.681170657967826  0.854664053103302  0.625643847785368
      vertex  0.641421356237356  1.000000000000000  0.641421356237263
      vertex  0.661708574988585  0.844573551201894  0.661708574988490
    endloop
  endfacet
  facet normal  0.980566741014448  0.045827328464750  0.190758282604157
    outer loop
      vertex  0.706186450092055  0.867633985369237  0.499989462835705
      vertex  0.699999999787693  1.000000000000000  0.499990755483862
      vertex  0.685358865617188  1.000000000000000  0.575251493955270
    endloop
  endfacet
  facet normal  0.987872705046928  0.079663406036740  0.133271378629810
    outer loop
      vertex  0.706186450092055  0.867633985369237  0.499989462835705
      vertex  0.685358865617188  1.000000000000000  0.575251493955270
      vertex  0.695069659098948  0.861870265176843  0.585837842956025
    endloop
  endfacet
  facet normal  0.896975261008649  0.421166641721989 -0.134365326774015
    outer loop
      vertex  0.733747290742030  0.733747290742052  0.396237809127429
      vertex  0.709888777750582  0.787292870318617  0.404804870579804
      vertex  0.719614926908556  0.796945210092692  0.499988345469125
    endloop
  endfacet
  facet normal  0.889146770487500  0.434519321148820 -0.143565246769607
    outer loop
      vertex  0.733747290742030  0.733747290742052  0.396237809127429
      vertex  0.719614926908556  0.796945210092692  0.499988345469125
      vertex  0.744999999836899  0.744999999836920  0.499987357176666
    endloop
  endfacet
  facet normal  0.967737457520141  0.209836995569682 -0.139472752187450
    outer loop
      vertex  0.709888777750582  0.787292870318617  0.404804870579804
      vertex  0.695064303614018  0.861867488519745  0.414142285226496
      vertex  0.706186450092055  0.867633985369237  0.499989462835705
    endloop
  endfacet
  facet normal  0.975511176203798  0.185316007255003 -0.118473298918134
    outer loop
      vertex  0.709888777750582  0.787292870318617  0.404804870579804
      vertex  0.706186450092055  0.867633985369237  0.499989462835705
      vertex  0.719614926908556  0.796945210092692  0.499988345469125
    endloop
  endfacet
  facet normal  0.830607720400406  0.427239776775239 -0.357151211606911
    outer loop
      vertex  0.709888777750582  0.787292870318617  0.404804870579804
      vertex  0.733747290742030  0.733747290742052  0.396237809127429
      vertex  0.719684452268260  0.719684452268306  0.346710030409232
    endloop
  endfacet
  facet normal  0.930676906154280  0.306492396355829 -0.199757120842182
    outer loop
      vertex  0.709888777750582  0.787292870318617  0.404804870579804
      vertex  0.719684452268260  0.719684452268306  0.346710030409232
      vertex  0.681164633047269  0.854660929364062  0.374342375705665
    endloop
  endfacet
  facet normal  0.906493734112755  0.224937994899971 -0.357312200274065
    outer loop
      vertex  0.709888777750582  0.787292870318617  0.404804870579804
      vertex  0.681164633047269  0.854660929364062  0.374342375705665
      vertex  0.695064303614018  0.861867488519745  0.414142285226496
    endloop
  endfacet
  facet normal  0.782433146622940  0.344612816008529 -0.518691023739949
    outer loop
      vertex  0.700000000000029  0.699999999999921  0.299999999999949
      vertex  0.661708574988546  0.844573551201876  0.338291425011454
      vertex  0.681164633047269  0.854660929364062  0.374342375705665
    endloop
  endfacet
  facet normal  0.811939056135851  0.330252379554610 -0.481340144720697
    outer loop
      vertex  0.700000000000029  0.699999999999921  0.299999999999949
      vertex  0.681164633047269  0.854660929364062  0.374342375705665
      vertex  0.719684452268260  0.719684452268306  0.346710030409232
    endloop
  endfacet
  facet normal  0.978162903093778  0.083371781214751 -0.190385086359808
    outer loop
      vertex  0.695064303614018  0.861867488519745  0.414142285226496
      vertex  0.685351812289171  1.000000000000000  0.424731112606494
      vertex  0.699999999787693  1.000000000000000  0.499990755483862
    endloop
  endfacet
  facet normal  0.990248023394922  0.046282953072369 -0.131402969591063
    outer loop
      vertex  0.695064303614018  0.861867488519745  0.414142285226496
      vertex  0.699999999787693  1.000000000000000  0.499990755483862
      vertex  0.706186450092055  0.867633985369237  0.499989462835705
    endloop
  endfacet
  facet normal  0.844801806922364  0.176214603297920 -0.505230957686943
    outer loop
      vertex  0.681164633047269  0.854660929364062  0.374342375705665
      vertex  0.661708574988546  0.844573551201876  0.338291425011454
      vertex  0.641421356237310  1.000000000000000  0.358578643762690
    endloop
  endfacet
  facet normal  0.821558531827531  0.165482389850167 -0.545579652691400
    outer loop
      vertex  0.681164633047269  0.854660929364062  0.374342375705665
      vertex  0.641421356237310  1.000000000000000  0.358578643762690
      vertex  0.685351812289171  1.000000000000000  0.424731112606494
    endloop
  endfacet
  facet normal  0.934771537352071  0.092029178549411 -0.343122140428108
    outer loop
      vertex  0.681164633047269  0.854660929364062  0.374342375705665
      vertex  0.685351812289171  1.000000000000000  0.424731112606494
      vertex  0.695064303614018  0.861867488519745  0.414142285226496
    endloop
  endfacet
  facet normal -0.518189014216948  0.331120063891013  0.788568100314538
    outer loop
      vertex  0.346727470732505  0.719690547915200  0.719690547915246
      vertex  0.374356152214591  0.854664053103303  0.681170657967778
      vertex  0.338291425011415  0.844573551201894  0.661708574988490
    endloop
  endfacet
  facet normal -0.483536468816807  0.341529595920427  0.805946659794929
    outer loop
      vertex  0.346727470732505  0.719690547915200  0.719690547915246
      vertex  0.338291425011415  0.844573551201894  0.661708574988490
      vertex  0.300000000000043  0.700000000000011  0.700000000000032
    endloop
  endfacet
  facet normal -0.357247679633889  0.224922316203009  0.906523053799558
    outer loop
      vertex  0.404827017896633  0.787297518068969  0.709893461041242
      vertex  0.414162157043942  0.861870265176845  0.695069659098902
      vertex  0.374356152214591  0.854664053103303  0.681170657967778
    endloop
  endfacet
  facet normal -0.199701862987985  0.306486808529249  0.930690604936293
    outer loop
      vertex  0.404827017896633  0.787297518068969  0.709893461041242
      vertex  0.374356152214591  0.854664053103303  0.681170657967778
      vertex  0.346727470732505  0.719690547915200  0.719690547915246
    endloop
  endfacet
  facet normal -0.357091726151254  0.427243456374830  0.830631403270552
    outer loop
      vertex  0.404827017896633  0.787297518068969  0.709893461041242
      vertex  0.346727470732505  0.719690547915200  0.719690547915246
      vertex  0.396262191715268  0.733752709094857  0.733752709094878
    endloop
  endfacet
  facet normal -0.135016477567594  0.435043018616095  0.890229252911089
    outer loop
      vertex  0.500012642823316  0.744999999836890  0.744999999836911
      vertex  0.500011654530858  0.796945210092699  0.719614926908514
      vertex  0.404827017896633  0.787297518068969  0.709893461041242
    endloop
  endfacet
  facet normal -0.142791780042260  0.421811509081298  0.895368950968773
    outer loop
      vertex  0.500012642823316  0.744999999836890  0.744999999836911
      vertex  0.404827017896633  0.787297518068969  0.709893461041242
      vertex  0.396262191715268  0.733752709094857  0.733752709094878
    endloop
  endfacet
  facet normal -0.138403094011308  0.184830351839305  0.972976014404803
    outer loop
      vertex  0.500011654530858  0.796945210092699  0.719614926908514
      vertex  0.500010537164280  0.867633985369242  0.706186450092015
      vertex  0.414162157043942  0.861870265176845  0.695069659098902
    endloop
  endfacet
  facet normal -0.120224708167776  0.208010639186163  0.970709840030139
    outer loop
      vertex  0.500011654530858  0.796945210092699  0.719614926908514
      vertex  0.414162157043942  0.861870265176845  0.695069659098902
      vertex  0.404827017896633  0.787297518068969  0.709893461041242
    endloop
  endfacet
  facet normal -0.343058464809126  0.092010275854939  0.934796768747038
    outer loop
      vertex  0.374356152214591  0.854664053103303  0.681170657967778
      vertex  0.414162157043942  0.861870265176845  0.695069659098902
      vertex  0.424748506044689  1.000000000000000  0.685358865617115
    endloop
  endfacet
  facet normal -0.545541159397870  0.165479611338752  0.821584652749797
    outer loop
      vertex  0.374356152214591  0.854664053103303  0.681170657967778
      vertex  0.424748506044689  1.000000000000000  0.685358865617115
      vertex  0.358578643762667  1.000000000000000  0.641421356237286
    endloop
  endfacet
  facet normal -0.505203106787257  0.176213180737136  0.844818759159031
    outer loop
      vertex  0.374356152214591  0.854664053103303  0.681170657967778
      vertex  0.358578643762667  1.000000000000000  0.641421356237286
      vertex  0.338291425011415  0.844573551201894  0.661708574988490
    endloop
  endfacet
  facet normal -0.190758282604189  0.045827328464719  0.980566741014444
    outer loop
      vertex  0.500010537164280  0.867633985369242  0.706186450092015
      vertex  0.500009244516126  1.000000000000000  0.699999999787622
      vertex  0.424748506044689  1.000000000000000  0.685358865617115
    endloop
  endfacet
  facet normal -0.133271378629841  0.079663406036717  0.987872705046926
    outer loop
      vertex  0.500010537164280  0.867633985369242  0.706186450092015
      vertex  0.424748506044689  1.000000000000000  0.685358865617115
      vertex  0.414162157043942  0.861870265176845  0.695069659098902
    endloop
  endfacet
  facet normal  0.134365326773928  0.421166641721961  0.896975261008675
    outer loop
      vertex  0.603762190872562  0.733747290742026  0.733747290742047
      vertex  0.595195129420198  0.787292870318627  0.709888777750544
      vertex  0.500011654530858  0.796945210092699  0.719614926908514
    endloop
  endfacet
  facet normal  0.143565246769524  0.434519321148802  0.889146770487522
    outer loop
      vertex  0.603762190872562  0.733747290742026  0.733747290742047
      vertex  0.500011654530858  0.796945210092699  0.719614926908514
      vertex  0.500012642823316  0.744999999836890  0.744999999836911
    endloop
  endfacet
  facet normal  0.139472752187356  0.209836995569647  0.967737457520162
    outer loop
      vertex  0.595195129420198  0.787292870318627  0.709888777750544
      vertex  0.585857714773506  0.861867488519752  0.695064303613984
      vertex  0.500010537164280  0.867633985369242  0.706186450092015
    endloop
  endfacet
  facet normal  0.118473298918053  0.185316007254977  0.975511176203813
    outer loop
      vertex  0.595195129420198  0.787292870318627  0.709888777750544
      vertex  0.500010537164280  0.867633985369242  0.706186450092015
      vertex  0.500011654530858  0.796945210092699  0.719614926908514
    endloop
  endfacet
  facet normal  0.357151211606804  0.427239776775219  0.830607720400462
    outer loop
      vertex  0.595195129420198  0.787292870318627  0.709888777750544
      vertex  0.603762190872562  0.733747290742026  0.733747290742047
      vertex  0.653289969590763  0.719684452268257  0.719684452268303
    endloop
  endfacet
  facet normal  0.199757120842090  0.306492396355791  0.930676906154313
    outer loop
      vertex  0.595195129420198  0.787292870318627  0.709888777750544
      vertex  0.653289969590763  0.719684452268257  0.719684452268303
      vertex  0.625657624294347  0.854660929364069  0.681164633047237
    endloop
  endfacet
  facet normal  0.357312200273934  0.224937994899938  0.906493734112815
    outer loop
      vertex  0.595195129420198  0.787292870318627  0.709888777750544
      vertex  0.625657624294347  0.854660929364069  0.681164633047237
      vertex  0.585857714773506  0.861867488519752  0.695064303613984
    endloop
  endfacet
  facet normal  0.518691023739805  0.344612816008498  0.782433146623049
    outer loop
      vertex  0.699999999999993  0.699999999999993  0.700000000000014
      vertex  0.661708574988585  0.844573551201894  0.661708574988490
      vertex  0.625657624294347  0.854660929364069  0.681164633047237
    endloop
  endfacet
  facet normal  0.481340144720571  0.330252379554582  0.811939056135937
    outer loop
      vertex  0.699999999999993  0.699999999999993  0.700000000000014
      vertex  0.625657624294347  0.854660929364069  0.681164633047237
      vertex  0.653289969590763  0.719684452268257  0.719684452268303
    endloop
  endfacet
  facet normal  0.190385086359693  0.083371781214705  0.978162903093804
    outer loop
      vertex  0.585857714773506  0.861867488519752  0.695064303613984
      vertex  0.575268887393524  1.000000000000000  0.685351812289109
      vertex  0.500009244516126  1.000000000000000  0.699999999787622
    endloop
  endfacet
  facet normal  0.131402969590973  0.046282953072331  0.990248023394936
    outer loop
      vertex  0.585857714773506  0.861867488519752  0.695064303613984
      vertex  0.500009244516126  1.000000000000000  0.699999999787622
      vertex  0.500010537164280  0.867633985369242  0.706186450092015
    endloop
  endfacet
  facet normal  0.505230957686796  0.176214603297880  0.844801806922460
    outer loop
      vertex  0.625657624294347  0.854660929364069  0.681164633047237
      vertex  0.661708574988585  0.844573551201894  0.661708574988490
      vertex  0.641421356237356  1.000000000000000  0.641421356237263
    endloop
  endfacet
  facet normal  0.545579652691253  0.165482389850127  0.821558531827637
    outer loop
      vertex  0.625657624294347  0.854660929364069  0.681164633047237
      vertex  0.641421356237356  1.000000000000000  0.641421356237263
      vertex  0.575268887393524  1.000000000000000  0.685351812289109
    endloop
  endfacet
  facet normal  0.343122140427976  0.092029178549364  0.934771537352124
    outer loop
      vertex  0.625657624294347  0.854660929364069  0.681164633047237
      vertex  0.575268887393524  1.000000000000000  0.685351812289109
      vertex  0.585857714773506  0.861867488519752  0.695064303613984
    endloop
  endfacet
  facet normal -0.518189014216999  0.331120063891034 -0.788568100314496
    outer loop
      vertex  0.346727470732491  0.719690547915164  0.280309452084736
      vertex  0.338291425011454  0.844573551201876  0.338291425011454
      vertex  0.374356152214606  0.854664053103294  0.318829342032192
    endloop
  endfacet
  facet normal -0.483536468816847  0.341529595920450 -0.805946659794895
    outer loop
      vertex  0.346727470732491  0.719690547915164  0.280309452084736
      vertex  0.300000000000007  0.699999999999939  0.299999999999931
      vertex  0.338291425011454  0.844573551201876  0.338291425011454
    endloop
  endfacet
  facet normal -0.357247679633936  0.224922316203034 -0.906523053799533
    outer loop
      vertex  0.404827017896643  0.787297518068955  0.290106538958726
      vertex  0.374356152214606  0.854664053103294  0.318829342032192
      vertex  0.414162157043952  0.861870265176836  0.304930340901068
    endloop
  endfacet
  facet normal -0.199701862988001  0.306486808529275 -0.930690604936281
    outer loop
      vertex  0.404827017896643  0.787297518068955  0.290106538958726
      vertex  0.346727470732491  0.719690547915164  0.280309452084736
      vertex  0.374356152214606  0.854664053103294  0.318829342032192
    endloop
  endfacet
  facet normal -0.357091726151282  0.427243456374843 -0.830631403270533
    outer loop
      vertex  0.404827017896643  0.787297518068955  0.290106538958726
      vertex  0.396262191715250  0.733752709094778  0.266247290905086
      vertex  0.346727470732491  0.719690547915164  0.280309452084736
    endloop
  endfacet
  facet normal -0.135016477567610  0.435043018616110 -0.890229252911079
    outer loop
      vertex  0.500012642823316  0.744999999836809  0.255000000163053
      vertex  0.404827017896643  0.787297518068955  0.290106538958726
      vertex  0.500011654530858  0.796945210092686  0.280385073091453
    endloop
  endfacet
  facet normal -0.142791780042276  0.421811509081315 -0.895368950968762
    outer loop
      vertex  0.500012642823316  0.744999999836809  0.255000000163053
      vertex  0.396262191715250  0.733752709094778  0.266247290905086
      vertex  0.404827017896643  0.787297518068955  0.290106538958726
    endloop
  endfacet
  facet normal -0.138403094011328  0.184830351839331 -0.972976014404796
    outer loop
      vertex  0.500011654530858  0.796945210092686  0.280385073091453
      vertex  0.414162157043952  0.861870265176836  0.304930340901068
      vertex  0.500010537164280  0.867633985369233  0.293813549907955
    endloop
  endfacet
  facet normal -0.120224708167792  0.208010639186188 -0.970709840030131
    outer loop
      vertex  0.500011654530858  0.796945210092686  0.280385073091453
      vertex  0.404827017896643  0.787297518068955  0.290106538958726
      vertex  0.414162157043952  0.861870265176836  0.304930340901068
    endloop
  endfacet
  facet normal -0.343058464809176  0.092010275854983 -0.934796768747016
    outer loop
      vertex  0.374356152214606  0.854664053103294  0.318829342032192
      vertex  0.424748506044712  1.000000000000000  0.314641134382829
      vertex  0.414162157043952  0.861870265176836  0.304930340901068
    endloop
  endfacet
  facet normal -0.545541159397933  0.165479611338786 -0.821584652749747
    outer loop
      vertex  0.374356152214606  0.854664053103294  0.318829342032192
      vertex  0.358578643762714  1.000000000000000  0.358578643762667
      vertex  0.424748506044712  1.000000000000000  0.314641134382829
    endloop
  endfacet
  facet normal -0.505203106787312  0.176213180737172 -0.844818759158991
    outer loop
      vertex  0.374356152214606  0.854664053103294  0.318829342032192
      vertex  0.338291425011454  0.844573551201876  0.338291425011454
      vertex  0.358578643762714  1.000000000000000  0.358578643762667
    endloop
  endfacet
  facet normal -0.190758282604220  0.045827328464764 -0.980566741014436
    outer loop
      vertex  0.500010537164280  0.867633985369233  0.293813549907955
      vertex  0.424748506044712  1.000000000000000  0.314641134382829
      vertex  0.500009244516126  1.000000000000000  0.300000000212319
    endloop
  endfacet
  facet normal -0.133271378629862  0.079663406036761 -0.987872705046919
    outer loop
      vertex  0.500010537164280  0.867633985369233  0.293813549907955
      vertex  0.414162157043952  0.861870265176836  0.304930340901068
      vertex  0.424748506044712  1.000000000000000  0.314641134382829
    endloop
  endfacet
  facet normal  0.134365326773945  0.421166641721979 -0.896975261008664
    outer loop
      vertex  0.603762190872580  0.733747290741947  0.266252709257916
      vertex  0.500011654530858  0.796945210092686  0.280385073091453
      vertex  0.595195129420188  0.787292870318614  0.290111222249423
    endloop
  endfacet
  facet normal  0.143565246769540  0.434519321148816 -0.889146770487512
    outer loop
      vertex  0.603762190872580  0.733747290741947  0.266252709257916
      vertex  0.500012642823316  0.744999999836809  0.255000000163053
      vertex  0.500011654530858  0.796945210092686  0.280385073091453
    endloop
  endfacet
  facet normal  0.139472752187377  0.209836995569673 -0.967737457520154
    outer loop
      vertex  0.595195129420188  0.787292870318614  0.290111222249423
      vertex  0.500010537164280  0.867633985369233  0.293813549907955
      vertex  0.585857714773496  0.861867488519743  0.304935696385987
    endloop
  endfacet
  facet normal  0.118473298918070  0.185316007255003 -0.975511176203806
    outer loop
      vertex  0.595195129420188  0.787292870318614  0.290111222249423
      vertex  0.500011654530858  0.796945210092686  0.280385073091453
      vertex  0.500010537164280  0.867633985369233  0.293813549907955
    endloop
  endfacet
  facet normal  0.357151211606829  0.427239776775234 -0.830607720400444
    outer loop
      vertex  0.595195129420188  0.787292870318614  0.290111222249423
      vertex  0.653289969590777  0.719684452268221  0.280315547731679
      vertex  0.603762190872580  0.733747290741947  0.266252709257916
    endloop
  endfacet
  facet normal  0.199757120842099  0.306492396355815 -0.930676906154303
    outer loop
      vertex  0.595195129420188  0.787292870318614  0.290111222249423
      vertex  0.625657624294331  0.854660929364060  0.318835366952733
      vertex  0.653289969590777  0.719684452268221  0.280315547731679
    endloop
  endfacet
  facet normal  0.357312200273973  0.224937994899962 -0.906493734112794
    outer loop
      vertex  0.595195129420188  0.787292870318614  0.290111222249423
      vertex  0.585857714773496  0.861867488519743  0.304935696385987
      vertex  0.625657624294331  0.854660929364060  0.318835366952733
    endloop
  endfacet
  facet normal  0.518691023739865  0.344612816008522 -0.782433146622999
    outer loop
      vertex  0.700000000000029  0.699999999999921  0.299999999999949
      vertex  0.625657624294331  0.854660929364060  0.318835366952733
      vertex  0.661708574988546  0.844573551201876  0.338291425011454
    endloop
  endfacet
  facet normal  0.481340144720616  0.330252379554603 -0.811939056135902
    outer loop
      vertex  0.700000000000029  0.699999999999921  0.299999999999949
      vertex  0.653289969590777  0.719684452268221  0.280315547731679
      vertex  0.625657624294331  0.854660929364060  0.318835366952733
    endloop
  endfacet
  facet normal  0.190385086359724  0.083371781214749 -0.978162903093795
    outer loop
      vertex  0.585857714773496  0.861867488519743  0.304935696385987
      vertex  0.500009244516126  1.000000000000000  0.300000000212319
      vertex  0.575268887393500  1.000000000000000  0.314648187710835
    endloop
  endfacet
  facet normal  0.131402969590995  0.046282953072376 -0.990248023394931
    outer loop
      vertex  0.585857714773496  0.861867488519743  0.304935696385987
      vertex  0.500010537164280  0.867633985369233  0.293813549907955
      vertex  0.500009244516126  1.000000000000000  0.300000000212319
    endloop
  endfacet
  facet normal  0.505230957686860  0.176214603297916 -0.844801806922415
    outer loop
      vertex  0.625657624294331  0.854660929364060  0.318835366952733
      vertex  0.641421356237310  1.000000000000000  0.358578643762690
      vertex  0.661708574988546  0.844573551201876  0.338291425011454
    endloop
  endfacet
  facet normal  0.545579652691316  0.165482389850164 -0.821558531827588
    outer loop
      vertex  0.625657624294331  0.854660929364060  0.318835366952733
      vertex  0.575268887393500  1.000000000000000  0.314648187710835
      vertex  0.641421356237310  1.000000000000000  0.358578643762690
    endloop
  endfacet
  facet normal  0.343122140428016  0.092029178549406 -0.934771537352105
    outer loop
      vertex  0.625657624294331  0.854660929364060  0.318835366952733
      vertex  0.585857714773496  0.861867488519743  0.304935696385987
      vertex  0.575268887393500  1.000000000000000  0.314648187710835
    endloop
  endfacet
  facet normal  0.314122341445965  0.895909766220353  0.314122341445966
    outer loop
      vertex  0.266247290905173  0.266247290905090  0.396262191715286
      vertex  0.379387869274415  0.232494581810244  0.379387869274449
      vertex  0.396262191715268  0.266247290905143  0.266247290905122
    endloop
  endfacet
  facet normal  0.429147187413502  0.794773793648322  0.429147187413519
    outer loop
      vertex  0.266247290905173  0.266247290905090  0.396262191715286
      vertex  0.396262191715268  0.266247290905143  0.266247290905122
      vertex  0.300000000000043  0.299999999999989  0.299999999999968
    endloop
  endfacet
  facet normal  0.271947548086601  0.956901876175657  0.101898628357766
    outer loop
      vertex  0.255000000163146  0.255000000163062  0.500012642823334
      vertex  0.373764901054782  0.221247291068216  0.500014674868751
      vertex  0.379387869274415  0.232494581810244  0.379387869274449
    endloop
  endfacet
  facet normal  0.301695617693508  0.943795171077721  0.135020107076347
    outer loop
      vertex  0.255000000163146  0.255000000163062  0.500012642823334
      vertex  0.379387869274415  0.232494581810244  0.379387869274449
      vertex  0.266247290905173  0.266247290905090  0.396262191715286
    endloop
  endfacet
  facet normal  0.101898628357794  0.956901876175655  0.271947548086595
    outer loop
      vertex  0.379387869274415  0.232494581810244  0.379387869274449
      vertex  0.500014674868733  0.221247291068211  0.373764901054813
      vertex  0.500012642823316  0.255000000163110  0.255000000163089
    endloop
  endfacet
  facet normal  0.135020107076377  0.943795171077715  0.301695617693513
    outer loop
      vertex  0.379387869274415  0.232494581810244  0.379387869274449
      vertex  0.500012642823316  0.255000000163110  0.255000000163089
      vertex  0.396262191715268  0.266247290905143  0.266247290905122
    endloop
  endfacet
  facet normal  0.088387932348091  0.992156815644817  0.088387932348065
    outer loop
      vertex  0.373764901054782  0.221247291068216  0.500014674868751
      vertex  0.500015351999731  0.210000000326183  0.500015351999749
      vertex  0.500014674868733  0.221247291068211  0.373764901054813
    endloop
  endfacet
  facet normal  0.096877054621467  0.990570377396651  0.096877054621442
    outer loop
      vertex  0.373764901054782  0.221247291068216  0.500014674868751
      vertex  0.500014674868733  0.221247291068211  0.373764901054813
      vertex  0.379387869274415  0.232494581810244  0.379387869274449
    endloop
  endfacet
  facet normal -0.102437936158757  0.948934044578597  0.298380040008107
    outer loop
      vertex  0.500014674868733  0.221247291068211  0.373764901054813
      vertex  0.620640577404249  0.232500000163075  0.379390578124648
      vertex  0.603762190872562  0.266252709257974  0.266252709257953
    endloop
  endfacet
  facet normal -0.132792541200753  0.953388957489313  0.270953200274305
    outer loop
      vertex  0.500014674868733  0.221247291068211  0.373764901054813
      vertex  0.603762190872562  0.266252709257974  0.266252709257953
      vertex  0.500012642823316  0.255000000163110  0.255000000163089
    endloop
  endfacet
  facet normal -0.316356961598997  0.855087040314283  0.410785134023142
    outer loop
      vertex  0.620640577404249  0.232500000163075  0.379390578124648
      vertex  0.733747290742084  0.266252709258053  0.396237809127420
      vertex  0.699999999999993  0.300000000000007  0.299999999999986
    endloop
  endfacet
  facet normal -0.312132088159374  0.910368450437435  0.271666788528543
    outer loop
      vertex  0.620640577404249  0.232500000163075  0.379390578124648
      vertex  0.733752709094870  0.266247290905108  0.396262191715295
      vertex  0.733747290742084  0.266252709258053  0.396237809127420
    endloop
  endfacet
  facet normal -0.410789566226133  0.855076237896086  0.316380403415289
    outer loop
      vertex  0.620640577404249  0.232500000163075  0.379390578124648
      vertex  0.699999999999993  0.300000000000007  0.299999999999986
      vertex  0.603762190872562  0.266252709257974  0.266252709257953
    endloop
  endfacet
  facet normal -0.088363378149861  0.991396992726121  0.096560427792903
    outer loop
      vertex  0.500015351999731  0.210000000326183  0.500015351999749
      vertex  0.626264899885879  0.221252709421047  0.500014674542545
      vertex  0.620640577404249  0.232500000163075  0.379390578124648
    endloop
  endfacet
  facet normal -0.096602507766283  0.991396651434103  0.088321203674502
    outer loop
      vertex  0.500015351999731  0.210000000326183  0.500015351999749
      vertex  0.620640577404249  0.232500000163075  0.379390578124648
      vertex  0.500014674868733  0.221247291068211  0.373764901054813
    endloop
  endfacet
  facet normal -0.270973954078232  0.953391768175823  0.132729998816344
    outer loop
      vertex  0.626264899885879  0.221252709421047  0.500014674542545
      vertex  0.744999999836899  0.255000000163080  0.500012642823334
      vertex  0.733752709094870  0.266247290905108  0.396262191715295
    endloop
  endfacet
  facet normal -0.298390258126679  0.948935561438051  0.102394111614606
    outer loop
      vertex  0.626264899885879  0.221252709421047  0.500014674542545
      vertex  0.733752709094870  0.266247290905108  0.396262191715295
      vertex  0.620640577404249  0.232500000163075  0.379390578124648
    endloop
  endfacet
  facet normal  0.298380040008122  0.948934044578586 -0.102437936158811
    outer loop
      vertex  0.266252709258013  0.266252709257930  0.603762190872580
      vertex  0.379390578124619  0.232500000163084  0.620640577404251
      vertex  0.373764901054782  0.221247291068216  0.500014674868751
    endloop
  endfacet
  facet normal  0.270953200274307  0.953388957489302 -0.132792541200829
    outer loop
      vertex  0.266252709258013  0.266252709257930  0.603762190872580
      vertex  0.373764901054782  0.221247291068216  0.500014674868751
      vertex  0.255000000163146  0.255000000163062  0.500012642823334
    endloop
  endfacet
  facet normal  0.410758011908100  0.855089314823767 -0.316386028970191
    outer loop
      vertex  0.300000000000007  0.300000000000061  0.700000000000068
      vertex  0.396262191715250  0.266247290905222  0.733752709094914
      vertex  0.379390578124619  0.232500000163084  0.620640577404251
    endloop
  endfacet
  facet normal  0.316380403415299  0.855076237896027 -0.410789566226248
    outer loop
      vertex  0.300000000000007  0.300000000000061  0.700000000000068
      vertex  0.379390578124619  0.232500000163084  0.620640577404251
      vertex  0.266252709258013  0.266252709257930  0.603762190872580
    endloop
  endfacet
  facet normal  0.096560427792934  0.991396992726114 -0.088363378149905
    outer loop
      vertex  0.379390578124619  0.232500000163084  0.620640577404251
      vertex  0.500014674542527  0.221252709421051  0.626264899885883
      vertex  0.500015351999731  0.210000000326183  0.500015351999749
    endloop
  endfacet
  facet normal  0.088321203674528  0.991396651434096 -0.096602507766335
    outer loop
      vertex  0.379390578124619  0.232500000163084  0.620640577404251
      vertex  0.500015351999731  0.210000000326183  0.500015351999749
      vertex  0.373764901054782  0.221247291068216  0.500014674868751
    endloop
  endfacet
  facet normal  0.132729998816388  0.953391768175799 -0.270973954078292
    outer loop
      vertex  0.396262191715250  0.266247290905222  0.733752709094914
      vertex  0.500012642823316  0.255000000163191  0.744999999836947
      vertex  0.500014674542527  0.221252709421051  0.626264899885883
    endloop
  endfacet
  facet normal  0.102394111614638  0.948935561438023 -0.298390258126757
    outer loop
      vertex  0.396262191715250  0.266247290905222  0.733752709094914
      vertex  0.500014674542527  0.221252709421051  0.626264899885883
      vertex  0.379390578124619  0.232500000163084  0.620640577404251
    endloop
  endfacet
  facet normal -0.096929196292981  0.990560175765201 -0.096929196293027
    outer loop
      vertex  0.500014674542527  0.221252709421051  0.626264899885883
      vertex  0.620637867901633  0.232505418515915  0.620637867901639
      vertex  0.626264899885879  0.221252709421047  0.500014674542545
    endloop
  endfacet
  facet normal -0.088431403828416  0.992149068252278 -0.088431403828461
    outer loop
      vertex  0.500014674542527  0.221252709421051  0.626264899885883
      vertex  0.626264899885879  0.221252709421047  0.500014674542545
      vertex  0.500015351999731  0.210000000326183  0.500015351999749
    endloop
  endfacet
  facet normal -0.135088419541593  0.943771742237968 -0.301738326135190
    outer loop
      vertex  0.500012642823316  0.255000000163191  0.744999999836947
      vertex  0.603762190872580  0.266252709258053  0.733747290742084
      vertex  0.620637867901633  0.232505418515915  0.620637867901639
    endloop
  endfacet
  facet normal -0.101953769477607  0.956889058449129 -0.271971981479060
    outer loop
      vertex  0.500012642823316  0.255000000163191  0.744999999836947
      vertex  0.620637867901633  0.232505418515915  0.620637867901639
      vertex  0.500014674542527  0.221252709421051  0.626264899885883
    endloop
  endfacet
  facet normal -0.301738326135131  0.943771742237977 -0.135088419541653
    outer loop
      vertex  0.620637867901633  0.232505418515915  0.620637867901639
      vertex  0.733747290742030  0.266252709257948  0.603762190872571
      vertex  0.744999999836899  0.255000000163080  0.500012642823334
    endloop
  endfacet
  facet normal -0.271971981478996  0.956889058449142 -0.101953769477655
    outer loop
      vertex  0.620637867901633  0.232505418515915  0.620637867901639
      vertex  0.744999999836899  0.255000000163080  0.500012642823334
      vertex  0.626264899885879  0.221252709421047  0.500014674542545
    endloop
  endfacet
  facet normal -0.429185919741672  0.794731962733932 -0.429185919741744
    outer loop
      vertex  0.603762190872580  0.266252709258053  0.733747290742084
      vertex  0.700000000000029  0.300000000000079  0.700000000000050
      vertex  0.733747290742030  0.266252709257948  0.603762190872571
    endloop
  endfacet
  facet normal -0.314167026755738  0.895878428470559 -0.314167026755802
    outer loop
      vertex  0.603762190872580  0.266252709258053  0.733747290742084
      vertex  0.733747290742030  0.266252709257948  0.603762190872571
      vertex  0.620637867901633  0.232505418515915  0.620637867901639
    endloop
  endfacet
  facet normal  0.000000000000000 -1.000000000000000  0.000000000000000
    outer loop
      vertex  0.314641134382844  0.000000000000000  0.424748506044718
      vertex  0.424748506044689  0.000000000000000  0.314641134382885
      vertex  0.402782396644723  0.000000000000000  0.402782396644749
    endloop
  endfacet
  facet normal  0.000000000000000 -1.000000000000000  0.000000000000000
    outer loop
      vertex  0.314641134382844  0.000000000000000  0.424748506044718
      vertex  0.358578643762667  0.000000000000000  0.358578643762714
      vertex  0.424748506044689  0.000000000000000  0.314641134382885
    endloop
  endfacet
  facet normal  0.000000000000000 -1.000000000000000  0.000000000000000
    outer loop
      vertex  0.300000000212342  0.000000000000000  0.500009244516138
      vertex  0.402782396644723  0.000000000000000  0.402782396644749
      vertex  0.395462711039683  0.000000000000000  0.500011889726463
    endloop
  endfacet
  facet normal  0.000000000000000 -1.000000000000000  0.000000000000000
    outer loop
      vertex  0.300000000212342  0.000000000000000  0.500009244516138
      vertex  0.314641134382844  0.000000000000000  0.424748506044718
      vertex  0.402782396644723  0.000000000000000  0.402782396644749
    endloop
  endfacet
  facet normal  0.000000000000000 -1.000000000000000 -0.000000000000000
    outer loop
      vertex  0.500011889726451  0.000000000000000  0.395462711039706
      vertex  0.402782396644723  0.000000000000000  0.402782396644749
      vertex  0.500009244516126  0.000000000000000  0.300000000212378
    endloop
  endfacet
  facet normal -0.000000000000000 -1.000000000000000 -0.000000000000000
    outer loop
      vertex  0.500011889726451  0.000000000000000  0.395462711039706
      vertex  0.395462711039683  0.000000000000000  0.500011889726463
      vertex  0.402782396644723  0.000000000000000  0.402782396644749
    endloop
  endfacet
  facet normal -0.000000000000000 -1.000000000000000  0.000000000000000
    outer loop
      vertex  0.500011889726451  0.000000000000000  0.395462711039706
      vertex  0.500012771180129  0.000000000000000  0.500012771180141
      vertex  0.395462711039683  0.000000000000000  0.500011889726463
    endloop
  endfacet
  facet normal -0.000000000000000 -1.000000000000000 -0.000000000000000
    outer loop
      vertex  0.402782396644723  0.000000000000000  0.402782396644749
      vertex  0.424748506044689  0.000000000000000  0.314641134382885
      vertex  0.500009244516126  0.000000000000000  0.300000000212378
    endloop
  endfacet
  facet normal -0.000000000000000 -1.000000000000000  0.000000000000000
    outer loop
      vertex  0.500011889726451  0.000000000000000  0.395462711039706
      vertex  0.575268887393524  0.000000000000000  0.314648187710891
      vertex  0.597240287214138  0.000000000000000  0.402785922884102
    endloop
  endfacet
  facet normal -0.000000000000000 -1.000000000000000  0.000000000000000
    outer loop
      vertex  0.500011889726451  0.000000000000000  0.395462711039706
      vertex  0.500009244516126  0.000000000000000  0.300000000212378
      vertex  0.575268887393524  0.000000000000000  0.314648187710891
    endloop
  endfacet
  facet normal -0.000000000000000 -1.000000000000000  0.000000000000000
    outer loop
      vertex  0.597240287214138  0.000000000000000  0.402785922884102
      vertex  0.641421356237356  0.000000000000000  0.358578643762737
      vertex  0.685358865617188  0.000000000000000  0.424748506044730
    endloop
  endfacet
  facet normal -0.000000000000000 -1.000000000000000  0.000000000000000
    outer loop
      vertex  0.597240287214138  0.000000000000000  0.402785922884102
      vertex  0.575268887393524  0.000000000000000  0.314648187710891
      vertex  0.641421356237356  0.000000000000000  0.358578643762737
    endloop
  endfacet
  facet normal -0.000000000000000 -1.000000000000000  0.000000000000000
    outer loop
      vertex  0.597240287214138  0.000000000000000  0.402785922884102
      vertex  0.500012771180129  0.000000000000000  0.500012771180141
      vertex  0.500011889726451  0.000000000000000  0.395462711039706
    endloop
  endfacet
  facet normal  0.000000000000000 -1.000000000000000 -0.000000000000000
    outer loop
      vertex  0.597240287214138  0.000000000000000  0.402785922884102
      vertex  0.699999999787693  0.000000000000000  0.500009244516138
      vertex  0.500012771180129  0.000000000000000  0.500012771180141
    endloop
  endfacet
  facet normal -0.000000000000000 -1.000000000000000  0.000000000000000
    outer loop
      vertex  0.597240287214138  0.000000000000000  0.402785922884102
      vertex  0.685358865617188  0.000000000000000  0.424748506044730
      vertex  0.699999999787693  0.000000000000000  0.500009244516138
    endloop
  endfacet
  facet normal -0.000000000000000 -1.000000000000000  0.000000000000000
    outer loop
      vertex  0.314648187710861  0.000000000000000  0.575268887393518
      vertex  0.395462711039683  0.000000000000000  0.500011889726463
      vertex  0.402785922884081  0.000000000000000  0.597240287214135
    endloop
  endfacet
  facet normal -0.000000000000000 -1.000000000000000  0.000000000000000
    outer loop
      vertex  0.314648187710861  0.000000000000000  0.575268887393518
      vertex  0.300000000212342  0.000000000000000  0.500009244516138
      vertex  0.395462711039683  0.000000000000000  0.500011889726463
    endloop
  endfacet
  facet normal  0.000000000000000 -1.000000000000000 -0.000000000000000
    outer loop
      vertex  0.358578643762714  0.000000000000000  0.641421356237333
      vertex  0.402785922884081  0.000000000000000  0.597240287214135
      vertex  0.424748506044712  0.000000000000000  0.685358865617171
    endloop
  endfacet
  facet normal -0.000000000000000 -1.000000000000000  0.000000000000000
    outer loop
      vertex  0.358578643762714  0.000000000000000  0.641421356237333
      vertex  0.314648187710861  0.000000000000000  0.575268887393518
      vertex  0.402785922884081  0.000000000000000  0.597240287214135
    endloop
  endfacet
  facet normal  0.000000000000000 -1.000000000000000  0.000000000000000
    outer loop
      vertex  0.500011889301813  0.000000000000000  0.604561735726535
      vertex  0.402785922884081  0.000000000000000  0.597240287214135
      vertex  0.500012771180129  0.000000000000000  0.500012771180141
    endloop
  endfacet
  facet normal  0.000000000000000 -1.000000000000000 -0.000000000000000
    outer loop
      vertex  0.500011889301813  0.000000000000000  0.604561735726535
      vertex  0.424748506044712  0.000000000000000  0.685358865617171
      vertex  0.402785922884081  0.000000000000000  0.597240287214135
    endloop
  endfacet
  facet normal  0.000000000000000 -1.000000000000000  0.000000000000000
    outer loop
      vertex  0.500011889301813  0.000000000000000  0.604561735726535
      vertex  0.500009244516126  0.000000000000000  0.699999999787681
      vertex  0.424748506044712  0.000000000000000  0.685358865617171
    endloop
  endfacet
  facet normal -0.000000000000000 -1.000000000000000  0.000000000000000
    outer loop
      vertex  0.402785922884081  0.000000000000000  0.597240287214135
      vertex  0.395462711039683  0.000000000000000  0.500011889726463
      vertex  0.500012771180129  0.000000000000000  0.500012771180141
    endloop
  endfacet
  facet normal -0.000000000000000 -1.000000000000000 -0.000000000000000
    outer loop
      vertex  0.597236760125504  0.000000000000000  0.597236760125507
      vertex  0.699999999787693  0.000000000000000  0.500009244516138
      vertex  0.685351812289171  0.000000000000000  0.575268887393506
    endloop
  endfacet
  facet normal  0.000000000000000 -1.000000000000000  0.000000000000000
    outer loop
      vertex  0.597236760125504  0.000000000000000  0.597236760125507
      vertex  0.500012771180129  0.000000000000000  0.500012771180141
      vertex  0.699999999787693  0.000000000000000  0.500009244516138
    endloop
  endfacet
  facet normal -0.000000000000000 -1.000000000000000  0.000000000000000
    outer loop
      vertex  0.597236760125504  0.000000000000000  0.597236760125507
      vertex  0.500011889301813  0.000000000000000  0.604561735726535
      vertex  0.500012771180129  0.000000000000000  0.500012771180141
    endloop
  endfacet
  facet normal  0.000000000000000 -1.000000000000000  0.000000000000000
    outer loop
      vertex  0.500009244516126  0.000000000000000  0.699999999787681
      vertex  0.597236760125504  0.000000000000000  0.597236760125507
      vertex  0.575268887393500  0.000000000000000  0.685351812289165
    endloop
  endfacet
  facet normal  0.000000000000000 -1.000000000000000  0.000000000000000
    outer loop
      vertex  0.500009244516126  0.000000000000000  0.699999999787681
      vertex  0.500011889301813  0.000000000000000  0.604561735726535
      vertex  0.597236760125504  0.000000000000000  0.597236760125507
    endloop
  endfacet
  facet normal -0.000000000000000 -1.000000000000000 -0.000000000000000
    outer loop
      vertex  0.575268887393500  0.000000000000000  0.685351812289165
      vertex  0.685351812289171  0.000000000000000  0.575268887393506
      vertex  0.641421356237310  0.000000000000000  0.641421356237310
    endloop
  endfacet
  facet normal -0.000000000000000 -1.000000000000000 -0.000000000000000
    outer loop
      vertex  0.575268887393500  0.000000000000000  0.685351812289165
      vertex  0.597236760125504  0.000000000000000  0.597236760125507
      vertex  0.685351812289171  0.000000000000000  0.575268887393506
    endloop
  endfacet
  facet normal -0.788568100314508 -0.331120063891019 -0.518189014216989
    outer loop
      vertex  0.280309452084785  0.280309452084739  0.346727470732536
      vertex  0.338291425011415  0.155426448798106  0.338291425011510
      vertex  0.318829342032174  0.145335946896698  0.374356152214632
    endloop
  endfacet
  facet normal -0.805946659794908 -0.341529595920436 -0.483536468816836
    outer loop
      vertex  0.280309452084785  0.280309452084739  0.346727470732536
      vertex  0.300000000000043  0.299999999999989  0.299999999999968
      vertex  0.338291425011415  0.155426448798106  0.338291425011510
    endloop
  endfacet
  facet normal -0.906523053799548 -0.224922316203019 -0.357247679633907
    outer loop
      vertex  0.290106538958711  0.212702481931035  0.404827017896668
      vertex  0.318829342032174  0.145335946896698  0.374356152214632
      vertex  0.304930340901052  0.138129734823157  0.414162157043975
    endloop
  endfacet
  facet normal -0.930690604936294 -0.306486808529262 -0.199701862987961
    outer loop
      vertex  0.290106538958711  0.212702481931035  0.404827017896668
      vertex  0.280309452084785  0.280309452084739  0.346727470732536
      vertex  0.318829342032174  0.145335946896698  0.374356152214632
    endloop
  endfacet
  facet normal -0.830631403270544 -0.427243456374839 -0.357091726151262
    outer loop
      vertex  0.290106538958711  0.212702481931035  0.404827017896668
      vertex  0.266247290905173  0.266247290905090  0.396262191715286
      vertex  0.280309452084785  0.280309452084739  0.346727470732536
    endloop
  endfacet
  facet normal -0.890229252911085 -0.435043018616114 -0.135016477567562
    outer loop
      vertex  0.255000000163146  0.255000000163062  0.500012642823334
      vertex  0.290106538958711  0.212702481931035  0.404827017896668
      vertex  0.280385073091444  0.203054789907307  0.500011654530875
    endloop
  endfacet
  facet normal -0.895368950968770 -0.421811509081314 -0.142791780042232
    outer loop
      vertex  0.255000000163146  0.255000000163062  0.500012642823334
      vertex  0.266247290905173  0.266247290905090  0.396262191715286
      vertex  0.290106538958711  0.212702481931035  0.404827017896668
    endloop
  endfacet
  facet normal -0.972976014404804 -0.184830351839325 -0.138403094011276
    outer loop
      vertex  0.280385073091444  0.203054789907307  0.500011654530875
      vertex  0.304930340901052  0.138129734823157  0.414162157043975
      vertex  0.293813549907945  0.132366014630763  0.500010537164295
    endloop
  endfacet
  facet normal -0.970709840030139 -0.208010639186176 -0.120224708167745
    outer loop
      vertex  0.280385073091444  0.203054789907307  0.500011654530875
      vertex  0.290106538958711  0.212702481931035  0.404827017896668
      vertex  0.304930340901052  0.138129734823157  0.414162157043975
    endloop
  endfacet
  facet normal -0.934796768747029 -0.092010275854962 -0.343058464809146
    outer loop
      vertex  0.318829342032174  0.145335946896698  0.374356152214632
      vertex  0.314641134382844  0.000000000000000  0.424748506044718
      vertex  0.304930340901052  0.138129734823157  0.414162157043975
    endloop
  endfacet
  facet normal -0.821584652749762 -0.165479611338762 -0.545541159397919
    outer loop
      vertex  0.318829342032174  0.145335946896698  0.374356152214632
      vertex  0.358578643762667  0.000000000000000  0.358578643762714
      vertex  0.314641134382844  0.000000000000000  0.424748506044718
    endloop
  endfacet
  facet normal -0.844818759159003 -0.176213180737147 -0.505203106787299
    outer loop
      vertex  0.318829342032174  0.145335946896698  0.374356152214632
      vertex  0.338291425011415  0.155426448798106  0.338291425011510
      vertex  0.358578643762667  0.000000000000000  0.358578643762714
    endloop
  endfacet
  facet normal -0.980566741014448 -0.045827328464753 -0.190758282604160
    outer loop
      vertex  0.293813549907945  0.132366014630763  0.500010537164295
      vertex  0.314641134382844  0.000000000000000  0.424748506044718
      vertex  0.300000000212342  0.000000000000000  0.500009244516138
    endloop
  endfacet
  facet normal -0.987872705046928 -0.079663406036743 -0.133271378629811
    outer loop
      vertex  0.293813549907945  0.132366014630763  0.500010537164295
      vertex  0.304930340901052  0.138129734823157  0.414162157043975
      vertex  0.314641134382844  0.000000000000000  0.424748506044718
    endloop
  endfacet
  facet normal -0.896975261008649 -0.421166641721988  0.134365326774017
    outer loop
      vertex  0.266252709258013  0.266252709257930  0.603762190872580
      vertex  0.280385073091444  0.203054789907307  0.500011654530875
      vertex  0.290111222249418  0.212707129681383  0.595195129420196
    endloop
  endfacet
  facet normal -0.889146770487499 -0.434519321148820  0.143565246769610
    outer loop
      vertex  0.266252709258013  0.266252709257930  0.603762190872580
      vertex  0.255000000163146  0.255000000163062  0.500012642823334
      vertex  0.280385073091444  0.203054789907307  0.500011654530875
    endloop
  endfacet
  facet normal -0.967737457520142 -0.209836995569680  0.139472752187452
    outer loop
      vertex  0.290111222249418  0.212707129681383  0.595195129420196
      vertex  0.293813549907945  0.132366014630763  0.500010537164295
      vertex  0.304935696385981  0.138132511480255  0.585857714773503
    endloop
  endfacet
  facet normal -0.975511176203799 -0.185316007255000  0.118473298918136
    outer loop
      vertex  0.290111222249418  0.212707129681383  0.595195129420196
      vertex  0.280385073091444  0.203054789907307  0.500011654530875
      vertex  0.293813549907945  0.132366014630763  0.500010537164295
    endloop
  endfacet
  facet normal -0.830607720400408 -0.427239776775238  0.357151211606908
    outer loop
      vertex  0.290111222249418  0.212707129681383  0.595195129420196
      vertex  0.280315547731740  0.280315547731694  0.653289969590768
      vertex  0.266252709258013  0.266252709257930  0.603762190872580
    endloop
  endfacet
  facet normal -0.930676906154283 -0.306492396355826  0.199757120842176
    outer loop
      vertex  0.290111222249418  0.212707129681383  0.595195129420196
      vertex  0.318835366952730  0.145339070635938  0.625657624294335
      vertex  0.280315547731740  0.280315547731694  0.653289969590768
    endloop
  endfacet
  facet normal -0.906493734112758 -0.224937994899969  0.357312200274060
    outer loop
      vertex  0.290111222249418  0.212707129681383  0.595195129420196
      vertex  0.304935696385981  0.138132511480255  0.585857714773503
      vertex  0.318835366952730  0.145339070635938  0.625657624294335
    endloop
  endfacet
  facet normal -0.782433146622938 -0.344612816008528  0.518691023739954
    outer loop
      vertex  0.300000000000007  0.300000000000061  0.700000000000068
      vertex  0.318835366952730  0.145339070635938  0.625657624294335
      vertex  0.338291425011454  0.155426448798124  0.661708574988546
    endloop
  endfacet
  facet normal -0.811939056135851 -0.330252379554608  0.481340144720699
    outer loop
      vertex  0.300000000000007  0.300000000000061  0.700000000000068
      vertex  0.280315547731740  0.280315547731694  0.653289969590768
      vertex  0.318835366952730  0.145339070635938  0.625657624294335
    endloop
  endfacet
  facet normal -0.978162903093777 -0.083371781214753  0.190385086359811
    outer loop
      vertex  0.304935696385981  0.138132511480255  0.585857714773503
      vertex  0.300000000212342  0.000000000000000  0.500009244516138
      vertex  0.314648187710861  0.000000000000000  0.575268887393518
    endloop
  endfacet
  facet normal -0.990248023394922 -0.046282953072370  0.131402969591066
    outer loop
      vertex  0.304935696385981  0.138132511480255  0.585857714773503
      vertex  0.293813549907945  0.132366014630763  0.500010537164295
      vertex  0.300000000212342  0.000000000000000  0.500009244516138
    endloop
  endfacet
  facet normal -0.844801806922360 -0.176214603297921  0.505230957686949
    outer loop
      vertex  0.318835366952730  0.145339070635938  0.625657624294335
      vertex  0.358578643762714  0.000000000000000  0.641421356237333
      vertex  0.338291425011454  0.155426448798124  0.661708574988546
    endloop
  endfacet
  facet normal -0.821558531827531 -0.165482389850169  0.545579652691400
    outer loop
      vertex  0.318835366952730  0.145339070635938  0.625657624294335
      vertex  0.314648187710861  0.000000000000000  0.575268887393518
      vertex  0.358578643762714  0.000000000000000  0.641421356237333
    endloop
  endfacet
  facet normal -0.934771537352073 -0.092029178549412  0.343122140428102
    outer loop
      vertex  0.318835366952730  0.145339070635938  0.625657624294335
      vertex  0.304935696385981  0.138132511480255  0.585857714773503
      vertex  0.314648187710861  0.000000000000000  0.575268887393518
    endloop
  endfacet
  facet normal  0.788568100314508 -0.331120063891020 -0.518189014216989
    outer loop
      vertex  0.719690547915215  0.280309452084739  0.346727470732536
      vertex  0.681170657967826  0.145335946896698  0.374356152214632
      vertex  0.661708574988585  0.155426448798106  0.338291425011510
    endloop
  endfacet
  facet normal  0.707106740088707  0.707106822284384  0.000000034636579
    outer loop
      vertex  0.719690547915215  0.280309452084739  0.346727470732536
      vertex  0.699999999999993  0.300000000000007  0.299999999999986
      vertex  0.719684452268321  0.280315547731778  0.346710030409223
    endloop
  endfacet
  facet normal  0.805946659794906 -0.341529595920437 -0.483536468816838
    outer loop
      vertex  0.719690547915215  0.280309452084739  0.346727470732536
      vertex  0.661708574988585  0.155426448798106  0.338291425011510
      vertex  0.699999999999993  0.300000000000007  0.299999999999986
    endloop
  endfacet
  facet normal  0.906523053799548 -0.224922316203023 -0.357247679633904
    outer loop
      vertex  0.709893461041289  0.212702481931035  0.404827017896668
      vertex  0.695069659098948  0.138129734823157  0.414162157043975
      vertex  0.681170657967826  0.145335946896698  0.374356152214632
    endloop
  endfacet
  facet normal  0.930690604936293 -0.306486808529264 -0.199701862987962
    outer loop
      vertex  0.709893461041289  0.212702481931035  0.404827017896668
      vertex  0.681170657967826  0.145335946896698  0.374356152214632
      vertex  0.719690547915215  0.280309452084739  0.346727470732536
    endloop
  endfacet
  facet normal  0.857550257327106 -0.427808430356237 -0.285635262309027
    outer loop
      vertex  0.709893461041289  0.212702481931035  0.404827017896668
      vertex  0.733747290742084  0.266252709258053  0.396237809127420
      vertex  0.733752709094870  0.266247290905108  0.396262191715295
    endloop
  endfacet
  facet normal  0.830601007239200 -0.427271241015317 -0.357129183033895
    outer loop
      vertex  0.709893461041289  0.212702481931035  0.404827017896668
      vertex  0.719690547915215  0.280309452084739  0.346727470732536
      vertex  0.733747290742084  0.266252709258053  0.396237809127420
    endloop
  endfacet
  facet normal  0.890229252911085 -0.435043018616114 -0.135016477567561
    outer loop
      vertex  0.744999999836899  0.255000000163080  0.500012642823334
      vertex  0.719614926908556  0.203054789907307  0.500011654530875
      vertex  0.709893461041289  0.212702481931035  0.404827017896668
    endloop
  endfacet
  facet normal  0.895368950968771 -0.421811509081313 -0.142791780042230
    outer loop
      vertex  0.744999999836899  0.255000000163080  0.500012642823334
      vertex  0.709893461041289  0.212702481931035  0.404827017896668
      vertex  0.733752709094870  0.266247290905108  0.396262191715295
    endloop
  endfacet
  facet normal  0.972976014404803 -0.184830351839328 -0.138403094011276
    outer loop
      vertex  0.719614926908556  0.203054789907307  0.500011654530875
      vertex  0.706186450092055  0.132366014630763  0.500010537164295
      vertex  0.695069659098948  0.138129734823157  0.414162157043975
    endloop
  endfacet
  facet normal  0.970709840030139 -0.208010639186180 -0.120224708167744
    outer loop
      vertex  0.719614926908556  0.203054789907307  0.500011654530875
      vertex  0.695069659098948  0.138129734823157  0.414162157043975
      vertex  0.709893461041289  0.212702481931035  0.404827017896668
    endloop
  endfacet
  facet normal  0.934796768747030 -0.092010275854959 -0.343058464809142
    outer loop
      vertex  0.681170657967826  0.145335946896698  0.374356152214632
      vertex  0.695069659098948  0.138129734823157  0.414162157043975
      vertex  0.685358865617188  0.000000000000000  0.424748506044730
    endloop
  endfacet
  facet normal  0.821584652749762 -0.165479611338761 -0.545541159397919
    outer loop
      vertex  0.681170657967826  0.145335946896698  0.374356152214632
      vertex  0.685358865617188  0.000000000000000  0.424748506044730
      vertex  0.641421356237356  0.000000000000000  0.358578643762737
    endloop
  endfacet
  facet normal  0.844818759159004 -0.176213180737146 -0.505203106787299
    outer loop
      vertex  0.681170657967826  0.145335946896698  0.374356152214632
      vertex  0.641421356237356  0.000000000000000  0.358578643762737
      vertex  0.661708574988585  0.155426448798106  0.338291425011510
    endloop
  endfacet
  facet normal  0.980566741014448 -0.045827328464751 -0.190758282604158
    outer loop
      vertex  0.706186450092055  0.132366014630763  0.500010537164295
      vertex  0.699999999787693  0.000000000000000  0.500009244516138
      vertex  0.685358865617188  0.000000000000000  0.424748506044730
    endloop
  endfacet
  facet normal  0.987872705046928 -0.079663406036741 -0.133271378629810
    outer loop
      vertex  0.706186450092055  0.132366014630763  0.500010537164295
      vertex  0.685358865617188  0.000000000000000  0.424748506044730
      vertex  0.695069659098948  0.138129734823157  0.414162157043975
    endloop
  endfacet
  facet normal  0.896975261008649 -0.421166641721989  0.134365326774015
    outer loop
      vertex  0.733747290742030  0.266252709257948  0.603762190872571
      vertex  0.709888777750582  0.212707129681383  0.595195129420196
      vertex  0.719614926908556  0.203054789907307  0.500011654530875
    endloop
  endfacet
  facet normal  0.889146770487500 -0.434519321148820  0.143565246769607
    outer loop
      vertex  0.733747290742030  0.266252709257948  0.603762190872571
      vertex  0.719614926908556  0.203054789907307  0.500011654530875
      vertex  0.744999999836899  0.255000000163080  0.500012642823334
    endloop
  endfacet
  facet normal  0.967737457520142 -0.209836995569682  0.139472752187450
    outer loop
      vertex  0.709888777750582  0.212707129681383  0.595195129420196
      vertex  0.695064303614018  0.138132511480255  0.585857714773503
      vertex  0.706186450092055  0.132366014630763  0.500010537164295
    endloop
  endfacet
  facet normal  0.975511176203798 -0.185316007255002  0.118473298918134
    outer loop
      vertex  0.709888777750582  0.212707129681383  0.595195129420196
      vertex  0.706186450092055  0.132366014630763  0.500010537164295
      vertex  0.719614926908556  0.203054789907307  0.500011654530875
    endloop
  endfacet
  facet normal  0.759844097297523 -0.483512854427541  0.434571360544437
    outer loop
      vertex  0.709888777750582  0.212707129681383  0.595195129420196
      vertex  0.719690547915264  0.280309452084836  0.653272529267509
      vertex  0.719684452268260  0.280315547731694  0.653289969590768
    endloop
  endfacet
  facet normal  0.830618478078943 -0.427240440118649  0.357125398426160
    outer loop
      vertex  0.709888777750582  0.212707129681383  0.595195129420196
      vertex  0.733747290742030  0.266252709257948  0.603762190872571
      vertex  0.719690547915264  0.280309452084836  0.653272529267509
    endloop
  endfacet
  facet normal  0.930676906154281 -0.306492396355829  0.199757120842182
    outer loop
      vertex  0.709888777750582  0.212707129681383  0.595195129420196
      vertex  0.719684452268260  0.280315547731694  0.653289969590768
      vertex  0.681164633047269  0.145339070635938  0.625657624294335
    endloop
  endfacet
  facet normal  0.906493734112755 -0.224937994899971  0.357312200274067
    outer loop
      vertex  0.709888777750582  0.212707129681383  0.595195129420196
      vertex  0.681164633047269  0.145339070635938  0.625657624294335
      vertex  0.695064303614018  0.138132511480255  0.585857714773503
    endloop
  endfacet
  facet normal  0.782433146622942 -0.344612816008528  0.518691023739947
    outer loop
      vertex  0.700000000000029  0.300000000000079  0.700000000000050
      vertex  0.661708574988546  0.155426448798124  0.661708574988546
      vertex  0.681164633047269  0.145339070635938  0.625657624294335
    endloop
  endfacet
  facet normal  0.811939056135851 -0.330252379554610  0.481340144720697
    outer loop
      vertex  0.700000000000029  0.300000000000079  0.700000000000050
      vertex  0.681164633047269  0.145339070635938  0.625657624294335
      vertex  0.719684452268260  0.280315547731694  0.653289969590768
    endloop
  endfacet
  facet normal  0.978162903093778 -0.083371781214751  0.190385086359808
    outer loop
      vertex  0.695064303614018  0.138132511480255  0.585857714773503
      vertex  0.685351812289171  0.000000000000000  0.575268887393506
      vertex  0.699999999787693  0.000000000000000  0.500009244516138
    endloop
  endfacet
  facet normal  0.990248023394923 -0.046282953072369  0.131402969591063
    outer loop
      vertex  0.695064303614018  0.138132511480255  0.585857714773503
      vertex  0.699999999787693  0.000000000000000  0.500009244516138
      vertex  0.706186450092055  0.132366014630763  0.500010537164295
    endloop
  endfacet
  facet normal  0.844801806922365 -0.176214603297920  0.505230957686942
    outer loop
      vertex  0.681164633047269  0.145339070635938  0.625657624294335
      vertex  0.661708574988546  0.155426448798124  0.661708574988546
      vertex  0.641421356237310  0.000000000000000  0.641421356237310
    endloop
  endfacet
  facet normal  0.821558531827531 -0.165482389850166  0.545579652691401
    outer loop
      vertex  0.681164633047269  0.145339070635938  0.625657624294335
      vertex  0.641421356237310  0.000000000000000  0.641421356237310
      vertex  0.685351812289171  0.000000000000000  0.575268887393506
    endloop
  endfacet
  facet normal  0.934771537352071 -0.092029178549410  0.343122140428109
    outer loop
      vertex  0.681164633047269  0.145339070635938  0.625657624294335
      vertex  0.685351812289171  0.000000000000000  0.575268887393506
      vertex  0.695064303614018  0.138132511480255  0.585857714773503
    endloop
  endfacet
  facet normal -0.518189014216945 -0.331120063891012 -0.788568100314540
    outer loop
      vertex  0.346727470732505  0.280309452084800  0.280309452084755
      vertex  0.374356152214591  0.145335946896696  0.318829342032222
      vertex  0.338291425011415  0.155426448798106  0.338291425011510
    endloop
  endfacet
  facet normal -0.483536468816804 -0.341529595920426 -0.805946659794931
    outer loop
      vertex  0.346727470732505  0.280309452084800  0.280309452084755
      vertex  0.338291425011415  0.155426448798106  0.338291425011510
      vertex  0.300000000000043  0.299999999999989  0.299999999999968
    endloop
  endfacet
  facet normal -0.357247679633893 -0.224922316203005 -0.906523053799557
    outer loop
      vertex  0.404827017896633  0.212702481931031  0.290106538958758
      vertex  0.414162157043942  0.138129734823155  0.304930340901097
      vertex  0.374356152214591  0.145335946896696  0.318829342032222
    endloop
  endfacet
  facet normal -0.199701862987984 -0.306486808529247 -0.930690604936294
    outer loop
      vertex  0.404827017896633  0.212702481931031  0.290106538958758
      vertex  0.374356152214591  0.145335946896696  0.318829342032222
      vertex  0.346727470732505  0.280309452084800  0.280309452084755
    endloop
  endfacet
  facet normal -0.357091726151255 -0.427243456374830 -0.830631403270552
    outer loop
      vertex  0.404827017896633  0.212702481931031  0.290106538958758
      vertex  0.346727470732505  0.280309452084800  0.280309452084755
      vertex  0.396262191715268  0.266247290905143  0.266247290905122
    endloop
  endfacet
  facet normal -0.135016477567596 -0.435043018616097 -0.890229252911087
    outer loop
      vertex  0.500012642823316  0.255000000163110  0.255000000163089
      vertex  0.500011654530858  0.203054789907301  0.280385073091486
      vertex  0.404827017896633  0.212702481931031  0.290106538958758
    endloop
  endfacet
  facet normal -0.142791780042263 -0.421811509081298 -0.895368950968772
    outer loop
      vertex  0.500012642823316  0.255000000163110  0.255000000163089
      vertex  0.404827017896633  0.212702481931031  0.290106538958758
      vertex  0.396262191715268  0.266247290905143  0.266247290905122
    endloop
  endfacet
  facet normal -0.138403094011310 -0.184830351839300 -0.972976014404804
    outer loop
      vertex  0.500011654530858  0.203054789907301  0.280385073091486
      vertex  0.500010537164280  0.132366014630758  0.293813549907985
      vertex  0.414162157043942  0.138129734823155  0.304930340901097
    endloop
  endfacet
  facet normal -0.120224708167778 -0.208010639186158 -0.970709840030139
    outer loop
      vertex  0.500011654530858  0.203054789907301  0.280385073091486
      vertex  0.414162157043942  0.138129734823155  0.304930340901097
      vertex  0.404827017896633  0.212702481931031  0.290106538958758
    endloop
  endfacet
  facet normal -0.343058464809131 -0.092010275854942 -0.934796768747036
    outer loop
      vertex  0.374356152214591  0.145335946896696  0.318829342032222
      vertex  0.414162157043942  0.138129734823155  0.304930340901097
      vertex  0.424748506044689  0.000000000000000  0.314641134382885
    endloop
  endfacet
  facet normal -0.545541159397869 -0.165479611338752 -0.821584652749797
    outer loop
      vertex  0.374356152214591  0.145335946896696  0.318829342032222
      vertex  0.424748506044689  0.000000000000000  0.314641134382885
      vertex  0.358578643762667  0.000000000000000  0.358578643762714
    endloop
  endfacet
  facet normal -0.505203106787255 -0.176213180737137 -0.844818759159032
    outer loop
      vertex  0.374356152214591  0.145335946896696  0.318829342032222
      vertex  0.358578643762667  0.000000000000000  0.358578643762714
      vertex  0.338291425011415  0.155426448798106  0.338291425011510
    endloop
  endfacet
  facet normal -0.190758282604192 -0.045827328464722 -0.980566741014443
    outer loop
      vertex  0.500010537164280  0.132366014630758  0.293813549907985
      vertex  0.500009244516126  0.000000000000000  0.300000000212378
      vertex  0.424748506044689  0.000000000000000  0.314641134382885
    endloop
  endfacet
  facet normal -0.133271378629844 -0.079663406036720 -0.987872705046925
    outer loop
      vertex  0.500010537164280  0.132366014630758  0.293813549907985
      vertex  0.424748506044689  0.000000000000000  0.314641134382885
      vertex  0.414162157043942  0.138129734823155  0.304930340901097
    endloop
  endfacet
  facet normal  0.134365326773932 -0.421166641721963 -0.896975261008674
    outer loop
      vertex  0.603762190872562  0.266252709257974  0.266252709257953
      vertex  0.595195129420198  0.212707129681373  0.290111222249456
      vertex  0.500011654530858  0.203054789907301  0.280385073091486
    endloop
  endfacet
  facet normal  0.143565246769528 -0.434519321148804 -0.889146770487520
    outer loop
      vertex  0.603762190872562  0.266252709257974  0.266252709257953
      vertex  0.500011654530858  0.203054789907301  0.280385073091486
      vertex  0.500012642823316  0.255000000163110  0.255000000163089
    endloop
  endfacet
  facet normal  0.139472752187360 -0.209836995569643 -0.967737457520163
    outer loop
      vertex  0.595195129420198  0.212707129681373  0.290111222249456
      vertex  0.585857714773506  0.138132511480248  0.304935696386016
      vertex  0.500010537164280  0.132366014630758  0.293813549907985
    endloop
  endfacet
  facet normal  0.118473298918056 -0.185316007254972 -0.975511176203814
    outer loop
      vertex  0.595195129420198  0.212707129681373  0.290111222249456
      vertex  0.500010537164280  0.132366014630758  0.293813549907985
      vertex  0.500011654530858  0.203054789907301  0.280385073091486
    endloop
  endfacet
  facet normal  0.357151211606798 -0.427239776775221 -0.830607720400464
    outer loop
      vertex  0.595195129420198  0.212707129681373  0.290111222249456
      vertex  0.603762190872562  0.266252709257974  0.266252709257953
      vertex  0.653289969590763  0.280315547731742  0.280315547731697
    endloop
  endfacet
  facet normal  0.199757120842078 -0.306492396355788 -0.930676906154316
    outer loop
      vertex  0.595195129420198  0.212707129681373  0.290111222249456
      vertex  0.653289969590763  0.280315547731742  0.280315547731697
      vertex  0.625657624294347  0.145339070635930  0.318835366952763
    endloop
  endfacet
  facet normal  0.357312200273928 -0.224937994899933 -0.906493734112819
    outer loop
      vertex  0.595195129420198  0.212707129681373  0.290111222249456
      vertex  0.625657624294347  0.145339070635930  0.318835366952763
      vertex  0.585857714773506  0.138132511480248  0.304935696386016
    endloop
  endfacet
  facet normal  0.518691023739811 -0.344612816008497 -0.782433146623046
    outer loop
      vertex  0.699999999999993  0.300000000000007  0.299999999999986
      vertex  0.661708574988585  0.155426448798106  0.338291425011510
      vertex  0.625657624294347  0.145339070635930  0.318835366952763
    endloop
  endfacet
  facet normal  0.481340144720575 -0.330252379554580 -0.811939056135935
    outer loop
      vertex  0.699999999999993  0.300000000000007  0.299999999999986
      vertex  0.625657624294347  0.145339070635930  0.318835366952763
      vertex  0.653289969590763  0.280315547731742  0.280315547731697
    endloop
  endfacet
  facet normal  0.190385086359696 -0.083371781214707 -0.978162903093804
    outer loop
      vertex  0.585857714773506  0.138132511480248  0.304935696386016
      vertex  0.575268887393524  0.000000000000000  0.314648187710891
      vertex  0.500009244516126  0.000000000000000  0.300000000212378
    endloop
  endfacet
  facet normal  0.131402969590977 -0.046282953072333 -0.990248023394936
    outer loop
      vertex  0.585857714773506  0.138132511480248  0.304935696386016
      vertex  0.500009244516126  0.000000000000000  0.300000000212378
      vertex  0.500010537164280  0.132366014630758  0.293813549907985
    endloop
  endfacet
  facet normal  0.505230957686801 -0.176214603297882 -0.844801806922457
    outer loop
      vertex  0.625657624294347  0.145339070635930  0.318835366952763
      vertex  0.661708574988585  0.155426448798106  0.338291425011510
      vertex  0.641421356237356  0.000000000000000  0.358578643762737
    endloop
  endfacet
  facet normal  0.545579652691252 -0.165482389850130 -0.821558531827637
    outer loop
      vertex  0.625657624294347  0.145339070635930  0.318835366952763
      vertex  0.641421356237356  0.000000000000000  0.358578643762737
      vertex  0.575268887393524  0.000000000000000  0.314648187710891
    endloop
  endfacet
  facet normal  0.343122140427970 -0.092029178549365 -0.934771537352126
    outer loop
      vertex  0.625657624294347  0.145339070635930  0.318835366952763
      vertex  0.575268887393524  0.000000000000000  0.314648187710891
      vertex  0.585857714773506  0.138132511480248  0.304935696386016
    endloop
  endfacet
  facet normal -0.518189014216999 -0.331120063891034  0.788568100314495
    outer loop
      vertex  0.346727470732491  0.280309452084836  0.719690547915264
      vertex  0.338291425011454  0.155426448798124  0.661708574988546
      vertex  0.374356152214606  0.145335946896705  0.681170657967808
    endloop
  endfacet
  facet normal -0.483536468816847 -0.341529595920450  0.805946659794895
    outer loop
      vertex  0.346727470732491  0.280309452084836  0.719690547915264
      vertex  0.300000000000007  0.300000000000061  0.700000000000068
      vertex  0.338291425011454  0.155426448798124  0.661708574988546
    endloop
  endfacet
  facet normal -0.357247679633937 -0.224922316203036  0.906523053799532
    outer loop
      vertex  0.404827017896643  0.212702481931045  0.709893461041275
      vertex  0.374356152214606  0.145335946896705  0.681170657967808
      vertex  0.414162157043952  0.138129734823164  0.695069659098932
    endloop
  endfacet
  facet normal -0.199701862988005 -0.306486808529275  0.930690604936280
    outer loop
      vertex  0.404827017896643  0.212702481931045  0.709893461041275
      vertex  0.346727470732491  0.280309452084836  0.719690547915264
      vertex  0.374356152214606  0.145335946896705  0.681170657967808
    endloop
  endfacet
  facet normal -0.357091726151286 -0.427243456374843  0.830631403270532
    outer loop
      vertex  0.404827017896643  0.212702481931045  0.709893461041275
      vertex  0.396262191715250  0.266247290905222  0.733752709094914
      vertex  0.346727470732491  0.280309452084836  0.719690547915264
    endloop
  endfacet
  facet normal -0.135016477567609 -0.435043018616106  0.890229252911081
    outer loop
      vertex  0.500012642823316  0.255000000163191  0.744999999836947
      vertex  0.404827017896643  0.212702481931045  0.709893461041275
      vertex  0.500011654530858  0.203054789907314  0.719614926908547
    endloop
  endfacet
  facet normal -0.142791780042273 -0.421811509081315  0.895368950968763
    outer loop
      vertex  0.500012642823316  0.255000000163191  0.744999999836947
      vertex  0.396262191715250  0.266247290905222  0.733752709094914
      vertex  0.404827017896643  0.212702481931045  0.709893461041275
    endloop
  endfacet
  facet normal -0.138403094011325 -0.184830351839334  0.972976014404795
    outer loop
      vertex  0.500011654530858  0.203054789907314  0.719614926908547
      vertex  0.414162157043952  0.138129734823164  0.695069659098932
      vertex  0.500010537164280  0.132366014630767  0.706186450092045
    endloop
  endfacet
  facet normal -0.120224708167790 -0.208010639186190  0.970709840030131
    outer loop
      vertex  0.500011654530858  0.203054789907314  0.719614926908547
      vertex  0.404827017896643  0.212702481931045  0.709893461041275
      vertex  0.414162157043952  0.138129734823164  0.695069659098932
    endloop
  endfacet
  facet normal -0.343058464809177 -0.092010275854983  0.934796768747015
    outer loop
      vertex  0.374356152214606  0.145335946896705  0.681170657967808
      vertex  0.424748506044712  0.000000000000000  0.685358865617171
      vertex  0.414162157043952  0.138129734823164  0.695069659098932
    endloop
  endfacet
  facet normal -0.545541159397933 -0.165479611338786  0.821584652749748
    outer loop
      vertex  0.374356152214606  0.145335946896705  0.681170657967808
      vertex  0.358578643762714  0.000000000000000  0.641421356237333
      vertex  0.424748506044712  0.000000000000000  0.685358865617171
    endloop
  endfacet
  facet normal -0.505203106787312 -0.176213180737172  0.844818759158991
    outer loop
      vertex  0.374356152214606  0.145335946896705  0.681170657967808
      vertex  0.338291425011454  0.155426448798124  0.661708574988546
      vertex  0.358578643762714  0.000000000000000  0.641421356237333
    endloop
  endfacet
  facet normal -0.190758282604219 -0.045827328464763  0.980566741014436
    outer loop
      vertex  0.500010537164280  0.132366014630767  0.706186450092045
      vertex  0.424748506044712  0.000000000000000  0.685358865617171
      vertex  0.500009244516126  0.000000000000000  0.699999999787681
    endloop
  endfacet
  facet normal -0.133271378629859 -0.079663406036761  0.987872705046920
    outer loop
      vertex  0.500010537164280  0.132366014630767  0.706186450092045
      vertex  0.414162157043952  0.138129734823164  0.695069659098932
      vertex  0.424748506044712  0.000000000000000  0.685358865617171
    endloop
  endfacet
  facet normal  0.134365326773944 -0.421166641721979  0.896975261008664
    outer loop
      vertex  0.603762190872580  0.266252709258053  0.733747290742084
      vertex  0.500011654530858  0.203054789907314  0.719614926908547
      vertex  0.595195129420188  0.212707129681387  0.709888777750577
    endloop
  endfacet
  facet normal  0.143565246769537 -0.434519321148813  0.889146770487514
    outer loop
      vertex  0.603762190872580  0.266252709258053  0.733747290742084
      vertex  0.500012642823316  0.255000000163191  0.744999999836947
      vertex  0.500011654530858  0.203054789907314  0.719614926908547
    endloop
  endfacet
  facet normal  0.139472752187376 -0.209836995569677  0.967737457520153
    outer loop
      vertex  0.595195129420188  0.212707129681387  0.709888777750577
      vertex  0.500010537164280  0.132366014630767  0.706186450092045
      vertex  0.585857714773496  0.138132511480257  0.695064303614013
    endloop
  endfacet
  facet normal  0.118473298918068 -0.185316007255006  0.975511176203806
    outer loop
      vertex  0.595195129420188  0.212707129681387  0.709888777750577
      vertex  0.500011654530858  0.203054789907314  0.719614926908547
      vertex  0.500010537164280  0.132366014630767  0.706186450092045
    endloop
  endfacet
  facet normal  0.357151211606834 -0.427239776775233  0.830607720400443
    outer loop
      vertex  0.595195129420188  0.212707129681387  0.709888777750577
      vertex  0.653289969590777  0.280315547731778  0.719684452268321
      vertex  0.603762190872580  0.266252709258053  0.733747290742084
    endloop
  endfacet
  facet normal  0.199757120842107 -0.306492396355817  0.930676906154301
    outer loop
      vertex  0.595195129420188  0.212707129681387  0.709888777750577
      vertex  0.625657624294331  0.145339070635939  0.681164633047267
      vertex  0.653289969590777  0.280315547731778  0.719684452268321
    endloop
  endfacet
  facet normal  0.357312200273975 -0.224937994899966  0.906493734112792
    outer loop
      vertex  0.595195129420188  0.212707129681387  0.709888777750577
      vertex  0.585857714773496  0.138132511480257  0.695064303614013
      vertex  0.625657624294331  0.145339070635939  0.681164633047267
    endloop
  endfacet
  facet normal  0.518691023739861 -0.344612816008521  0.782433146623002
    outer loop
      vertex  0.700000000000029  0.300000000000079  0.700000000000050
      vertex  0.625657624294331  0.145339070635939  0.681164633047267
      vertex  0.661708574988546  0.155426448798124  0.661708574988546
    endloop
  endfacet
  facet normal  0.481340144720613 -0.330252379554603  0.811939056135903
    outer loop
      vertex  0.700000000000029  0.300000000000079  0.700000000000050
      vertex  0.653289969590777  0.280315547731778  0.719684452268321
      vertex  0.625657624294331  0.145339070635939  0.681164633047267
    endloop
  endfacet
  facet normal  0.190385086359722 -0.083371781214747  0.978162903093795
    outer loop
      vertex  0.585857714773496  0.138132511480257  0.695064303614013
      vertex  0.500009244516126  0.000000000000000  0.699999999787681
      vertex  0.575268887393500  0.000000000000000  0.685351812289165
    endloop
  endfacet
  facet normal  0.131402969590993 -0.046282953072375  0.990248023394932
    outer loop
      vertex  0.585857714773496  0.138132511480257  0.695064303614013
      vertex  0.500010537164280  0.132366014630767  0.706186450092045
      vertex  0.500009244516126  0.000000000000000  0.699999999787681
    endloop
  endfacet
  facet normal  0.505230957686855 -0.176214603297916  0.844801806922417
    outer loop
      vertex  0.625657624294331  0.145339070635939  0.681164633047267
      vertex  0.641421356237310  0.000000000000000  0.641421356237310
      vertex  0.661708574988546  0.155426448798124  0.661708574988546
    endloop
  endfacet
  facet normal  0.545579652691316 -0.165482389850162  0.821558531827588
    outer loop
      vertex  0.625657624294331  0.145339070635939  0.681164633047267
      vertex  0.575268887393500  0.000000000000000  0.685351812289165
      vertex  0.641421356237310  0.000000000000000  0.641421356237310
    endloop
  endfacet
  facet normal  0.343122140428019 -0.092029178549405  0.934771537352104
    outer loop
      vertex  0.625657624294331  0.145339070635939  0.681164633047267
      vertex  0.585857714773496  0.138132511480257  0.695064303614013
      vertex  0.575268887393500  0.000000000000000  0.685351812289165
    endloop
  endfacet
  facet normal -0.895909766220353  0.314122341445967 -0.314122341445964
    outer loop
      vertex  0.733752709094870  0.396262191715295  0.733752709094892
      vertex  0.767505418189756  0.379387869274449  0.620612130725585
      vertex  0.733752709094914  0.266247290905222  0.603737808284750
    endloop
  endfacet
  facet normal -0.794752878715888  0.429151812900154 -0.429181294160546
    outer loop
      vertex  0.733752709094870  0.396262191715295  0.733752709094892
      vertex  0.733747290742030  0.266252709257948  0.603762190872571
      vertex  0.700000000000029  0.300000000000079  0.700000000000050
    endloop
  endfacet
  facet normal -0.927172649948198  0.264906471408338 -0.264906471408342
    outer loop
      vertex  0.733752709094870  0.396262191715295  0.733752709094892
      vertex  0.733752709094914  0.266247290905222  0.603737808284750
      vertex  0.733747290742030  0.266252709257948  0.603762190872571
    endloop
  endfacet
  facet normal -0.956901876175657  0.101898628357763 -0.271947548086601
    outer loop
      vertex  0.744999999836899  0.500012642823334  0.744999999836920
      vertex  0.778752708931784  0.500014674868751  0.626235098945218
      vertex  0.767505418189756  0.379387869274449  0.620612130725585
    endloop
  endfacet
  facet normal -0.943795171077722  0.135020107076342 -0.301695617693507
    outer loop
      vertex  0.744999999836899  0.500012642823334  0.744999999836920
      vertex  0.767505418189756  0.379387869274449  0.620612130725585
      vertex  0.733752709094870  0.396262191715295  0.733752709094892
    endloop
  endfacet
  facet normal -0.956901876175655  0.271947548086597 -0.101898628357793
    outer loop
      vertex  0.767505418189756  0.379387869274449  0.620612130725585
      vertex  0.778752708931789  0.373764901054813  0.499985325131267
      vertex  0.744999999836947  0.255000000163191  0.499987357176684
    endloop
  endfacet
  facet normal -0.943795171077715  0.301695617693513 -0.135020107076375
    outer loop
      vertex  0.767505418189756  0.379387869274449  0.620612130725585
      vertex  0.744999999836947  0.255000000163191  0.499987357176684
      vertex  0.733752709094914  0.266247290905222  0.603737808284750
    endloop
  endfacet
  facet normal -0.992156815644818  0.088387932348061 -0.088387932348089
    outer loop
      vertex  0.778752708931784  0.500014674868751  0.626235098945218
      vertex  0.789999999673817  0.500015351999749  0.499984648000269
      vertex  0.778752708931789  0.373764901054813  0.499985325131267
    endloop
  endfacet
  facet normal -0.990570377396651  0.096877054621439 -0.096877054621466
    outer loop
      vertex  0.778752708931784  0.500014674868751  0.626235098945218
      vertex  0.778752708931789  0.373764901054813  0.499985325131267
      vertex  0.767505418189756  0.379387869274449  0.620612130725585
    endloop
  endfacet
  facet normal -0.948934044578597  0.298380040008107  0.102437936158756
    outer loop
      vertex  0.778752708931789  0.373764901054813  0.499985325131267
      vertex  0.767499999836925  0.379390578124648  0.379359422595751
      vertex  0.733747290742084  0.266252709258053  0.396237809127420
    endloop
  endfacet
  facet normal -0.953388957489313  0.270953200274307  0.132792541200751
    outer loop
      vertex  0.778752708931789  0.373764901054813  0.499985325131267
      vertex  0.733747290742084  0.266252709258053  0.396237809127420
      vertex  0.744999999836947  0.255000000163191  0.499987357176684
    endloop
  endfacet
  facet normal -0.855087040314247  0.410785134023567  0.316356961598543
    outer loop
      vertex  0.767499999836925  0.379390578124648  0.379359422595751
      vertex  0.733747290742030  0.396237809127429  0.266252709257948
      vertex  0.699999999999993  0.300000000000007  0.299999999999986
    endloop
  endfacet
  facet normal -0.910368451215725  0.271666786074268  0.312132088025503
    outer loop
      vertex  0.767499999836925  0.379390578124648  0.379359422595751
      vertex  0.733752709094892  0.396262191715295  0.266247290905130
      vertex  0.733747290742030  0.396237809127429  0.266252709257948
    endloop
  endfacet
  facet normal -0.855076237896086  0.316380403415288  0.410789566226135
    outer loop
      vertex  0.767499999836925  0.379390578124648  0.379359422595751
      vertex  0.699999999999993  0.300000000000007  0.299999999999986
      vertex  0.733747290742084  0.266252709258053  0.396237809127420
    endloop
  endfacet
  facet normal -0.991396992726121  0.096560427792900  0.088363378149859
    outer loop
      vertex  0.789999999673817  0.500015351999749  0.499984648000269
      vertex  0.778747290578953  0.500014674542545  0.373735100114121
      vertex  0.767499999836925  0.379390578124648  0.379359422595751
    endloop
  endfacet
  facet normal -0.991396651434103  0.088321203674499  0.096602507766282
    outer loop
      vertex  0.789999999673817  0.500015351999749  0.499984648000269
      vertex  0.767499999836925  0.379390578124648  0.379359422595751
      vertex  0.778752708931789  0.373764901054813  0.499985325131267
    endloop
  endfacet
  facet normal -0.953391768175823  0.132729998816341  0.270973954078232
    outer loop
      vertex  0.778747290578953  0.500014674542545  0.373735100114121
      vertex  0.744999999836920  0.500012642823334  0.255000000163101
      vertex  0.733752709094892  0.396262191715295  0.266247290905130
    endloop
  endfacet
  facet normal -0.948935561438051  0.102394111614603  0.298390258126679
    outer loop
      vertex  0.778747290578953  0.500014674542545  0.373735100114121
      vertex  0.733752709094892  0.396262191715295  0.266247290905130
      vertex  0.767499999836925  0.379390578124648  0.379359422595751
    endloop
  endfacet
  facet normal -0.948934044578587 -0.102437936158808 -0.298380040008122
    outer loop
      vertex  0.733747290742030  0.603762190872571  0.733747290742052
      vertex  0.767499999836916  0.620640577404251  0.620609421875381
      vertex  0.778752708931784  0.500014674868751  0.626235098945218
    endloop
  endfacet
  facet normal -0.953388957489302 -0.132792541200825 -0.270953200274308
    outer loop
      vertex  0.733747290742030  0.603762190872571  0.733747290742052
      vertex  0.778752708931784  0.500014674868751  0.626235098945218
      vertex  0.744999999836899  0.500012642823334  0.744999999836920
    endloop
  endfacet
  facet normal -0.855089314823766 -0.316386028970192 -0.410758011908100
    outer loop
      vertex  0.699999999999993  0.699999999999993  0.700000000000014
      vertex  0.733752709094870  0.733752709094892  0.603737808284705
      vertex  0.767499999836916  0.620640577404251  0.620609421875381
    endloop
  endfacet
  facet normal -0.855076237896027 -0.410789566226249 -0.316380403415299
    outer loop
      vertex  0.699999999999993  0.699999999999993  0.700000000000014
      vertex  0.767499999836916  0.620640577404251  0.620609421875381
      vertex  0.733747290742030  0.603762190872571  0.733747290742052
    endloop
  endfacet
  facet normal -0.991396992726114 -0.088363378149902 -0.096560427792932
    outer loop
      vertex  0.767499999836916  0.620640577404251  0.620609421875381
      vertex  0.778747290578949  0.626264899885883  0.499985325457473
      vertex  0.789999999673817  0.500015351999749  0.499984648000269
    endloop
  endfacet
  facet normal -0.991396651434096 -0.096602507766332 -0.088321203674526
    outer loop
      vertex  0.767499999836916  0.620640577404251  0.620609421875381
      vertex  0.789999999673817  0.500015351999749  0.499984648000269
      vertex  0.778752708931784  0.500014674868751  0.626235098945218
    endloop
  endfacet
  facet normal -0.953391768175799 -0.270973954078292 -0.132729998816388
    outer loop
      vertex  0.733752709094870  0.733752709094892  0.603737808284705
      vertex  0.744999999836899  0.744999999836920  0.499987357176666
      vertex  0.778747290578949  0.626264899885883  0.499985325457473
    endloop
  endfacet
  facet normal -0.948935561438023 -0.298390258126758 -0.102394111614636
    outer loop
      vertex  0.733752709094870  0.733752709094892  0.603737808284705
      vertex  0.778747290578949  0.626264899885883  0.499985325457473
      vertex  0.767499999836916  0.620640577404251  0.620609421875381
    endloop
  endfacet
  facet normal -0.990560175765201 -0.096929196293025  0.096929196292979
    outer loop
      vertex  0.778747290578949  0.626264899885883  0.499985325457473
      vertex  0.767494581484085  0.620637867901639  0.379362132098367
      vertex  0.778747290578953  0.500014674542545  0.373735100114121
    endloop
  endfacet
  facet normal -0.992149068252278 -0.088431403828459  0.088431403828414
    outer loop
      vertex  0.778747290578949  0.626264899885883  0.499985325457473
      vertex  0.778747290578953  0.500014674542545  0.373735100114121
      vertex  0.789999999673817  0.500015351999749  0.499984648000269
    endloop
  endfacet
  facet normal -0.943771742237978 -0.135088419541651  0.301738326135131
    outer loop
      vertex  0.767494581484085  0.620637867901639  0.379362132098367
      vertex  0.733747290742052  0.603762190872571  0.266252709257970
      vertex  0.744999999836920  0.500012642823334  0.255000000163101
    endloop
  endfacet
  facet normal -0.956889058449142 -0.101953769477654  0.271971981478996
    outer loop
      vertex  0.767494581484085  0.620637867901639  0.379362132098367
      vertex  0.744999999836920  0.500012642823334  0.255000000163101
      vertex  0.778747290578953  0.500014674542545  0.373735100114121
    endloop
  endfacet
  facet normal -0.943771742237968 -0.301738326135189  0.135088419541591
    outer loop
      vertex  0.744999999836899  0.744999999836920  0.499987357176666
      vertex  0.733747290742030  0.733747290742052  0.396237809127429
      vertex  0.767494581484085  0.620637867901639  0.379362132098367
    endloop
  endfacet
  facet normal -0.956889058449130 -0.271971981479059  0.101953769477605
    outer loop
      vertex  0.744999999836899  0.744999999836920  0.499987357176666
      vertex  0.767494581484085  0.620637867901639  0.379362132098367
      vertex  0.778747290578949  0.626264899885883  0.499985325457473
    endloop
  endfacet
  facet normal -0.794731962733931 -0.429185919741744  0.429185919741673
    outer loop
      vertex  0.733747290742030  0.733747290742052  0.396237809127429
      vertex  0.700000000000029  0.699999999999921  0.299999999999949
      vertex  0.733747290742052  0.603762190872571  0.266252709257970
    endloop
  endfacet
  facet normal -0.895878428470559 -0.314167026755801  0.314167026755738
    outer loop
      vertex  0.733747290742030  0.733747290742052  0.396237809127429
      vertex  0.733747290742052  0.603762190872571  0.266252709257970
      vertex  0.767494581484085  0.620637867901639  0.379362132098367
    endloop
  endfacet
  facet normal  1.000000000000000 -0.000000000000000  0.000000000000000
    outer loop
      vertex  1.000000000000000  0.424748506044718  0.685358865617156
      vertex  1.000000000000000  0.314641134382885  0.575251493955311
      vertex  1.000000000000000  0.402782396644749  0.597217603355277
    endloop
  endfacet
  facet normal  1.000000000000000 -0.000000000000000  0.000000000000000
    outer loop
      vertex  1.000000000000000  0.424748506044718  0.685358865617156
      vertex  1.000000000000000  0.358578643762714  0.641421356237333
      vertex  1.000000000000000  0.314641134382885  0.575251493955311
    endloop
  endfacet
  facet normal  1.000000000000000  0.000000000000002 -0.000000000000001
    outer loop
      vertex  1.000000000000000  0.500009244516138  0.699999999787657
      vertex  1.000000000000000  0.402782396644749  0.597217603355277
      vertex  1.000000000000000  0.500011889726462  0.604537288960317
    endloop
  endfacet
  facet normal  1.000000000000000  0.000000000000002 -0.000000000000000
    outer loop
      vertex  1.000000000000000  0.500009244516138  0.699999999787657
      vertex  1.000000000000000  0.424748506044718  0.685358865617156
      vertex  1.000000000000000  0.402782396644749  0.597217603355277
    endloop
  endfacet
  facet normal  1.000000000000000 -0.000000000000000 -0.000000000000001
    outer loop
      vertex  1.000000000000000  0.395462711039706  0.499988110273549
      vertex  1.000000000000000  0.402782396644749  0.597217603355277
      vertex  1.000000000000000  0.300000000212378  0.499990755483873
    endloop
  endfacet
  facet normal  1.000000000000000  0.000000000000002 -0.000000000000001
    outer loop
      vertex  1.000000000000000  0.395462711039706  0.499988110273549
      vertex  1.000000000000000  0.500011889726462  0.604537288960317
      vertex  1.000000000000000  0.402782396644749  0.597217603355277
    endloop
  endfacet
  facet normal  1.000000000000000  0.000000000000002 -0.000000000000001
    outer loop
      vertex  1.000000000000000  0.395462711039706  0.499988110273549
      vertex  1.000000000000000  0.500012771180141  0.499987228819870
      vertex  1.000000000000000  0.500011889726462  0.604537288960317
    endloop
  endfacet
  facet normal  1.000000000000000  0.000000000000000 -0.000000000000002
    outer loop
      vertex  1.000000000000000  0.402782396644749  0.597217603355277
      vertex  1.000000000000000  0.314641134382885  0.575251493955311
      vertex  1.000000000000000  0.300000000212378  0.499990755483873
    endloop
  endfacet
  facet normal  1.000000000000000  0.000000000000000  0.000000000000001
    outer loop
      vertex  1.000000000000000  0.395462711039706  0.499988110273549
      vertex  1.000000000000000  0.314648187710891  0.424731112606477
      vertex  1.000000000000000  0.402785922884102  0.402759712785862
    endloop
  endfacet
  facet normal  1.000000000000000  0.000000000000000  0.000000000000001
    outer loop
      vertex  1.000000000000000  0.395462711039706  0.499988110273549
      vertex  1.000000000000000  0.300000000212378  0.499990755483873
      vertex  1.000000000000000  0.314648187710891  0.424731112606477
    endloop
  endfacet
  facet normal  1.000000000000000 -0.000000000000000 -0.000000000000000
    outer loop
      vertex  1.000000000000000  0.402785922884102  0.402759712785862
      vertex  1.000000000000000  0.358578643762737  0.358578643762644
      vertex  1.000000000000000  0.424748506044730  0.314641134382812
    endloop
  endfacet
  facet normal  1.000000000000000 -0.000000000000000 -0.000000000000000
    outer loop
      vertex  1.000000000000000  0.402785922884102  0.402759712785862
      vertex  1.000000000000000  0.314648187710891  0.424731112606477
      vertex  1.000000000000000  0.358578643762737  0.358578643762644
    endloop
  endfacet
  facet normal  1.000000000000000  0.000000000000002  0.000000000000001
    outer loop
      vertex  1.000000000000000  0.402785922884102  0.402759712785862
      vertex  1.000000000000000  0.500012771180141  0.499987228819870
      vertex  1.000000000000000  0.395462711039706  0.499988110273549
    endloop
  endfacet
  facet normal  1.000000000000000  0.000000000000002  0.000000000000001
    outer loop
      vertex  1.000000000000000  0.402785922884102  0.402759712785862
      vertex  1.000000000000000  0.500009244516138  0.300000000212307
      vertex  1.000000000000000  0.500012771180141  0.499987228819870
    endloop
  endfacet
  facet normal  1.000000000000000  0.000000000000002  0.000000000000000
    outer loop
      vertex  1.000000000000000  0.402785922884102  0.402759712785862
      vertex  1.000000000000000  0.424748506044730  0.314641134382812
      vertex  1.000000000000000  0.500009244516138  0.300000000212307
    endloop
  endfacet
  facet normal  1.000000000000000 -0.000000000000002 -0.000000000000001
    outer loop
      vertex  1.000000000000000  0.575268887393518  0.685351812289139
      vertex  1.000000000000000  0.500011889726462  0.604537288960317
      vertex  1.000000000000000  0.597240287214135  0.597214077115919
    endloop
  endfacet
  facet normal  1.000000000000000 -0.000000000000002 -0.000000000000001
    outer loop
      vertex  1.000000000000000  0.575268887393518  0.685351812289139
      vertex  1.000000000000000  0.500009244516138  0.699999999787657
      vertex  1.000000000000000  0.500011889726462  0.604537288960317
    endloop
  endfacet
  facet normal  1.000000000000000 -0.000000000000000 -0.000000000000000
    outer loop
      vertex  1.000000000000000  0.641421356237333  0.641421356237286
      vertex  1.000000000000000  0.597240287214135  0.597214077115919
      vertex  1.000000000000000  0.685358865617171  0.575251493955288
    endloop
  endfacet
  facet normal  1.000000000000000 -0.000000000000000 -0.000000000000000
    outer loop
      vertex  1.000000000000000  0.641421356237333  0.641421356237286
      vertex  1.000000000000000  0.575268887393518  0.685351812289139
      vertex  1.000000000000000  0.597240287214135  0.597214077115919
    endloop
  endfacet
  facet normal  1.000000000000000 -0.000000000000002 -0.000000000000001
    outer loop
      vertex  1.000000000000000  0.604561735726535  0.499988110698187
      vertex  1.000000000000000  0.597240287214135  0.597214077115919
      vertex  1.000000000000000  0.500012771180141  0.499987228819870
    endloop
  endfacet
  facet normal  1.000000000000000 -0.000000000000000 -0.000000000000001
    outer loop
      vertex  1.000000000000000  0.604561735726535  0.499988110698187
      vertex  1.000000000000000  0.685358865617171  0.575251493955288
      vertex  1.000000000000000  0.597240287214135  0.597214077115919
    endloop
  endfacet
  facet normal  1.000000000000000  0.000000000000000 -0.000000000000001
    outer loop
      vertex  1.000000000000000  0.604561735726535  0.499988110698187
      vertex  1.000000000000000  0.699999999787681  0.499990755483873
      vertex  1.000000000000000  0.685358865617171  0.575251493955288
    endloop
  endfacet
  facet normal  1.000000000000000 -0.000000000000002 -0.000000000000001
    outer loop
      vertex  1.000000000000000  0.597240287214135  0.597214077115919
      vertex  1.000000000000000  0.500011889726462  0.604537288960317
      vertex  1.000000000000000  0.500012771180141  0.499987228819870
    endloop
  endfacet
  facet normal  1.000000000000000 -0.000000000000002  0.000000000000000
    outer loop
      vertex  1.000000000000000  0.597236760125507  0.402763239874496
      vertex  1.000000000000000  0.500009244516138  0.300000000212307
      vertex  1.000000000000000  0.575268887393506  0.314648187710829
    endloop
  endfacet
  facet normal  1.000000000000000 -0.000000000000002  0.000000000000001
    outer loop
      vertex  1.000000000000000  0.597236760125507  0.402763239874496
      vertex  1.000000000000000  0.500012771180141  0.499987228819870
      vertex  1.000000000000000  0.500009244516138  0.300000000212307
    endloop
  endfacet
  facet normal  1.000000000000000 -0.000000000000002  0.000000000000001
    outer loop
      vertex  1.000000000000000  0.597236760125507  0.402763239874496
      vertex  1.000000000000000  0.604561735726535  0.499988110698187
      vertex  1.000000000000000  0.500012771180141  0.499987228819870
    endloop
  endfacet
  facet normal  1.000000000000000 -0.000000000000000  0.000000000000002
    outer loop
      vertex  1.000000000000000  0.699999999787681  0.499990755483873
      vertex  1.000000000000000  0.597236760125507  0.402763239874496
      vertex  1.000000000000000  0.685351812289165  0.424731112606500
    endloop
  endfacet
  facet normal  1.000000000000000 -0.000000000000000  0.000000000000001
    outer loop
      vertex  1.000000000000000  0.699999999787681  0.499990755483873
      vertex  1.000000000000000  0.604561735726535  0.499988110698187
      vertex  1.000000000000000  0.597236760125507  0.402763239874496
    endloop
  endfacet
  facet normal  1.000000000000000 -0.000000000000000 -0.000000000000000
    outer loop
      vertex  1.000000000000000  0.685351812289165  0.424731112606500
      vertex  1.000000000000000  0.575268887393506  0.314648187710829
      vertex  1.000000000000000  0.641421356237310  0.358578643762690
    endloop
  endfacet
  facet normal  1.000000000000000  0.000000000000000 -0.000000000000000
    outer loop
      vertex  1.000000000000000  0.685351812289165  0.424731112606500
      vertex  1.000000000000000  0.597236760125507  0.402763239874496
      vertex  1.000000000000000  0.575268887393506  0.314648187710829
    endloop
  endfacet
  facet normal  0.331120063891021 -0.518189014216990  0.788568100314507
    outer loop
      vertex  0.719690547915215  0.346727470732536  0.719690547915261
      vertex  0.844573551201894  0.338291425011510  0.661708574988585
      vertex  0.854664053103302  0.374356152214632  0.681170657967826
    endloop
  endfacet
  facet normal  0.341529595920437 -0.483536468816839  0.805946659794906
    outer loop
      vertex  0.719690547915215  0.346727470732536  0.719690547915261
      vertex  0.700000000000029  0.300000000000079  0.700000000000050
      vertex  0.844573551201894  0.338291425011510  0.661708574988585
    endloop
  endfacet
  facet normal  0.224922316203023 -0.357247679633904  0.906523053799548
    outer loop
      vertex  0.787297518068965  0.404827017896668  0.709893461041289
      vertex  0.854664053103302  0.374356152214632  0.681170657967826
      vertex  0.861870265176843  0.414162157043975  0.695069659098948
    endloop
  endfacet
  facet normal  0.306486808529264 -0.199701862987963  0.930690604936293
    outer loop
      vertex  0.787297518068965  0.404827017896668  0.709893461041289
      vertex  0.719690547915215  0.346727470732536  0.719690547915261
      vertex  0.854664053103302  0.374356152214632  0.681170657967826
    endloop
  endfacet
  facet normal  0.427243456374839 -0.357091726151261  0.830631403270544
    outer loop
      vertex  0.787297518068965  0.404827017896668  0.709893461041289
      vertex  0.733752709094870  0.396262191715295  0.733752709094892
      vertex  0.719690547915215  0.346727470732536  0.719690547915261
    endloop
  endfacet
  facet normal  0.435043018616114 -0.135016477567559  0.890229252911085
    outer loop
      vertex  0.744999999836899  0.500012642823334  0.744999999836920
      vertex  0.787297518068965  0.404827017896668  0.709893461041289
      vertex  0.796945210092692  0.500011654530875  0.719614926908556
    endloop
  endfacet
  facet normal  0.421811509081314 -0.142791780042229  0.895368950968771
    outer loop
      vertex  0.744999999836899  0.500012642823334  0.744999999836920
      vertex  0.733752709094870  0.396262191715295  0.733752709094892
      vertex  0.787297518068965  0.404827017896668  0.709893461041289
    endloop
  endfacet
  facet normal  0.184830351839328 -0.138403094011275  0.972976014404803
    outer loop
      vertex  0.796945210092692  0.500011654530875  0.719614926908556
      vertex  0.861870265176843  0.414162157043975  0.695069659098948
      vertex  0.867633985369237  0.500010537164295  0.706186450092055
    endloop
  endfacet
  facet normal  0.208010639186181 -0.120224708167743  0.970709840030139
    outer loop
      vertex  0.796945210092692  0.500011654530875  0.719614926908556
      vertex  0.787297518068965  0.404827017896668  0.709893461041289
      vertex  0.861870265176843  0.414162157043975  0.695069659098948
    endloop
  endfacet
  facet normal  0.092010275854959 -0.343058464809142  0.934796768747030
    outer loop
      vertex  0.854664053103302  0.374356152214632  0.681170657967826
      vertex  1.000000000000000  0.424748506044718  0.685358865617156
      vertex  0.861870265176843  0.414162157043975  0.695069659098948
    endloop
  endfacet
  facet normal  0.165479611338760 -0.545541159397919  0.821584652749762
    outer loop
      vertex  0.854664053103302  0.374356152214632  0.681170657967826
      vertex  1.000000000000000  0.358578643762714  0.641421356237333
      vertex  1.000000000000000  0.424748506044718  0.685358865617156
    endloop
  endfacet
  facet normal  0.176213180737146 -0.505203106787299  0.844818759159004
    outer loop
      vertex  0.854664053103302  0.374356152214632  0.681170657967826
      vertex  0.844573551201894  0.338291425011510  0.661708574988585
      vertex  1.000000000000000  0.358578643762714  0.641421356237333
    endloop
  endfacet
  facet normal  0.045827328464751 -0.190758282604158  0.980566741014448
    outer loop
      vertex  0.867633985369237  0.500010537164295  0.706186450092055
      vertex  1.000000000000000  0.424748506044718  0.685358865617156
      vertex  1.000000000000000  0.500009244516138  0.699999999787657
    endloop
  endfacet
  facet normal  0.079663406036740 -0.133271378629810  0.987872705046928
    outer loop
      vertex  0.867633985369237  0.500010537164295  0.706186450092055
      vertex  0.861870265176843  0.414162157043975  0.695069659098948
      vertex  1.000000000000000  0.424748506044718  0.685358865617156
    endloop
  endfacet
  facet normal  0.421166641721989  0.134365326774014  0.896975261008649
    outer loop
      vertex  0.733747290742030  0.603762190872571  0.733747290742052
      vertex  0.796945210092692  0.500011654530875  0.719614926908556
      vertex  0.787292870318617  0.595195129420196  0.709888777750582
    endloop
  endfacet
  facet normal  0.434519321148820  0.143565246769606  0.889146770487500
    outer loop
      vertex  0.733747290742030  0.603762190872571  0.733747290742052
      vertex  0.744999999836899  0.500012642823334  0.744999999836920
      vertex  0.796945210092692  0.500011654530875  0.719614926908556
    endloop
  endfacet
  facet normal  0.209836995569683  0.139472752187449  0.967737457520141
    outer loop
      vertex  0.787292870318617  0.595195129420196  0.709888777750582
      vertex  0.867633985369237  0.500010537164295  0.706186450092055
      vertex  0.861867488519745  0.585857714773503  0.695064303614018
    endloop
  endfacet
  facet normal  0.185316007255003  0.118473298918133  0.975511176203798
    outer loop
      vertex  0.787292870318617  0.595195129420196  0.709888777750582
      vertex  0.796945210092692  0.500011654530875  0.719614926908556
      vertex  0.867633985369237  0.500010537164295  0.706186450092055
    endloop
  endfacet
  facet normal  0.427239776775239  0.357151211606913  0.830607720400406
    outer loop
      vertex  0.787292870318617  0.595195129420196  0.709888777750582
      vertex  0.719684452268260  0.653289969590768  0.719684452268306
      vertex  0.733747290742030  0.603762190872571  0.733747290742052
    endloop
  endfacet
  facet normal  0.306492396355830  0.199757120842183  0.930676906154280
    outer loop
      vertex  0.787292870318617  0.595195129420196  0.709888777750582
      vertex  0.854660929364062  0.625657624294335  0.681164633047269
      vertex  0.719684452268260  0.653289969590768  0.719684452268306
    endloop
  endfacet
  facet normal  0.224937994899972  0.357312200274067  0.906493734112755
    outer loop
      vertex  0.787292870318617  0.595195129420196  0.709888777750582
      vertex  0.861867488519745  0.585857714773503  0.695064303614018
      vertex  0.854660929364062  0.625657624294335  0.681164633047269
    endloop
  endfacet
  facet normal  0.344612816008529  0.518691023739947  0.782433146622942
    outer loop
      vertex  0.699999999999993  0.699999999999993  0.700000000000014
      vertex  0.854660929364062  0.625657624294335  0.681164633047269
      vertex  0.844573551201876  0.661708574988546  0.661708574988546
    endloop
  endfacet
  facet normal  0.330252379554610  0.481340144720696  0.811939056135851
    outer loop
      vertex  0.699999999999993  0.699999999999993  0.700000000000014
      vertex  0.719684452268260  0.653289969590768  0.719684452268306
      vertex  0.854660929364062  0.625657624294335  0.681164633047269
    endloop
  endfacet
  facet normal  0.083371781214751  0.190385086359808  0.978162903093778
    outer loop
      vertex  0.861867488519745  0.585857714773503  0.695064303614018
      vertex  1.000000000000000  0.500009244516138  0.699999999787657
      vertex  1.000000000000000  0.575268887393518  0.685351812289139
    endloop
  endfacet
  facet normal  0.046282953072369  0.131402969591063  0.990248023394923
    outer loop
      vertex  0.861867488519745  0.585857714773503  0.695064303614018
      vertex  0.867633985369237  0.500010537164295  0.706186450092055
      vertex  1.000000000000000  0.500009244516138  0.699999999787657
    endloop
  endfacet
  facet normal  0.176214603297920  0.505230957686942  0.844801806922365
    outer loop
      vertex  0.854660929364062  0.625657624294335  0.681164633047269
      vertex  1.000000000000000  0.641421356237333  0.641421356237286
      vertex  0.844573551201876  0.661708574988546  0.661708574988546
    endloop
  endfacet
  facet normal  0.165482389850166  0.545579652691401  0.821558531827531
    outer loop
      vertex  0.854660929364062  0.625657624294335  0.681164633047269
      vertex  1.000000000000000  0.575268887393518  0.685351812289139
      vertex  1.000000000000000  0.641421356237333  0.641421356237286
    endloop
  endfacet
  facet normal  0.092029178549410  0.343122140428109  0.934771537352071
    outer loop
      vertex  0.854660929364062  0.625657624294335  0.681164633047269
      vertex  0.861867488519745  0.585857714773503  0.695064303614018
      vertex  1.000000000000000  0.575268887393518  0.685351812289139
    endloop
  endfacet
  facet normal  0.331120063891019 -0.518189014216990 -0.788568100314508
    outer loop
      vertex  0.719690547915261  0.346727470732536  0.280309452084785
      vertex  0.854664053103302  0.374356152214632  0.318829342032174
      vertex  0.844573551201894  0.338291425011510  0.338291425011415
    endloop
  endfacet
  facet normal -0.707106807160250  0.000000021890227 -0.707106755212844
    outer loop
      vertex  0.719690547915261  0.346727470732536  0.280309452084785
      vertex  0.699999999999993  0.300000000000007  0.299999999999986
      vertex  0.719684452268260  0.346710030409232  0.280315547731694
    endloop
  endfacet
  facet normal  0.341529595920436 -0.483536468816837 -0.805946659794907
    outer loop
      vertex  0.719690547915261  0.346727470732536  0.280309452084785
      vertex  0.844573551201894  0.338291425011510  0.338291425011415
      vertex  0.699999999999993  0.300000000000007  0.299999999999986
    endloop
  endfacet
  facet normal  0.224922316203020 -0.357247679633906 -0.906523053799548
    outer loop
      vertex  0.787297518068965  0.404827017896668  0.290106538958711
      vertex  0.861870265176843  0.414162157043975  0.304930340901052
      vertex  0.854664053103302  0.374356152214632  0.318829342032174
    endloop
  endfacet
  facet normal  0.306486808529263 -0.199701862987962 -0.930690604936294
    outer loop
      vertex  0.787297518068965  0.404827017896668  0.290106538958711
      vertex  0.854664053103302  0.374356152214632  0.318829342032174
      vertex  0.719690547915261  0.346727470732536  0.280309452084785
    endloop
  endfacet
  facet normal  0.427808430354223 -0.285635262095735 -0.857550257399155
    outer loop
      vertex  0.787297518068965  0.404827017896668  0.290106538958711
      vertex  0.733747290742030  0.396237809127429  0.266252709257948
      vertex  0.733752709094892  0.396262191715295  0.266247290905130
    endloop
  endfacet
  facet normal  0.427271241015405 -0.357129183034014 -0.830601007239103
    outer loop
      vertex  0.787297518068965  0.404827017896668  0.290106538958711
      vertex  0.719690547915261  0.346727470732536  0.280309452084785
      vertex  0.733747290742030  0.396237809127429  0.266252709257948
    endloop
  endfacet
  facet normal  0.435043018616114 -0.135016477567561 -0.890229252911084
    outer loop
      vertex  0.744999999836920  0.500012642823334  0.255000000163101
      vertex  0.796945210092692  0.500011654530875  0.280385073091444
      vertex  0.787297518068965  0.404827017896668  0.290106538958711
    endloop
  endfacet
  facet normal  0.421811509081315 -0.142791780042230 -0.895368950968770
    outer loop
      vertex  0.744999999836920  0.500012642823334  0.255000000163101
      vertex  0.787297518068965  0.404827017896668  0.290106538958711
      vertex  0.733752709094892  0.396262191715295  0.266247290905130
    endloop
  endfacet
  facet normal  0.184830351839326 -0.138403094011276 -0.972976014404804
    outer loop
      vertex  0.796945210092692  0.500011654530875  0.280385073091444
      vertex  0.867633985369237  0.500010537164295  0.293813549907945
      vertex  0.861870265176843  0.414162157043975  0.304930340901052
    endloop
  endfacet
  facet normal  0.208010639186177 -0.120224708167744 -0.970709840030139
    outer loop
      vertex  0.796945210092692  0.500011654530875  0.280385073091444
      vertex  0.861870265176843  0.414162157043975  0.304930340901052
      vertex  0.787297518068965  0.404827017896668  0.290106538958711
    endloop
  endfacet
  facet normal  0.092010275854961 -0.343058464809145 -0.934796768747029
    outer loop
      vertex  0.854664053103302  0.374356152214632  0.318829342032174
      vertex  0.861870265176843  0.414162157043975  0.304930340901052
      vertex  1.000000000000000  0.424748506044730  0.314641134382812
    endloop
  endfacet
  facet normal  0.165479611338761 -0.545541159397918 -0.821584652749762
    outer loop
      vertex  0.854664053103302  0.374356152214632  0.318829342032174
      vertex  1.000000000000000  0.424748506044730  0.314641134382812
      vertex  1.000000000000000  0.358578643762737  0.358578643762644
    endloop
  endfacet
  facet normal  0.176213180737147 -0.505203106787299 -0.844818759159004
    outer loop
      vertex  0.854664053103302  0.374356152214632  0.318829342032174
      vertex  1.000000000000000  0.358578643762737  0.358578643762644
      vertex  0.844573551201894  0.338291425011510  0.338291425011415
    endloop
  endfacet
  facet normal  0.045827328464752 -0.190758282604160 -0.980566741014448
    outer loop
      vertex  0.867633985369237  0.500010537164295  0.293813549907945
      vertex  1.000000000000000  0.500009244516138  0.300000000212307
      vertex  1.000000000000000  0.424748506044730  0.314641134382812
    endloop
  endfacet
  facet normal  0.079663406036743 -0.133271378629811 -0.987872705046928
    outer loop
      vertex  0.867633985369237  0.500010537164295  0.293813549907945
      vertex  1.000000000000000  0.424748506044730  0.314641134382812
      vertex  0.861870265176843  0.414162157043975  0.304930340901052
    endloop
  endfacet
  facet normal  0.421166641721988  0.134365326774016 -0.896975261008649
    outer loop
      vertex  0.733747290742052  0.603762190872571  0.266252709257970
      vertex  0.787292870318617  0.595195129420196  0.290111222249418
      vertex  0.796945210092692  0.500011654530875  0.280385073091444
    endloop
  endfacet
  facet normal  0.434519321148821  0.143565246769608 -0.889146770487499
    outer loop
      vertex  0.733747290742052  0.603762190872571  0.266252709257970
      vertex  0.796945210092692  0.500011654530875  0.280385073091444
      vertex  0.744999999836920  0.500012642823334  0.255000000163101
    endloop
  endfacet
  facet normal  0.209836995569680  0.139472752187451 -0.967737457520142
    outer loop
      vertex  0.787292870318617  0.595195129420196  0.290111222249418
      vertex  0.861867488519745  0.585857714773503  0.304935696385981
      vertex  0.867633985369237  0.500010537164295  0.293813549907945
    endloop
  endfacet
  facet normal  0.185316007255000  0.118473298918135 -0.975511176203799
    outer loop
      vertex  0.787292870318617  0.595195129420196  0.290111222249418
      vertex  0.867633985369237  0.500010537164295  0.293813549907945
      vertex  0.796945210092692  0.500011654530875  0.280385073091444
    endloop
  endfacet
  facet normal  0.483512854562782  0.434571360734670 -0.759844097102667
    outer loop
      vertex  0.787292870318617  0.595195129420196  0.290111222249418
      vertex  0.719690547915215  0.653272529267464  0.280309452084739
      vertex  0.719684452268306  0.653289969590768  0.280315547731740
    endloop
  endfacet
  facet normal  0.427240440118651  0.357125398426085 -0.830618478078974
    outer loop
      vertex  0.787292870318617  0.595195129420196  0.290111222249418
      vertex  0.733747290742052  0.603762190872571  0.266252709257970
      vertex  0.719690547915215  0.653272529267464  0.280309452084739
    endloop
  endfacet
  facet normal  0.306492396355827  0.199757120842177 -0.930676906154282
    outer loop
      vertex  0.787292870318617  0.595195129420196  0.290111222249418
      vertex  0.719684452268306  0.653289969590768  0.280315547731740
      vertex  0.854660929364062  0.625657624294335  0.318835366952730
    endloop
  endfacet
  facet normal  0.224937994899969  0.357312200274061 -0.906493734112758
    outer loop
      vertex  0.787292870318617  0.595195129420196  0.290111222249418
      vertex  0.854660929364062  0.625657624294335  0.318835366952730
      vertex  0.861867488519745  0.585857714773503  0.304935696385981
    endloop
  endfacet
  facet normal  0.344612816008529  0.518691023739953 -0.782433146622937
    outer loop
      vertex  0.700000000000029  0.699999999999921  0.299999999999949
      vertex  0.844573551201876  0.661708574988546  0.338291425011454
      vertex  0.854660929364062  0.625657624294335  0.318835366952730
    endloop
  endfacet
  facet normal  0.330252379554609  0.481340144720698 -0.811939056135851
    outer loop
      vertex  0.700000000000029  0.699999999999921  0.299999999999949
      vertex  0.854660929364062  0.625657624294335  0.318835366952730
      vertex  0.719684452268306  0.653289969590768  0.280315547731740
    endloop
  endfacet
  facet normal  0.083371781214753  0.190385086359810 -0.978162903093778
    outer loop
      vertex  0.861867488519745  0.585857714773503  0.304935696385981
      vertex  1.000000000000000  0.575268887393506  0.314648187710829
      vertex  1.000000000000000  0.500009244516138  0.300000000212307
    endloop
  endfacet
  facet normal  0.046282953072370  0.131402969591065 -0.990248023394922
    outer loop
      vertex  0.861867488519745  0.585857714773503  0.304935696385981
      vertex  1.000000000000000  0.500009244516138  0.300000000212307
      vertex  0.867633985369237  0.500010537164295  0.293813549907945
    endloop
  endfacet
  facet normal  0.176214603297921  0.505230957686949 -0.844801806922360
    outer loop
      vertex  0.854660929364062  0.625657624294335  0.318835366952730
      vertex  0.844573551201876  0.661708574988546  0.338291425011454
      vertex  1.000000000000000  0.641421356237310  0.358578643762690
    endloop
  endfacet
  facet normal  0.165482389850168  0.545579652691400 -0.821558531827531
    outer loop
      vertex  0.854660929364062  0.625657624294335  0.318835366952730
      vertex  1.000000000000000  0.641421356237310  0.358578643762690
      vertex  1.000000000000000  0.575268887393506  0.314648187710829
    endloop
  endfacet
  facet normal  0.092029178549411  0.343122140428103 -0.934771537352073
    outer loop
      vertex  0.854660929364062  0.625657624294335  0.318835366952730
      vertex  1.000000000000000  0.575268887393506  0.314648187710829
      vertex  0.861867488519745  0.585857714773503  0.304935696385981
    endloop
  endfacet
  facet normal  0.331120063891013 -0.788568100314540  0.518189014216945
    outer loop
      vertex  0.719690547915264  0.280309452084836  0.653272529267509
      vertex  0.854664053103303  0.318829342032222  0.625643847785409
      vertex  0.844573551201894  0.338291425011510  0.661708574988585
    endloop
  endfacet
  facet normal -0.707106822393473 -0.707106739979618 -0.000000034728917
    outer loop
      vertex  0.719690547915264  0.280309452084836  0.653272529267509
      vertex  0.700000000000029  0.300000000000079  0.700000000000050
      vertex  0.719684452268260  0.280315547731694  0.653289969590768
    endloop
  endfacet
  facet normal  0.341529595920426 -0.805946659794931  0.483536468816804
    outer loop
      vertex  0.719690547915264  0.280309452084836  0.653272529267509
      vertex  0.844573551201894  0.338291425011510  0.661708574988585
      vertex  0.700000000000029  0.300000000000079  0.700000000000050
    endloop
  endfacet
  facet normal  0.224922316203006 -0.906523053799557  0.357247679633892
    outer loop
      vertex  0.787297518068969  0.290106538958758  0.595172982103367
      vertex  0.861870265176845  0.304930340901097  0.585837842956058
      vertex  0.854664053103303  0.318829342032222  0.625643847785409
    endloop
  endfacet
  facet normal  0.306486808529248 -0.930690604936294  0.199701862987984
    outer loop
      vertex  0.787297518068969  0.290106538958758  0.595172982103367
      vertex  0.854664053103303  0.318829342032222  0.625643847785409
      vertex  0.719690547915264  0.280309452084836  0.653272529267509
    endloop
  endfacet
  facet normal  0.427808430343274 -0.857550257790612  0.285635260936877
    outer loop
      vertex  0.787297518068969  0.290106538958758  0.595172982103367
      vertex  0.733747290742030  0.266252709257948  0.603762190872571
      vertex  0.733752709094914  0.266247290905222  0.603737808284750
    endloop
  endfacet
  facet normal  0.427271241015784 -0.830601007238687  0.357129183034530
    outer loop
      vertex  0.787297518068969  0.290106538958758  0.595172982103367
      vertex  0.719690547915264  0.280309452084836  0.653272529267509
      vertex  0.733747290742030  0.266252709257948  0.603762190872571
    endloop
  endfacet
  facet normal  0.435043018616098 -0.890229252911087  0.135016477567595
    outer loop
      vertex  0.744999999836947  0.255000000163191  0.499987357176684
      vertex  0.796945210092699  0.280385073091486  0.499988345469142
      vertex  0.787297518068969  0.290106538958758  0.595172982103367
    endloop
  endfacet
  facet normal  0.421811509081299 -0.895368950968772  0.142791780042262
    outer loop
      vertex  0.744999999836947  0.255000000163191  0.499987357176684
      vertex  0.787297518068969  0.290106538958758  0.595172982103367
      vertex  0.733752709094914  0.266247290905222  0.603737808284750
    endloop
  endfacet
  facet normal  0.184830351839300 -0.972976014404804  0.138403094011310
    outer loop
      vertex  0.796945210092699  0.280385073091486  0.499988345469142
      vertex  0.867633985369242  0.293813549907985  0.499989462835720
      vertex  0.861870265176845  0.304930340901097  0.585837842956058
    endloop
  endfacet
  facet normal  0.208010639186159 -0.970709840030139  0.120224708167777
    outer loop
      vertex  0.796945210092699  0.280385073091486  0.499988345469142
      vertex  0.861870265176845  0.304930340901097  0.585837842956058
      vertex  0.787297518068969  0.290106538958758  0.595172982103367
    endloop
  endfacet
  facet normal  0.092010275854941 -0.934796768747037  0.343058464809130
    outer loop
      vertex  0.854664053103303  0.318829342032222  0.625643847785409
      vertex  0.861870265176845  0.304930340901097  0.585837842956058
      vertex  1.000000000000000  0.314641134382885  0.575251493955311
    endloop
  endfacet
  facet normal  0.165479611338751 -0.821584652749797  0.545541159397869
    outer loop
      vertex  0.854664053103303  0.318829342032222  0.625643847785409
      vertex  1.000000000000000  0.314641134382885  0.575251493955311
      vertex  1.000000000000000  0.358578643762714  0.641421356237333
    endloop
  endfacet
  facet normal  0.176213180737137 -0.844818759159033  0.505203106787254
    outer loop
      vertex  0.854664053103303  0.318829342032222  0.625643847785409
      vertex  1.000000000000000  0.358578643762714  0.641421356237333
      vertex  0.844573551201894  0.338291425011510  0.661708574988585
    endloop
  endfacet
  facet normal  0.045827328464721 -0.980566741014443  0.190758282604191
    outer loop
      vertex  0.867633985369242  0.293813549907985  0.499989462835720
      vertex  1.000000000000000  0.300000000212378  0.499990755483873
      vertex  1.000000000000000  0.314641134382885  0.575251493955311
    endloop
  endfacet
  facet normal  0.079663406036719 -0.987872705046926  0.133271378629844
    outer loop
      vertex  0.867633985369242  0.293813549907985  0.499989462835720
      vertex  1.000000000000000  0.314641134382885  0.575251493955311
      vertex  0.861870265176845  0.304930340901097  0.585837842956058
    endloop
  endfacet
  facet normal  0.421166641721963 -0.896975261008674 -0.134365326773931
    outer loop
      vertex  0.733747290742084  0.266252709258053  0.396237809127420
      vertex  0.787292870318627  0.290111222249456  0.404804870579802
      vertex  0.796945210092699  0.280385073091486  0.499988345469142
    endloop
  endfacet
  facet normal  0.434519321148804 -0.889146770487520 -0.143565246769527
    outer loop
      vertex  0.733747290742084  0.266252709258053  0.396237809127420
      vertex  0.796945210092699  0.280385073091486  0.499988345469142
      vertex  0.744999999836947  0.255000000163191  0.499987357176684
    endloop
  endfacet
  facet normal  0.209836995569642 -0.967737457520163 -0.139472752187359
    outer loop
      vertex  0.787292870318627  0.290111222249456  0.404804870579802
      vertex  0.861867488519752  0.304935696386016  0.414142285226494
      vertex  0.867633985369242  0.293813549907985  0.499989462835720
    endloop
  endfacet
  facet normal  0.185316007254971 -0.975511176203814 -0.118473298918056
    outer loop
      vertex  0.787292870318627  0.290111222249456  0.404804870579802
      vertex  0.867633985369242  0.293813549907985  0.499989462835720
      vertex  0.796945210092699  0.280385073091486  0.499988345469142
    endloop
  endfacet
  facet normal  0.483512855206173 -0.759844096175745 -0.434571361639535
    outer loop
      vertex  0.787292870318627  0.290111222249456  0.404804870579802
      vertex  0.719690547915215  0.280309452084739  0.346727470732536
      vertex  0.719684452268321  0.280315547731778  0.346710030409223
    endloop
  endfacet
  facet normal  0.427240440118642 -0.830618478079195 -0.357125398425581
    outer loop
      vertex  0.787292870318627  0.290111222249456  0.404804870579802
      vertex  0.733747290742084  0.266252709258053  0.396237809127420
      vertex  0.719690547915215  0.280309452084739  0.346727470732536
    endloop
  endfacet
  facet normal  0.306492396355789 -0.930676906154316 -0.199757120842079
    outer loop
      vertex  0.787292870318627  0.290111222249456  0.404804870579802
      vertex  0.719684452268321  0.280315547731778  0.346710030409223
      vertex  0.854660929364069  0.318835366952763  0.374342375705653
    endloop
  endfacet
  facet normal  0.224937994899932 -0.906493734112819 -0.357312200273929
    outer loop
      vertex  0.787292870318627  0.290111222249456  0.404804870579802
      vertex  0.854660929364069  0.318835366952763  0.374342375705653
      vertex  0.861867488519752  0.304935696386016  0.414142285226494
    endloop
  endfacet
  facet normal  0.344612816008497 -0.782433146623047 -0.518691023739810
    outer loop
      vertex  0.699999999999993  0.300000000000007  0.299999999999986
      vertex  0.844573551201894  0.338291425011510  0.338291425011415
      vertex  0.854660929364069  0.318835366952763  0.374342375705653
    endloop
  endfacet
  facet normal  0.330252379554581 -0.811939056135935 -0.481340144720576
    outer loop
      vertex  0.699999999999993  0.300000000000007  0.299999999999986
      vertex  0.854660929364069  0.318835366952763  0.374342375705653
      vertex  0.719684452268321  0.280315547731778  0.346710030409223
    endloop
  endfacet
  facet normal  0.083371781214706 -0.978162903093804 -0.190385086359696
    outer loop
      vertex  0.861867488519752  0.304935696386016  0.414142285226494
      vertex  1.000000000000000  0.314648187710891  0.424731112606477
      vertex  1.000000000000000  0.300000000212378  0.499990755483873
    endloop
  endfacet
  facet normal  0.046282953072333 -0.990248023394936 -0.131402969590977
    outer loop
      vertex  0.861867488519752  0.304935696386016  0.414142285226494
      vertex  1.000000000000000  0.300000000212378  0.499990755483873
      vertex  0.867633985369242  0.293813549907985  0.499989462835720
    endloop
  endfacet
  facet normal  0.176214603297882 -0.844801806922457 -0.505230957686801
    outer loop
      vertex  0.854660929364069  0.318835366952763  0.374342375705653
      vertex  0.844573551201894  0.338291425011510  0.338291425011415
      vertex  1.000000000000000  0.358578643762737  0.358578643762644
    endloop
  endfacet
  facet normal  0.165482389850130 -0.821558531827637 -0.545579652691252
    outer loop
      vertex  0.854660929364069  0.318835366952763  0.374342375705653
      vertex  1.000000000000000  0.358578643762737  0.358578643762644
      vertex  1.000000000000000  0.314648187710891  0.424731112606477
    endloop
  endfacet
  facet normal  0.092029178549365 -0.934771537352126 -0.343122140427971
    outer loop
      vertex  0.854660929364069  0.318835366952763  0.374342375705653
      vertex  1.000000000000000  0.314648187710891  0.424731112606477
      vertex  0.861867488519752  0.304935696386016  0.414142285226494
    endloop
  endfacet
  facet normal  0.331120063891035  0.788568100314495  0.518189014217000
    outer loop
      vertex  0.719690547915215  0.719690547915261  0.653272529267464
      vertex  0.844573551201876  0.661708574988546  0.661708574988546
      vertex  0.854664053103294  0.681170657967808  0.625643847785394
    endloop
  endfacet
  facet normal  0.341529595920452  0.805946659794894  0.483536468816847
    outer loop
      vertex  0.719690547915215  0.719690547915261  0.653272529267464
      vertex  0.699999999999993  0.699999999999993  0.700000000000014
      vertex  0.844573551201876  0.661708574988546  0.661708574988546
    endloop
  endfacet
  facet normal  0.224922316203035  0.906523053799532  0.357247679633939
    outer loop
      vertex  0.787297518068955  0.709893461041274  0.595172982103357
      vertex  0.854664053103294  0.681170657967808  0.625643847785394
      vertex  0.861870265176836  0.695069659098932  0.585837842956047
    endloop
  endfacet
  facet normal  0.306486808529276  0.930690604936280  0.199701862988004
    outer loop
      vertex  0.787297518068955  0.709893461041274  0.595172982103357
      vertex  0.719690547915215  0.719690547915261  0.653272529267464
      vertex  0.854664053103294  0.681170657967808  0.625643847785394
    endloop
  endfacet
  facet normal  0.427243456374845  0.830631403270530  0.357091726151286
    outer loop
      vertex  0.787297518068955  0.709893461041274  0.595172982103357
      vertex  0.733752709094870  0.733752709094892  0.603737808284705
      vertex  0.719690547915215  0.719690547915261  0.653272529267464
    endloop
  endfacet
  facet normal  0.435043018616109  0.890229252911080  0.135016477567608
    outer loop
      vertex  0.744999999836899  0.744999999836920  0.499987357176666
      vertex  0.787297518068955  0.709893461041274  0.595172982103357
      vertex  0.796945210092686  0.719614926908546  0.499988345469142
    endloop
  endfacet
  facet normal  0.421811509081317  0.895368950968762  0.142791780042272
    outer loop
      vertex  0.744999999836899  0.744999999836920  0.499987357176666
      vertex  0.733752709094870  0.733752709094892  0.603737808284705
      vertex  0.787297518068955  0.709893461041274  0.595172982103357
    endloop
  endfacet
  facet normal  0.184830351839333  0.972976014404796  0.138403094011324
    outer loop
      vertex  0.796945210092686  0.719614926908546  0.499988345469142
      vertex  0.861870265176836  0.695069659098932  0.585837842956047
      vertex  0.867633985369233  0.706186450092045  0.499989462835720
    endloop
  endfacet
  facet normal  0.208010639186189  0.970709840030131  0.120224708167790
    outer loop
      vertex  0.796945210092686  0.719614926908546  0.499988345469142
      vertex  0.787297518068955  0.709893461041274  0.595172982103357
      vertex  0.861870265176836  0.695069659098932  0.585837842956047
    endloop
  endfacet
  facet normal  0.092010275854983  0.934796768747015  0.343058464809179
    outer loop
      vertex  0.854664053103294  0.681170657967808  0.625643847785394
      vertex  1.000000000000000  0.685358865617171  0.575251493955288
      vertex  0.861870265176836  0.695069659098932  0.585837842956047
    endloop
  endfacet
  facet normal  0.165479611338785  0.821584652749748  0.545541159397933
    outer loop
      vertex  0.854664053103294  0.681170657967808  0.625643847785394
      vertex  1.000000000000000  0.641421356237333  0.641421356237286
      vertex  1.000000000000000  0.685358865617171  0.575251493955288
    endloop
  endfacet
  facet normal  0.176213180737170  0.844818759158991  0.505203106787312
    outer loop
      vertex  0.854664053103294  0.681170657967808  0.625643847785394
      vertex  0.844573551201876  0.661708574988546  0.661708574988546
      vertex  1.000000000000000  0.641421356237333  0.641421356237286
    endloop
  endfacet
  facet normal  0.045827328464763  0.980566741014436  0.190758282604218
    outer loop
      vertex  0.867633985369233  0.706186450092045  0.499989462835720
      vertex  1.000000000000000  0.685358865617171  0.575251493955288
      vertex  1.000000000000000  0.699999999787681  0.499990755483873
    endloop
  endfacet
  facet normal  0.079663406036761  0.987872705046920  0.133271378629858
    outer loop
      vertex  0.867633985369233  0.706186450092045  0.499989462835720
      vertex  0.861870265176836  0.695069659098932  0.585837842956047
      vertex  1.000000000000000  0.685358865617171  0.575251493955288
    endloop
  endfacet
  facet normal  0.421166641721979  0.896975261008665 -0.134365326773942
    outer loop
      vertex  0.733747290742030  0.733747290742052  0.396237809127429
      vertex  0.796945210092686  0.719614926908546  0.499988345469142
      vertex  0.787292870318614  0.709888777750577  0.404804870579812
    endloop
  endfacet
  facet normal  0.434519321148816  0.889146770487513 -0.143565246769537
    outer loop
      vertex  0.733747290742030  0.733747290742052  0.396237809127429
      vertex  0.744999999836899  0.744999999836920  0.499987357176666
      vertex  0.796945210092686  0.719614926908546  0.499988345469142
    endloop
  endfacet
  facet normal  0.209836995569677  0.967737457520153 -0.139472752187375
    outer loop
      vertex  0.787292870318614  0.709888777750577  0.404804870579812
      vertex  0.867633985369233  0.706186450092045  0.499989462835720
      vertex  0.861867488519743  0.695064303614013  0.414142285226504
    endloop
  endfacet
  facet normal  0.185316007255005  0.975511176203806 -0.118473298918067
    outer loop
      vertex  0.787292870318614  0.709888777750577  0.404804870579812
      vertex  0.796945210092686  0.719614926908546  0.499988345469142
      vertex  0.867633985369233  0.706186450092045  0.499989462835720
    endloop
  endfacet
  facet normal  0.427239776775234  0.830607720400442 -0.357151211606835
    outer loop
      vertex  0.787292870318614  0.709888777750577  0.404804870579812
      vertex  0.719684452268260  0.719684452268306  0.346710030409232
      vertex  0.733747290742030  0.733747290742052  0.396237809127429
    endloop
  endfacet
  facet normal  0.306492396355817  0.930676906154300 -0.199757120842108
    outer loop
      vertex  0.787292870318614  0.709888777750577  0.404804870579812
      vertex  0.854660929364060  0.681164633047267  0.374342375705669
      vertex  0.719684452268260  0.719684452268306  0.346710030409232
    endloop
  endfacet
  facet normal  0.224937994899966  0.906493734112792 -0.357312200273976
    outer loop
      vertex  0.787292870318614  0.709888777750577  0.404804870579812
      vertex  0.861867488519743  0.695064303614013  0.414142285226504
      vertex  0.854660929364060  0.681164633047267  0.374342375705669
    endloop
  endfacet
  facet normal  0.344612816008522  0.782433146623001 -0.518691023739862
    outer loop
      vertex  0.700000000000029  0.699999999999921  0.299999999999949
      vertex  0.854660929364060  0.681164633047267  0.374342375705669
      vertex  0.844573551201876  0.661708574988546  0.338291425011454
    endloop
  endfacet
  facet normal  0.330252379554603  0.811939056135903 -0.481340144720613
    outer loop
      vertex  0.700000000000029  0.699999999999921  0.299999999999949
      vertex  0.719684452268260  0.719684452268306  0.346710030409232
      vertex  0.854660929364060  0.681164633047267  0.374342375705669
    endloop
  endfacet
  facet normal  0.083371781214747  0.978162903093795 -0.190385086359722
    outer loop
      vertex  0.861867488519743  0.695064303614013  0.414142285226504
      vertex  1.000000000000000  0.699999999787681  0.499990755483873
      vertex  1.000000000000000  0.685351812289165  0.424731112606500
    endloop
  endfacet
  facet normal  0.046282953072375  0.990248023394932 -0.131402969590993
    outer loop
      vertex  0.861867488519743  0.695064303614013  0.414142285226504
      vertex  0.867633985369233  0.706186450092045  0.499989462835720
      vertex  1.000000000000000  0.699999999787681  0.499990755483873
    endloop
  endfacet
  facet normal  0.176214603297916  0.844801806922417 -0.505230957686856
    outer loop
      vertex  0.854660929364060  0.681164633047267  0.374342375705669
      vertex  1.000000000000000  0.641421356237310  0.358578643762690
      vertex  0.844573551201876  0.661708574988546  0.338291425011454
    endloop
  endfacet
  facet normal  0.165482389850162  0.821558531827588 -0.545579652691317
    outer loop
      vertex  0.854660929364060  0.681164633047267  0.374342375705669
      vertex  1.000000000000000  0.685351812289165  0.424731112606500
      vertex  1.000000000000000  0.641421356237310  0.358578643762690
    endloop
  endfacet
  facet normal  0.092029178549405  0.934771537352104 -0.343122140428019
    outer loop
      vertex  0.854660929364060  0.681164633047267  0.374342375705669
      vertex  0.861867488519743  0.695064303614013  0.414142285226504
      vertex  1.000000000000000  0.685351812289165  0.424731112606500
    endloop
  endfacet
  facet normal  0.895909766220353  0.314122341445966  0.314122341445965
    outer loop
      vertex  0.266247290905090  0.396262191715286  0.266247290905173
      vertex  0.232494581810244  0.379387869274449  0.379387869274415
      vertex  0.266247290905173  0.266247290905090  0.396262191715286
    endloop
  endfacet
  facet normal  0.707106799797105  0.000000013051004 -0.707106762575989
    outer loop
      vertex  0.266247290905090  0.396262191715286  0.266247290905173
      vertex  0.300000000000043  0.299999999999989  0.299999999999968
      vertex  0.266252709258013  0.396237809127420  0.266252709257930
    endloop
  endfacet
  facet normal  0.794773793648322  0.429147187413519  0.429147187413502
    outer loop
      vertex  0.266247290905090  0.396262191715286  0.266247290905173
      vertex  0.266247290905173  0.266247290905090  0.396262191715286
      vertex  0.300000000000043  0.299999999999989  0.299999999999968
    endloop
  endfacet
  facet normal  0.956901876175657  0.101898628357766  0.271947548086601
    outer loop
      vertex  0.255000000163062  0.500012642823334  0.255000000163146
      vertex  0.221247291068216  0.500014674868751  0.373764901054782
      vertex  0.232494581810244  0.379387869274449  0.379387869274415
    endloop
  endfacet
  facet normal  0.943795171077721  0.135020107076347  0.301695617693508
    outer loop
      vertex  0.255000000163062  0.500012642823334  0.255000000163146
      vertex  0.232494581810244  0.379387869274449  0.379387869274415
      vertex  0.266247290905090  0.396262191715286  0.266247290905173
    endloop
  endfacet
  facet normal  0.956901876175655  0.271947548086595  0.101898628357794
    outer loop
      vertex  0.232494581810244  0.379387869274449  0.379387869274415
      vertex  0.221247291068211  0.373764901054813  0.500014674868733
      vertex  0.255000000163146  0.255000000163062  0.500012642823334
    endloop
  endfacet
  facet normal  0.943795171077715  0.301695617693513  0.135020107076377
    outer loop
      vertex  0.232494581810244  0.379387869274449  0.379387869274415
      vertex  0.255000000163146  0.255000000163062  0.500012642823334
      vertex  0.266247290905173  0.266247290905090  0.396262191715286
    endloop
  endfacet
  facet normal  0.992156815644817  0.088387932348065  0.088387932348091
    outer loop
      vertex  0.221247291068216  0.500014674868751  0.373764901054782
      vertex  0.210000000326183  0.500015351999749  0.500015351999731
      vertex  0.221247291068211  0.373764901054813  0.500014674868733
    endloop
  endfacet
  facet normal  0.990570377396651  0.096877054621442  0.096877054621467
    outer loop
      vertex  0.221247291068216  0.500014674868751  0.373764901054782
      vertex  0.221247291068211  0.373764901054813  0.500014674868733
      vertex  0.232494581810244  0.379387869274449  0.379387869274415
    endloop
  endfacet
  facet normal  0.948934044578597  0.298380040008107 -0.102437936158757
    outer loop
      vertex  0.221247291068211  0.373764901054813  0.500014674868733
      vertex  0.232500000163075  0.379390578124648  0.620640577404249
      vertex  0.266252709258013  0.266252709257930  0.603762190872580
    endloop
  endfacet
  facet normal  0.953388957489313  0.270953200274305 -0.132792541200753
    outer loop
      vertex  0.221247291068211  0.373764901054813  0.500014674868733
      vertex  0.266252709258013  0.266252709257930  0.603762190872580
      vertex  0.255000000163146  0.255000000163062  0.500012642823334
    endloop
  endfacet
  facet normal  0.855089314823810  0.410758011908070 -0.316386028970113
    outer loop
      vertex  0.232500000163075  0.379390578124648  0.620640577404249
      vertex  0.266247290905173  0.396262191715286  0.733752709094910
      vertex  0.300000000000007  0.300000000000061  0.700000000000068
    endloop
  endfacet
  facet normal  0.855076237896086  0.316380403415289 -0.410789566226133
    outer loop
      vertex  0.232500000163075  0.379390578124648  0.620640577404249
      vertex  0.300000000000007  0.300000000000061  0.700000000000068
      vertex  0.266252709258013  0.266252709257930  0.603762190872580
    endloop
  endfacet
  facet normal  0.991396992726121  0.096560427792903 -0.088363378149861
    outer loop
      vertex  0.210000000326183  0.500015351999749  0.500015351999731
      vertex  0.221252709421047  0.500014674542545  0.626264899885879
      vertex  0.232500000163075  0.379390578124648  0.620640577404249
    endloop
  endfacet
  facet normal  0.991396651434103  0.088321203674502 -0.096602507766283
    outer loop
      vertex  0.210000000326183  0.500015351999749  0.500015351999731
      vertex  0.232500000163075  0.379390578124648  0.620640577404249
      vertex  0.221247291068211  0.373764901054813  0.500014674868733
    endloop
  endfacet
  facet normal  0.953391768175823  0.132729998816344 -0.270973954078232
    outer loop
      vertex  0.221252709421047  0.500014674542545  0.626264899885879
      vertex  0.255000000163146  0.500012642823334  0.744999999836938
      vertex  0.266247290905173  0.396262191715286  0.733752709094910
    endloop
  endfacet
  facet normal  0.948935561438051  0.102394111614606 -0.298390258126679
    outer loop
      vertex  0.221252709421047  0.500014674542545  0.626264899885879
      vertex  0.266247290905173  0.396262191715286  0.733752709094910
      vertex  0.232500000163075  0.379390578124648  0.620640577404249
    endloop
  endfacet
  facet normal  0.948934044578587 -0.102437936158811  0.298380040008122
    outer loop
      vertex  0.266252709257930  0.603762190872580  0.266252709258013
      vertex  0.232500000163084  0.620640577404251  0.379390578124619
      vertex  0.221247291068216  0.500014674868751  0.373764901054782
    endloop
  endfacet
  facet normal  0.953388957489302 -0.132792541200829  0.270953200274307
    outer loop
      vertex  0.266252709257930  0.603762190872580  0.266252709258013
      vertex  0.221247291068216  0.500014674868751  0.373764901054782
      vertex  0.255000000163062  0.500012642823334  0.255000000163146
    endloop
  endfacet
  facet normal  0.855089314823767 -0.316386028970190  0.410758011908100
    outer loop
      vertex  0.300000000000007  0.699999999999939  0.299999999999931
      vertex  0.266247290905122  0.733752709094857  0.396262191715268
      vertex  0.232500000163084  0.620640577404251  0.379390578124619
    endloop
  endfacet
  facet normal  0.707106792927181  0.707106769445914  0.000000008233308
    outer loop
      vertex  0.300000000000007  0.699999999999939  0.299999999999931
      vertex  0.266252709258013  0.733747290742070  0.396237809127420
      vertex  0.266247290905122  0.733752709094857  0.396262191715268
    endloop
  endfacet
  facet normal  0.855076237896027 -0.410789566226248  0.316380403415299
    outer loop
      vertex  0.300000000000007  0.699999999999939  0.299999999999931
      vertex  0.232500000163084  0.620640577404251  0.379390578124619
      vertex  0.266252709257930  0.603762190872580  0.266252709258013
    endloop
  endfacet
  facet normal  0.991396992726114 -0.088363378149905  0.096560427792934
    outer loop
      vertex  0.232500000163084  0.620640577404251  0.379390578124619
      vertex  0.221252709421051  0.626264899885883  0.500014674542527
      vertex  0.210000000326183  0.500015351999749  0.500015351999731
    endloop
  endfacet
  facet normal  0.991396651434096 -0.096602507766335  0.088321203674528
    outer loop
      vertex  0.232500000163084  0.620640577404251  0.379390578124619
      vertex  0.210000000326183  0.500015351999749  0.500015351999731
      vertex  0.221247291068216  0.500014674868751  0.373764901054782
    endloop
  endfacet
  facet normal  0.953391768175799 -0.270973954078292  0.132729998816388
    outer loop
      vertex  0.266247290905122  0.733752709094857  0.396262191715268
      vertex  0.255000000163089  0.744999999836890  0.500012642823316
      vertex  0.221252709421051  0.626264899885883  0.500014674542527
    endloop
  endfacet
  facet normal  0.948935561438023 -0.298390258126757  0.102394111614638
    outer loop
      vertex  0.266247290905122  0.733752709094857  0.396262191715268
      vertex  0.221252709421051  0.626264899885883  0.500014674542527
      vertex  0.232500000163084  0.620640577404251  0.379390578124619
    endloop
  endfacet
  facet normal  0.990560175765201 -0.096929196293027 -0.096929196292981
    outer loop
      vertex  0.221252709421051  0.626264899885883  0.500014674542527
      vertex  0.232505418515915  0.620637867901639  0.620637867901633
      vertex  0.221252709421047  0.500014674542545  0.626264899885879
    endloop
  endfacet
  facet normal  0.992149068252278 -0.088431403828461 -0.088431403828416
    outer loop
      vertex  0.221252709421051  0.626264899885883  0.500014674542527
      vertex  0.221252709421047  0.500014674542545  0.626264899885879
      vertex  0.210000000326183  0.500015351999749  0.500015351999731
    endloop
  endfacet
  facet normal  0.943771742237968 -0.301738326135190 -0.135088419541593
    outer loop
      vertex  0.255000000163089  0.744999999836890  0.500012642823316
      vertex  0.266252709257953  0.733747290742026  0.603762190872562
      vertex  0.232505418515915  0.620637867901639  0.620637867901633
    endloop
  endfacet
  facet normal  0.956889058449129 -0.271971981479060 -0.101953769477607
    outer loop
      vertex  0.255000000163089  0.744999999836890  0.500012642823316
      vertex  0.232505418515915  0.620637867901639  0.620637867901633
      vertex  0.221252709421051  0.626264899885883  0.500014674542527
    endloop
  endfacet
  facet normal  0.943771742237977 -0.135088419541653 -0.301738326135131
    outer loop
      vertex  0.232505418515915  0.620637867901639  0.620637867901633
      vertex  0.266252709258013  0.603762190872580  0.733747290742070
      vertex  0.255000000163146  0.500012642823334  0.744999999836938
    endloop
  endfacet
  facet normal  0.956889058449142 -0.101953769477655 -0.271971981478996
    outer loop
      vertex  0.232505418515915  0.620637867901639  0.620637867901633
      vertex  0.255000000163146  0.500012642823334  0.744999999836938
      vertex  0.221252709421047  0.500014674542545  0.626264899885879
    endloop
  endfacet
  facet normal  0.794731962733932 -0.429185919741744 -0.429185919741672
    outer loop
      vertex  0.266252709257953  0.733747290742026  0.603762190872562
      vertex  0.300000000000043  0.700000000000011  0.700000000000032
      vertex  0.266252709258013  0.603762190872580  0.733747290742070
    endloop
  endfacet
  facet normal  0.895878428470559 -0.314167026755802 -0.314167026755738
    outer loop
      vertex  0.266252709257953  0.733747290742026  0.603762190872562
      vertex  0.266252709258013  0.603762190872580  0.733747290742070
      vertex  0.232505418515915  0.620637867901639  0.620637867901633
    endloop
  endfacet
  facet normal -1.000000000000000 -0.000000000000000 -0.000000000000000
    outer loop
      vertex  0.000000000000000  0.424748506044718  0.314641134382844
      vertex  0.000000000000000  0.314641134382885  0.424748506044689
      vertex  0.000000000000000  0.402782396644749  0.402782396644723
    endloop
  endfacet
  facet normal -1.000000000000000  0.000000000000000  0.000000000000000
    outer loop
      vertex  0.000000000000000  0.424748506044718  0.314641134382844
      vertex  0.000000000000000  0.358578643762714  0.358578643762667
      vertex  0.000000000000000  0.314641134382885  0.424748506044689
    endloop
  endfacet
  facet normal -1.000000000000000  0.000000000000000  0.000000000000000
    outer loop
      vertex  0.000000000000000  0.500009244516138  0.300000000212342
      vertex  0.000000000000000  0.402782396644749  0.402782396644723
      vertex  0.000000000000000  0.500011889726462  0.395462711039683
    endloop
  endfacet
  facet normal -1.000000000000000 -0.000000000000000 -0.000000000000000
    outer loop
      vertex  0.000000000000000  0.500009244516138  0.300000000212342
      vertex  0.000000000000000  0.424748506044718  0.314641134382844
      vertex  0.000000000000000  0.402782396644749  0.402782396644723
    endloop
  endfacet
  facet normal -1.000000000000000 -0.000000000000000  0.000000000000000
    outer loop
      vertex  0.000000000000000  0.395462711039706  0.500011889726451
      vertex  0.000000000000000  0.402782396644749  0.402782396644723
      vertex  0.000000000000000  0.300000000212378  0.500009244516126
    endloop
  endfacet
  facet normal -1.000000000000000 -0.000000000000000 -0.000000000000000
    outer loop
      vertex  0.000000000000000  0.395462711039706  0.500011889726451
      vertex  0.000000000000000  0.500011889726462  0.395462711039683
      vertex  0.000000000000000  0.402782396644749  0.402782396644723
    endloop
  endfacet
  facet normal -1.000000000000000 -0.000000000000000 -0.000000000000000
    outer loop
      vertex  0.000000000000000  0.395462711039706  0.500011889726451
      vertex  0.000000000000000  0.500012771180141  0.500012771180129
      vertex  0.000000000000000  0.500011889726462  0.395462711039683
    endloop
  endfacet
  facet normal -1.000000000000000  0.000000000000000  0.000000000000000
    outer loop
      vertex  0.000000000000000  0.402782396644749  0.402782396644723
      vertex  0.000000000000000  0.314641134382885  0.424748506044689
      vertex  0.000000000000000  0.300000000212378  0.500009244516126
    endloop
  endfacet
  facet normal -1.000000000000000 -0.000000000000000  0.000000000000000
    outer loop
      vertex  0.000000000000000  0.395462711039706  0.500011889726451
      vertex  0.000000000000000  0.314648187710891  0.575268887393524
      vertex  0.000000000000000  0.402785922884102  0.597240287214138
    endloop
  endfacet
  facet normal -1.000000000000000  0.000000000000000 -0.000000000000000
    outer loop
      vertex  0.000000000000000  0.395462711039706  0.500011889726451
      vertex  0.000000000000000  0.300000000212378  0.500009244516126
      vertex  0.000000000000000  0.314648187710891  0.575268887393524
    endloop
  endfacet
  facet normal -1.000000000000000 -0.000000000000000  0.000000000000000
    outer loop
      vertex  0.000000000000000  0.402785922884102  0.597240287214138
      vertex  0.000000000000000  0.358578643762737  0.641421356237356
      vertex  0.000000000000000  0.424748506044730  0.685358865617188
    endloop
  endfacet
  facet normal -1.000000000000000  0.000000000000000 -0.000000000000000
    outer loop
      vertex  0.000000000000000  0.402785922884102  0.597240287214138
      vertex  0.000000000000000  0.314648187710891  0.575268887393524
      vertex  0.000000000000000  0.358578643762737  0.641421356237356
    endloop
  endfacet
  facet normal -1.000000000000000  0.000000000000000 -0.000000000000000
    outer loop
      vertex  0.000000000000000  0.402785922884102  0.597240287214138
      vertex  0.000000000000000  0.500012771180141  0.500012771180129
      vertex  0.000000000000000  0.395462711039706  0.500011889726451
    endloop
  endfacet
  facet normal -1.000000000000000 -0.000000000000000  0.000000000000000
    outer loop
      vertex  0.000000000000000  0.402785922884102  0.597240287214138
      vertex  0.000000000000000  0.500009244516138  0.699999999787693
      vertex  0.000000000000000  0.500012771180141  0.500012771180129
    endloop
  endfacet
  facet normal -1.000000000000000  0.000000000000000 -0.000000000000000
    outer loop
      vertex  0.000000000000000  0.402785922884102  0.597240287214138
      vertex  0.000000000000000  0.424748506044730  0.685358865617188
      vertex  0.000000000000000  0.500009244516138  0.699999999787693
    endloop
  endfacet
  facet normal -1.000000000000000 -0.000000000000000  0.000000000000000
    outer loop
      vertex  0.000000000000000  0.575268887393518  0.314648187710861
      vertex  0.000000000000000  0.500011889726462  0.395462711039683
      vertex  0.000000000000000  0.597240287214135  0.402785922884081
    endloop
  endfacet
  facet normal -1.000000000000000  0.000000000000000 -0.000000000000000
    outer loop
      vertex  0.000000000000000  0.575268887393518  0.314648187710861
      vertex  0.000000000000000  0.500009244516138  0.300000000212342
      vertex  0.000000000000000  0.500011889726462  0.395462711039683
    endloop
  endfacet
  facet normal -1.000000000000000  0.000000000000000 -0.000000000000000
    outer loop
      vertex  0.000000000000000  0.641421356237333  0.358578643762714
      vertex  0.000000000000000  0.597240287214135  0.402785922884081
      vertex  0.000000000000000  0.685358865617171  0.424748506044712
    endloop
  endfacet
  facet normal -1.000000000000000 -0.000000000000000 -0.000000000000000
    outer loop
      vertex  0.000000000000000  0.641421356237333  0.358578643762714
      vertex  0.000000000000000  0.575268887393518  0.314648187710861
      vertex  0.000000000000000  0.597240287214135  0.402785922884081
    endloop
  endfacet
  facet normal -1.000000000000000 -0.000000000000000 -0.000000000000000
    outer loop
      vertex  0.000000000000000  0.604561735726535  0.500011889301813
      vertex  0.000000000000000  0.597240287214135  0.402785922884081
      vertex  0.000000000000000  0.500012771180141  0.500012771180129
    endloop
  endfacet
  facet normal -1.000000000000000 -0.000000000000000  0.000000000000000
    outer loop
      vertex  0.000000000000000  0.604561735726535  0.500011889301813
      vertex  0.000000000000000  0.685358865617171  0.424748506044712
      vertex  0.000000000000000  0.597240287214135  0.402785922884081
    endloop
  endfacet
  facet normal -1.000000000000000 -0.000000000000000 -0.000000000000000
    outer loop
      vertex  0.000000000000000  0.604561735726535  0.500011889301813
      vertex  0.000000000000000  0.699999999787681  0.500009244516126
      vertex  0.000000000000000  0.685358865617171  0.424748506044712
    endloop
  endfacet
  facet normal -1.000000000000000 -0.000000000000000  0.000000000000000
    outer loop
      vertex  0.000000000000000  0.597240287214135  0.402785922884081
      vertex  0.000000000000000  0.500011889726462  0.395462711039683
      vertex  0.000000000000000  0.500012771180141  0.500012771180129
    endloop
  endfacet
  facet normal -1.000000000000000 -0.000000000000000 -0.000000000000000
    outer loop
      vertex  0.000000000000000  0.597236760125507  0.597236760125504
      vertex  0.000000000000000  0.500009244516138  0.699999999787693
      vertex  0.000000000000000  0.575268887393506  0.685351812289171
    endloop
  endfacet
  facet normal -1.000000000000000  0.000000000000000  0.000000000000000
    outer loop
      vertex  0.000000000000000  0.597236760125507  0.597236760125504
      vertex  0.000000000000000  0.500012771180141  0.500012771180129
      vertex  0.000000000000000  0.500009244516138  0.699999999787693
    endloop
  endfacet
  facet normal -1.000000000000000 -0.000000000000000 -0.000000000000000
    outer loop
      vertex  0.000000000000000  0.597236760125507  0.597236760125504
      vertex  0.000000000000000  0.604561735726535  0.500011889301813
      vertex  0.000000000000000  0.500012771180141  0.500012771180129
    endloop
  endfacet
  facet normal -1.000000000000000 -0.000000000000000 -0.000000000000000
    outer loop
      vertex  0.000000000000000  0.699999999787681  0.500009244516126
      vertex  0.000000000000000  0.597236760125507  0.597236760125504
      vertex  0.000000000000000  0.685351812289165  0.575268887393500
    endloop
  endfacet
  facet normal -1.000000000000000  0.000000000000000  0.000000000000000
    outer loop
      vertex  0.000000000000000  0.699999999787681  0.500009244516126
      vertex  0.000000000000000  0.604561735726535  0.500011889301813
      vertex  0.000000000000000  0.597236760125507  0.597236760125504
    endloop
  endfacet
  facet normal -1.000000000000000 -0.000000000000000 -0.000000000000000
    outer loop
      vertex  0.000000000000000  0.685351812289165  0.575268887393500
      vertex  0.000000000000000  0.575268887393506  0.685351812289171
      vertex  0.000000000000000  0.641421356237310  0.641421356237310
    endloop
  endfacet
  facet normal -1.000000000000000 -0.000000000000000 -0.000000000000000
    outer loop
      vertex  0.000000000000000  0.685351812289165  0.575268887393500
      vertex  0.000000000000000  0.597236760125507  0.597236760125504
      vertex  0.000000000000000  0.575268887393506  0.685351812289171
    endloop
  endfacet
  facet normal -0.331120063891019 -0.518189014216989 -0.788568100314509
    outer loop
      vertex  0.280309452084739  0.346727470732536  0.280309452084785
      vertex  0.155426448798106  0.338291425011510  0.338291425011415
      vertex  0.145335946896698  0.374356152214632  0.318829342032174
    endloop
  endfacet
  facet normal -0.341529595920436 -0.483536468816836 -0.805946659794908
    outer loop
      vertex  0.280309452084739  0.346727470732536  0.280309452084785
      vertex  0.300000000000043  0.299999999999989  0.299999999999968
      vertex  0.155426448798106  0.338291425011510  0.338291425011415
    endloop
  endfacet
  facet normal  0.707106807097935  0.000000021837028 -0.707106755275159
    outer loop
      vertex  0.280309452084739  0.346727470732536  0.280309452084785
      vertex  0.280315547731740  0.346710030409232  0.280315547731694
      vertex  0.300000000000043  0.299999999999989  0.299999999999968
    endloop
  endfacet
  facet normal -0.224922316203020 -0.357247679633906 -0.906523053799548
    outer loop
      vertex  0.212702481931035  0.404827017896668  0.290106538958711
      vertex  0.145335946896698  0.374356152214632  0.318829342032174
      vertex  0.138129734823157  0.414162157043975  0.304930340901052
    endloop
  endfacet
  facet normal -0.306486808529262 -0.199701862987961 -0.930690604936294
    outer loop
      vertex  0.212702481931035  0.404827017896668  0.290106538958711
      vertex  0.280309452084739  0.346727470732536  0.280309452084785
      vertex  0.145335946896698  0.374356152214632  0.318829342032174
    endloop
  endfacet
  facet normal -0.427271241015405 -0.357129183034014 -0.830601007239104
    outer loop
      vertex  0.212702481931035  0.404827017896668  0.290106538958711
      vertex  0.266252709258013  0.396237809127420  0.266252709257930
      vertex  0.280309452084739  0.346727470732536  0.280309452084785
    endloop
  endfacet
  facet normal -0.427808430354217 -0.285635262094901 -0.857550257399436
    outer loop
      vertex  0.212702481931035  0.404827017896668  0.290106538958711
      vertex  0.266247290905090  0.396262191715286  0.266247290905173
      vertex  0.266252709258013  0.396237809127420  0.266252709257930
    endloop
  endfacet
  facet normal -0.435043018616114 -0.135016477567562 -0.890229252911084
    outer loop
      vertex  0.255000000163062  0.500012642823334  0.255000000163146
      vertex  0.212702481931035  0.404827017896668  0.290106538958711
      vertex  0.203054789907307  0.500011654530875  0.280385073091444
    endloop
  endfacet
  facet normal -0.421811509081314 -0.142791780042232 -0.895368950968770
    outer loop
      vertex  0.255000000163062  0.500012642823334  0.255000000163146
      vertex  0.266247290905090  0.396262191715286  0.266247290905173
      vertex  0.212702481931035  0.404827017896668  0.290106538958711
    endloop
  endfacet
  facet normal -0.184830351839326 -0.138403094011276 -0.972976014404804
    outer loop
      vertex  0.203054789907307  0.500011654530875  0.280385073091444
      vertex  0.138129734823157  0.414162157043975  0.304930340901052
      vertex  0.132366014630763  0.500010537164295  0.293813549907945
    endloop
  endfacet
  facet normal -0.208010639186177 -0.120224708167745 -0.970709840030139
    outer loop
      vertex  0.203054789907307  0.500011654530875  0.280385073091444
      vertex  0.212702481931035  0.404827017896668  0.290106538958711
      vertex  0.138129734823157  0.414162157043975  0.304930340901052
    endloop
  endfacet
  facet normal -0.092010275854961 -0.343058464809145 -0.934796768747029
    outer loop
      vertex  0.145335946896698  0.374356152214632  0.318829342032174
      vertex  0.000000000000000  0.424748506044718  0.314641134382844
      vertex  0.138129734823157  0.414162157043975  0.304930340901052
    endloop
  endfacet
  facet normal -0.165479611338762 -0.545541159397918 -0.821584652749762
    outer loop
      vertex  0.145335946896698  0.374356152214632  0.318829342032174
      vertex  0.000000000000000  0.358578643762714  0.358578643762667
      vertex  0.000000000000000  0.424748506044718  0.314641134382844
    endloop
  endfacet
  facet normal -0.176213180737147 -0.505203106787299 -0.844818759159004
    outer loop
      vertex  0.145335946896698  0.374356152214632  0.318829342032174
      vertex  0.155426448798106  0.338291425011510  0.338291425011415
      vertex  0.000000000000000  0.358578643762714  0.358578643762667
    endloop
  endfacet
  facet normal -0.045827328464752 -0.190758282604160 -0.980566741014448
    outer loop
      vertex  0.132366014630763  0.500010537164295  0.293813549907945
      vertex  0.000000000000000  0.424748506044718  0.314641134382844
      vertex  0.000000000000000  0.500009244516138  0.300000000212342
    endloop
  endfacet
  facet normal -0.079663406036743 -0.133271378629811 -0.987872705046928
    outer loop
      vertex  0.132366014630763  0.500010537164295  0.293813549907945
      vertex  0.138129734823157  0.414162157043975  0.304930340901052
      vertex  0.000000000000000  0.424748506044718  0.314641134382844
    endloop
  endfacet
  facet normal -0.421166641721988  0.134365326774017 -0.896975261008649
    outer loop
      vertex  0.266252709257930  0.603762190872580  0.266252709258013
      vertex  0.203054789907307  0.500011654530875  0.280385073091444
      vertex  0.212707129681383  0.595195129420196  0.290111222249418
    endloop
  endfacet
  facet normal -0.434519321148821  0.143565246769610 -0.889146770487499
    outer loop
      vertex  0.266252709257930  0.603762190872580  0.266252709258013
      vertex  0.255000000163062  0.500012642823334  0.255000000163146
      vertex  0.203054789907307  0.500011654530875  0.280385073091444
    endloop
  endfacet
  facet normal -0.209836995569680  0.139472752187451 -0.967737457520142
    outer loop
      vertex  0.212707129681383  0.595195129420196  0.290111222249418
      vertex  0.132366014630763  0.500010537164295  0.293813549907945
      vertex  0.138132511480255  0.585857714773503  0.304935696385981
    endloop
  endfacet
  facet normal -0.185316007255000  0.118473298918135 -0.975511176203799
    outer loop
      vertex  0.212707129681383  0.595195129420196  0.290111222249418
      vertex  0.203054789907307  0.500011654530875  0.280385073091444
      vertex  0.132366014630763  0.500010537164295  0.293813549907945
    endloop
  endfacet
  facet normal -0.427240440118650  0.357125398426085 -0.830618478078975
    outer loop
      vertex  0.212707129681383  0.595195129420196  0.290111222249418
      vertex  0.280309452084785  0.653272529267464  0.280309452084739
      vertex  0.266252709257930  0.603762190872580  0.266252709258013
    endloop
  endfacet
  facet normal -0.483512854559869  0.434571360730553 -0.759844097106875
    outer loop
      vertex  0.212707129681383  0.595195129420196  0.290111222249418
      vertex  0.280315547731694  0.653289969590768  0.280315547731740
      vertex  0.280309452084785  0.653272529267464  0.280309452084739
    endloop
  endfacet
  facet normal -0.306492396355827  0.199757120842176 -0.930676906154283
    outer loop
      vertex  0.212707129681383  0.595195129420196  0.290111222249418
      vertex  0.145339070635938  0.625657624294335  0.318835366952730
      vertex  0.280315547731694  0.653289969590768  0.280315547731740
    endloop
  endfacet
  facet normal -0.224937994899969  0.357312200274061 -0.906493734112758
    outer loop
      vertex  0.212707129681383  0.595195129420196  0.290111222249418
      vertex  0.138132511480255  0.585857714773503  0.304935696385981
      vertex  0.145339070635938  0.625657624294335  0.318835366952730
    endloop
  endfacet
  facet normal -0.344612816008529  0.518691023739954 -0.782433146622937
    outer loop
      vertex  0.300000000000007  0.699999999999939  0.299999999999931
      vertex  0.145339070635938  0.625657624294335  0.318835366952730
      vertex  0.155426448798124  0.661708574988546  0.338291425011454
    endloop
  endfacet
  facet normal -0.330252379554608  0.481340144720699 -0.811939056135850
    outer loop
      vertex  0.300000000000007  0.699999999999939  0.299999999999931
      vertex  0.280315547731694  0.653289969590768  0.280315547731740
      vertex  0.145339070635938  0.625657624294335  0.318835366952730
    endloop
  endfacet
  facet normal -0.083371781214753  0.190385086359811 -0.978162903093778
    outer loop
      vertex  0.138132511480255  0.585857714773503  0.304935696385981
      vertex  0.000000000000000  0.500009244516138  0.300000000212342
      vertex  0.000000000000000  0.575268887393518  0.314648187710861
    endloop
  endfacet
  facet normal -0.046282953072370  0.131402969591065 -0.990248023394922
    outer loop
      vertex  0.138132511480255  0.585857714773503  0.304935696385981
      vertex  0.132366014630763  0.500010537164295  0.293813549907945
      vertex  0.000000000000000  0.500009244516138  0.300000000212342
    endloop
  endfacet
  facet normal -0.176214603297921  0.505230957686949 -0.844801806922360
    outer loop
      vertex  0.145339070635938  0.625657624294335  0.318835366952730
      vertex  0.000000000000000  0.641421356237333  0.358578643762714
      vertex  0.155426448798124  0.661708574988546  0.338291425011454
    endloop
  endfacet
  facet normal -0.165482389850169  0.545579652691400 -0.821558531827531
    outer loop
      vertex  0.145339070635938  0.625657624294335  0.318835366952730
      vertex  0.000000000000000  0.575268887393518  0.314648187710861
      vertex  0.000000000000000  0.641421356237333  0.358578643762714
    endloop
  endfacet
  facet normal -0.092029178549412  0.343122140428103 -0.934771537352073
    outer loop
      vertex  0.145339070635938  0.625657624294335  0.318835366952730
      vertex  0.138132511480255  0.585857714773503  0.304935696385981
      vertex  0.000000000000000  0.575268887393518  0.314648187710861
    endloop
  endfacet
  facet normal -0.331120063891020 -0.518189014216989  0.788568100314508
    outer loop
      vertex  0.280309452084785  0.346727470732536  0.719690547915261
      vertex  0.145335946896698  0.374356152214632  0.681170657967826
      vertex  0.155426448798106  0.338291425011510  0.661708574988585
    endloop
  endfacet
  facet normal -0.341529595920436 -0.483536468816838  0.805946659794906
    outer loop
      vertex  0.280309452084785  0.346727470732536  0.719690547915261
      vertex  0.155426448798106  0.338291425011510  0.661708574988585
      vertex  0.300000000000007  0.300000000000061  0.700000000000068
    endloop
  endfacet
  facet normal -0.224922316203023 -0.357247679633904  0.906523053799548
    outer loop
      vertex  0.212702481931035  0.404827017896668  0.709893461041289
      vertex  0.138129734823157  0.414162157043975  0.695069659098948
      vertex  0.145335946896698  0.374356152214632  0.681170657967826
    endloop
  endfacet
  facet normal -0.306486808529264 -0.199701862987962  0.930690604936293
    outer loop
      vertex  0.212702481931035  0.404827017896668  0.709893461041289
      vertex  0.145335946896698  0.374356152214632  0.681170657967826
      vertex  0.280309452084785  0.346727470732536  0.719690547915261
    endloop
  endfacet
  facet normal -0.427243456374839 -0.357091726151260  0.830631403270545
    outer loop
      vertex  0.212702481931035  0.404827017896668  0.709893461041289
      vertex  0.280309452084785  0.346727470732536  0.719690547915261
      vertex  0.266247290905173  0.396262191715286  0.733752709094910
    endloop
  endfacet
  facet normal -0.435043018616114 -0.135016477567561  0.890229252911085
    outer loop
      vertex  0.255000000163146  0.500012642823334  0.744999999836938
      vertex  0.203054789907307  0.500011654530875  0.719614926908556
      vertex  0.212702481931035  0.404827017896668  0.709893461041289
    endloop
  endfacet
  facet normal -0.421811509081313 -0.142791780042230  0.895368950968771
    outer loop
      vertex  0.255000000163146  0.500012642823334  0.744999999836938
      vertex  0.212702481931035  0.404827017896668  0.709893461041289
      vertex  0.266247290905173  0.396262191715286  0.733752709094910
    endloop
  endfacet
  facet normal -0.184830351839328 -0.138403094011276  0.972976014404803
    outer loop
      vertex  0.203054789907307  0.500011654530875  0.719614926908556
      vertex  0.132366014630763  0.500010537164295  0.706186450092055
      vertex  0.138129734823157  0.414162157043975  0.695069659098948
    endloop
  endfacet
  facet normal -0.208010639186180 -0.120224708167744  0.970709840030139
    outer loop
      vertex  0.203054789907307  0.500011654530875  0.719614926908556
      vertex  0.138129734823157  0.414162157043975  0.695069659098948
      vertex  0.212702481931035  0.404827017896668  0.709893461041289
    endloop
  endfacet
  facet normal -0.092010275854959 -0.343058464809142  0.934796768747030
    outer loop
      vertex  0.145335946896698  0.374356152214632  0.681170657967826
      vertex  0.138129734823157  0.414162157043975  0.695069659098948
      vertex  0.000000000000000  0.424748506044730  0.685358865617188
    endloop
  endfacet
  facet normal -0.165479611338760 -0.545541159397919  0.821584652749762
    outer loop
      vertex  0.145335946896698  0.374356152214632  0.681170657967826
      vertex  0.000000000000000  0.424748506044730  0.685358865617188
      vertex  0.000000000000000  0.358578643762737  0.641421356237356
    endloop
  endfacet
  facet normal -0.176213180737146 -0.505203106787299  0.844818759159004
    outer loop
      vertex  0.145335946896698  0.374356152214632  0.681170657967826
      vertex  0.000000000000000  0.358578643762737  0.641421356237356
      vertex  0.155426448798106  0.338291425011510  0.661708574988585
    endloop
  endfacet
  facet normal -0.045827328464751 -0.190758282604158  0.980566741014448
    outer loop
      vertex  0.132366014630763  0.500010537164295  0.706186450092055
      vertex  0.000000000000000  0.500009244516138  0.699999999787693
      vertex  0.000000000000000  0.424748506044730  0.685358865617188
    endloop
  endfacet
  facet normal -0.079663406036740 -0.133271378629810  0.987872705046928
    outer loop
      vertex  0.132366014630763  0.500010537164295  0.706186450092055
      vertex  0.000000000000000  0.424748506044730  0.685358865617188
      vertex  0.138129734823157  0.414162157043975  0.695069659098948
    endloop
  endfacet
  facet normal -0.421166641721989  0.134365326774015  0.896975261008649
    outer loop
      vertex  0.266252709258013  0.603762190872580  0.733747290742070
      vertex  0.212707129681383  0.595195129420196  0.709888777750582
      vertex  0.203054789907307  0.500011654530875  0.719614926908556
    endloop
  endfacet
  facet normal -0.434519321148820  0.143565246769607  0.889146770487500
    outer loop
      vertex  0.266252709258013  0.603762190872580  0.733747290742070
      vertex  0.203054789907307  0.500011654530875  0.719614926908556
      vertex  0.255000000163146  0.500012642823334  0.744999999836938
    endloop
  endfacet
  facet normal -0.209836995569682  0.139472752187450  0.967737457520142
    outer loop
      vertex  0.212707129681383  0.595195129420196  0.709888777750582
      vertex  0.138132511480255  0.585857714773503  0.695064303614018
      vertex  0.132366014630763  0.500010537164295  0.706186450092055
    endloop
  endfacet
  facet normal -0.185316007255002  0.118473298918134  0.975511176203798
    outer loop
      vertex  0.212707129681383  0.595195129420196  0.709888777750582
      vertex  0.132366014630763  0.500010537164295  0.706186450092055
      vertex  0.203054789907307  0.500011654530875  0.719614926908556
    endloop
  endfacet
  facet normal -0.427239776775239  0.357151211606912  0.830607720400406
    outer loop
      vertex  0.212707129681383  0.595195129420196  0.709888777750582
      vertex  0.266252709258013  0.603762190872580  0.733747290742070
      vertex  0.280315547731740  0.653289969590768  0.719684452268306
    endloop
  endfacet
  facet normal -0.306492396355829  0.199757120842182  0.930676906154281
    outer loop
      vertex  0.212707129681383  0.595195129420196  0.709888777750582
      vertex  0.280315547731740  0.653289969590768  0.719684452268306
      vertex  0.145339070635938  0.625657624294335  0.681164633047269
    endloop
  endfacet
  facet normal -0.224937994899971  0.357312200274067  0.906493734112755
    outer loop
      vertex  0.212707129681383  0.595195129420196  0.709888777750582
      vertex  0.145339070635938  0.625657624294335  0.681164633047269
      vertex  0.138132511480255  0.585857714773503  0.695064303614018
    endloop
  endfacet
  facet normal -0.344612816008528  0.518691023739947  0.782433146622942
    outer loop
      vertex  0.300000000000043  0.700000000000011  0.700000000000032
      vertex  0.155426448798124  0.661708574988546  0.661708574988546
      vertex  0.145339070635938  0.625657624294335  0.681164633047269
    endloop
  endfacet
  facet normal -0.330252379554610  0.481340144720697  0.811939056135851
    outer loop
      vertex  0.300000000000043  0.700000000000011  0.700000000000032
      vertex  0.145339070635938  0.625657624294335  0.681164633047269
      vertex  0.280315547731740  0.653289969590768  0.719684452268306
    endloop
  endfacet
  facet normal -0.083371781214751  0.190385086359808  0.978162903093778
    outer loop
      vertex  0.138132511480255  0.585857714773503  0.695064303614018
      vertex  0.000000000000000  0.575268887393506  0.685351812289171
      vertex  0.000000000000000  0.500009244516138  0.699999999787693
    endloop
  endfacet
  facet normal -0.046282953072369  0.131402969591063  0.990248023394923
    outer loop
      vertex  0.138132511480255  0.585857714773503  0.695064303614018
      vertex  0.000000000000000  0.500009244516138  0.699999999787693
      vertex  0.132366014630763  0.500010537164295  0.706186450092055
    endloop
  endfacet
  facet normal -0.176214603297920  0.505230957686942  0.844801806922365
    outer loop
      vertex  0.145339070635938  0.625657624294335  0.681164633047269
      vertex  0.155426448798124  0.661708574988546  0.661708574988546
      vertex  0.000000000000000  0.641421356237310  0.641421356237310
    endloop
  endfacet
  facet normal -0.165482389850166  0.545579652691401  0.821558531827531
    outer loop
      vertex  0.145339070635938  0.625657624294335  0.681164633047269
      vertex  0.000000000000000  0.641421356237310  0.641421356237310
      vertex  0.000000000000000  0.575268887393506  0.685351812289171
    endloop
  endfacet
  facet normal -0.092029178549410  0.343122140428109  0.934771537352071
    outer loop
      vertex  0.145339070635938  0.625657624294335  0.681164633047269
      vertex  0.000000000000000  0.575268887393506  0.685351812289171
      vertex  0.138132511480255  0.585857714773503  0.695064303614018
    endloop
  endfacet
  facet normal -0.331120063891012 -0.788568100314540 -0.518189014216945
    outer loop
      vertex  0.280309452084785  0.280309452084739  0.346727470732536
      vertex  0.145335946896696  0.318829342032222  0.374356152214591
      vertex  0.155426448798106  0.338291425011510  0.338291425011415
    endloop
  endfacet
  facet normal -0.341529595920426 -0.805946659794932 -0.483536468816804
    outer loop
      vertex  0.280309452084785  0.280309452084739  0.346727470732536
      vertex  0.155426448798106  0.338291425011510  0.338291425011415
      vertex  0.300000000000043  0.299999999999989  0.299999999999968
    endloop
  endfacet
  facet normal -0.224922316203005 -0.906523053799558 -0.357247679633892
    outer loop
      vertex  0.212702481931031  0.290106538958758  0.404827017896633
      vertex  0.138129734823155  0.304930340901097  0.414162157043942
      vertex  0.145335946896696  0.318829342032222  0.374356152214591
    endloop
  endfacet
  facet normal -0.306486808529247 -0.930690604936294 -0.199701862987983
    outer loop
      vertex  0.212702481931031  0.290106538958758  0.404827017896633
      vertex  0.145335946896696  0.318829342032222  0.374356152214591
      vertex  0.280309452084785  0.280309452084739  0.346727470732536
    endloop
  endfacet
  facet normal -0.427243456374829 -0.830631403270553 -0.357091726151254
    outer loop
      vertex  0.212702481931031  0.290106538958758  0.404827017896633
      vertex  0.280309452084785  0.280309452084739  0.346727470732536
      vertex  0.266247290905173  0.266247290905090  0.396262191715286
    endloop
  endfacet
  facet normal -0.435043018616097 -0.890229252911087 -0.135016477567596
    outer loop
      vertex  0.255000000163146  0.255000000163062  0.500012642823334
      vertex  0.203054789907301  0.280385073091486  0.500011654530858
      vertex  0.212702481931031  0.290106538958758  0.404827017896633
    endloop
  endfacet
  facet normal -0.421811509081298 -0.895368950968772 -0.142791780042263
    outer loop
      vertex  0.255000000163146  0.255000000163062  0.500012642823334
      vertex  0.212702481931031  0.290106538958758  0.404827017896633
      vertex  0.266247290905173  0.266247290905090  0.396262191715286
    endloop
  endfacet
  facet normal -0.184830351839299 -0.972976014404804 -0.138403094011311
    outer loop
      vertex  0.203054789907301  0.280385073091486  0.500011654530858
      vertex  0.132366014630758  0.293813549907985  0.500010537164280
      vertex  0.138129734823155  0.304930340901097  0.414162157043942
    endloop
  endfacet
  facet normal -0.208010639186158 -0.970709840030139 -0.120224708167778
    outer loop
      vertex  0.203054789907301  0.280385073091486  0.500011654530858
      vertex  0.138129734823155  0.304930340901097  0.414162157043942
      vertex  0.212702481931031  0.290106538958758  0.404827017896633
    endloop
  endfacet
  facet normal -0.092010275854941 -0.934796768747037 -0.343058464809130
    outer loop
      vertex  0.145335946896696  0.318829342032222  0.374356152214591
      vertex  0.138129734823155  0.304930340901097  0.414162157043942
      vertex  0.000000000000000  0.314641134382885  0.424748506044689
    endloop
  endfacet
  facet normal -0.165479611338752 -0.821584652749797 -0.545541159397869
    outer loop
      vertex  0.145335946896696  0.318829342032222  0.374356152214591
      vertex  0.000000000000000  0.314641134382885  0.424748506044689
      vertex  0.000000000000000  0.358578643762714  0.358578643762667
    endloop
  endfacet
  facet normal -0.176213180737137 -0.844818759159032 -0.505203106787255
    outer loop
      vertex  0.145335946896696  0.318829342032222  0.374356152214591
      vertex  0.000000000000000  0.358578643762714  0.358578643762667
      vertex  0.155426448798106  0.338291425011510  0.338291425011415
    endloop
  endfacet
  facet normal -0.045827328464722 -0.980566741014443 -0.190758282604192
    outer loop
      vertex  0.132366014630758  0.293813549907985  0.500010537164280
      vertex  0.000000000000000  0.300000000212378  0.500009244516126
      vertex  0.000000000000000  0.314641134382885  0.424748506044689
    endloop
  endfacet
  facet normal -0.079663406036719 -0.987872705046925 -0.133271378629844
    outer loop
      vertex  0.132366014630758  0.293813549907985  0.500010537164280
      vertex  0.000000000000000  0.314641134382885  0.424748506044689
      vertex  0.138129734823155  0.304930340901097  0.414162157043942
    endloop
  endfacet
  facet normal -0.421166641721963 -0.896975261008674  0.134365326773932
    outer loop
      vertex  0.266252709258013  0.266252709257930  0.603762190872580
      vertex  0.212707129681373  0.290111222249456  0.595195129420198
      vertex  0.203054789907301  0.280385073091486  0.500011654530858
    endloop
  endfacet
  facet normal -0.434519321148804 -0.889146770487520  0.143565246769528
    outer loop
      vertex  0.266252709258013  0.266252709257930  0.603762190872580
      vertex  0.203054789907301  0.280385073091486  0.500011654530858
      vertex  0.255000000163146  0.255000000163062  0.500012642823334
    endloop
  endfacet
  facet normal -0.209836995569642 -0.967737457520163  0.139472752187360
    outer loop
      vertex  0.212707129681373  0.290111222249456  0.595195129420198
      vertex  0.138132511480248  0.304935696386016  0.585857714773506
      vertex  0.132366014630758  0.293813549907985  0.500010537164280
    endloop
  endfacet
  facet normal -0.185316007254971 -0.975511176203814  0.118473298918056
    outer loop
      vertex  0.212707129681373  0.290111222249456  0.595195129420198
      vertex  0.132366014630758  0.293813549907985  0.500010537164280
      vertex  0.203054789907301  0.280385073091486  0.500011654530858
    endloop
  endfacet
  facet normal -0.427239776775221 -0.830607720400464  0.357151211606798
    outer loop
      vertex  0.212707129681373  0.290111222249456  0.595195129420198
      vertex  0.266252709258013  0.266252709257930  0.603762190872580
      vertex  0.280315547731740  0.280315547731694  0.653289969590768
    endloop
  endfacet
  facet normal -0.306492396355788 -0.930676906154316  0.199757120842078
    outer loop
      vertex  0.212707129681373  0.290111222249456  0.595195129420198
      vertex  0.280315547731740  0.280315547731694  0.653289969590768
      vertex  0.145339070635930  0.318835366952763  0.625657624294347
    endloop
  endfacet
  facet normal -0.224937994899933 -0.906493734112819  0.357312200273929
    outer loop
      vertex  0.212707129681373  0.290111222249456  0.595195129420198
      vertex  0.145339070635930  0.318835366952763  0.625657624294347
      vertex  0.138132511480248  0.304935696386016  0.585857714773506
    endloop
  endfacet
  facet normal -0.344612816008497 -0.782433146623047  0.518691023739810
    outer loop
      vertex  0.300000000000007  0.300000000000061  0.700000000000068
      vertex  0.155426448798106  0.338291425011510  0.661708574988585
      vertex  0.145339070635930  0.318835366952763  0.625657624294347
    endloop
  endfacet
  facet normal -0.330252379554580 -0.811939056135935  0.481340144720575
    outer loop
      vertex  0.300000000000007  0.300000000000061  0.700000000000068
      vertex  0.145339070635930  0.318835366952763  0.625657624294347
      vertex  0.280315547731740  0.280315547731694  0.653289969590768
    endloop
  endfacet
  facet normal -0.083371781214706 -0.978162903093804  0.190385086359696
    outer loop
      vertex  0.138132511480248  0.304935696386016  0.585857714773506
      vertex  0.000000000000000  0.314648187710891  0.575268887393524
      vertex  0.000000000000000  0.300000000212378  0.500009244516126
    endloop
  endfacet
  facet normal -0.046282953072333 -0.990248023394936  0.131402969590977
    outer loop
      vertex  0.138132511480248  0.304935696386016  0.585857714773506
      vertex  0.000000000000000  0.300000000212378  0.500009244516126
      vertex  0.132366014630758  0.293813549907985  0.500010537164280
    endloop
  endfacet
  facet normal -0.176214603297882 -0.844801806922457  0.505230957686800
    outer loop
      vertex  0.145339070635930  0.318835366952763  0.625657624294347
      vertex  0.155426448798106  0.338291425011510  0.661708574988585
      vertex  0.000000000000000  0.358578643762737  0.641421356237356
    endloop
  endfacet
  facet normal -0.165482389850129 -0.821558531827637  0.545579652691252
    outer loop
      vertex  0.145339070635930  0.318835366952763  0.625657624294347
      vertex  0.000000000000000  0.358578643762737  0.641421356237356
      vertex  0.000000000000000  0.314648187710891  0.575268887393524
    endloop
  endfacet
  facet normal -0.092029178549365 -0.934771537352126  0.343122140427972
    outer loop
      vertex  0.145339070635930  0.318835366952763  0.625657624294347
      vertex  0.000000000000000  0.314648187710891  0.575268887393524
      vertex  0.138132511480248  0.304935696386016  0.585857714773506
    endloop
  endfacet
  facet normal -0.331120063891035  0.788568100314496 -0.518189014216998
    outer loop
      vertex  0.280309452084755  0.719690547915200  0.346727470732505
      vertex  0.155426448798124  0.661708574988546  0.338291425011454
      vertex  0.145335946896705  0.681170657967808  0.374356152214606
    endloop
  endfacet
  facet normal -0.341529595920451  0.805946659794895 -0.483536468816847
    outer loop
      vertex  0.280309452084755  0.719690547915200  0.346727470732505
      vertex  0.300000000000007  0.699999999999939  0.299999999999931
      vertex  0.155426448798124  0.661708574988546  0.338291425011454
    endloop
  endfacet
  facet normal  0.707106807035112  0.707106755337982  0.000000021784675
    outer loop
      vertex  0.280309452084755  0.719690547915200  0.346727470732505
      vertex  0.280315547731740  0.719684452268306  0.346710030409232
      vertex  0.300000000000007  0.699999999999939  0.299999999999931
    endloop
  endfacet
  facet normal -0.224922316203034  0.906523053799532 -0.357247679633939
    outer loop
      vertex  0.212702481931045  0.709893461041274  0.404827017896643
      vertex  0.145335946896705  0.681170657967808  0.374356152214606
      vertex  0.138129734823164  0.695069659098932  0.414162157043952
    endloop
  endfacet
  facet normal -0.306486808529276  0.930690604936280 -0.199701862988004
    outer loop
      vertex  0.212702481931045  0.709893461041274  0.404827017896643
      vertex  0.280309452084755  0.719690547915200  0.346727470732505
      vertex  0.145335946896705  0.681170657967808  0.374356152214606
    endloop
  endfacet
  facet normal -0.427271241015517  0.830601007238973 -0.357129183034183
    outer loop
      vertex  0.212702481931045  0.709893461041274  0.404827017896643
      vertex  0.266252709258013  0.733747290742070  0.396237809127420
      vertex  0.280309452084755  0.719690547915200  0.346727470732505
    endloop
  endfacet
  facet normal -0.427808430350762  0.857550257523191 -0.285635261728531
    outer loop
      vertex  0.212702481931045  0.709893461041274  0.404827017896643
      vertex  0.266247290905122  0.733752709094857  0.396262191715268
      vertex  0.266252709258013  0.733747290742070  0.396237809127420
    endloop
  endfacet
  facet normal -0.435043018616108  0.890229252911080 -0.135016477567609
    outer loop
      vertex  0.255000000163089  0.744999999836890  0.500012642823316
      vertex  0.212702481931045  0.709893461041274  0.404827017896643
      vertex  0.203054789907314  0.719614926908546  0.500011654530858
    endloop
  endfacet
  facet normal -0.421811509081316  0.895368950968762 -0.142791780042273
    outer loop
      vertex  0.255000000163089  0.744999999836890  0.500012642823316
      vertex  0.266247290905122  0.733752709094857  0.396262191715268
      vertex  0.212702481931045  0.709893461041274  0.404827017896643
    endloop
  endfacet
  facet normal -0.184830351839333  0.972976014404796 -0.138403094011325
    outer loop
      vertex  0.203054789907314  0.719614926908546  0.500011654530858
      vertex  0.138129734823164  0.695069659098932  0.414162157043952
      vertex  0.132366014630767  0.706186450092045  0.500010537164280
    endloop
  endfacet
  facet normal -0.208010639186189  0.970709840030131 -0.120224708167790
    outer loop
      vertex  0.203054789907314  0.719614926908546  0.500011654530858
      vertex  0.212702481931045  0.709893461041274  0.404827017896643
      vertex  0.138129734823164  0.695069659098932  0.414162157043952
    endloop
  endfacet
  facet normal -0.092010275854984  0.934796768747014 -0.343058464809179
    outer loop
      vertex  0.145335946896705  0.681170657967808  0.374356152214606
      vertex  0.000000000000000  0.685358865617171  0.424748506044712
      vertex  0.138129734823164  0.695069659098932  0.414162157043952
    endloop
  endfacet
  facet normal -0.165479611338785  0.821584652749748 -0.545541159397932
    outer loop
      vertex  0.145335946896705  0.681170657967808  0.374356152214606
      vertex  0.000000000000000  0.641421356237333  0.358578643762714
      vertex  0.000000000000000  0.685358865617171  0.424748506044712
    endloop
  endfacet
  facet normal -0.176213180737172  0.844818759158992 -0.505203106787310
    outer loop
      vertex  0.145335946896705  0.681170657967808  0.374356152214606
      vertex  0.155426448798124  0.661708574988546  0.338291425011454
      vertex  0.000000000000000  0.641421356237333  0.358578643762714
    endloop
  endfacet
  facet normal -0.045827328464763  0.980566741014436 -0.190758282604219
    outer loop
      vertex  0.132366014630767  0.706186450092045  0.500010537164280
      vertex  0.000000000000000  0.685358865617171  0.424748506044712
      vertex  0.000000000000000  0.699999999787681  0.500009244516126
    endloop
  endfacet
  facet normal -0.079663406036761  0.987872705046920 -0.133271378629858
    outer loop
      vertex  0.132366014630767  0.706186450092045  0.500010537164280
      vertex  0.138129734823164  0.695069659098932  0.414162157043952
      vertex  0.000000000000000  0.685358865617171  0.424748506044712
    endloop
  endfacet
  facet normal -0.421166641721979  0.896975261008665  0.134365326773943
    outer loop
      vertex  0.266252709257953  0.733747290742026  0.603762190872562
      vertex  0.203054789907314  0.719614926908546  0.500011654530858
      vertex  0.212707129681387  0.709888777750577  0.595195129420188
    endloop
  endfacet
  facet normal -0.434519321148814  0.889146770487514  0.143565246769537
    outer loop
      vertex  0.266252709257953  0.733747290742026  0.603762190872562
      vertex  0.255000000163089  0.744999999836890  0.500012642823316
      vertex  0.203054789907314  0.719614926908546  0.500011654530858
    endloop
  endfacet
  facet normal -0.209836995569677  0.967737457520153  0.139472752187376
    outer loop
      vertex  0.212707129681387  0.709888777750577  0.595195129420188
      vertex  0.132366014630767  0.706186450092045  0.500010537164280
      vertex  0.138132511480257  0.695064303614013  0.585857714773496
    endloop
  endfacet
  facet normal -0.185316007255005  0.975511176203806  0.118473298918067
    outer loop
      vertex  0.212707129681387  0.709888777750577  0.595195129420188
      vertex  0.203054789907314  0.719614926908546  0.500011654530858
      vertex  0.132366014630767  0.706186450092045  0.500010537164280
    endloop
  endfacet
  facet normal -0.427240440118647  0.830618478079045  0.357125398425925
    outer loop
      vertex  0.212707129681387  0.709888777750577  0.595195129420188
      vertex  0.280309452084785  0.719690547915261  0.653272529267464
      vertex  0.266252709257953  0.733747290742026  0.603762190872562
    endloop
  endfacet
  facet normal -0.483512854744414  0.759844096841056  0.434571360990007
    outer loop
      vertex  0.212707129681387  0.709888777750577  0.595195129420188
      vertex  0.280315547731697  0.719684452268257  0.653289969590763
      vertex  0.280309452084785  0.719690547915261  0.653272529267464
    endloop
  endfacet
  facet normal -0.306492396355817  0.930676906154301  0.199757120842107
    outer loop
      vertex  0.212707129681387  0.709888777750577  0.595195129420188
      vertex  0.145339070635939  0.681164633047267  0.625657624294331
      vertex  0.280315547731697  0.719684452268257  0.653289969590763
    endloop
  endfacet
  facet normal -0.224937994899966  0.906493734112792  0.357312200273976
    outer loop
      vertex  0.212707129681387  0.709888777750577  0.595195129420188
      vertex  0.138132511480257  0.695064303614013  0.585857714773496
      vertex  0.145339070635939  0.681164633047267  0.625657624294331
    endloop
  endfacet
  facet normal -0.344612816008521  0.782433146623002  0.518691023739861
    outer loop
      vertex  0.300000000000043  0.700000000000011  0.700000000000032
      vertex  0.145339070635939  0.681164633047267  0.625657624294331
      vertex  0.155426448798124  0.661708574988546  0.661708574988546
    endloop
  endfacet
  facet normal -0.330252379554603  0.811939056135903  0.481340144720613
    outer loop
      vertex  0.300000000000043  0.700000000000011  0.700000000000032
      vertex  0.280315547731697  0.719684452268257  0.653289969590763
      vertex  0.145339070635939  0.681164633047267  0.625657624294331
    endloop
  endfacet
  facet normal -0.083371781214747  0.978162903093795  0.190385086359722
    outer loop
      vertex  0.138132511480257  0.695064303614013  0.585857714773496
      vertex  0.000000000000000  0.699999999787681  0.500009244516126
      vertex  0.000000000000000  0.685351812289165  0.575268887393500
    endloop
  endfacet
  facet normal -0.046282953072375  0.990248023394932  0.131402969590993
    outer loop
      vertex  0.138132511480257  0.695064303614013  0.585857714773496
      vertex  0.132366014630767  0.706186450092045  0.500010537164280
      vertex  0.000000000000000  0.699999999787681  0.500009244516126
    endloop
  endfacet
  facet normal -0.176214603297916  0.844801806922417  0.505230957686855
    outer loop
      vertex  0.145339070635939  0.681164633047267  0.625657624294331
      vertex  0.000000000000000  0.641421356237310  0.641421356237310
      vertex  0.155426448798124  0.661708574988546  0.661708574988546
    endloop
  endfacet
  facet normal -0.165482389850162  0.821558531827588  0.545579652691316
    outer loop
      vertex  0.145339070635939  0.681164633047267  0.625657624294331
      vertex  0.000000000000000  0.685351812289165  0.575268887393500
      vertex  0.000000000000000  0.641421356237310  0.641421356237310
    endloop
  endfacet
  facet normal -0.092029178549406  0.934771537352104  0.343122140428020
    outer loop
      vertex  0.145339070635939  0.681164633047267  0.625657624294331
      vertex  0.138132511480257  0.695064303614013  0.585857714773496
      vertex  0.000000000000000  0.685351812289165  0.575268887393500
    endloop
  endfacet
  facet normal  0.314122341445896 -0.314122341445926 -0.895909766220392
    outer loop
      vertex  0.733752709094892  0.396262191715295  0.266247290905130
      vertex  0.603737808284779  0.266247290905240  0.266247290905125
      vertex  0.620612130725612  0.379387869274466  0.232494581810288
    endloop
  endfacet
  facet normal  0.429147187413386 -0.429147187413456 -0.794773793648419
    outer loop
      vertex  0.733752709094892  0.396262191715295  0.266247290905130
      vertex  0.699999999999993  0.300000000000007  0.299999999999986
      vertex  0.603737808284779  0.266247290905240  0.266247290905125
    endloop
  endfacet
  facet normal  0.271947548086549 -0.101898628357724 -0.956901876175676
    outer loop
      vertex  0.744999999836920  0.500012642823334  0.255000000163101
      vertex  0.620612130725612  0.379387869274466  0.232494581810288
      vertex  0.626235098945242  0.500014674868769  0.221247291068264
    endloop
  endfacet
  facet normal  0.301695617693438 -0.135020107076288 -0.943795171077752
    outer loop
      vertex  0.744999999836920  0.500012642823334  0.255000000163101
      vertex  0.733752709094892  0.396262191715295  0.266247290905130
      vertex  0.620612130725612  0.379387869274466  0.232494581810288
    endloop
  endfacet
  facet normal  0.101898628357770 -0.271947548086562 -0.956901876175667
    outer loop
      vertex  0.620612130725612  0.379387869274466  0.232494581810288
      vertex  0.499987357176684  0.255000000163209  0.255000000163092
      vertex  0.499985325131267  0.373764901054831  0.221247291068255
    endloop
  endfacet
  facet normal  0.135020107076337 -0.301695617693472 -0.943795171077734
    outer loop
      vertex  0.620612130725612  0.379387869274466  0.232494581810288
      vertex  0.603737808284779  0.266247290905240  0.266247290905125
      vertex  0.499987357176684  0.255000000163209  0.255000000163092
    endloop
  endfacet
  facet normal  0.088387932348074 -0.088387932348030 -0.992156815644822
    outer loop
      vertex  0.626235098945242  0.500014674868769  0.221247291068264
      vertex  0.499985325131267  0.373764901054831  0.221247291068255
      vertex  0.499984648000269  0.500015351999767  0.210000000326231
    endloop
  endfacet
  facet normal  0.096877054621444 -0.096877054621402 -0.990570377396657
    outer loop
      vertex  0.626235098945242  0.500014674868769  0.221247291068264
      vertex  0.620612130725612  0.379387869274466  0.232494581810288
      vertex  0.499985325131267  0.373764901054831  0.221247291068255
    endloop
  endfacet
  facet normal -0.102437936158734 -0.298380040008068 -0.948934044578612
    outer loop
      vertex  0.499985325131267  0.373764901054831  0.221247291068255
      vertex  0.396237809127392  0.266252709258071  0.266252709257956
      vertex  0.379359422595725  0.379390578124666  0.232500000163119
    endloop
  endfacet
  facet normal -0.132792541200715 -0.270953200274273 -0.953388957489327
    outer loop
      vertex  0.499985325131267  0.373764901054831  0.221247291068255
      vertex  0.499987357176684  0.255000000163209  0.255000000163092
      vertex  0.396237809127392  0.266252709258071  0.266252709257956
    endloop
  endfacet
  facet normal -0.316386028970045 -0.410758011908011 -0.855089314823863
    outer loop
      vertex  0.379359422595725  0.379390578124666  0.232500000163119
      vertex  0.300000000000043  0.299999999999989  0.299999999999968
      vertex  0.266247290905090  0.396262191715286  0.266247290905173
    endloop
  endfacet
  facet normal -0.410789566226021 -0.316380403415250 -0.855076237896155
    outer loop
      vertex  0.379359422595725  0.379390578124666  0.232500000163119
      vertex  0.396237809127392  0.266252709258071  0.266252709257956
      vertex  0.300000000000043  0.299999999999989  0.299999999999968
    endloop
  endfacet
  facet normal -0.088363378149844 -0.096560427792865 -0.991396992726126
    outer loop
      vertex  0.499984648000269  0.500015351999767  0.210000000326231
      vertex  0.379359422595725  0.379390578124666  0.232500000163119
      vertex  0.373735100114097  0.500014674542563  0.221252709421095
    endloop
  endfacet
  facet normal -0.096602507766260 -0.088321203674468 -0.991396651434108
    outer loop
      vertex  0.499984648000269  0.500015351999767  0.210000000326231
      vertex  0.499985325131267  0.373764901054831  0.221247291068255
      vertex  0.379359422595725  0.379390578124666  0.232500000163119
    endloop
  endfacet
  facet normal -0.270973954078182 -0.132729998816288 -0.953391768175845
    outer loop
      vertex  0.373735100114097  0.500014674542563  0.221252709421095
      vertex  0.266247290905090  0.396262191715286  0.266247290905173
      vertex  0.255000000163062  0.500012642823334  0.255000000163146
    endloop
  endfacet
  facet normal -0.298390258126610 -0.102394111614564 -0.948935561438077
    outer loop
      vertex  0.373735100114097  0.500014674542563  0.221252709421095
      vertex  0.379359422595725  0.379390578124666  0.232500000163119
      vertex  0.266247290905090  0.396262191715286  0.266247290905173
    endloop
  endfacet
  facet normal  0.298380040008073  0.102437936158850 -0.948934044578598
    outer loop
      vertex  0.733747290742052  0.603762190872571  0.266252709257970
      vertex  0.626235098945242  0.500014674868769  0.221247291068264
      vertex  0.620609421875403  0.620640577404269  0.232500000163137
    endloop
  endfacet
  facet normal  0.270953200274253  0.132792541200878 -0.953388957489310
    outer loop
      vertex  0.733747290742052  0.603762190872571  0.266252709257970
      vertex  0.744999999836920  0.500012642823334  0.255000000163101
      vertex  0.626235098945242  0.500014674868769  0.221247291068264
    endloop
  endfacet
  facet normal  0.410758011908034  0.316386028970229 -0.855089314823784
    outer loop
      vertex  0.700000000000029  0.699999999999921  0.299999999999949
      vertex  0.620609421875403  0.620640577404269  0.232500000163137
      vertex  0.603737808284752  0.733752709094875  0.266247290905179
    endloop
  endfacet
  facet normal  0.316380403415244  0.410789566226285 -0.855076237896030
    outer loop
      vertex  0.700000000000029  0.699999999999921  0.299999999999949
      vertex  0.733747290742052  0.603762190872571  0.266252709257970
      vertex  0.620609421875403  0.620640577404269  0.232500000163137
    endloop
  endfacet
  facet normal  0.096560427792918  0.088363378149940 -0.991396992726112
    outer loop
      vertex  0.620609421875403  0.620640577404269  0.232500000163137
      vertex  0.499984648000269  0.500015351999767  0.210000000326231
      vertex  0.499985325457473  0.626264899885901  0.221252709421104
    endloop
  endfacet
  facet normal  0.088321203674510  0.096602507766372 -0.991396651434093
    outer loop
      vertex  0.620609421875403  0.620640577404269  0.232500000163137
      vertex  0.626235098945242  0.500014674868769  0.221247291068264
      vertex  0.499984648000269  0.500015351999767  0.210000000326231
    endloop
  endfacet
  facet normal  0.132729998816367  0.270973954078326 -0.953391768175793
    outer loop
      vertex  0.603737808284752  0.733752709094875  0.266247290905179
      vertex  0.499985325457473  0.626264899885901  0.221252709421104
      vertex  0.499987357176684  0.744999999836908  0.255000000163146
    endloop
  endfacet
  facet normal  0.102394111614620  0.298390258126792 -0.948935561438014
    outer loop
      vertex  0.603737808284752  0.733752709094875  0.266247290905179
      vertex  0.620609421875403  0.620640577404269  0.232500000163137
      vertex  0.499985325457473  0.626264899885901  0.221252709421104
    endloop
  endfacet
  facet normal -0.096929196292965  0.096929196293065 -0.990560175765198
    outer loop
      vertex  0.499985325457473  0.626264899885901  0.221252709421104
      vertex  0.373735100114097  0.500014674542563  0.221252709421095
      vertex  0.379362132098345  0.620637867901658  0.232505418515968
    endloop
  endfacet
  facet normal -0.088431403828398  0.088431403828496 -0.992149068252276
    outer loop
      vertex  0.499985325457473  0.626264899885901  0.221252709421104
      vertex  0.499984648000269  0.500015351999767  0.210000000326231
      vertex  0.373735100114097  0.500014674542563  0.221252709421095
    endloop
  endfacet
  facet normal -0.135088419541571  0.301738326135224 -0.943771742237960
    outer loop
      vertex  0.499987357176684  0.744999999836908  0.255000000163146
      vertex  0.379362132098345  0.620637867901658  0.232505418515968
      vertex  0.396237809127419  0.733747290742044  0.266252709258010
    endloop
  endfacet
  facet normal -0.101953769477589  0.271971981479092 -0.956889058449122
    outer loop
      vertex  0.499987357176684  0.744999999836908  0.255000000163146
      vertex  0.499985325457473  0.626264899885901  0.221252709421104
      vertex  0.379362132098345  0.620637867901658  0.232505418515968
    endloop
  endfacet
  facet normal -0.301738326135083  0.135088419541705 -0.943771742237986
    outer loop
      vertex  0.379362132098345  0.620637867901658  0.232505418515968
      vertex  0.255000000163062  0.500012642823334  0.255000000163146
      vertex  0.266252709257930  0.603762190872580  0.266252709258013
    endloop
  endfacet
  facet normal -0.271971981478942  0.101953769477695 -0.956889058449153
    outer loop
      vertex  0.379362132098345  0.620637867901658  0.232505418515968
      vertex  0.373735100114097  0.500014674542563  0.221252709421095
      vertex  0.255000000163062  0.500012642823334  0.255000000163146
    endloop
  endfacet
  facet normal -0.429185919741603  0.429185919741783 -0.794731962733948
    outer loop
      vertex  0.396237809127419  0.733747290742044  0.266252709258010
      vertex  0.266252709257930  0.603762190872580  0.266252709258013
      vertex  0.300000000000007  0.699999999999939  0.299999999999931
    endloop
  endfacet
  facet normal -0.314167026755684  0.314167026755838 -0.895878428470565
    outer loop
      vertex  0.396237809127419  0.733747290742044  0.266252709258010
      vertex  0.379362132098345  0.620637867901658  0.232505418515968
      vertex  0.266252709257930  0.603762190872580  0.266252709258013
    endloop
  endfacet
  facet normal  0.314122341445918 -0.314122341445949  0.895909766220376
    outer loop
      vertex  0.733752709094870  0.396262191715295  0.733752709094892
      vertex  0.620612130725603  0.379387869274476  0.767505418189748
      vertex  0.603737808284770  0.266247290905258  0.733752709094911
    endloop
  endfacet
  facet normal  0.429147187413426 -0.429147187413497  0.794773793648376
    outer loop
      vertex  0.733752709094870  0.396262191715295  0.733752709094892
      vertex  0.603737808284770  0.266247290905258  0.733752709094911
      vertex  0.700000000000029  0.300000000000079  0.700000000000050
    endloop
  endfacet
  facet normal  0.271947548086570 -0.101898628357732  0.956901876175669
    outer loop
      vertex  0.744999999836899  0.500012642823334  0.744999999836920
      vertex  0.626235098945233  0.500014674868769  0.778752708931772
      vertex  0.620612130725603  0.379387869274476  0.767505418189748
    endloop
  endfacet
  facet normal  0.301695617693459 -0.135020107076297  0.943795171077744
    outer loop
      vertex  0.744999999836899  0.500012642823334  0.744999999836920
      vertex  0.620612130725603  0.379387869274476  0.767505418189748
      vertex  0.733752709094870  0.396262191715295  0.733752709094892
    endloop
  endfacet
  facet normal  0.101898628357777 -0.271947548086581  0.956901876175661
    outer loop
      vertex  0.620612130725603  0.379387869274476  0.767505418189748
      vertex  0.499985325131267  0.373764901054840  0.778752708931781
      vertex  0.499987357176684  0.255000000163227  0.744999999836944
    endloop
  endfacet
  facet normal  0.135020107076347 -0.301695617693495  0.943795171077725
    outer loop
      vertex  0.620612130725603  0.379387869274476  0.767505418189748
      vertex  0.499987357176684  0.255000000163227  0.744999999836944
      vertex  0.603737808284770  0.266247290905258  0.733752709094911
    endloop
  endfacet
  facet normal  0.088387932348078 -0.088387932348035  0.992156815644821
    outer loop
      vertex  0.626235098945233  0.500014674868769  0.778752708931772
      vertex  0.499984648000269  0.500015351999767  0.789999999673804
      vertex  0.499985325131267  0.373764901054840  0.778752708931781
    endloop
  endfacet
  facet normal  0.096877054621450 -0.096877054621409  0.990570377396656
    outer loop
      vertex  0.626235098945233  0.500014674868769  0.778752708931772
      vertex  0.499985325131267  0.373764901054840  0.778752708931781
      vertex  0.620612130725603  0.379387869274476  0.767505418189748
    endloop
  endfacet
  facet normal -0.102437936158739 -0.298380040008092  0.948934044578604
    outer loop
      vertex  0.499985325131267  0.373764901054840  0.778752708931781
      vertex  0.379359422595734  0.379390578124675  0.767499999836917
      vertex  0.396237809127401  0.266252709258089  0.733747290742080
    endloop
  endfacet
  facet normal -0.132792541200726 -0.270953200274292  0.953388957489320
    outer loop
      vertex  0.499985325131267  0.373764901054840  0.778752708931781
      vertex  0.396237809127401  0.266252709258089  0.733747290742080
      vertex  0.499987357176684  0.255000000163227  0.744999999836944
    endloop
  endfacet
  facet normal -0.316386028970069 -0.410758011908049  0.855089314823836
    outer loop
      vertex  0.379359422595734  0.379390578124675  0.767499999836917
      vertex  0.266247290905173  0.396262191715286  0.733752709094910
      vertex  0.300000000000007  0.300000000000061  0.700000000000068
    endloop
  endfacet
  facet normal -0.410789566226058 -0.316380403415274  0.855076237896128
    outer loop
      vertex  0.379359422595734  0.379390578124675  0.767499999836917
      vertex  0.300000000000007  0.300000000000061  0.700000000000068
      vertex  0.396237809127401  0.266252709258089  0.733747290742080
    endloop
  endfacet
  facet normal -0.088363378149848 -0.096560427792870  0.991396992726125
    outer loop
      vertex  0.499984648000269  0.500015351999767  0.789999999673804
      vertex  0.373735100114106  0.500014674542563  0.778747290578941
      vertex  0.379359422595734  0.379390578124675  0.767499999836917
    endloop
  endfacet
  facet normal -0.096602507766265 -0.088321203674473  0.991396651434107
    outer loop
      vertex  0.499984648000269  0.500015351999767  0.789999999673804
      vertex  0.379359422595734  0.379390578124675  0.767499999836917
      vertex  0.499985325131267  0.373764901054840  0.778752708931781
    endloop
  endfacet
  facet normal -0.270973954078201 -0.132729998816300  0.953391768175838
    outer loop
      vertex  0.373735100114106  0.500014674542563  0.778747290578941
      vertex  0.255000000163146  0.500012642823334  0.744999999836938
      vertex  0.266247290905173  0.396262191715286  0.733752709094910
    endloop
  endfacet
  facet normal -0.298390258126634 -0.102394111614571  0.948935561438069
    outer loop
      vertex  0.373735100114106  0.500014674542563  0.778747290578941
      vertex  0.266247290905173  0.396262191715286  0.733752709094910
      vertex  0.379359422595734  0.379390578124675  0.767499999836917
    endloop
  endfacet
  facet normal  0.298380040008095  0.102437936158856  0.948934044578590
    outer loop
      vertex  0.733747290742030  0.603762190872571  0.733747290742052
      vertex  0.620609421875394  0.620640577404260  0.767499999836899
      vertex  0.626235098945233  0.500014674868769  0.778752708931772
    endloop
  endfacet
  facet normal  0.270953200274273  0.132792541200885  0.953388957489303
    outer loop
      vertex  0.733747290742030  0.603762190872571  0.733747290742052
      vertex  0.626235098945233  0.500014674868769  0.778752708931772
      vertex  0.744999999836899  0.500012642823334  0.744999999836920
    endloop
  endfacet
  facet normal  0.410758011908072  0.316386028970253  0.855089314823757
    outer loop
      vertex  0.699999999999993  0.699999999999993  0.700000000000014
      vertex  0.603737808284743  0.733752709094857  0.733752709094857
      vertex  0.620609421875394  0.620640577404260  0.767499999836899
    endloop
  endfacet
  facet normal  0.316380403415266  0.410789566226324  0.855076237896003
    outer loop
      vertex  0.699999999999993  0.699999999999993  0.700000000000014
      vertex  0.620609421875394  0.620640577404260  0.767499999836899
      vertex  0.733747290742030  0.603762190872571  0.733747290742052
    endloop
  endfacet
  facet normal  0.096560427792922  0.088363378149944  0.991396992726112
    outer loop
      vertex  0.620609421875394  0.620640577404260  0.767499999836899
      vertex  0.499985325457473  0.626264899885892  0.778747290578932
      vertex  0.499984648000269  0.500015351999767  0.789999999673804
    endloop
  endfacet
  facet normal  0.088321203674514  0.096602507766377  0.991396651434093
    outer loop
      vertex  0.620609421875394  0.620640577404260  0.767499999836899
      vertex  0.499984648000269  0.500015351999767  0.789999999673804
      vertex  0.626235098945233  0.500014674868769  0.778752708931772
    endloop
  endfacet
  facet normal  0.132729998816377  0.270973954078345  0.953391768175786
    outer loop
      vertex  0.603737808284743  0.733752709094857  0.733752709094857
      vertex  0.499987357176684  0.744999999836890  0.744999999836890
      vertex  0.499985325457473  0.626264899885892  0.778747290578932
    endloop
  endfacet
  facet normal  0.102394111614625  0.298390258126814  0.948935561438007
    outer loop
      vertex  0.603737808284743  0.733752709094857  0.733752709094857
      vertex  0.499985325457473  0.626264899885892  0.778747290578932
      vertex  0.620609421875394  0.620640577404260  0.767499999836899
    endloop
  endfacet
  facet normal -0.096929196292971  0.096929196293071  0.990560175765197
    outer loop
      vertex  0.499985325457473  0.626264899885892  0.778747290578932
      vertex  0.379362132098354  0.620637867901649  0.767494581484068
      vertex  0.373735100114106  0.500014674542563  0.778747290578941
    endloop
  endfacet
  facet normal -0.088431403828402  0.088431403828501  0.992149068252276
    outer loop
      vertex  0.499985325457473  0.626264899885892  0.778747290578932
      vertex  0.373735100114106  0.500014674542563  0.778747290578941
      vertex  0.499984648000269  0.500015351999767  0.789999999673804
    endloop
  endfacet
  facet normal -0.135088419541581  0.301738326135246  0.943771742237951
    outer loop
      vertex  0.499987357176684  0.744999999836890  0.744999999836890
      vertex  0.396237809127428  0.733747290742026  0.733747290742026
      vertex  0.379362132098354  0.620637867901649  0.767494581484068
    endloop
  endfacet
  facet normal -0.101953769477595  0.271971981479112  0.956889058449116
    outer loop
      vertex  0.499987357176684  0.744999999836890  0.744999999836890
      vertex  0.379362132098354  0.620637867901649  0.767494581484068
      vertex  0.499985325457473  0.626264899885892  0.778747290578932
    endloop
  endfacet
  facet normal -0.301738326135104  0.135088419541714  0.943771742237978
    outer loop
      vertex  0.379362132098354  0.620637867901649  0.767494581484068
      vertex  0.266252709258013  0.603762190872580  0.733747290742070
      vertex  0.255000000163146  0.500012642823334  0.744999999836938
    endloop
  endfacet
  facet normal -0.271971981478962  0.101953769477702  0.956889058449147
    outer loop
      vertex  0.379362132098354  0.620637867901649  0.767494581484068
      vertex  0.255000000163146  0.500012642823334  0.744999999836938
      vertex  0.373735100114106  0.500014674542563  0.778747290578941
    endloop
  endfacet
  facet normal -0.429185919741643  0.429185919741824  0.794731962733905
    outer loop
      vertex  0.396237809127428  0.733747290742026  0.733747290742026
      vertex  0.300000000000043  0.700000000000011  0.700000000000032
      vertex  0.266252709258013  0.603762190872580  0.733747290742070
    endloop
  endfacet
  facet normal -0.314167026755707  0.314167026755861  0.895878428470549
    outer loop
      vertex  0.396237809127428  0.733747290742026  0.733747290742026
      vertex  0.266252709258013  0.603762190872580  0.733747290742070
      vertex  0.379362132098354  0.620637867901649  0.767494581484068
    endloop
  endfacet
  facet normal  0.895909766220378 -0.314122341445932 -0.314122341445929
    outer loop
      vertex  0.733752709094892  0.396262191715295  0.266247290905130
      vertex  0.767505418189783  0.379387869274469  0.379387869274435
      vertex  0.733752709094870  0.266247290905108  0.396262191715295
    endloop
  endfacet
  facet normal  0.794773793648381 -0.429147187413466 -0.429147187413448
    outer loop
      vertex  0.733752709094892  0.396262191715295  0.266247290905130
      vertex  0.733752709094870  0.266247290905108  0.396262191715295
      vertex  0.699999999999993  0.300000000000007  0.299999999999986
    endloop
  endfacet
  facet normal  0.956901876175667 -0.101898628357727 -0.271947548086578
    outer loop
      vertex  0.744999999836920  0.500012642823334  0.255000000163101
      vertex  0.778752708931807  0.500014674868769  0.373764901054804
      vertex  0.767505418189783  0.379387869274469  0.379387869274435
    endloop
  endfacet
  facet normal  0.943795171077742 -0.135020107076288 -0.301695617693469
    outer loop
      vertex  0.744999999836920  0.500012642823334  0.255000000163101
      vertex  0.767505418189783  0.379387869274469  0.379387869274435
      vertex  0.733752709094892  0.396262191715295  0.266247290905130
    endloop
  endfacet
  facet normal  0.956901876175666 -0.271947548086573 -0.101898628357754
    outer loop
      vertex  0.767505418189783  0.379387869274469  0.379387869274435
      vertex  0.778752708931811  0.373764901054836  0.500014674868751
      vertex  0.744999999836899  0.255000000163080  0.500012642823334
    endloop
  endfacet
  facet normal  0.943795171077735 -0.301695617693475 -0.135020107076319
    outer loop
      vertex  0.767505418189783  0.379387869274469  0.379387869274435
      vertex  0.744999999836899  0.255000000163080  0.500012642823334
      vertex  0.733752709094870  0.266247290905108  0.396262191715295
    endloop
  endfacet
  facet normal  0.992156815644823 -0.088387932348031 -0.088387932348056
    outer loop
      vertex  0.778752708931807  0.500014674868769  0.373764901054804
      vertex  0.789999999673835  0.500015351999767  0.500015351999749
      vertex  0.778752708931811  0.373764901054836  0.500014674868751
    endloop
  endfacet
  facet normal  0.990570377396659 -0.096877054621403 -0.096877054621428
    outer loop
      vertex  0.778752708931807  0.500014674868769  0.373764901054804
      vertex  0.778752708931811  0.373764901054836  0.500014674868751
      vertex  0.767505418189783  0.379387869274469  0.379387869274435
    endloop
  endfacet
  facet normal  0.948934044578598 -0.298380040008091  0.102437936158797
    outer loop
      vertex  0.778752708931811  0.373764901054836  0.500014674868751
      vertex  0.767499999836943  0.379390578124673  0.620640577404265
      vertex  0.733747290742030  0.266252709257948  0.603762190872571
    endloop
  endfacet
  facet normal  0.953388957489313 -0.270953200274280  0.132792541200800
    outer loop
      vertex  0.778752708931811  0.373764901054836  0.500014674868751
      vertex  0.733747290742030  0.266252709257948  0.603762190872571
      vertex  0.744999999836899  0.255000000163080  0.500012642823334
    endloop
  endfacet
  facet normal  0.855089314823796 -0.410758011908066  0.316386028970157
    outer loop
      vertex  0.767499999836943  0.379390578124673  0.620640577404265
      vertex  0.733752709094870  0.396262191715295  0.733752709094892
      vertex  0.700000000000029  0.300000000000079  0.700000000000050
    endloop
  endfacet
  facet normal  0.855076237896073 -0.316380403415268  0.410789566226178
    outer loop
      vertex  0.767499999836943  0.379390578124673  0.620640577404265
      vertex  0.700000000000029  0.300000000000079  0.700000000000050
      vertex  0.733747290742030  0.266252709257948  0.603762190872571
    endloop
  endfacet
  facet normal  0.991396992726121 -0.096560427792869  0.088363378149897
    outer loop
      vertex  0.789999999673835  0.500015351999767  0.500015351999749
      vertex  0.778747290578967  0.500014674542563  0.626264899885892
      vertex  0.767499999836943  0.379390578124673  0.620640577404265
    endloop
  endfacet
  facet normal  0.991396651434103 -0.088321203674468  0.096602507766319
    outer loop
      vertex  0.789999999673835  0.500015351999767  0.500015351999749
      vertex  0.767499999836943  0.379390578124673  0.620640577404265
      vertex  0.778752708931811  0.373764901054836  0.500014674868751
    endloop
  endfacet
  facet normal  0.953391768175816 -0.132729998816304  0.270973954078276
    outer loop
      vertex  0.778747290578967  0.500014674542563  0.626264899885892
      vertex  0.744999999836899  0.500012642823334  0.744999999836920
      vertex  0.733752709094870  0.396262191715295  0.733752709094892
    endloop
  endfacet
  facet normal  0.948935561438043 -0.102394111614569  0.298390258126717
    outer loop
      vertex  0.778747290578967  0.500014674542563  0.626264899885892
      vertex  0.733752709094870  0.396262191715295  0.733752709094892
      vertex  0.767499999836943  0.379390578124673  0.620640577404265
    endloop
  endfacet
  facet normal  0.948934044578587  0.102437936158852 -0.298380040008106
    outer loop
      vertex  0.733747290742052  0.603762190872571  0.266252709257970
      vertex  0.767499999836934  0.620640577404267  0.379390578124644
      vertex  0.778752708931807  0.500014674868769  0.373764901054804
    endloop
  endfacet
  facet normal  0.953388957489302  0.132792541200878 -0.270953200274281
    outer loop
      vertex  0.733747290742052  0.603762190872571  0.266252709257970
      vertex  0.778752708931807  0.500014674868769  0.373764901054804
      vertex  0.744999999836920  0.500012642823334  0.255000000163101
    endloop
  endfacet
  facet normal  0.855089314823753  0.316386028970234 -0.410758011908095
    outer loop
      vertex  0.700000000000029  0.699999999999921  0.299999999999949
      vertex  0.733752709094892  0.733752709094870  0.396262191715295
      vertex  0.767499999836934  0.620640577404267  0.379390578124644
    endloop
  endfacet
  facet normal  0.855076237896014  0.410789566226292 -0.316380403415279
    outer loop
      vertex  0.700000000000029  0.699999999999921  0.299999999999949
      vertex  0.767499999836934  0.620640577404267  0.379390578124644
      vertex  0.733747290742052  0.603762190872571  0.266252709257970
    endloop
  endfacet
  facet normal  0.991396992726114  0.088363378149940 -0.096560427792901
    outer loop
      vertex  0.767499999836934  0.620640577404267  0.379390578124644
      vertex  0.778747290578962  0.626264899885897  0.500014674542545
      vertex  0.789999999673835  0.500015351999767  0.500015351999749
    endloop
  endfacet
  facet normal  0.991396651434095  0.096602507766372 -0.088321203674493
    outer loop
      vertex  0.767499999836934  0.620640577404267  0.379390578124644
      vertex  0.789999999673835  0.500015351999767  0.500015351999749
      vertex  0.778752708931807  0.500014674868769  0.373764901054804
    endloop
  endfacet
  facet normal  0.953391768175792  0.270973954078336 -0.132729998816350
    outer loop
      vertex  0.733752709094892  0.733752709094870  0.396262191715295
      vertex  0.744999999836920  0.744999999836899  0.500012642823334
      vertex  0.778747290578962  0.626264899885897  0.500014674542545
    endloop
  endfacet
  facet normal  0.948935561438015  0.298390258126795 -0.102394111614603
    outer loop
      vertex  0.733752709094892  0.733752709094870  0.396262191715295
      vertex  0.778747290578962  0.626264899885897  0.500014674542545
      vertex  0.767499999836934  0.620640577404267  0.379390578124644
    endloop
  endfacet
  facet normal  0.990560175765192  0.096929196293069  0.096929196293024
    outer loop
      vertex  0.778747290578962  0.626264899885897  0.500014674542545
      vertex  0.767494581484094  0.620637867901651  0.620637867901644
      vertex  0.778747290578967  0.500014674542563  0.626264899885892
    endloop
  endfacet
  facet normal  0.992149068252271  0.088431403828496  0.088431403828452
    outer loop
      vertex  0.778747290578962  0.626264899885897  0.500014674542545
      vertex  0.778747290578967  0.500014674542563  0.626264899885892
      vertex  0.789999999673835  0.500015351999767  0.500015351999749
    endloop
  endfacet
  facet normal  0.943771742237939  0.301738326135250  0.135088419541660
    outer loop
      vertex  0.744999999836920  0.744999999836899  0.500012642823334
      vertex  0.733747290742052  0.733747290742030  0.603762190872571
      vertex  0.767494581484094  0.620637867901651  0.620637867901644
    endloop
  endfacet
  facet normal  0.956889058449113  0.271971981479101  0.101953769477651
    outer loop
      vertex  0.744999999836920  0.744999999836899  0.500012642823334
      vertex  0.767494581484094  0.620637867901651  0.620637867901644
      vertex  0.778747290578962  0.626264899885897  0.500014674542545
    endloop
  endfacet
  facet normal  0.943771742237949  0.135088419541719  0.301738326135191
    outer loop
      vertex  0.767494581484094  0.620637867901651  0.620637867901644
      vertex  0.733747290742030  0.603762190872571  0.733747290742052
      vertex  0.744999999836899  0.500012642823334  0.744999999836920
    endloop
  endfacet
  facet normal  0.956889058449126  0.101953769477699  0.271971981479037
    outer loop
      vertex  0.767494581484094  0.620637867901651  0.620637867901644
      vertex  0.744999999836899  0.500012642823334  0.744999999836920
      vertex  0.778747290578967  0.500014674542563  0.626264899885892
    endloop
  endfacet
  facet normal  0.794731962733828  0.429185919741841  0.429185919741768
    outer loop
      vertex  0.733747290742052  0.733747290742030  0.603762190872571
      vertex  0.699999999999993  0.699999999999993  0.700000000000014
      vertex  0.733747290742030  0.603762190872571  0.733747290742052
    endloop
  endfacet
  facet normal  0.895878428470518  0.314167026755860  0.314167026755795
    outer loop
      vertex  0.733747290742052  0.733747290742030  0.603762190872571
      vertex  0.733747290742030  0.603762190872571  0.733747290742052
      vertex  0.767494581484094  0.620637867901651  0.620637867901644
    endloop
  endfacet
  facet normal -0.895909766220377 -0.314122341445932 -0.314122341445931
    outer loop
      vertex  0.266247290905090  0.396262191715286  0.266247290905173
      vertex  0.266247290905173  0.266247290905090  0.396262191715286
      vertex  0.232494581810244  0.379387869274449  0.379387869274415
    endloop
  endfacet
  facet normal -0.794773793648382 -0.429147187413464 -0.429147187413447
    outer loop
      vertex  0.266247290905090  0.396262191715286  0.266247290905173
      vertex  0.300000000000043  0.299999999999989  0.299999999999968
      vertex  0.266247290905173  0.266247290905090  0.396262191715286
    endloop
  endfacet
  facet normal -0.956901876175668 -0.101898628357727 -0.271947548086577
    outer loop
      vertex  0.255000000163062  0.500012642823334  0.255000000163146
      vertex  0.232494581810244  0.379387869274449  0.379387869274415
      vertex  0.221247291068216  0.500014674868751  0.373764901054782
    endloop
  endfacet
  facet normal -0.943795171077740 -0.135020107076291 -0.301695617693472
    outer loop
      vertex  0.255000000163062  0.500012642823334  0.255000000163146
      vertex  0.266247290905090  0.396262191715286  0.266247290905173
      vertex  0.232494581810244  0.379387869274449  0.379387869274415
    endloop
  endfacet
  facet normal -0.956901876175666 -0.271947548086572 -0.101898628357754
    outer loop
      vertex  0.232494581810244  0.379387869274449  0.379387869274415
      vertex  0.255000000163146  0.255000000163062  0.500012642823334
      vertex  0.221247291068211  0.373764901054813  0.500014674868733
    endloop
  endfacet
  facet normal -0.943795171077735 -0.301695617693476 -0.135020107076320
    outer loop
      vertex  0.232494581810244  0.379387869274449  0.379387869274415
      vertex  0.266247290905173  0.266247290905090  0.396262191715286
      vertex  0.255000000163146  0.255000000163062  0.500012642823334
    endloop
  endfacet
  facet normal -0.992156815644823 -0.088387932348033 -0.088387932348059
    outer loop
      vertex  0.221247291068216  0.500014674868751  0.373764901054782
      vertex  0.221247291068211  0.373764901054813  0.500014674868733
      vertex  0.210000000326183  0.500015351999749  0.500015351999731
    endloop
  endfacet
  facet normal -0.990570377396658 -0.096877054621403 -0.096877054621428
    outer loop
      vertex  0.221247291068216  0.500014674868751  0.373764901054782
      vertex  0.232494581810244  0.379387869274449  0.379387869274415
      vertex  0.221247291068211  0.373764901054813  0.500014674868733
    endloop
  endfacet
  facet normal -0.948934044578598 -0.298380040008091  0.102437936158800
    outer loop
      vertex  0.221247291068211  0.373764901054813  0.500014674868733
      vertex  0.266252709258013  0.266252709257930  0.603762190872580
      vertex  0.232500000163075  0.379390578124648  0.620640577404249
    endloop
  endfacet
  facet normal -0.953388957489313 -0.270953200274279  0.132792541200804
    outer loop
      vertex  0.221247291068211  0.373764901054813  0.500014674868733
      vertex  0.255000000163146  0.255000000163062  0.500012642823334
      vertex  0.266252709258013  0.266252709257930  0.603762190872580
    endloop
  endfacet
  facet normal -0.855089314823796 -0.410758011908065  0.316386028970156
    outer loop
      vertex  0.232500000163075  0.379390578124648  0.620640577404249
      vertex  0.300000000000007  0.300000000000061  0.700000000000068
      vertex  0.266247290905173  0.396262191715286  0.733752709094910
    endloop
  endfacet
  facet normal -0.855076237896073 -0.316380403415267  0.410789566226177
    outer loop
      vertex  0.232500000163075  0.379390578124648  0.620640577404249
      vertex  0.266252709258013  0.266252709257930  0.603762190872580
      vertex  0.300000000000007  0.300000000000061  0.700000000000068
    endloop
  endfacet
  facet normal -0.991396992726121 -0.096560427792872  0.088363378149899
    outer loop
      vertex  0.210000000326183  0.500015351999749  0.500015351999731
      vertex  0.232500000163075  0.379390578124648  0.620640577404249
      vertex  0.221252709421047  0.500014674542545  0.626264899885879
    endloop
  endfacet
  facet normal -0.991396651434102 -0.088321203674470  0.096602507766322
    outer loop
      vertex  0.210000000326183  0.500015351999749  0.500015351999731
      vertex  0.221247291068211  0.373764901054813  0.500014674868733
      vertex  0.232500000163075  0.379390578124648  0.620640577404249
    endloop
  endfacet
  facet normal -0.953391768175815 -0.132729998816307  0.270973954078275
    outer loop
      vertex  0.221252709421047  0.500014674542545  0.626264899885879
      vertex  0.266247290905173  0.396262191715286  0.733752709094910
      vertex  0.255000000163146  0.500012642823334  0.744999999836938
    endloop
  endfacet
  facet normal -0.948935561438043 -0.102394111614571  0.298390258126717
    outer loop
      vertex  0.221252709421047  0.500014674542545  0.626264899885879
      vertex  0.232500000163075  0.379390578124648  0.620640577404249
      vertex  0.266247290905173  0.396262191715286  0.733752709094910
    endloop
  endfacet
  facet normal -0.948934044578587  0.102437936158853 -0.298380040008106
    outer loop
      vertex  0.266252709257930  0.603762190872580  0.266252709258013
      vertex  0.221247291068216  0.500014674868751  0.373764901054782
      vertex  0.232500000163084  0.620640577404251  0.379390578124619
    endloop
  endfacet
  facet normal -0.953388957489302  0.132792541200880 -0.270953200274281
    outer loop
      vertex  0.266252709257930  0.603762190872580  0.266252709258013
      vertex  0.255000000163062  0.500012642823334  0.255000000163146
      vertex  0.221247291068216  0.500014674868751  0.373764901054782
    endloop
  endfacet
  facet normal -0.855089314823753  0.316386028970234 -0.410758011908094
    outer loop
      vertex  0.300000000000007  0.699999999999939  0.299999999999931
      vertex  0.232500000163084  0.620640577404251  0.379390578124619
      vertex  0.266247290905122  0.733752709094857  0.396262191715268
    endloop
  endfacet
  facet normal -0.855076237896014  0.410789566226291 -0.316380403415278
    outer loop
      vertex  0.300000000000007  0.699999999999939  0.299999999999931
      vertex  0.266252709257930  0.603762190872580  0.266252709258013
      vertex  0.232500000163084  0.620640577404251  0.379390578124619
    endloop
  endfacet
  facet normal -0.991396992726114  0.088363378149943 -0.096560427792903
    outer loop
      vertex  0.232500000163084  0.620640577404251  0.379390578124619
      vertex  0.210000000326183  0.500015351999749  0.500015351999731
      vertex  0.221252709421051  0.626264899885883  0.500014674542527
    endloop
  endfacet
  facet normal -0.991396651434095  0.096602507766373 -0.088321203674495
    outer loop
      vertex  0.232500000163084  0.620640577404251  0.379390578124619
      vertex  0.221247291068216  0.500014674868751  0.373764901054782
      vertex  0.210000000326183  0.500015351999749  0.500015351999731
    endloop
  endfacet
  facet normal -0.953391768175792  0.270973954078336 -0.132729998816352
    outer loop
      vertex  0.266247290905122  0.733752709094857  0.396262191715268
      vertex  0.221252709421051  0.626264899885883  0.500014674542527
      vertex  0.255000000163089  0.744999999836890  0.500012642823316
    endloop
  endfacet
  facet normal -0.948935561438015  0.298390258126795 -0.102394111614604
    outer loop
      vertex  0.266247290905122  0.733752709094857  0.396262191715268
      vertex  0.232500000163084  0.620640577404251  0.379390578124619
      vertex  0.221252709421051  0.626264899885883  0.500014674542527
    endloop
  endfacet
  facet normal -0.990560175765192  0.096929196293072  0.096929196293026
    outer loop
      vertex  0.221252709421051  0.626264899885883  0.500014674542527
      vertex  0.221252709421047  0.500014674542545  0.626264899885879
      vertex  0.232505418515915  0.620637867901639  0.620637867901633
    endloop
  endfacet
  facet normal -0.992149068252271  0.088431403828498  0.088431403828454
    outer loop
      vertex  0.221252709421051  0.626264899885883  0.500014674542527
      vertex  0.210000000326183  0.500015351999749  0.500015351999731
      vertex  0.221252709421047  0.500014674542545  0.626264899885879
    endloop
  endfacet
  facet normal -0.943771742237939  0.301738326135249  0.135088419541662
    outer loop
      vertex  0.255000000163089  0.744999999836890  0.500012642823316
      vertex  0.232505418515915  0.620637867901639  0.620637867901633
      vertex  0.266252709257953  0.733747290742026  0.603762190872562
    endloop
  endfacet
  facet normal -0.956889058449113  0.271971981479100  0.101953769477654
    outer loop
      vertex  0.255000000163089  0.744999999836890  0.500012642823316
      vertex  0.221252709421051  0.626264899885883  0.500014674542527
      vertex  0.232505418515915  0.620637867901639  0.620637867901633
    endloop
  endfacet
  facet normal -0.943771742237949  0.135088419541722  0.301738326135191
    outer loop
      vertex  0.232505418515915  0.620637867901639  0.620637867901633
      vertex  0.255000000163146  0.500012642823334  0.744999999836938
      vertex  0.266252709258013  0.603762190872580  0.733747290742070
    endloop
  endfacet
  facet normal -0.956889058449126  0.101953769477702  0.271971981479037
    outer loop
      vertex  0.232505418515915  0.620637867901639  0.620637867901633
      vertex  0.221252709421047  0.500014674542545  0.626264899885879
      vertex  0.255000000163146  0.500012642823334  0.744999999836938
    endloop
  endfacet
  facet normal -0.794731962733829  0.429185919741840  0.429185919741768
    outer loop
      vertex  0.266252709257953  0.733747290742026  0.603762190872562
      vertex  0.266252709258013  0.603762190872580  0.733747290742070
      vertex  0.300000000000043  0.700000000000011  0.700000000000032
    endloop
  endfacet
  facet normal -0.895878428470519  0.314167026755859  0.314167026755795
    outer loop
      vertex  0.266252709257953  0.733747290742026  0.603762190872562
      vertex  0.232505418515915  0.620637867901639  0.620637867901633
      vertex  0.266252709258013  0.603762190872580  0.733747290742070
    endloop
  endfacet
  facet normal  0.314122341445889 -0.895909766220397 -0.314122341445918
    outer loop
      vertex  0.603737808284779  0.266247290905240  0.266247290905125
      vertex  0.733752709094870  0.266247290905108  0.396262191715295
      vertex  0.620612130725614  0.232494581810338  0.379387869274431
    endloop
  endfacet
  facet normal  0.429147187413383 -0.794773793648431 -0.429147187413437
    outer loop
      vertex  0.603737808284779  0.266247290905240  0.266247290905125
      vertex  0.699999999999993  0.300000000000007  0.299999999999986
      vertex  0.733752709094870  0.266247290905108  0.396262191715295
    endloop
  endfacet
  facet normal  0.101898628357769 -0.956901876175669 -0.271947548086557
    outer loop
      vertex  0.499987357176684  0.255000000163209  0.255000000163092
      vertex  0.620612130725614  0.232494581810338  0.379387869274431
      vertex  0.499985325131267  0.221247291068305  0.373764901054795
    endloop
  endfacet
  facet normal  0.135020107076337 -0.943795171077736 -0.301695617693465
    outer loop
      vertex  0.499987357176684  0.255000000163209  0.255000000163092
      vertex  0.603737808284779  0.266247290905240  0.266247290905125
      vertex  0.620612130725614  0.232494581810338  0.379387869274431
    endloop
  endfacet
  facet normal  0.271947548086540 -0.956901876175676 -0.101898628357749
    outer loop
      vertex  0.620612130725614  0.232494581810338  0.379387869274431
      vertex  0.744999999836899  0.255000000163080  0.500012642823334
      vertex  0.626235098945247  0.221247291068309  0.500014674868751
    endloop
  endfacet
  facet normal  0.301695617693434 -0.943795171077749 -0.135020107076317
    outer loop
      vertex  0.620612130725614  0.232494581810338  0.379387869274431
      vertex  0.733752709094870  0.266247290905108  0.396262191715295
      vertex  0.744999999836899  0.255000000163080  0.500012642823334
    endloop
  endfacet
  facet normal  0.088387932348071 -0.992156815644820 -0.088387932348052
    outer loop
      vertex  0.499985325131267  0.221247291068305  0.373764901054795
      vertex  0.626235098945247  0.221247291068309  0.500014674868751
      vertex  0.499984648000269  0.210000000326276  0.500015351999749
    endloop
  endfacet
  facet normal  0.096877054621444 -0.990570377396655 -0.096877054621426
    outer loop
      vertex  0.499985325131267  0.221247291068305  0.373764901054795
      vertex  0.620612130725614  0.232494581810338  0.379387869274431
      vertex  0.626235098945247  0.221247291068309  0.500014674868751
    endloop
  endfacet
  facet normal -0.102437936158732 -0.948934044578614 -0.298380040008061
    outer loop
      vertex  0.396237809127392  0.266252709258071  0.266252709257956
      vertex  0.499985325131267  0.221247291068305  0.373764901054795
      vertex  0.379359422595722  0.232500000163169  0.379390578124630
    endloop
  endfacet
  facet normal -0.132792541200715 -0.953388957489329 -0.270953200274268
    outer loop
      vertex  0.396237809127392  0.266252709258071  0.266252709257956
      vertex  0.499987357176684  0.255000000163209  0.255000000163092
      vertex  0.499985325131267  0.221247291068305  0.373764901054795
    endloop
  endfacet
  facet normal -0.316386028970040 -0.855089314823875 -0.410758011907991
    outer loop
      vertex  0.300000000000043  0.299999999999989  0.299999999999968
      vertex  0.379359422595722  0.232500000163169  0.379390578124630
      vertex  0.266247290905173  0.266247290905090  0.396262191715286
    endloop
  endfacet
  facet normal -0.410789566226019 -0.855076237896158 -0.316380403415243
    outer loop
      vertex  0.300000000000043  0.299999999999989  0.299999999999968
      vertex  0.396237809127392  0.266252709258071  0.266252709257956
      vertex  0.379359422595722  0.232500000163169  0.379390578124630
    endloop
  endfacet
  facet normal -0.088363378149841 -0.991396992726124 -0.096560427792888
    outer loop
      vertex  0.379359422595722  0.232500000163169  0.379390578124630
      vertex  0.499984648000269  0.210000000326276  0.500015351999749
      vertex  0.373735100114093  0.221252709421140  0.500014674542545
    endloop
  endfacet
  facet normal -0.096602507766260 -0.991396651434106 -0.088321203674490
    outer loop
      vertex  0.379359422595722  0.232500000163169  0.379390578124630
      vertex  0.499985325131267  0.221247291068305  0.373764901054795
      vertex  0.499984648000269  0.210000000326276  0.500015351999749
    endloop
  endfacet
  facet normal -0.270973954078172 -0.953391768175844 -0.132729998816317
    outer loop
      vertex  0.266247290905173  0.266247290905090  0.396262191715286
      vertex  0.373735100114093  0.221252709421140  0.500014674542545
      vertex  0.255000000163146  0.255000000163062  0.500012642823334
    endloop
  endfacet
  facet normal -0.298390258126608 -0.948935561438075 -0.102394111614589
    outer loop
      vertex  0.266247290905173  0.266247290905090  0.396262191715286
      vertex  0.379359422595722  0.232500000163169  0.379390578124630
      vertex  0.373735100114093  0.221252709421140  0.500014674542545
    endloop
  endfacet
  facet normal  0.298380040008050 -0.948934044578611  0.102437936158794
    outer loop
      vertex  0.626235098945247  0.221247291068309  0.500014674868751
      vertex  0.733747290742030  0.266252709257948  0.603762190872571
      vertex  0.620609421875410  0.232500000163178  0.620640577404269
    endloop
  endfacet
  facet normal  0.270953200274247 -0.953388957489323  0.132792541200801
    outer loop
      vertex  0.626235098945247  0.221247291068309  0.500014674868751
      vertex  0.744999999836899  0.255000000163080  0.500012642823334
      vertex  0.733747290742030  0.266252709257948  0.603762190872571
    endloop
  endfacet
  facet normal  0.410758011907985 -0.855089314823839  0.316386028970145
    outer loop
      vertex  0.620609421875410  0.232500000163178  0.620640577404269
      vertex  0.700000000000029  0.300000000000079  0.700000000000050
      vertex  0.603737808284770  0.266247290905258  0.733752709094911
    endloop
  endfacet
  facet normal  0.316380403415225 -0.855076237896093  0.410789566226169
    outer loop
      vertex  0.620609421875410  0.232500000163178  0.620640577404269
      vertex  0.733747290742030  0.266252709257948  0.603762190872571
      vertex  0.700000000000029  0.300000000000079  0.700000000000050
    endloop
  endfacet
  facet normal  0.096560427792911 -0.991396992726117  0.088363378149892
    outer loop
      vertex  0.499984648000269  0.210000000326276  0.500015351999749
      vertex  0.620609421875410  0.232500000163178  0.620640577404269
      vertex  0.499985325457473  0.221252709421145  0.626264899885901
    endloop
  endfacet
  facet normal  0.088321203674508 -0.991396651434099  0.096602507766319
    outer loop
      vertex  0.499984648000269  0.210000000326276  0.500015351999749
      vertex  0.626235098945247  0.221247291068309  0.500014674868751
      vertex  0.620609421875410  0.232500000163178  0.620640577404269
    endloop
  endfacet
  facet normal  0.132729998816350 -0.953391768175815  0.270973954078255
    outer loop
      vertex  0.499985325457473  0.221252709421145  0.626264899885901
      vertex  0.603737808284770  0.266247290905258  0.733752709094911
      vertex  0.499987357176684  0.255000000163227  0.744999999836944
    endloop
  endfacet
  facet normal  0.102394111614613 -0.948935561438040  0.298390258126711
    outer loop
      vertex  0.499985325457473  0.221252709421145  0.626264899885901
      vertex  0.620609421875410  0.232500000163178  0.620640577404269
      vertex  0.603737808284770  0.266247290905258  0.733752709094911
    endloop
  endfacet
  facet normal -0.096929196292958 -0.990560175765204  0.096929196293012
    outer loop
      vertex  0.373735100114093  0.221252709421140  0.500014674542545
      vertex  0.499985325457473  0.221252709421145  0.626264899885901
      vertex  0.379362132098339  0.232505418516009  0.620637867901658
    endloop
  endfacet
  facet normal -0.088431403828396 -0.992149068252281  0.088431403828449
    outer loop
      vertex  0.373735100114093  0.221252709421140  0.500014674542545
      vertex  0.499984648000269  0.210000000326276  0.500015351999749
      vertex  0.499985325457473  0.221252709421145  0.626264899885901
    endloop
  endfacet
  facet normal -0.301738326135058 -0.943771742238005  0.135088419541626
    outer loop
      vertex  0.255000000163146  0.255000000163062  0.500012642823334
      vertex  0.379362132098339  0.232505418516009  0.620637867901658
      vertex  0.266252709258013  0.266252709257930  0.603762190872580
    endloop
  endfacet
  facet normal -0.271971981478935 -0.956889058449161  0.101953769477640
    outer loop
      vertex  0.255000000163146  0.255000000163062  0.500012642823334
      vertex  0.373735100114093  0.221252709421140  0.500014674542545
      vertex  0.379362132098339  0.232505418516009  0.620637867901658
    endloop
  endfacet
  facet normal -0.135088419541553 -0.943771742237988  0.301738326135142
    outer loop
      vertex  0.379362132098339  0.232505418516009  0.620637867901658
      vertex  0.499987357176684  0.255000000163227  0.744999999836944
      vertex  0.396237809127401  0.266252709258089  0.733747290742080
    endloop
  endfacet
  facet normal -0.101953769477582 -0.956889058449143  0.271971981479021
    outer loop
      vertex  0.379362132098339  0.232505418516009  0.620637867901658
      vertex  0.499985325457473  0.221252709421145  0.626264899885901
      vertex  0.499987357176684  0.255000000163227  0.744999999836944
    endloop
  endfacet
  facet normal -0.429185919741553 -0.794731962734041  0.429185919741661
    outer loop
      vertex  0.266252709258013  0.266252709257930  0.603762190872580
      vertex  0.396237809127401  0.266252709258089  0.733747290742080
      vertex  0.300000000000007  0.300000000000061  0.700000000000068
    endloop
  endfacet
  facet normal -0.314167026755664 -0.895878428470602  0.314167026755754
    outer loop
      vertex  0.266252709258013  0.266252709257930  0.603762190872580
      vertex  0.379362132098339  0.232505418516009  0.620637867901658
      vertex  0.396237809127401  0.266252709258089  0.733747290742080
    endloop
  endfacet
  facet normal  0.314122341445936  0.895909766220364 -0.314122341445965
    outer loop
      vertex  0.603737808284752  0.733752709094875  0.266247290905179
      vertex  0.620612130725596  0.767505418189734  0.379387869274449
      vertex  0.733752709094892  0.733752709094870  0.396262191715295
    endloop
  endfacet
  facet normal  0.429147187413462  0.794773793648346 -0.429147187413516
    outer loop
      vertex  0.603737808284752  0.733752709094875  0.266247290905179
      vertex  0.733752709094892  0.733752709094870  0.396262191715295
      vertex  0.700000000000029  0.699999999999921  0.299999999999949
    endloop
  endfacet
  facet normal  0.101898628357783  0.956901876175657 -0.271947548086595
    outer loop
      vertex  0.499987357176684  0.744999999836908  0.255000000163146
      vertex  0.499985325131267  0.778752708931767  0.373764901054813
      vertex  0.620612130725596  0.767505418189734  0.379387869274449
    endloop
  endfacet
  facet normal  0.135020107076360  0.943795171077718 -0.301695617693510
    outer loop
      vertex  0.499987357176684  0.744999999836908  0.255000000163146
      vertex  0.620612130725596  0.767505418189734  0.379387869274449
      vertex  0.603737808284752  0.733752709094875  0.266247290905179
    endloop
  endfacet
  facet normal  0.271947548086578  0.956901876175663 -0.101898628357765
    outer loop
      vertex  0.620612130725596  0.767505418189734  0.379387869274449
      vertex  0.626235098945229  0.778752708931763  0.500014674868751
      vertex  0.744999999836920  0.744999999836899  0.500012642823334
    endloop
  endfacet
  facet normal  0.301695617693479  0.943795171077731 -0.135020107076341
    outer loop
      vertex  0.620612130725596  0.767505418189734  0.379387869274449
      vertex  0.744999999836920  0.744999999836899  0.500012642823334
      vertex  0.733752709094892  0.733752709094870  0.396262191715295
    endloop
  endfacet
  facet normal  0.088387932348082  0.992156815644818 -0.088387932348064
    outer loop
      vertex  0.499985325131267  0.778752708931767  0.373764901054813
      vertex  0.499984648000269  0.789999999673795  0.500015351999749
      vertex  0.626235098945229  0.778752708931763  0.500014674868751
    endloop
  endfacet
  facet normal  0.096877054621457  0.990570377396652 -0.096877054621441
    outer loop
      vertex  0.499985325131267  0.778752708931767  0.373764901054813
      vertex  0.626235098945229  0.778752708931763  0.500014674868751
      vertex  0.620612130725596  0.767505418189734  0.379387869274449
    endloop
  endfacet
  facet normal -0.102437936158745  0.948934044578598 -0.298380040008107
    outer loop
      vertex  0.396237809127419  0.733747290742044  0.266252709258010
      vertex  0.379359422595740  0.767499999836903  0.379390578124648
      vertex  0.499985325131267  0.778752708931767  0.373764901054813
    endloop
  endfacet
  facet normal -0.132792541200738  0.953388957489315 -0.270953200274305
    outer loop
      vertex  0.396237809127419  0.733747290742044  0.266252709258010
      vertex  0.499985325131267  0.778752708931767  0.373764901054813
      vertex  0.499987357176684  0.744999999836908  0.255000000163146
    endloop
  endfacet
  facet normal -0.316386028970086  0.855089314823822 -0.410758011908066
    outer loop
      vertex  0.300000000000007  0.699999999999939  0.299999999999931
      vertex  0.266247290905122  0.733752709094857  0.396262191715268
      vertex  0.379359422595740  0.767499999836903  0.379390578124648
    endloop
  endfacet
  facet normal -0.410789566226094  0.855076237896105 -0.316380403415289
    outer loop
      vertex  0.300000000000007  0.699999999999939  0.299999999999931
      vertex  0.379359422595740  0.767499999836903  0.379390578124648
      vertex  0.396237809127419  0.733747290742044  0.266252709258010
    endloop
  endfacet
  facet normal -0.088363378149851  0.991396992726122 -0.096560427792901
    outer loop
      vertex  0.379359422595740  0.767499999836903  0.379390578124648
      vertex  0.373735100114111  0.778747290578932  0.500014674542545
      vertex  0.499984648000269  0.789999999673795  0.500015351999749
    endloop
  endfacet
  facet normal -0.096602507766272  0.991396651434104 -0.088321203674502
    outer loop
      vertex  0.379359422595740  0.767499999836903  0.379390578124648
      vertex  0.499984648000269  0.789999999673795  0.500015351999749
      vertex  0.499985325131267  0.778752708931767  0.373764901054813
    endloop
  endfacet
  facet normal -0.270973954078208  0.953391768175830 -0.132729998816341
    outer loop
      vertex  0.266247290905122  0.733752709094857  0.396262191715268
      vertex  0.255000000163089  0.744999999836890  0.500012642823316
      vertex  0.373735100114111  0.778747290578932  0.500014674542545
    endloop
  endfacet
  facet normal -0.298390258126653  0.948935561438059 -0.102394111614603
    outer loop
      vertex  0.266247290905122  0.733752709094857  0.396262191715268
      vertex  0.373735100114111  0.778747290578932  0.500014674542545
      vertex  0.379359422595740  0.767499999836903  0.379390578124648
    endloop
  endfacet
  facet normal  0.298380040008096  0.948934044578595  0.102437936158807
    outer loop
      vertex  0.626235098945229  0.778752708931763  0.500014674868751
      vertex  0.620609421875392  0.767499999836894  0.620640577404251
      vertex  0.733747290742052  0.733747290742030  0.603762190872571
    endloop
  endfacet
  facet normal  0.270953200274285  0.953388957489309  0.132792541200822
    outer loop
      vertex  0.626235098945229  0.778752708931763  0.500014674868751
      vertex  0.733747290742052  0.733747290742030  0.603762190872571
      vertex  0.744999999836920  0.744999999836899  0.500012642823334
    endloop
  endfacet
  facet normal  0.410758011908061  0.855089314823785  0.316386028970192
    outer loop
      vertex  0.620609421875392  0.767499999836894  0.620640577404251
      vertex  0.603737808284743  0.733752709094857  0.733752709094857
      vertex  0.699999999999993  0.699999999999993  0.700000000000014
    endloop
  endfacet
  facet normal  0.316380403415272  0.855076237896039  0.410789566226245
    outer loop
      vertex  0.620609421875392  0.767499999836894  0.620640577404251
      vertex  0.699999999999993  0.699999999999993  0.700000000000014
      vertex  0.733747290742052  0.733747290742030  0.603762190872571
    endloop
  endfacet
  facet normal  0.096560427792924  0.991396992726115  0.088363378149901
    outer loop
      vertex  0.499984648000269  0.789999999673795  0.500015351999749
      vertex  0.499985325457473  0.778747290578927  0.626264899885883
      vertex  0.620609421875392  0.767499999836894  0.620640577404251
    endloop
  endfacet
  facet normal  0.088321203674519  0.991396651434097  0.096602507766331
    outer loop
      vertex  0.499984648000269  0.789999999673795  0.500015351999749
      vertex  0.620609421875392  0.767499999836894  0.620640577404251
      vertex  0.626235098945229  0.778752708931763  0.500014674868751
    endloop
  endfacet
  facet normal  0.132729998816375  0.953391768175801  0.270973954078292
    outer loop
      vertex  0.499985325457473  0.778747290578927  0.626264899885883
      vertex  0.499987357176684  0.744999999836890  0.744999999836890
      vertex  0.603737808284743  0.733752709094857  0.733752709094857
    endloop
  endfacet
  facet normal  0.102394111614627  0.948935561438024  0.298390258126757
    outer loop
      vertex  0.499985325457473  0.778747290578927  0.626264899885883
      vertex  0.603737808284743  0.733752709094857  0.733752709094857
      vertex  0.620609421875392  0.767499999836894  0.620640577404251
    endloop
  endfacet
  facet normal -0.096929196292972  0.990560175765201  0.096929196293024
    outer loop
      vertex  0.373735100114111  0.778747290578932  0.500014674542545
      vertex  0.379362132098357  0.767494581484063  0.620637867901639
      vertex  0.499985325457473  0.778747290578927  0.626264899885883
    endloop
  endfacet
  facet normal -0.088431403828407  0.992149068252279  0.088431403828458
    outer loop
      vertex  0.373735100114111  0.778747290578932  0.500014674542545
      vertex  0.499985325457473  0.778747290578927  0.626264899885883
      vertex  0.499984648000269  0.789999999673795  0.500015351999749
    endloop
  endfacet
  facet normal -0.301738326135105  0.943771742237986  0.135088419541650
    outer loop
      vertex  0.255000000163089  0.744999999836890  0.500012642823316
      vertex  0.266252709257953  0.733747290742026  0.603762190872562
      vertex  0.379362132098357  0.767494581484063  0.620637867901639
    endloop
  endfacet
  facet normal -0.271971981478972  0.956889058449149  0.101953769477653
    outer loop
      vertex  0.255000000163089  0.744999999836890  0.500012642823316
      vertex  0.379362132098357  0.767494581484063  0.620637867901639
      vertex  0.373735100114111  0.778747290578932  0.500014674542545
    endloop
  endfacet
  facet normal -0.135088419541578  0.943771742237970  0.301738326135188
    outer loop
      vertex  0.379362132098357  0.767494581484063  0.620637867901639
      vertex  0.396237809127428  0.733747290742026  0.733747290742026
      vertex  0.499987357176684  0.744999999836890  0.744999999836890
    endloop
  endfacet
  facet normal -0.101953769477597  0.956889058449130  0.271971981479059
    outer loop
      vertex  0.379362132098357  0.767494581484063  0.620637867901639
      vertex  0.499987357176684  0.744999999836890  0.744999999836890
      vertex  0.499985325457473  0.778747290578927  0.626264899885883
    endloop
  endfacet
  facet normal -0.429185919741632  0.794731962733956  0.429185919741739
    outer loop
      vertex  0.266252709257953  0.733747290742026  0.603762190872562
      vertex  0.300000000000043  0.700000000000011  0.700000000000032
      vertex  0.396237809127428  0.733747290742026  0.733747290742026
    endloop
  endfacet
  facet normal -0.314167026755711  0.895878428470569  0.314167026755800
    outer loop
      vertex  0.266252709257953  0.733747290742026  0.603762190872562
      vertex  0.396237809127428  0.733747290742026  0.733747290742026
      vertex  0.379362132098357  0.767494581484063  0.620637867901639
    endloop
  endfacet
endsolid

