solid irit2stl
  facet normal -0.476357543673460 -0.739031109744718  0.476357543673738
    outer loop
      vertex  0.561250000000013  0.500000000000004  0.561249999999977
      vertex  0.530623156254945  0.500000000000004  0.530623156254928
      vertex  0.601414581789119  0.448247888481035  0.521125267773931
    endloop
  endfacet
  facet normal -0.200544107921239 -0.692741676520953  0.692741676520919
    outer loop
      vertex  0.561250000000013  0.500000000000004  0.561249999999977
      vertex  0.601414581789119  0.448247888481035  0.521125267773931
      vertex  0.641583999999973  0.457746920651131  0.542253079348882
    endloop
  endfacet
  facet normal -0.577350269189411 -0.577350269189722  0.577350269189744
    outer loop
      vertex  0.530623156254945  0.500000000000004  0.530623156254928
      vertex  0.500000000000000  0.500000000000004  0.500000000000000
      vertex  0.561250000000005  0.438750000000036  0.500000000000004
    endloop
  endfacet
  facet normal -0.288397469669075 -0.539657095190228  0.790946976161690
    outer loop
      vertex  0.530623156254945  0.500000000000004  0.530623156254928
      vertex  0.561250000000005  0.438750000000036  0.500000000000004
      vertex  0.601414581789119  0.448247888481035  0.521125267773931
    endloop
  endfacet
  facet normal  1.000000000000000 -0.000000000000000 -0.000000000000000
    outer loop
      vertex  1.000000000000000  0.500000000000003  0.549999999999994
      vertex  1.000000000000000  0.450000000000015  0.500000000000000
      vertex  1.000000000000000  0.500000000000003  0.500000000000000
    endloop
  endfacet
  facet normal  1.000000000000000 -0.000000000000000  0.000000000000000
    outer loop
      vertex  1.000000000000000  0.500000000000003  0.549999999999994
      vertex  1.000000000000000  0.464644660940678  0.535355339059333
      vertex  1.000000000000000  0.450000000000015  0.500000000000000
    endloop
  endfacet
  facet normal  0.254451001608074  0.350591404230368  0.901299259436302
    outer loop
      vertex  0.561250000000013  0.500000000000004  0.561249999999977
      vertex  0.691532902931735  0.459953423056197  0.540046576943823
      vertex  0.627411218614859  0.500000000000003  0.542571644095549
    endloop
  endfacet
  facet normal  0.055889022957368 -0.319093877540047  0.946073736253855
    outer loop
      vertex  0.561250000000013  0.500000000000004  0.561249999999977
      vertex  0.641583999999973  0.457746920651131  0.542253079348882
      vertex  0.691532902931735  0.459953423056197  0.540046576943823
    endloop
  endfacet
  facet normal  0.022379735099373 -0.051703740791448  0.998411673932678
    outer loop
      vertex  0.627411218614859  0.500000000000003  0.542571644095549
      vertex  0.752914451332572  0.462199109941098  0.537800890058923
      vertex  0.716001781357791  0.500000000000002  0.540585856691159
    endloop
  endfacet
  facet normal  0.036715193981120 -0.004222634825964  0.999316848595107
    outer loop
      vertex  0.627411218614859  0.500000000000003  0.542571644095549
      vertex  0.691532902931735  0.459953423056197  0.540046576943823
      vertex  0.752914451332572  0.462199109941098  0.537800890058923
    endloop
  endfacet
  facet normal -0.030610961140225 -0.382504097235941  0.923446579210616
    outer loop
      vertex  0.716001781357791  0.500000000000002  0.540585856691159
      vertex  1.000000000000000  0.464644660940678  0.535355339059333
      vertex  1.000000000000000  0.500000000000003  0.549999999999994
    endloop
  endfacet
  facet normal  0.010503397481734 -0.063266369167102  0.997941403677467
    outer loop
      vertex  0.716001781357791  0.500000000000002  0.540585856691159
      vertex  0.752914451332572  0.462199109941098  0.537800890058923
      vertex  1.000000000000000  0.464644660940678  0.535355339059333
    endloop
  endfacet
  facet normal  0.000000000000003 -0.000000000000060 -1.000000000000000
    outer loop
      vertex  0.500000000000000  0.500000000000004  0.500000000000000
      vertex  0.627411218614836  0.457428355904472  0.500000000000003
      vertex  0.561250000000005  0.438750000000036  0.500000000000004
    endloop
  endfacet
  facet normal -0.000000000000000 -0.000000000000070 -1.000000000000000
    outer loop
      vertex  0.500000000000000  0.500000000000004  0.500000000000000
      vertex  0.571339627396614  0.500000000000004  0.500000000000000
      vertex  0.627411218614836  0.457428355904472  0.500000000000003
    endloop
  endfacet
  facet normal -0.000000000000011 -0.000000000000084 -1.000000000000000
    outer loop
      vertex  0.571339627396614  0.500000000000004  0.500000000000000
      vertex  0.716001781357775  0.459414143308859  0.500000000000002
      vertex  0.627411218614836  0.457428355904472  0.500000000000003
    endloop
  endfacet
  facet normal -0.000000000000001 -0.000000000000048 -1.000000000000000
    outer loop
      vertex  0.571339627396614  0.500000000000004  0.500000000000000
      vertex  0.681474180559566  0.500000000000003  0.500000000000000
      vertex  0.716001781357775  0.459414143308859  0.500000000000002
    endloop
  endfacet
  facet normal -0.000000000000008 -0.000000000000055 -1.000000000000000
    outer loop
      vertex  0.681474180559566  0.500000000000003  0.500000000000000
      vertex  1.000000000000000  0.450000000000015  0.500000000000000
      vertex  0.716001781357775  0.459414143308859  0.500000000000002
    endloop
  endfacet
  facet normal  0.000000000000000 -0.000000000000000 -1.000000000000000
    outer loop
      vertex  0.681474180559566  0.500000000000003  0.500000000000000
      vertex  1.000000000000000  0.500000000000003  0.500000000000000
      vertex  1.000000000000000  0.450000000000015  0.500000000000000
    endloop
  endfacet
  facet normal  0.254451001608060 -0.901299259436336 -0.350591404230290
    outer loop
      vertex  0.561250000000005  0.438750000000036  0.500000000000004
      vertex  0.627411218614836  0.457428355904472  0.500000000000003
      vertex  0.691532902931735  0.459953423056197  0.540046576943823
    endloop
  endfacet
  facet normal  0.055889022957384 -0.946073736253952  0.319093877539755
    outer loop
      vertex  0.691532902931735  0.459953423056197  0.540046576943823
      vertex  0.641583999999973  0.457746920651131  0.542253079348882
      vertex  0.601414581789119  0.448247888481035  0.521125267773931
    endloop
  endfacet
  facet normal  0.055889022957207 -0.946073736253725  0.319093877540459
    outer loop
      vertex  0.691532902931735  0.459953423056197  0.540046576943823
      vertex  0.601414581789119  0.448247888481035  0.521125267773931
      vertex  0.561250000000005  0.438750000000036  0.500000000000004
    endloop
  endfacet
  facet normal  0.022379735099359 -0.998411673932676  0.051703740791496
    outer loop
      vertex  0.627411218614836  0.457428355904472  0.500000000000003
      vertex  0.716001781357775  0.459414143308859  0.500000000000002
      vertex  0.752914451332572  0.462199109941098  0.537800890058923
    endloop
  endfacet
  facet normal  0.036715193981119 -0.999316848595106  0.004222634825979
    outer loop
      vertex  0.627411218614836  0.457428355904472  0.500000000000003
      vertex  0.752914451332572  0.462199109941098  0.537800890058923
      vertex  0.691532902931735  0.459953423056197  0.540046576943823
    endloop
  endfacet
  facet normal -0.030610961140234 -0.923446579210622  0.382504097235926
    outer loop
      vertex  0.716001781357775  0.459414143308859  0.500000000000002
      vertex  1.000000000000000  0.450000000000015  0.500000000000000
      vertex  1.000000000000000  0.464644660940678  0.535355339059333
    endloop
  endfacet
  facet normal  0.010503397481726 -0.997941403677464  0.063266369167144
    outer loop
      vertex  0.716001781357775  0.459414143308859  0.500000000000002
      vertex  1.000000000000000  0.464644660940678  0.535355339059333
      vertex  0.752914451332572  0.462199109941098  0.537800890058923
    endloop
  endfacet
  facet normal  0.000000000000005  1.000000000000000  0.000000000000023
    outer loop
      vertex  0.500000000000000  0.500000000000004  0.500000000000000
      vertex  0.627411218614859  0.500000000000003  0.542571644095549
      vertex  0.571339627396614  0.500000000000004  0.500000000000000
    endloop
  endfacet
  facet normal  0.000000000000018  1.000000000000000 -0.000000000000018
    outer loop
      vertex  0.500000000000000  0.500000000000004  0.500000000000000
      vertex  0.561250000000013  0.500000000000004  0.561249999999977
      vertex  0.627411218614859  0.500000000000003  0.542571644095549
    endloop
  endfacet
  facet normal  0.000000000000004  1.000000000000000  0.000000000000032
    outer loop
      vertex  0.571339627396614  0.500000000000004  0.500000000000000
      vertex  0.716001781357791  0.500000000000002  0.540585856691159
      vertex  0.681474180559566  0.500000000000003  0.500000000000000
    endloop
  endfacet
  facet normal  0.000000000000008  1.000000000000000  0.000000000000018
    outer loop
      vertex  0.571339627396614  0.500000000000004  0.500000000000000
      vertex  0.627411218614859  0.500000000000003  0.542571644095549
      vertex  0.716001781357791  0.500000000000002  0.540585856691159
    endloop
  endfacet
  facet normal  0.000000000000002  1.000000000000000  0.000000000000000
    outer loop
      vertex  0.681474180559566  0.500000000000003  0.500000000000000
      vertex  1.000000000000000  0.500000000000003  0.549999999999994
      vertex  1.000000000000000  0.500000000000003  0.500000000000000
    endloop
  endfacet
  facet normal -0.000000000000004  1.000000000000000  0.000000000000039
    outer loop
      vertex  0.681474180559566  0.500000000000003  0.500000000000000
      vertex  0.716001781357791  0.500000000000002  0.540585856691159
      vertex  1.000000000000000  0.500000000000003  0.549999999999994
    endloop
  endfacet
  facet normal -0.476344364940762 -0.739048098555234 -0.476344364941033
    outer loop
      vertex  0.500000000000000  0.500000000000004  0.500000000000000
      vertex  0.530626843745080  0.500000000000004  0.469373156254938
      vertex  0.601419418210878  0.448249032170140  0.478872188425041
    endloop
  endfacet
  facet normal -0.364504359287410 -0.364504359287783 -0.856897394161447
    outer loop
      vertex  0.500000000000000  0.500000000000004  0.500000000000000
      vertex  0.601419418210878  0.448249032170140  0.478872188425041
      vertex  0.561250000000005  0.438750000000036  0.500000000000004
    endloop
  endfacet
  facet normal -0.364504359287325 -0.856897394161586 -0.364504359287542
    outer loop
      vertex  0.530626843745080  0.500000000000004  0.469373156254938
      vertex  0.561250000000025  0.500000000000004  0.438750000000011
      vertex  0.641583999999996  0.457746920651142  0.457746920651111
    endloop
  endfacet
  facet normal -0.288387392721206 -0.539677267433349 -0.790936886695227
    outer loop
      vertex  0.530626843745080  0.500000000000004  0.469373156254938
      vertex  0.641583999999996  0.457746920651142  0.457746920651111
      vertex  0.601419418210878  0.448249032170140  0.478872188425041
    endloop
  endfacet
  facet normal  1.000000000000000 -0.000000000000000 -0.000000000000000
    outer loop
      vertex  1.000000000000000  0.500000000000003  0.500000000000000
      vertex  1.000000000000000  0.464644660940684  0.464644660940661
      vertex  1.000000000000000  0.500000000000003  0.449999999999997
    endloop
  endfacet
  facet normal  1.000000000000000 -0.000000000000000 -0.000000000000000
    outer loop
      vertex  1.000000000000000  0.500000000000003  0.500000000000000
      vertex  1.000000000000000  0.450000000000015  0.500000000000000
      vertex  1.000000000000000  0.464644660940684  0.464644660940661
    endloop
  endfacet
  facet normal  0.000000000000000  0.000000000000070  1.000000000000000
    outer loop
      vertex  0.500000000000000  0.500000000000004  0.500000000000000
      vertex  0.627411218614836  0.457428355904472  0.500000000000003
      vertex  0.571339627396614  0.500000000000004  0.500000000000000
    endloop
  endfacet
  facet normal -0.000000000000003  0.000000000000060  1.000000000000000
    outer loop
      vertex  0.500000000000000  0.500000000000004  0.500000000000000
      vertex  0.561250000000005  0.438750000000036  0.500000000000004
      vertex  0.627411218614836  0.457428355904472  0.500000000000003
    endloop
  endfacet
  facet normal  0.000000000000001  0.000000000000048  1.000000000000000
    outer loop
      vertex  0.571339627396614  0.500000000000004  0.500000000000000
      vertex  0.716001781357775  0.459414143308859  0.500000000000002
      vertex  0.681474180559566  0.500000000000003  0.500000000000000
    endloop
  endfacet
  facet normal  0.000000000000011  0.000000000000084  1.000000000000000
    outer loop
      vertex  0.571339627396614  0.500000000000004  0.500000000000000
      vertex  0.627411218614836  0.457428355904472  0.500000000000003
      vertex  0.716001781357775  0.459414143308859  0.500000000000002
    endloop
  endfacet
  facet normal -0.000000000000000 -0.000000000000000  1.000000000000000
    outer loop
      vertex  0.681474180559566  0.500000000000003  0.500000000000000
      vertex  1.000000000000000  0.450000000000015  0.500000000000000
      vertex  1.000000000000000  0.500000000000003  0.500000000000000
    endloop
  endfacet
  facet normal  0.000000000000008  0.000000000000055  1.000000000000000
    outer loop
      vertex  0.681474180559566  0.500000000000003  0.500000000000000
      vertex  0.716001781357775  0.459414143308859  0.500000000000002
      vertex  1.000000000000000  0.450000000000015  0.500000000000000
    endloop
  endfacet
  facet normal  0.254451001608062  0.350591404230363 -0.901299259436307
    outer loop
      vertex  0.561250000000025  0.500000000000004  0.438750000000011
      vertex  0.627411218614859  0.500000000000005  0.457428355904451
      vertex  0.691532902931743  0.459953423056203  0.459953423056180
    endloop
  endfacet
  facet normal  0.055889022957400 -0.319093877540045 -0.946073736253853
    outer loop
      vertex  0.561250000000025  0.500000000000004  0.438750000000011
      vertex  0.691532902931743  0.459953423056203  0.459953423056180
      vertex  0.641583999999996  0.457746920651142  0.457746920651111
    endloop
  endfacet
  facet normal  0.022379735099371 -0.051703740791527 -0.998411673932674
    outer loop
      vertex  0.627411218614859  0.500000000000005  0.457428355904451
      vertex  0.716001781357791  0.500000000000005  0.459414143308840
      vertex  0.752914451332579  0.462199109941102  0.462199109941080
    endloop
  endfacet
  facet normal  0.036715193981121 -0.004222634826030 -0.999316848595106
    outer loop
      vertex  0.627411218614859  0.500000000000005  0.457428355904451
      vertex  0.752914451332579  0.462199109941102  0.462199109941080
      vertex  0.691532902931743  0.459953423056203  0.459953423056180
    endloop
  endfacet
  facet normal -0.030610961140228 -0.382504097235944 -0.923446579210615
    outer loop
      vertex  0.716001781357791  0.500000000000005  0.459414143308840
      vertex  1.000000000000000  0.500000000000003  0.449999999999997
      vertex  1.000000000000000  0.464644660940684  0.464644660940661
    endloop
  endfacet
  facet normal  0.010503397481723 -0.063266369167193 -0.997941403677461
    outer loop
      vertex  0.716001781357791  0.500000000000005  0.459414143308840
      vertex  1.000000000000000  0.464644660940684  0.464644660940661
      vertex  0.752914451332579  0.462199109941102  0.462199109941080
    endloop
  endfacet
  facet normal  0.043815131188559 -0.999013964372433  0.007164723846997
    outer loop
      vertex  0.641583999999996  0.457746920651142  0.457746920651111
      vertex  0.691532902931743  0.459953423056203  0.459953423056180
      vertex  0.627411218614836  0.457428355904472  0.500000000000003
    endloop
  endfacet
  facet normal  0.270745197317423 -0.959015465830245  0.083584534621827
    outer loop
      vertex  0.627411218614836  0.457428355904472  0.500000000000003
      vertex  0.561250000000005  0.438750000000036  0.500000000000004
      vertex  0.601419418210878  0.448249032170140  0.478872188425041
    endloop
  endfacet
  facet normal  0.270745197317028 -0.959015465830312  0.083584534622341
    outer loop
      vertex  0.627411218614836  0.457428355904472  0.500000000000003
      vertex  0.601419418210878  0.448249032170140  0.478872188425041
      vertex  0.641583999999996  0.457746920651142  0.457746920651111
    endloop
  endfacet
  facet normal  0.037873561357030 -0.998612464954731 -0.036588771326342
    outer loop
      vertex  0.691532902931743  0.459953423056203  0.459953423056180
      vertex  0.752914451332579  0.462199109941102  0.462199109941080
      vertex  0.716001781357775  0.459414143308859  0.500000000000002
    endloop
  endfacet
  facet normal  0.022401450693213 -0.999380456732269 -0.027145491493817
    outer loop
      vertex  0.691532902931743  0.459953423056203  0.459953423056180
      vertex  0.716001781357775  0.459414143308859  0.500000000000002
      vertex  0.627411218614836  0.457428355904472  0.500000000000003
    endloop
  endfacet
  facet normal  0.012930740952192 -0.923802291077254 -0.382651437915557
    outer loop
      vertex  0.752914451332579  0.462199109941102  0.462199109941080
      vertex  1.000000000000000  0.464644660940684  0.464644660940661
      vertex  1.000000000000000  0.450000000000015  0.500000000000000
    endloop
  endfacet
  facet normal -0.032945877815669 -0.993884446443534 -0.105395807566453
    outer loop
      vertex  0.752914451332579  0.462199109941102  0.462199109941080
      vertex  1.000000000000000  0.450000000000015  0.500000000000000
      vertex  0.716001781357775  0.459414143308859  0.500000000000002
    endloop
  endfacet
  facet normal -0.000000000000016  1.000000000000000  0.000000000000008
    outer loop
      vertex  0.561250000000025  0.500000000000004  0.438750000000011
      vertex  0.571339627396614  0.500000000000004  0.500000000000000
      vertex  0.627411218614859  0.500000000000005  0.457428355904451
    endloop
  endfacet
  facet normal  0.000000000000005  1.000000000000000  0.000000000000005
    outer loop
      vertex  0.561250000000025  0.500000000000004  0.438750000000011
      vertex  0.500000000000000  0.500000000000004  0.500000000000000
      vertex  0.571339627396614  0.500000000000004  0.500000000000000
    endloop
  endfacet
  facet normal  0.000000000000000  1.000000000000000  0.000000000000039
    outer loop
      vertex  0.627411218614859  0.500000000000005  0.457428355904451
      vertex  0.681474180559566  0.500000000000003  0.500000000000000
      vertex  0.716001781357791  0.500000000000005  0.459414143308840
    endloop
  endfacet
  facet normal  0.000000000000004  1.000000000000000  0.000000000000034
    outer loop
      vertex  0.627411218614859  0.500000000000005  0.457428355904451
      vertex  0.571339627396614  0.500000000000004  0.500000000000000
      vertex  0.681474180559566  0.500000000000003  0.500000000000000
    endloop
  endfacet
  facet normal  0.000000000000007  1.000000000000000  0.000000000000000
    outer loop
      vertex  0.716001781357791  0.500000000000005  0.459414143308840
      vertex  1.000000000000000  0.500000000000003  0.500000000000000
      vertex  1.000000000000000  0.500000000000003  0.449999999999997
    endloop
  endfacet
  facet normal  0.000000000000002  1.000000000000000  0.000000000000040
    outer loop
      vertex  0.716001781357791  0.500000000000005  0.459414143308840
      vertex  0.681474180559566  0.500000000000003  0.500000000000000
      vertex  1.000000000000000  0.500000000000003  0.500000000000000
    endloop
  endfacet
  facet normal -0.288397469668942  0.539657095190290  0.790946976161695
    outer loop
      vertex  0.641584000000013  0.542253079348879  0.542253079348873
      vertex  0.601414581789154  0.551752111518981  0.521125267773923
      vertex  0.530623156254945  0.500000000000004  0.530623156254928
    endloop
  endfacet
  facet normal -0.364504359287291  0.856897394161574  0.364504359287603
    outer loop
      vertex  0.641584000000013  0.542253079348879  0.542253079348873
      vertex  0.530623156254945  0.500000000000004  0.530623156254928
      vertex  0.561250000000013  0.500000000000004  0.561249999999977
    endloop
  endfacet
  facet normal -0.364504359287341  0.364504359287710  0.856897394161507
    outer loop
      vertex  0.601414581789154  0.551752111518981  0.521125267773923
      vertex  0.561250000000033  0.561249999999984  0.499999999999996
      vertex  0.500000000000000  0.500000000000004  0.500000000000000
    endloop
  endfacet
  facet normal -0.476357543673327  0.739031109744824  0.476357543673707
    outer loop
      vertex  0.601414581789154  0.551752111518981  0.521125267773923
      vertex  0.500000000000000  0.500000000000004  0.500000000000000
      vertex  0.530623156254945  0.500000000000004  0.530623156254928
    endloop
  endfacet
  facet normal  1.000000000000000 -0.000000000000000 -0.000000000000000
    outer loop
      vertex  1.000000000000000  0.535355339059333  0.535355339059322
      vertex  1.000000000000000  0.500000000000003  0.500000000000000
      vertex  1.000000000000000  0.550000000000000  0.500000000000000
    endloop
  endfacet
  facet normal  1.000000000000000 -0.000000000000000 -0.000000000000000
    outer loop
      vertex  1.000000000000000  0.535355339059333  0.535355339059322
      vertex  1.000000000000000  0.500000000000003  0.549999999999994
      vertex  1.000000000000000  0.500000000000003  0.500000000000000
    endloop
  endfacet
  facet normal  0.043815131188605 -0.007164723847056  0.999013964372431
    outer loop
      vertex  0.641584000000013  0.542253079348879  0.542253079348873
      vertex  0.627411218614859  0.500000000000003  0.542571644095549
      vertex  0.691532902931774  0.540046576943812  0.540046576943817
    endloop
  endfacet
  facet normal  0.270745197317412 -0.083584534622596  0.959015465830181
    outer loop
      vertex  0.641584000000013  0.542253079348879  0.542253079348873
      vertex  0.561250000000013  0.500000000000004  0.561249999999977
      vertex  0.627411218614859  0.500000000000003  0.542571644095549
    endloop
  endfacet
  facet normal  0.037873561357072  0.036588771326358  0.998612464954729
    outer loop
      vertex  0.691532902931774  0.540046576943812  0.540046576943817
      vertex  0.716001781357791  0.500000000000002  0.540585856691159
      vertex  0.752914451332599  0.537800890058911  0.537800890058915
    endloop
  endfacet
  facet normal  0.022401450693231  0.027145491493818  0.999380456732269
    outer loop
      vertex  0.691532902931774  0.540046576943812  0.540046576943817
      vertex  0.627411218614859  0.500000000000003  0.542571644095549
      vertex  0.716001781357791  0.500000000000002  0.540585856691159
    endloop
  endfacet
  facet normal  0.012930740952206  0.382651437915701  0.923802291077194
    outer loop
      vertex  0.752914451332599  0.537800890058911  0.537800890058915
      vertex  1.000000000000000  0.500000000000003  0.549999999999994
      vertex  1.000000000000000  0.535355339059333  0.535355339059322
    endloop
  endfacet
  facet normal -0.032945877815657  0.105395807566528  0.993884446443527
    outer loop
      vertex  0.752914451332599  0.537800890058911  0.537800890058915
      vertex  0.716001781357791  0.500000000000002  0.540585856691159
      vertex  1.000000000000000  0.500000000000003  0.549999999999994
    endloop
  endfacet
  facet normal -0.000000000000000 -0.000000000000064 -1.000000000000000
    outer loop
      vertex  0.561250000000033  0.561249999999984  0.499999999999996
      vertex  0.571339627396614  0.500000000000004  0.500000000000000
      vertex  0.500000000000000  0.500000000000004  0.500000000000000
    endloop
  endfacet
  facet normal -0.000000000000003 -0.000000000000065 -1.000000000000000
    outer loop
      vertex  0.561250000000033  0.561249999999984  0.499999999999996
      vertex  0.627411218614865  0.542571644095544  0.499999999999997
      vertex  0.571339627396614  0.500000000000004  0.500000000000000
    endloop
  endfacet
  facet normal -0.000000000000001 -0.000000000000068 -1.000000000000000
    outer loop
      vertex  0.627411218614865  0.542571644095544  0.499999999999997
      vertex  0.681474180559566  0.500000000000003  0.500000000000000
      vertex  0.571339627396614  0.500000000000004  0.500000000000000
    endloop
  endfacet
  facet normal  0.000000000000009 -0.000000000000057 -1.000000000000000
    outer loop
      vertex  0.627411218614865  0.542571644095544  0.499999999999997
      vertex  0.716001781357795  0.540585856691154  0.499999999999998
      vertex  0.681474180559566  0.500000000000003  0.500000000000000
    endloop
  endfacet
  facet normal  0.000000000000000 -0.000000000000049 -1.000000000000000
    outer loop
      vertex  0.716001781357795  0.540585856691154  0.499999999999998
      vertex  1.000000000000000  0.500000000000003  0.500000000000000
      vertex  0.681474180559566  0.500000000000003  0.500000000000000
    endloop
  endfacet
  facet normal  0.000000000000007 -0.000000000000000 -1.000000000000000
    outer loop
      vertex  0.716001781357795  0.540585856691154  0.499999999999998
      vertex  1.000000000000000  0.550000000000000  0.500000000000000
      vertex  1.000000000000000  0.500000000000003  0.500000000000000
    endloop
  endfacet
  facet normal -0.000000000000018 -1.000000000000000  0.000000000000018
    outer loop
      vertex  0.500000000000000  0.500000000000004  0.500000000000000
      vertex  0.627411218614859  0.500000000000003  0.542571644095549
      vertex  0.561250000000013  0.500000000000004  0.561249999999977
    endloop
  endfacet
  facet normal -0.000000000000005 -1.000000000000000 -0.000000000000023
    outer loop
      vertex  0.500000000000000  0.500000000000004  0.500000000000000
      vertex  0.571339627396614  0.500000000000004  0.500000000000000
      vertex  0.627411218614859  0.500000000000003  0.542571644095549
    endloop
  endfacet
  facet normal -0.000000000000008 -1.000000000000000 -0.000000000000018
    outer loop
      vertex  0.571339627396614  0.500000000000004  0.500000000000000
      vertex  0.716001781357791  0.500000000000002  0.540585856691159
      vertex  0.627411218614859  0.500000000000003  0.542571644095549
    endloop
  endfacet
  facet normal -0.000000000000004 -1.000000000000000 -0.000000000000032
    outer loop
      vertex  0.571339627396614  0.500000000000004  0.500000000000000
      vertex  0.681474180559566  0.500000000000003  0.500000000000000
      vertex  0.716001781357791  0.500000000000002  0.540585856691159
    endloop
  endfacet
  facet normal  0.000000000000004 -1.000000000000000 -0.000000000000039
    outer loop
      vertex  0.681474180559566  0.500000000000003  0.500000000000000
      vertex  1.000000000000000  0.500000000000003  0.549999999999994
      vertex  0.716001781357791  0.500000000000002  0.540585856691159
    endloop
  endfacet
  facet normal -0.000000000000002 -1.000000000000000  0.000000000000000
    outer loop
      vertex  0.681474180559566  0.500000000000003  0.500000000000000
      vertex  1.000000000000000  0.500000000000003  0.500000000000000
      vertex  1.000000000000000  0.500000000000003  0.549999999999994
    endloop
  endfacet
  facet normal  0.254451001608092  0.901299259436331 -0.350591404230279
    outer loop
      vertex  0.561250000000033  0.561249999999984  0.499999999999996
      vertex  0.691532902931774  0.540046576943812  0.540046576943817
      vertex  0.627411218614865  0.542571644095544  0.499999999999997
    endloop
  endfacet
  facet normal  0.055889022957577  0.946073736254013  0.319093877539542
    outer loop
      vertex  0.691532902931774  0.540046576943812  0.540046576943817
      vertex  0.561250000000033  0.561249999999984  0.499999999999996
      vertex  0.601414581789154  0.551752111518981  0.521125267773923
    endloop
  endfacet
  facet normal  0.055889022957402  0.946073736253789  0.319093877540237
    outer loop
      vertex  0.691532902931774  0.540046576943812  0.540046576943817
      vertex  0.601414581789154  0.551752111518981  0.521125267773923
      vertex  0.641584000000013  0.542253079348879  0.542253079348873
    endloop
  endfacet
  facet normal  0.022379735099370  0.998411673932671  0.051703740791588
    outer loop
      vertex  0.627411218614865  0.542571644095544  0.499999999999997
      vertex  0.752914451332599  0.537800890058911  0.537800890058915
      vertex  0.716001781357795  0.540585856691154  0.499999999999998
    endloop
  endfacet
  facet normal  0.036715193981113  0.999316848595106  0.004222634826122
    outer loop
      vertex  0.627411218614865  0.542571644095544  0.499999999999997
      vertex  0.691532902931774  0.540046576943812  0.540046576943817
      vertex  0.752914451332599  0.537800890058911  0.537800890058915
    endloop
  endfacet
  facet normal -0.030610961140236  0.923446579210600  0.382504097235981
    outer loop
      vertex  0.716001781357795  0.540585856691154  0.499999999999998
      vertex  1.000000000000000  0.535355339059333  0.535355339059322
      vertex  1.000000000000000  0.550000000000000  0.500000000000000
    endloop
  endfacet
  facet normal  0.010503397481716  0.997941403677457  0.063266369167258
    outer loop
      vertex  0.716001781357795  0.540585856691154  0.499999999999998
      vertex  0.752914451332599  0.537800890058911  0.537800890058915
      vertex  1.000000000000000  0.535355339059333  0.535355339059322
    endloop
  endfacet
  facet normal -0.288387392721153  0.539677267433283 -0.790936886695292
    outer loop
      vertex  0.561250000000033  0.561249999999984  0.499999999999996
      vertex  0.601419418210904  0.551750967829882  0.478872188425040
      vertex  0.530626843745080  0.500000000000004  0.469373156254938
    endloop
  endfacet
  facet normal -0.577350269189289  0.577350269189858 -0.577350269189730
    outer loop
      vertex  0.561250000000033  0.561249999999984  0.499999999999996
      vertex  0.530626843745080  0.500000000000004  0.469373156254938
      vertex  0.500000000000000  0.500000000000004  0.500000000000000
    endloop
  endfacet
  facet normal -0.200544107921117  0.692741676520997 -0.692741676520910
    outer loop
      vertex  0.601419418210904  0.551750967829882  0.478872188425040
      vertex  0.641584000000021  0.542253079348882  0.457746920651118
      vertex  0.561250000000025  0.500000000000004  0.438750000000011
    endloop
  endfacet
  facet normal -0.476344364940715  0.739048098555221 -0.476344364941099
    outer loop
      vertex  0.601419418210904  0.551750967829882  0.478872188425040
      vertex  0.561250000000025  0.500000000000004  0.438750000000011
      vertex  0.530626843745080  0.500000000000004  0.469373156254938
    endloop
  endfacet
  facet normal  1.000000000000000 -0.000000000000000 -0.000000000000000
    outer loop
      vertex  1.000000000000000  0.550000000000000  0.500000000000000
      vertex  1.000000000000000  0.500000000000003  0.449999999999997
      vertex  1.000000000000000  0.535355339059327  0.464644660940673
    endloop
  endfacet
  facet normal  1.000000000000000 -0.000000000000000  0.000000000000000
    outer loop
      vertex  1.000000000000000  0.550000000000000  0.500000000000000
      vertex  1.000000000000000  0.500000000000003  0.500000000000000
      vertex  1.000000000000000  0.500000000000003  0.449999999999997
    endloop
  endfacet
  facet normal  0.000000000000003  0.000000000000065  1.000000000000000
    outer loop
      vertex  0.561250000000033  0.561249999999984  0.499999999999996
      vertex  0.571339627396614  0.500000000000004  0.500000000000000
      vertex  0.627411218614865  0.542571644095544  0.499999999999997
    endloop
  endfacet
  facet normal  0.000000000000000  0.000000000000064  1.000000000000000
    outer loop
      vertex  0.561250000000033  0.561249999999984  0.499999999999996
      vertex  0.500000000000000  0.500000000000004  0.500000000000000
      vertex  0.571339627396614  0.500000000000004  0.500000000000000
    endloop
  endfacet
  facet normal -0.000000000000009  0.000000000000057  1.000000000000000
    outer loop
      vertex  0.627411218614865  0.542571644095544  0.499999999999997
      vertex  0.681474180559566  0.500000000000003  0.500000000000000
      vertex  0.716001781357795  0.540585856691154  0.499999999999998
    endloop
  endfacet
  facet normal  0.000000000000001  0.000000000000068  1.000000000000000
    outer loop
      vertex  0.627411218614865  0.542571644095544  0.499999999999997
      vertex  0.571339627396614  0.500000000000004  0.500000000000000
      vertex  0.681474180559566  0.500000000000003  0.500000000000000
    endloop
  endfacet
  facet normal -0.000000000000007 -0.000000000000000  1.000000000000000
    outer loop
      vertex  0.716001781357795  0.540585856691154  0.499999999999998
      vertex  1.000000000000000  0.500000000000003  0.500000000000000
      vertex  1.000000000000000  0.550000000000000  0.500000000000000
    endloop
  endfacet
  facet normal -0.000000000000000  0.000000000000049  1.000000000000000
    outer loop
      vertex  0.716001781357795  0.540585856691154  0.499999999999998
      vertex  0.681474180559566  0.500000000000003  0.500000000000000
      vertex  1.000000000000000  0.500000000000003  0.500000000000000
    endloop
  endfacet
  facet normal  0.043815131188563 -0.007164723847054 -0.999013964372433
    outer loop
      vertex  0.641584000000021  0.542253079348882  0.457746920651118
      vertex  0.691532902931766  0.540046576943817  0.459953423056180
      vertex  0.627411218614859  0.500000000000005  0.457428355904451
    endloop
  endfacet
  facet normal  0.270745197317415 -0.083584534622558 -0.959015465830184
    outer loop
      vertex  0.641584000000021  0.542253079348882  0.457746920651118
      vertex  0.627411218614859  0.500000000000005  0.457428355904451
      vertex  0.561250000000025  0.500000000000004  0.438750000000011
    endloop
  endfacet
  facet normal  0.037873561357064  0.036588771326294 -0.998612464954731
    outer loop
      vertex  0.691532902931766  0.540046576943817  0.459953423056180
      vertex  0.752914451332592  0.537800890058915  0.462199109941082
      vertex  0.716001781357791  0.500000000000005  0.459414143308840
    endloop
  endfacet
  facet normal  0.022401450693227  0.027145491493753 -0.999380456732270
    outer loop
      vertex  0.691532902931766  0.540046576943817  0.459953423056180
      vertex  0.716001781357791  0.500000000000005  0.459414143308840
      vertex  0.627411218614859  0.500000000000005  0.457428355904451
    endloop
  endfacet
  facet normal  0.012930740952224  0.382651437915702 -0.923802291077194
    outer loop
      vertex  0.752914451332592  0.537800890058915  0.462199109941082
      vertex  1.000000000000000  0.535355339059327  0.464644660940673
      vertex  1.000000000000000  0.500000000000003  0.449999999999997
    endloop
  endfacet
  facet normal -0.032945877815656  0.105395807566441 -0.993884446443536
    outer loop
      vertex  0.752914451332592  0.537800890058915  0.462199109941082
      vertex  1.000000000000000  0.500000000000003  0.449999999999997
      vertex  0.716001781357791  0.500000000000005  0.459414143308840
    endloop
  endfacet
  facet normal -0.000000000000005 -1.000000000000000 -0.000000000000005
    outer loop
      vertex  0.561250000000025  0.500000000000004  0.438750000000011
      vertex  0.571339627396614  0.500000000000004  0.500000000000000
      vertex  0.500000000000000  0.500000000000004  0.500000000000000
    endloop
  endfacet
  facet normal  0.000000000000016 -1.000000000000000 -0.000000000000008
    outer loop
      vertex  0.561250000000025  0.500000000000004  0.438750000000011
      vertex  0.627411218614859  0.500000000000005  0.457428355904451
      vertex  0.571339627396614  0.500000000000004  0.500000000000000
    endloop
  endfacet
  facet normal -0.000000000000004 -1.000000000000000 -0.000000000000034
    outer loop
      vertex  0.627411218614859  0.500000000000005  0.457428355904451
      vertex  0.681474180559566  0.500000000000003  0.500000000000000
      vertex  0.571339627396614  0.500000000000004  0.500000000000000
    endloop
  endfacet
  facet normal -0.000000000000000 -1.000000000000000 -0.000000000000039
    outer loop
      vertex  0.627411218614859  0.500000000000005  0.457428355904451
      vertex  0.716001781357791  0.500000000000005  0.459414143308840
      vertex  0.681474180559566  0.500000000000003  0.500000000000000
    endloop
  endfacet
  facet normal -0.000000000000002 -1.000000000000000 -0.000000000000040
    outer loop
      vertex  0.716001781357791  0.500000000000005  0.459414143308840
      vertex  1.000000000000000  0.500000000000003  0.500000000000000
      vertex  0.681474180559566  0.500000000000003  0.500000000000000
    endloop
  endfacet
  facet normal -0.000000000000007 -1.000000000000000  0.000000000000000
    outer loop
      vertex  0.716001781357791  0.500000000000005  0.459414143308840
      vertex  1.000000000000000  0.500000000000003  0.449999999999997
      vertex  1.000000000000000  0.500000000000003  0.500000000000000
    endloop
  endfacet
  facet normal  0.043815131188597  0.999013964372431  0.007164723847187
    outer loop
      vertex  0.641584000000021  0.542253079348882  0.457746920651118
      vertex  0.627411218614865  0.542571644095544  0.499999999999997
      vertex  0.691532902931766  0.540046576943817  0.459953423056180
    endloop
  endfacet
  facet normal  0.270745197317426  0.959015465830173  0.083584534622642
    outer loop
      vertex  0.627411218614865  0.542571644095544  0.499999999999997
      vertex  0.641584000000021  0.542253079348882  0.457746920651118
      vertex  0.601419418210904  0.551750967829882  0.478872188425040
    endloop
  endfacet
  facet normal  0.270745197317426  0.959015465830173  0.083584534622642
    outer loop
      vertex  0.627411218614865  0.542571644095544  0.499999999999997
      vertex  0.601419418210904  0.551750967829882  0.478872188425040
      vertex  0.561250000000033  0.561249999999984  0.499999999999996
    endloop
  endfacet
  facet normal  0.037873561357068  0.998612464954734 -0.036588771326214
    outer loop
      vertex  0.691532902931766  0.540046576943817  0.459953423056180
      vertex  0.716001781357795  0.540585856691154  0.499999999999998
      vertex  0.752914451332592  0.537800890058915  0.462199109941082
    endloop
  endfacet
  facet normal  0.022401450693226  0.999380456732273 -0.027145491493670
    outer loop
      vertex  0.691532902931766  0.540046576943817  0.459953423056180
      vertex  0.627411218614865  0.542571644095544  0.499999999999997
      vertex  0.716001781357795  0.540585856691154  0.499999999999998
    endloop
  endfacet
  facet normal  0.012930740952217  0.923802291077232 -0.382651437915610
    outer loop
      vertex  0.752914451332592  0.537800890058915  0.462199109941082
      vertex  1.000000000000000  0.550000000000000  0.500000000000000
      vertex  1.000000000000000  0.535355339059327  0.464644660940673
    endloop
  endfacet
  facet normal -0.032945877815665  0.993884446443544 -0.105395807566358
    outer loop
      vertex  0.752914451332592  0.537800890058915  0.462199109941082
      vertex  0.716001781357795  0.540585856691154  0.499999999999998
      vertex  1.000000000000000  0.550000000000000  0.500000000000000
    endloop
  endfacet
  facet normal  0.476357543673474 -0.476357543673713 -0.739031109744725
    outer loop
      vertex  0.398585418210877  0.478874732226079  0.448247888481022
      vertex  0.469376843745059  0.469376843745081  0.499999999999998
      vertex  0.438749999999995  0.438750000000036  0.499999999999996
    endloop
  endfacet
  facet normal  0.200544107921239 -0.692741676520953 -0.692741676520919
    outer loop
      vertex  0.398585418210877  0.478874732226079  0.448247888481022
      vertex  0.438749999999995  0.438750000000036  0.499999999999996
      vertex  0.358416000000028  0.457746920651131  0.457746920651118
    endloop
  endfacet
  facet normal  0.577350269189908 -0.577350269189223 -0.577350269189746
    outer loop
      vertex  0.469376843745059  0.469376843745081  0.499999999999998
      vertex  0.438749999999987  0.500000000000004  0.438750000000023
      vertex  0.469376843745041  0.500000000000015  0.469376843745074
    endloop
  endfacet
  facet normal  0.577350269189245 -0.577350269189554 -0.577350269190077
    outer loop
      vertex  0.469376843745059  0.469376843745081  0.499999999999998
      vertex  0.469376843745041  0.500000000000015  0.469376843745074
      vertex  0.500000000000000  0.500000000000004  0.500000000000000
    endloop
  endfacet
  facet normal  0.288397469669064 -0.790946976161705 -0.539657095190211
    outer loop
      vertex  0.438749999999987  0.500000000000004  0.438750000000023
      vertex  0.469376843745059  0.469376843745081  0.499999999999998
      vertex  0.398585418210877  0.478874732226079  0.448247888481022
    endloop
  endfacet
  facet normal -1.000000000000000  0.000000000000000 -0.000000000000000
    outer loop
      vertex  0.000000000000000  0.500000000000003  0.450000000000006
      vertex  0.000000000000000  0.450000000000015  0.500000000000000
      vertex  0.000000000000000  0.500000000000003  0.500000000000000
    endloop
  endfacet
  facet normal -1.000000000000000  0.000000000000000  0.000000000000000
    outer loop
      vertex  0.000000000000000  0.500000000000003  0.450000000000006
      vertex  0.000000000000000  0.464644660940678  0.464644660940667
      vertex  0.000000000000000  0.450000000000015  0.500000000000000
    endloop
  endfacet
  facet normal -0.254451001608073  0.350591404230366 -0.901299259436303
    outer loop
      vertex  0.438749999999987  0.500000000000004  0.438750000000023
      vertex  0.308467097068265  0.459953423056197  0.459953423056177
      vertex  0.372588781385141  0.500000000000003  0.457428355904451
    endloop
  endfacet
  facet normal -0.055889022957183 -0.319093877540563 -0.946073736253691
    outer loop
      vertex  0.308467097068265  0.459953423056197  0.459953423056177
      vertex  0.438749999999987  0.500000000000004  0.438750000000023
      vertex  0.398585418210877  0.478874732226079  0.448247888481022
    endloop
  endfacet
  facet normal -0.055889022957364 -0.319093877539848 -0.946073736253922
    outer loop
      vertex  0.308467097068265  0.459953423056197  0.459953423056177
      vertex  0.398585418210877  0.478874732226079  0.448247888481022
      vertex  0.358416000000028  0.457746920651131  0.457746920651118
    endloop
  endfacet
  facet normal -0.022379735099371 -0.051703740791452 -0.998411673932678
    outer loop
      vertex  0.372588781385141  0.500000000000003  0.457428355904451
      vertex  0.247085548667428  0.462199109941098  0.462199109941077
      vertex  0.283998218642209  0.500000000000002  0.459414143308840
    endloop
  endfacet
  facet normal -0.036715193981117 -0.004222634825971 -0.999316848595107
    outer loop
      vertex  0.372588781385141  0.500000000000003  0.457428355904451
      vertex  0.308467097068265  0.459953423056197  0.459953423056177
      vertex  0.247085548667428  0.462199109941098  0.462199109941077
    endloop
  endfacet
  facet normal  0.030610961140224 -0.382504097235944 -0.923446579210615
    outer loop
      vertex  0.283998218642209  0.500000000000002  0.459414143308840
      vertex  0.000000000000000  0.464644660940678  0.464644660940667
      vertex  0.000000000000000  0.500000000000003  0.450000000000006
    endloop
  endfacet
  facet normal -0.010503397481735 -0.063266369167103 -0.997941403677467
    outer loop
      vertex  0.283998218642209  0.500000000000002  0.459414143308840
      vertex  0.247085548667428  0.462199109941098  0.462199109941077
      vertex  0.000000000000000  0.464644660940678  0.464644660940667
    endloop
  endfacet
  facet normal -0.000000000000002 -0.000000000000062  1.000000000000000
    outer loop
      vertex  0.500000000000000  0.500000000000004  0.500000000000000
      vertex  0.372588781385164  0.457428355904472  0.499999999999997
      vertex  0.438749999999995  0.438750000000036  0.499999999999996
    endloop
  endfacet
  facet normal  0.000000000000000 -0.000000000000069  1.000000000000000
    outer loop
      vertex  0.500000000000000  0.500000000000004  0.500000000000000
      vertex  0.428660372603386  0.500000000000004  0.500000000000000
      vertex  0.372588781385164  0.457428355904472  0.499999999999997
    endloop
  endfacet
  facet normal  0.000000000000008 -0.000000000000080  1.000000000000000
    outer loop
      vertex  0.428660372603386  0.500000000000004  0.500000000000000
      vertex  0.283998218642225  0.459414143308859  0.499999999999998
      vertex  0.372588781385164  0.457428355904472  0.499999999999997
    endloop
  endfacet
  facet normal -0.000000000000001 -0.000000000000049  1.000000000000000
    outer loop
      vertex  0.428660372603386  0.500000000000004  0.500000000000000
      vertex  0.318525819440433  0.500000000000003  0.500000000000000
      vertex  0.283998218642225  0.459414143308859  0.499999999999998
    endloop
  endfacet
  facet normal  0.000000000000009 -0.000000000000057  1.000000000000000
    outer loop
      vertex  0.318525819440433  0.500000000000003  0.500000000000000
      vertex  0.000000000000000  0.450000000000015  0.500000000000000
      vertex  0.283998218642225  0.459414143308859  0.499999999999998
    endloop
  endfacet
  facet normal  0.000000000000000  0.000000000000000  1.000000000000000
    outer loop
      vertex  0.318525819440433  0.500000000000003  0.500000000000000
      vertex  0.000000000000000  0.500000000000003  0.500000000000000
      vertex  0.000000000000000  0.450000000000015  0.500000000000000
    endloop
  endfacet
  facet normal -0.254451001608060 -0.901299259436337  0.350591404230289
    outer loop
      vertex  0.438749999999995  0.438750000000036  0.499999999999996
      vertex  0.372588781385164  0.457428355904472  0.499999999999997
      vertex  0.308467097068265  0.459953423056197  0.459953423056177
    endloop
  endfacet
  facet normal -0.055889022957390 -0.946073736253887 -0.319093877539948
    outer loop
      vertex  0.438749999999995  0.438750000000036  0.499999999999996
      vertex  0.308467097068265  0.459953423056197  0.459953423056177
      vertex  0.358416000000028  0.457746920651131  0.457746920651118
    endloop
  endfacet
  facet normal -0.022379735099359 -0.998411673932676 -0.051703740791496
    outer loop
      vertex  0.372588781385164  0.457428355904472  0.499999999999997
      vertex  0.283998218642225  0.459414143308859  0.499999999999998
      vertex  0.247085548667428  0.462199109941098  0.462199109941077
    endloop
  endfacet
  facet normal -0.036715193981119 -0.999316848595106 -0.004222634825979
    outer loop
      vertex  0.372588781385164  0.457428355904472  0.499999999999997
      vertex  0.247085548667428  0.462199109941098  0.462199109941077
      vertex  0.308467097068265  0.459953423056197  0.459953423056177
    endloop
  endfacet
  facet normal  0.030610961140234 -0.923446579210622 -0.382504097235927
    outer loop
      vertex  0.283998218642225  0.459414143308859  0.499999999999998
      vertex  0.000000000000000  0.450000000000015  0.500000000000000
      vertex  0.000000000000000  0.464644660940678  0.464644660940667
    endloop
  endfacet
  facet normal -0.010503397481726 -0.997941403677464 -0.063266369167143
    outer loop
      vertex  0.283998218642225  0.459414143308859  0.499999999999998
      vertex  0.000000000000000  0.464644660940678  0.464644660940667
      vertex  0.247085548667428  0.462199109941098  0.462199109941077
    endloop
  endfacet
  facet normal -0.000000000000005  1.000000000000000 -0.000000000000023
    outer loop
      vertex  0.500000000000000  0.500000000000004  0.500000000000000
      vertex  0.372588781385141  0.500000000000003  0.457428355904451
      vertex  0.428660372603386  0.500000000000004  0.500000000000000
    endloop
  endfacet
  facet normal -0.000000000000018  1.000000000000000  0.000000000000018
    outer loop
      vertex  0.500000000000000  0.500000000000004  0.500000000000000
      vertex  0.438749999999987  0.500000000000004  0.438750000000023
      vertex  0.372588781385141  0.500000000000003  0.457428355904451
    endloop
  endfacet
  facet normal -0.000000000000004  1.000000000000000 -0.000000000000032
    outer loop
      vertex  0.428660372603386  0.500000000000004  0.500000000000000
      vertex  0.283998218642209  0.500000000000002  0.459414143308840
      vertex  0.318525819440433  0.500000000000003  0.500000000000000
    endloop
  endfacet
  facet normal -0.000000000000008  1.000000000000000 -0.000000000000018
    outer loop
      vertex  0.428660372603386  0.500000000000004  0.500000000000000
      vertex  0.372588781385141  0.500000000000003  0.457428355904451
      vertex  0.283998218642209  0.500000000000002  0.459414143308840
    endloop
  endfacet
  facet normal -0.000000000000002  1.000000000000000 -0.000000000000000
    outer loop
      vertex  0.318525819440433  0.500000000000003  0.500000000000000
      vertex  0.000000000000000  0.500000000000003  0.450000000000006
      vertex  0.000000000000000  0.500000000000003  0.500000000000000
    endloop
  endfacet
  facet normal  0.000000000000004  1.000000000000000 -0.000000000000039
    outer loop
      vertex  0.318525819440433  0.500000000000003  0.500000000000000
      vertex  0.283998218642209  0.500000000000002  0.459414143308840
      vertex  0.000000000000000  0.500000000000003  0.450000000000006
    endloop
  endfacet
  facet normal  0.476344364940761 -0.739048098555232  0.476344364941036
    outer loop
      vertex  0.500000000000000  0.500000000000004  0.500000000000000
      vertex  0.469373156254920  0.500000000000004  0.530626843745062
      vertex  0.398580581789122  0.448249032170140  0.521127811574959
    endloop
  endfacet
  facet normal  0.364504359287407 -0.364504359287778  0.856897394161450
    outer loop
      vertex  0.500000000000000  0.500000000000004  0.500000000000000
      vertex  0.398580581789122  0.448249032170140  0.521127811574959
      vertex  0.438749999999995  0.438750000000036  0.499999999999996
    endloop
  endfacet
  facet normal  0.364504359287327 -0.856897394161586  0.364504359287539
    outer loop
      vertex  0.469373156254920  0.500000000000004  0.530626843745062
      vertex  0.438749999999975  0.500000000000004  0.561249999999989
      vertex  0.358416000000004  0.457746920651142  0.542253079348889
    endloop
  endfacet
  facet normal  0.288387392721211 -0.539677267433353  0.790936886695222
    outer loop
      vertex  0.469373156254920  0.500000000000004  0.530626843745062
      vertex  0.358416000000004  0.457746920651142  0.542253079348889
      vertex  0.398580581789122  0.448249032170140  0.521127811574959
    endloop
  endfacet
  facet normal -1.000000000000000  0.000000000000000 -0.000000000000000
    outer loop
      vertex  0.000000000000000  0.500000000000003  0.500000000000000
      vertex  0.000000000000000  0.464644660940684  0.535355339059339
      vertex  0.000000000000000  0.500000000000003  0.550000000000003
    endloop
  endfacet
  facet normal -1.000000000000000 -0.000000000000000  0.000000000000000
    outer loop
      vertex  0.000000000000000  0.500000000000003  0.500000000000000
      vertex  0.000000000000000  0.450000000000015  0.500000000000000
      vertex  0.000000000000000  0.464644660940684  0.535355339059339
    endloop
  endfacet
  facet normal -0.000000000000000  0.000000000000069 -1.000000000000000
    outer loop
      vertex  0.500000000000000  0.500000000000004  0.500000000000000
      vertex  0.372588781385164  0.457428355904472  0.499999999999997
      vertex  0.428660372603386  0.500000000000004  0.500000000000000
    endloop
  endfacet
  facet normal  0.000000000000002  0.000000000000062 -1.000000000000000
    outer loop
      vertex  0.500000000000000  0.500000000000004  0.500000000000000
      vertex  0.438749999999995  0.438750000000036  0.499999999999996
      vertex  0.372588781385164  0.457428355904472  0.499999999999997
    endloop
  endfacet
  facet normal  0.000000000000001  0.000000000000049 -1.000000000000000
    outer loop
      vertex  0.428660372603386  0.500000000000004  0.500000000000000
      vertex  0.283998218642225  0.459414143308859  0.499999999999998
      vertex  0.318525819440433  0.500000000000003  0.500000000000000
    endloop
  endfacet
  facet normal -0.000000000000008  0.000000000000080 -1.000000000000000
    outer loop
      vertex  0.428660372603386  0.500000000000004  0.500000000000000
      vertex  0.372588781385164  0.457428355904472  0.499999999999997
      vertex  0.283998218642225  0.459414143308859  0.499999999999998
    endloop
  endfacet
  facet normal -0.000000000000000  0.000000000000000 -1.000000000000000
    outer loop
      vertex  0.318525819440433  0.500000000000003  0.500000000000000
      vertex  0.000000000000000  0.450000000000015  0.500000000000000
      vertex  0.000000000000000  0.500000000000003  0.500000000000000
    endloop
  endfacet
  facet normal -0.000000000000009  0.000000000000057 -1.000000000000000
    outer loop
      vertex  0.318525819440433  0.500000000000003  0.500000000000000
      vertex  0.283998218642225  0.459414143308859  0.499999999999998
      vertex  0.000000000000000  0.450000000000015  0.500000000000000
    endloop
  endfacet
  facet normal -0.254451001608062  0.350591404230368  0.901299259436306
    outer loop
      vertex  0.438749999999975  0.500000000000004  0.561249999999989
      vertex  0.372588781385141  0.500000000000005  0.542571644095549
      vertex  0.308467097068257  0.459953423056203  0.540046576943821
    endloop
  endfacet
  facet normal -0.055889022957397 -0.319093877540050  0.946073736253852
    outer loop
      vertex  0.438749999999975  0.500000000000004  0.561249999999989
      vertex  0.308467097068257  0.459953423056203  0.540046576943821
      vertex  0.358416000000004  0.457746920651142  0.542253079348889
    endloop
  endfacet
  facet normal -0.022379735099372 -0.051703740791525  0.998411673932674
    outer loop
      vertex  0.372588781385141  0.500000000000005  0.542571644095549
      vertex  0.283998218642209  0.500000000000005  0.540585856691160
      vertex  0.247085548667421  0.462199109941102  0.537800890058920
    endloop
  endfacet
  facet normal -0.036715193981125 -0.004222634826019  0.999316848595106
    outer loop
      vertex  0.372588781385141  0.500000000000005  0.542571644095549
      vertex  0.247085548667421  0.462199109941102  0.537800890058920
      vertex  0.308467097068257  0.459953423056203  0.540046576943821
    endloop
  endfacet
  facet normal  0.030610961140228 -0.382504097235941  0.923446579210616
    outer loop
      vertex  0.283998218642209  0.500000000000005  0.540585856691160
      vertex  0.000000000000000  0.500000000000003  0.550000000000003
      vertex  0.000000000000000  0.464644660940684  0.535355339059339
    endloop
  endfacet
  facet normal -0.010503397481723 -0.063266369167192  0.997941403677461
    outer loop
      vertex  0.283998218642209  0.500000000000005  0.540585856691160
      vertex  0.000000000000000  0.464644660940684  0.535355339059339
      vertex  0.247085548667421  0.462199109941102  0.537800890058920
    endloop
  endfacet
  facet normal -0.043815131188559 -0.999013964372434 -0.007164723846997
    outer loop
      vertex  0.358416000000004  0.457746920651142  0.542253079348889
      vertex  0.308467097068257  0.459953423056203  0.540046576943821
      vertex  0.372588781385164  0.457428355904472  0.499999999999997
    endloop
  endfacet
  facet normal -0.270745197317423 -0.959015465830245 -0.083584534621831
    outer loop
      vertex  0.372588781385164  0.457428355904472  0.499999999999997
      vertex  0.438749999999995  0.438750000000036  0.499999999999996
      vertex  0.398580581789122  0.448249032170140  0.521127811574959
    endloop
  endfacet
  facet normal -0.270745197317030 -0.959015465830311 -0.083584534622342
    outer loop
      vertex  0.372588781385164  0.457428355904472  0.499999999999997
      vertex  0.398580581789122  0.448249032170140  0.521127811574959
      vertex  0.358416000000004  0.457746920651142  0.542253079348889
    endloop
  endfacet
  facet normal -0.037873561357029 -0.998612464954731  0.036588771326342
    outer loop
      vertex  0.308467097068257  0.459953423056203  0.540046576943821
      vertex  0.247085548667421  0.462199109941102  0.537800890058920
      vertex  0.283998218642225  0.459414143308859  0.499999999999998
    endloop
  endfacet
  facet normal -0.022401450693213 -0.999380456732269  0.027145491493817
    outer loop
      vertex  0.308467097068257  0.459953423056203  0.540046576943821
      vertex  0.283998218642225  0.459414143308859  0.499999999999998
      vertex  0.372588781385164  0.457428355904472  0.499999999999997
    endloop
  endfacet
  facet normal -0.012930740952192 -0.923802291077255  0.382651437915555
    outer loop
      vertex  0.247085548667421  0.462199109941102  0.537800890058920
      vertex  0.000000000000000  0.464644660940684  0.535355339059339
      vertex  0.000000000000000  0.450000000000015  0.500000000000000
    endloop
  endfacet
  facet normal  0.032945877815669 -0.993884446443534  0.105395807566454
    outer loop
      vertex  0.247085548667421  0.462199109941102  0.537800890058920
      vertex  0.000000000000000  0.450000000000015  0.500000000000000
      vertex  0.283998218642225  0.459414143308859  0.499999999999998
    endloop
  endfacet
  facet normal  0.000000000000016  1.000000000000000 -0.000000000000008
    outer loop
      vertex  0.438749999999975  0.500000000000004  0.561249999999989
      vertex  0.428660372603386  0.500000000000004  0.500000000000000
      vertex  0.372588781385141  0.500000000000005  0.542571644095549
    endloop
  endfacet
  facet normal -0.000000000000005  1.000000000000000 -0.000000000000005
    outer loop
      vertex  0.438749999999975  0.500000000000004  0.561249999999989
      vertex  0.500000000000000  0.500000000000004  0.500000000000000
      vertex  0.428660372603386  0.500000000000004  0.500000000000000
    endloop
  endfacet
  facet normal -0.000000000000000  1.000000000000000 -0.000000000000039
    outer loop
      vertex  0.372588781385141  0.500000000000005  0.542571644095549
      vertex  0.318525819440433  0.500000000000003  0.500000000000000
      vertex  0.283998218642209  0.500000000000005  0.540585856691160
    endloop
  endfacet
  facet normal -0.000000000000004  1.000000000000000 -0.000000000000034
    outer loop
      vertex  0.372588781385141  0.500000000000005  0.542571644095549
      vertex  0.428660372603386  0.500000000000004  0.500000000000000
      vertex  0.318525819440433  0.500000000000003  0.500000000000000
    endloop
  endfacet
  facet normal -0.000000000000007  1.000000000000000 -0.000000000000000
    outer loop
      vertex  0.283998218642209  0.500000000000005  0.540585856691160
      vertex  0.000000000000000  0.500000000000003  0.500000000000000
      vertex  0.000000000000000  0.500000000000003  0.550000000000003
    endloop
  endfacet
  facet normal -0.000000000000002  1.000000000000000 -0.000000000000040
    outer loop
      vertex  0.283998218642209  0.500000000000005  0.540585856691160
      vertex  0.318525819440433  0.500000000000003  0.500000000000000
      vertex  0.000000000000000  0.500000000000003  0.500000000000000
    endloop
  endfacet
  facet normal  0.288397469668941  0.539657095190292 -0.790946976161695
    outer loop
      vertex  0.358415999999988  0.542253079348879  0.457746920651127
      vertex  0.398585418210846  0.551752111518981  0.478874732226077
      vertex  0.469376843745041  0.500000000000015  0.469376843745074
    endloop
  endfacet
  facet normal  0.364504359287290  0.856897394161573 -0.364504359287605
    outer loop
      vertex  0.358415999999988  0.542253079348879  0.457746920651127
      vertex  0.469376843745041  0.500000000000015  0.469376843745074
      vertex  0.438749999999987  0.500000000000004  0.438750000000023
    endloop
  endfacet
  facet normal  0.364504359287340  0.364504359287709 -0.856897394161508
    outer loop
      vertex  0.398585418210846  0.551752111518981  0.478874732226077
      vertex  0.438749999999967  0.561249999999984  0.500000000000004
      vertex  0.500000000000000  0.500000000000004  0.500000000000000
    endloop
  endfacet
  facet normal  0.476357543673328  0.739031109744826 -0.476357543673704
    outer loop
      vertex  0.398585418210846  0.551752111518981  0.478874732226077
      vertex  0.500000000000000  0.500000000000004  0.500000000000000
      vertex  0.469376843745041  0.500000000000015  0.469376843745074
    endloop
  endfacet
  facet normal -1.000000000000000  0.000000000000000 -0.000000000000000
    outer loop
      vertex  0.000000000000000  0.535355339059333  0.464644660940678
      vertex  0.000000000000000  0.500000000000003  0.500000000000000
      vertex  0.000000000000000  0.550000000000000  0.500000000000000
    endloop
  endfacet
  facet normal -1.000000000000000  0.000000000000000 -0.000000000000000
    outer loop
      vertex  0.000000000000000  0.535355339059333  0.464644660940678
      vertex  0.000000000000000  0.500000000000003  0.450000000000006
      vertex  0.000000000000000  0.500000000000003  0.500000000000000
    endloop
  endfacet
  facet normal -0.043815131188606 -0.007164723847060 -0.999013964372431
    outer loop
      vertex  0.358415999999988  0.542253079348879  0.457746920651127
      vertex  0.372588781385141  0.500000000000003  0.457428355904451
      vertex  0.308467097068226  0.540046576943812  0.459953423056183
    endloop
  endfacet
  facet normal -0.270745197317412 -0.083584534622600 -0.959015465830181
    outer loop
      vertex  0.358415999999988  0.542253079348879  0.457746920651127
      vertex  0.438749999999987  0.500000000000004  0.438750000000023
      vertex  0.372588781385141  0.500000000000003  0.457428355904451
    endloop
  endfacet
  facet normal -0.037873561357070  0.036588771326364 -0.998612464954729
    outer loop
      vertex  0.308467097068226  0.540046576943812  0.459953423056183
      vertex  0.283998218642209  0.500000000000002  0.459414143308840
      vertex  0.247085548667400  0.537800890058911  0.462199109941085
    endloop
  endfacet
  facet normal -0.022401450693227  0.027145491493822 -0.999380456732268
    outer loop
      vertex  0.308467097068226  0.540046576943812  0.459953423056183
      vertex  0.372588781385141  0.500000000000003  0.457428355904451
      vertex  0.283998218642209  0.500000000000002  0.459414143308840
    endloop
  endfacet
  facet normal -0.012930740952206  0.382651437915702 -0.923802291077194
    outer loop
      vertex  0.247085548667400  0.537800890058911  0.462199109941085
      vertex  0.000000000000000  0.500000000000003  0.450000000000006
      vertex  0.000000000000000  0.535355339059333  0.464644660940678
    endloop
  endfacet
  facet normal  0.032945877815656  0.105395807566532 -0.993884446443526
    outer loop
      vertex  0.247085548667400  0.537800890058911  0.462199109941085
      vertex  0.283998218642209  0.500000000000002  0.459414143308840
      vertex  0.000000000000000  0.500000000000003  0.450000000000006
    endloop
  endfacet
  facet normal  0.000000000000000 -0.000000000000063  1.000000000000000
    outer loop
      vertex  0.438749999999967  0.561249999999984  0.500000000000004
      vertex  0.428660372603386  0.500000000000004  0.500000000000000
      vertex  0.500000000000000  0.500000000000004  0.500000000000000
    endloop
  endfacet
  facet normal  0.000000000000005 -0.000000000000064  1.000000000000000
    outer loop
      vertex  0.438749999999967  0.561249999999984  0.500000000000004
      vertex  0.372588781385135  0.542571644095544  0.500000000000003
      vertex  0.428660372603386  0.500000000000004  0.500000000000000
    endloop
  endfacet
  facet normal -0.000000000000001 -0.000000000000071  1.000000000000000
    outer loop
      vertex  0.372588781385135  0.542571644095544  0.500000000000003
      vertex  0.318525819440433  0.500000000000003  0.500000000000000
      vertex  0.428660372603386  0.500000000000004  0.500000000000000
    endloop
  endfacet
  facet normal -0.000000000000011 -0.000000000000057  1.000000000000000
    outer loop
      vertex  0.372588781385135  0.542571644095544  0.500000000000003
      vertex  0.283998218642205  0.540585856691154  0.500000000000002
      vertex  0.318525819440433  0.500000000000003  0.500000000000000
    endloop
  endfacet
  facet normal  0.000000000000000 -0.000000000000048  1.000000000000000
    outer loop
      vertex  0.283998218642205  0.540585856691154  0.500000000000002
      vertex  0.000000000000000  0.500000000000003  0.500000000000000
      vertex  0.318525819440433  0.500000000000003  0.500000000000000
    endloop
  endfacet
  facet normal -0.000000000000007 -0.000000000000000  1.000000000000000
    outer loop
      vertex  0.283998218642205  0.540585856691154  0.500000000000002
      vertex  0.000000000000000  0.550000000000000  0.500000000000000
      vertex  0.000000000000000  0.500000000000003  0.500000000000000
    endloop
  endfacet
  facet normal  0.000000000000018 -1.000000000000000 -0.000000000000018
    outer loop
      vertex  0.500000000000000  0.500000000000004  0.500000000000000
      vertex  0.372588781385141  0.500000000000003  0.457428355904451
      vertex  0.438749999999987  0.500000000000004  0.438750000000023
    endloop
  endfacet
  facet normal  0.000000000000005 -1.000000000000000  0.000000000000023
    outer loop
      vertex  0.500000000000000  0.500000000000004  0.500000000000000
      vertex  0.428660372603386  0.500000000000004  0.500000000000000
      vertex  0.372588781385141  0.500000000000003  0.457428355904451
    endloop
  endfacet
  facet normal  0.000000000000008 -1.000000000000000  0.000000000000018
    outer loop
      vertex  0.428660372603386  0.500000000000004  0.500000000000000
      vertex  0.283998218642209  0.500000000000002  0.459414143308840
      vertex  0.372588781385141  0.500000000000003  0.457428355904451
    endloop
  endfacet
  facet normal  0.000000000000004 -1.000000000000000  0.000000000000032
    outer loop
      vertex  0.428660372603386  0.500000000000004  0.500000000000000
      vertex  0.318525819440433  0.500000000000003  0.500000000000000
      vertex  0.283998218642209  0.500000000000002  0.459414143308840
    endloop
  endfacet
  facet normal -0.000000000000004 -1.000000000000000  0.000000000000039
    outer loop
      vertex  0.318525819440433  0.500000000000003  0.500000000000000
      vertex  0.000000000000000  0.500000000000003  0.450000000000006
      vertex  0.283998218642209  0.500000000000002  0.459414143308840
    endloop
  endfacet
  facet normal  0.000000000000002 -1.000000000000000 -0.000000000000000
    outer loop
      vertex  0.318525819440433  0.500000000000003  0.500000000000000
      vertex  0.000000000000000  0.500000000000003  0.500000000000000
      vertex  0.000000000000000  0.500000000000003  0.450000000000006
    endloop
  endfacet
  facet normal -0.254451001608092  0.901299259436332  0.350591404230279
    outer loop
      vertex  0.438749999999967  0.561249999999984  0.500000000000004
      vertex  0.308467097068226  0.540046576943812  0.459953423056183
      vertex  0.372588781385135  0.542571644095544  0.500000000000003
    endloop
  endfacet
  facet normal -0.055889022957577  0.946073736254013 -0.319093877539542
    outer loop
      vertex  0.308467097068226  0.540046576943812  0.459953423056183
      vertex  0.438749999999967  0.561249999999984  0.500000000000004
      vertex  0.398585418210846  0.551752111518981  0.478874732226077
    endloop
  endfacet
  facet normal -0.055889022957403  0.946073736253789 -0.319093877540236
    outer loop
      vertex  0.308467097068226  0.540046576943812  0.459953423056183
      vertex  0.398585418210846  0.551752111518981  0.478874732226077
      vertex  0.358415999999988  0.542253079348879  0.457746920651127
    endloop
  endfacet
  facet normal -0.022379735099370  0.998411673932671 -0.051703740791588
    outer loop
      vertex  0.372588781385135  0.542571644095544  0.500000000000003
      vertex  0.247085548667400  0.537800890058911  0.462199109941085
      vertex  0.283998218642205  0.540585856691154  0.500000000000002
    endloop
  endfacet
  facet normal -0.036715193981113  0.999316848595106 -0.004222634826122
    outer loop
      vertex  0.372588781385135  0.542571644095544  0.500000000000003
      vertex  0.308467097068226  0.540046576943812  0.459953423056183
      vertex  0.247085548667400  0.537800890058911  0.462199109941085
    endloop
  endfacet
  facet normal  0.030610961140236  0.923446579210600 -0.382504097235981
    outer loop
      vertex  0.283998218642205  0.540585856691154  0.500000000000002
      vertex  0.000000000000000  0.535355339059333  0.464644660940678
      vertex  0.000000000000000  0.550000000000000  0.500000000000000
    endloop
  endfacet
  facet normal -0.010503397481716  0.997941403677457 -0.063266369167258
    outer loop
      vertex  0.283998218642205  0.540585856691154  0.500000000000002
      vertex  0.247085548667400  0.537800890058911  0.462199109941085
      vertex  0.000000000000000  0.535355339059333  0.464644660940678
    endloop
  endfacet
  facet normal  0.288387392721151  0.539677267433279  0.790936886695295
    outer loop
      vertex  0.438749999999967  0.561249999999984  0.500000000000004
      vertex  0.398580581789096  0.551750967829882  0.521127811574959
      vertex  0.469373156254920  0.500000000000004  0.530626843745062
    endloop
  endfacet
  facet normal  0.577350269189288  0.577350269189855  0.577350269189734
    outer loop
      vertex  0.438749999999967  0.561249999999984  0.500000000000004
      vertex  0.469373156254920  0.500000000000004  0.530626843745062
      vertex  0.500000000000000  0.500000000000004  0.500000000000000
    endloop
  endfacet
  facet normal  0.200544107921119  0.692741676521001  0.692741676520906
    outer loop
      vertex  0.398580581789096  0.551750967829882  0.521127811574959
      vertex  0.358415999999979  0.542253079348882  0.542253079348882
      vertex  0.438749999999975  0.500000000000004  0.561249999999989
    endloop
  endfacet
  facet normal  0.476344364940719  0.739048098555224  0.476344364941092
    outer loop
      vertex  0.398580581789096  0.551750967829882  0.521127811574959
      vertex  0.438749999999975  0.500000000000004  0.561249999999989
      vertex  0.469373156254920  0.500000000000004  0.530626843745062
    endloop
  endfacet
  facet normal -1.000000000000000 -0.000000000000000 -0.000000000000000
    outer loop
      vertex  0.000000000000000  0.550000000000000  0.500000000000000
      vertex  0.000000000000000  0.500000000000003  0.550000000000003
      vertex  0.000000000000000  0.535355339059327  0.535355339059327
    endloop
  endfacet
  facet normal -1.000000000000000 -0.000000000000000 -0.000000000000000
    outer loop
      vertex  0.000000000000000  0.550000000000000  0.500000000000000
      vertex  0.000000000000000  0.500000000000003  0.500000000000000
      vertex  0.000000000000000  0.500000000000003  0.550000000000003
    endloop
  endfacet
  facet normal -0.000000000000005  0.000000000000064 -1.000000000000000
    outer loop
      vertex  0.438749999999967  0.561249999999984  0.500000000000004
      vertex  0.428660372603386  0.500000000000004  0.500000000000000
      vertex  0.372588781385135  0.542571644095544  0.500000000000003
    endloop
  endfacet
  facet normal -0.000000000000000  0.000000000000063 -1.000000000000000
    outer loop
      vertex  0.438749999999967  0.561249999999984  0.500000000000004
      vertex  0.500000000000000  0.500000000000004  0.500000000000000
      vertex  0.428660372603386  0.500000000000004  0.500000000000000
    endloop
  endfacet
  facet normal  0.000000000000011  0.000000000000057 -1.000000000000000
    outer loop
      vertex  0.372588781385135  0.542571644095544  0.500000000000003
      vertex  0.318525819440433  0.500000000000003  0.500000000000000
      vertex  0.283998218642205  0.540585856691154  0.500000000000002
    endloop
  endfacet
  facet normal  0.000000000000001  0.000000000000071 -1.000000000000000
    outer loop
      vertex  0.372588781385135  0.542571644095544  0.500000000000003
      vertex  0.428660372603386  0.500000000000004  0.500000000000000
      vertex  0.318525819440433  0.500000000000003  0.500000000000000
    endloop
  endfacet
  facet normal  0.000000000000007 -0.000000000000000 -1.000000000000000
    outer loop
      vertex  0.283998218642205  0.540585856691154  0.500000000000002
      vertex  0.000000000000000  0.500000000000003  0.500000000000000
      vertex  0.000000000000000  0.550000000000000  0.500000000000000
    endloop
  endfacet
  facet normal -0.000000000000000  0.000000000000048 -1.000000000000000
    outer loop
      vertex  0.283998218642205  0.540585856691154  0.500000000000002
      vertex  0.318525819440433  0.500000000000003  0.500000000000000
      vertex  0.000000000000000  0.500000000000003  0.500000000000000
    endloop
  endfacet
  facet normal -0.043815131188561 -0.007164723847048  0.999013964372433
    outer loop
      vertex  0.358415999999979  0.542253079348882  0.542253079348882
      vertex  0.308467097068234  0.540046576943817  0.540046576943820
      vertex  0.372588781385141  0.500000000000005  0.542571644095549
    endloop
  endfacet
  facet normal -0.270745197317416 -0.083584534622553  0.959015465830184
    outer loop
      vertex  0.358415999999979  0.542253079348882  0.542253079348882
      vertex  0.372588781385141  0.500000000000005  0.542571644095549
      vertex  0.438749999999975  0.500000000000004  0.561249999999989
    endloop
  endfacet
  facet normal -0.037873561357067  0.036588771326292  0.998612464954731
    outer loop
      vertex  0.308467097068234  0.540046576943817  0.540046576943820
      vertex  0.247085548667407  0.537800890058915  0.537800890058918
      vertex  0.283998218642209  0.500000000000005  0.540585856691160
    endloop
  endfacet
  facet normal -0.022401450693230  0.027145491493751  0.999380456732270
    outer loop
      vertex  0.308467097068234  0.540046576943817  0.540046576943820
      vertex  0.283998218642209  0.500000000000005  0.540585856691160
      vertex  0.372588781385141  0.500000000000005  0.542571644095549
    endloop
  endfacet
  facet normal -0.012930740952223  0.382651437915701  0.923802291077194
    outer loop
      vertex  0.247085548667407  0.537800890058915  0.537800890058918
      vertex  0.000000000000000  0.535355339059327  0.535355339059327
      vertex  0.000000000000000  0.500000000000003  0.550000000000003
    endloop
  endfacet
  facet normal  0.032945877815656  0.105395807566443  0.993884446443536
    outer loop
      vertex  0.247085548667407  0.537800890058915  0.537800890058918
      vertex  0.000000000000000  0.500000000000003  0.550000000000003
      vertex  0.283998218642209  0.500000000000005  0.540585856691160
    endloop
  endfacet
  facet normal  0.000000000000005 -1.000000000000000  0.000000000000005
    outer loop
      vertex  0.438749999999975  0.500000000000004  0.561249999999989
      vertex  0.428660372603386  0.500000000000004  0.500000000000000
      vertex  0.500000000000000  0.500000000000004  0.500000000000000
    endloop
  endfacet
  facet normal -0.000000000000016 -1.000000000000000  0.000000000000008
    outer loop
      vertex  0.438749999999975  0.500000000000004  0.561249999999989
      vertex  0.372588781385141  0.500000000000005  0.542571644095549
      vertex  0.428660372603386  0.500000000000004  0.500000000000000
    endloop
  endfacet
  facet normal  0.000000000000004 -1.000000000000000  0.000000000000034
    outer loop
      vertex  0.372588781385141  0.500000000000005  0.542571644095549
      vertex  0.318525819440433  0.500000000000003  0.500000000000000
      vertex  0.428660372603386  0.500000000000004  0.500000000000000
    endloop
  endfacet
  facet normal  0.000000000000000 -1.000000000000000  0.000000000000039
    outer loop
      vertex  0.372588781385141  0.500000000000005  0.542571644095549
      vertex  0.283998218642209  0.500000000000005  0.540585856691160
      vertex  0.318525819440433  0.500000000000003  0.500000000000000
    endloop
  endfacet
  facet normal  0.000000000000002 -1.000000000000000  0.000000000000040
    outer loop
      vertex  0.283998218642209  0.500000000000005  0.540585856691160
      vertex  0.000000000000000  0.500000000000003  0.500000000000000
      vertex  0.318525819440433  0.500000000000003  0.500000000000000
    endloop
  endfacet
  facet normal  0.000000000000007 -1.000000000000000 -0.000000000000000
    outer loop
      vertex  0.283998218642209  0.500000000000005  0.540585856691160
      vertex  0.000000000000000  0.500000000000003  0.550000000000003
      vertex  0.000000000000000  0.500000000000003  0.500000000000000
    endloop
  endfacet
  facet normal -0.043815131188597  0.999013964372430 -0.007164723847187
    outer loop
      vertex  0.358415999999979  0.542253079348882  0.542253079348882
      vertex  0.372588781385135  0.542571644095544  0.500000000000003
      vertex  0.308467097068234  0.540046576943817  0.540046576943820
    endloop
  endfacet
  facet normal -0.270745197317428  0.959015465830173 -0.083584534622642
    outer loop
      vertex  0.372588781385135  0.542571644095544  0.500000000000003
      vertex  0.358415999999979  0.542253079348882  0.542253079348882
      vertex  0.398580581789096  0.551750967829882  0.521127811574959
    endloop
  endfacet
  facet normal -0.270745197317426  0.959015465830173 -0.083584534622644
    outer loop
      vertex  0.372588781385135  0.542571644095544  0.500000000000003
      vertex  0.398580581789096  0.551750967829882  0.521127811574959
      vertex  0.438749999999967  0.561249999999984  0.500000000000004
    endloop
  endfacet
  facet normal -0.037873561357068  0.998612464954734  0.036588771326214
    outer loop
      vertex  0.308467097068234  0.540046576943817  0.540046576943820
      vertex  0.283998218642205  0.540585856691154  0.500000000000002
      vertex  0.247085548667407  0.537800890058915  0.537800890058918
    endloop
  endfacet
  facet normal -0.022401450693226  0.999380456732273  0.027145491493670
    outer loop
      vertex  0.308467097068234  0.540046576943817  0.540046576943820
      vertex  0.372588781385135  0.542571644095544  0.500000000000003
      vertex  0.283998218642205  0.540585856691154  0.500000000000002
    endloop
  endfacet
  facet normal -0.012930740952217  0.923802291077232  0.382651437915610
    outer loop
      vertex  0.247085548667407  0.537800890058915  0.537800890058918
      vertex  0.000000000000000  0.550000000000000  0.500000000000000
      vertex  0.000000000000000  0.535355339059327  0.535355339059327
    endloop
  endfacet
  facet normal  0.032945877815665  0.993884446443544  0.105395807566358
    outer loop
      vertex  0.247085548667407  0.537800890058915  0.537800890058918
      vertex  0.283998218642205  0.540585856691154  0.500000000000002
      vertex  0.000000000000000  0.550000000000000  0.500000000000000
    endloop
  endfacet
  facet normal -0.739031109744725  0.476357543673474 -0.476357543673714
    outer loop
      vertex  0.448247888481022  0.398585418210877  0.478874732226080
      vertex  0.499999999999998  0.469376843745059  0.469376843745081
      vertex  0.499999999999996  0.438749999999995  0.438750000000036
    endloop
  endfacet
  facet normal -0.692741676520919  0.200544107921238 -0.692741676520954
    outer loop
      vertex  0.448247888481022  0.398585418210877  0.478874732226080
      vertex  0.499999999999996  0.438749999999995  0.438750000000036
      vertex  0.457746920651118  0.358416000000028  0.457746920651131
    endloop
  endfacet
  facet normal -0.577350269189746  0.577350269189411 -0.577350269189720
    outer loop
      vertex  0.438749999999995  0.438750000000036  0.499999999999996
      vertex  0.500000000000000  0.500000000000004  0.500000000000000
      vertex  0.499999999999998  0.469376843745059  0.469376843745081
    endloop
  endfacet
  facet normal -0.539657095190211  0.288397469669063 -0.790946976161705
    outer loop
      vertex  0.438749999999995  0.438750000000036  0.499999999999996
      vertex  0.499999999999998  0.469376843745059  0.469376843745081
      vertex  0.448247888481022  0.398585418210877  0.478874732226080
    endloop
  endfacet
  facet normal -0.000000000000000 -1.000000000000000  0.000000000000000
    outer loop
      vertex  0.450000000000006  0.000000000000000  0.500000000000003
      vertex  0.500000000000000  0.000000000000000  0.450000000000015
      vertex  0.500000000000000  0.000000000000000  0.500000000000003
    endloop
  endfacet
  facet normal  0.000000000000000 -1.000000000000000  0.000000000000000
    outer loop
      vertex  0.450000000000006  0.000000000000000  0.500000000000003
      vertex  0.464644660940667  0.000000000000000  0.464644660940678
      vertex  0.500000000000000  0.000000000000000  0.450000000000015
    endloop
  endfacet
  facet normal -0.901299259436303 -0.254451001608073  0.350591404230366
    outer loop
      vertex  0.438749999999995  0.438750000000036  0.499999999999996
      vertex  0.459953423056177  0.308467097068265  0.459953423056197
      vertex  0.457428355904451  0.372588781385141  0.500000000000003
    endloop
  endfacet
  facet normal -0.946073736253693 -0.055889022957185 -0.319093877540560
    outer loop
      vertex  0.459953423056177  0.308467097068265  0.459953423056197
      vertex  0.438749999999995  0.438750000000036  0.499999999999996
      vertex  0.448247888481022  0.398585418210877  0.478874732226080
    endloop
  endfacet
  facet normal -0.946073736253921 -0.055889022957363 -0.319093877539850
    outer loop
      vertex  0.459953423056177  0.308467097068265  0.459953423056197
      vertex  0.448247888481022  0.398585418210877  0.478874732226080
      vertex  0.457746920651118  0.358416000000028  0.457746920651131
    endloop
  endfacet
  facet normal -0.998411673932678 -0.022379735099371 -0.051703740791449
    outer loop
      vertex  0.457428355904451  0.372588781385141  0.500000000000003
      vertex  0.462199109941077  0.247085548667428  0.462199109941098
      vertex  0.459414143308840  0.283998218642209  0.500000000000002
    endloop
  endfacet
  facet normal -0.999316848595107 -0.036715193981115 -0.004222634825974
    outer loop
      vertex  0.457428355904451  0.372588781385141  0.500000000000003
      vertex  0.459953423056177  0.308467097068265  0.459953423056197
      vertex  0.462199109941077  0.247085548667428  0.462199109941098
    endloop
  endfacet
  facet normal -0.923446579210616  0.030610961140224 -0.382504097235942
    outer loop
      vertex  0.459414143308840  0.283998218642209  0.500000000000002
      vertex  0.464644660940667  0.000000000000000  0.464644660940678
      vertex  0.450000000000006  0.000000000000000  0.500000000000003
    endloop
  endfacet
  facet normal -0.997941403677467 -0.010503397481736 -0.063266369167100
    outer loop
      vertex  0.459414143308840  0.283998218642209  0.500000000000002
      vertex  0.462199109941077  0.247085548667428  0.462199109941098
      vertex  0.464644660940667  0.000000000000000  0.464644660940678
    endloop
  endfacet
  facet normal  1.000000000000000 -0.000000000000002 -0.000000000000061
    outer loop
      vertex  0.499999999999997  0.372588781385164  0.457428355904472
      vertex  0.499999999999996  0.438749999999995  0.438750000000036
      vertex  0.499999999999998  0.469376843745059  0.469376843745081
    endloop
  endfacet
  facet normal  1.000000000000000  0.000000000000000 -0.000000000000069
    outer loop
      vertex  0.499999999999997  0.372588781385164  0.457428355904472
      vertex  0.500000000000000  0.500000000000004  0.500000000000000
      vertex  0.500000000000000  0.428660372603386  0.500000000000004
    endloop
  endfacet
  facet normal  1.000000000000000 -0.000000000000002 -0.000000000000063
    outer loop
      vertex  0.499999999999997  0.372588781385164  0.457428355904472
      vertex  0.499999999999998  0.469376843745059  0.469376843745081
      vertex  0.500000000000000  0.500000000000004  0.500000000000000
    endloop
  endfacet
  facet normal  1.000000000000000  0.000000000000008 -0.000000000000080
    outer loop
      vertex  0.500000000000000  0.428660372603386  0.500000000000004
      vertex  0.499999999999998  0.283998218642225  0.459414143308859
      vertex  0.499999999999997  0.372588781385164  0.457428355904472
    endloop
  endfacet
  facet normal  1.000000000000000 -0.000000000000001 -0.000000000000049
    outer loop
      vertex  0.500000000000000  0.428660372603386  0.500000000000004
      vertex  0.500000000000000  0.318525819440433  0.500000000000003
      vertex  0.499999999999998  0.283998218642225  0.459414143308859
    endloop
  endfacet
  facet normal  1.000000000000000  0.000000000000009 -0.000000000000057
    outer loop
      vertex  0.500000000000000  0.318525819440433  0.500000000000003
      vertex  0.500000000000000  0.000000000000000  0.450000000000015
      vertex  0.499999999999998  0.283998218642225  0.459414143308859
    endloop
  endfacet
  facet normal  1.000000000000000  0.000000000000000  0.000000000000000
    outer loop
      vertex  0.500000000000000  0.318525819440433  0.500000000000003
      vertex  0.500000000000000  0.000000000000000  0.500000000000003
      vertex  0.500000000000000  0.000000000000000  0.450000000000015
    endloop
  endfacet
  facet normal  0.350591404230288 -0.254451001608060 -0.901299259436337
    outer loop
      vertex  0.499999999999996  0.438749999999995  0.438750000000036
      vertex  0.499999999999997  0.372588781385164  0.457428355904472
      vertex  0.459953423056177  0.308467097068265  0.459953423056197
    endloop
  endfacet
  facet normal -0.319093877539949 -0.055889022957390 -0.946073736253886
    outer loop
      vertex  0.499999999999996  0.438749999999995  0.438750000000036
      vertex  0.459953423056177  0.308467097068265  0.459953423056197
      vertex  0.457746920651118  0.358416000000028  0.457746920651131
    endloop
  endfacet
  facet normal -0.051703740791498 -0.022379735099359 -0.998411673932676
    outer loop
      vertex  0.499999999999997  0.372588781385164  0.457428355904472
      vertex  0.499999999999998  0.283998218642225  0.459414143308859
      vertex  0.462199109941077  0.247085548667428  0.462199109941098
    endloop
  endfacet
  facet normal -0.004222634825981 -0.036715193981119 -0.999316848595106
    outer loop
      vertex  0.499999999999997  0.372588781385164  0.457428355904472
      vertex  0.462199109941077  0.247085548667428  0.462199109941098
      vertex  0.459953423056177  0.308467097068265  0.459953423056197
    endloop
  endfacet
  facet normal -0.382504097235926  0.030610961140234 -0.923446579210622
    outer loop
      vertex  0.499999999999998  0.283998218642225  0.459414143308859
      vertex  0.500000000000000  0.000000000000000  0.450000000000015
      vertex  0.464644660940667  0.000000000000000  0.464644660940678
    endloop
  endfacet
  facet normal -0.063266369167145 -0.010503397481726 -0.997941403677464
    outer loop
      vertex  0.499999999999998  0.283998218642225  0.459414143308859
      vertex  0.464644660940667  0.000000000000000  0.464644660940678
      vertex  0.462199109941077  0.247085548667428  0.462199109941098
    endloop
  endfacet
  facet normal -0.000000000000023 -0.000000000000005  1.000000000000000
    outer loop
      vertex  0.500000000000000  0.500000000000004  0.500000000000000
      vertex  0.457428355904451  0.372588781385141  0.500000000000003
      vertex  0.500000000000000  0.428660372603386  0.500000000000004
    endloop
  endfacet
  facet normal  0.000000000000018 -0.000000000000018  1.000000000000000
    outer loop
      vertex  0.500000000000000  0.500000000000004  0.500000000000000
      vertex  0.438749999999995  0.438750000000036  0.499999999999996
      vertex  0.457428355904451  0.372588781385141  0.500000000000003
    endloop
  endfacet
  facet normal -0.000000000000032 -0.000000000000004  1.000000000000000
    outer loop
      vertex  0.500000000000000  0.428660372603386  0.500000000000004
      vertex  0.459414143308840  0.283998218642209  0.500000000000002
      vertex  0.500000000000000  0.318525819440433  0.500000000000003
    endloop
  endfacet
  facet normal -0.000000000000018 -0.000000000000008  1.000000000000000
    outer loop
      vertex  0.500000000000000  0.428660372603386  0.500000000000004
      vertex  0.457428355904451  0.372588781385141  0.500000000000003
      vertex  0.459414143308840  0.283998218642209  0.500000000000002
    endloop
  endfacet
  facet normal -0.000000000000000 -0.000000000000001  1.000000000000000
    outer loop
      vertex  0.500000000000000  0.318525819440433  0.500000000000003
      vertex  0.450000000000006  0.000000000000000  0.500000000000003
      vertex  0.500000000000000  0.000000000000000  0.500000000000003
    endloop
  endfacet
  facet normal -0.000000000000040  0.000000000000005  1.000000000000000
    outer loop
      vertex  0.500000000000000  0.318525819440433  0.500000000000003
      vertex  0.459414143308840  0.283998218642209  0.500000000000002
      vertex  0.450000000000006  0.000000000000000  0.500000000000003
    endloop
  endfacet
  facet normal  0.476344364941036  0.476344364940761 -0.739048098555232
    outer loop
      vertex  0.500000000000000  0.500000000000004  0.500000000000000
      vertex  0.530626843745062  0.469373156254920  0.500000000000004
      vertex  0.521127811574959  0.398580581789122  0.448249032170140
    endloop
  endfacet
  facet normal  0.856897394161450  0.364504359287407 -0.364504359287779
    outer loop
      vertex  0.500000000000000  0.500000000000004  0.500000000000000
      vertex  0.521127811574959  0.398580581789122  0.448249032170140
      vertex  0.499999999999996  0.438749999999995  0.438750000000036
    endloop
  endfacet
  facet normal  0.364504359287539  0.364504359287327 -0.856897394161586
    outer loop
      vertex  0.530626843745062  0.469373156254920  0.500000000000004
      vertex  0.561250000000005  0.438750000000036  0.500000000000004
      vertex  0.542253079348889  0.358416000000004  0.457746920651142
    endloop
  endfacet
  facet normal  0.790936886695222  0.288387392721211 -0.539677267433354
    outer loop
      vertex  0.530626843745062  0.469373156254920  0.500000000000004
      vertex  0.542253079348889  0.358416000000004  0.457746920651142
      vertex  0.521127811574959  0.398580581789122  0.448249032170140
    endloop
  endfacet
  facet normal -0.000000000000000 -1.000000000000000  0.000000000000000
    outer loop
      vertex  0.500000000000000  0.000000000000000  0.500000000000003
      vertex  0.535355339059339  0.000000000000000  0.464644660940684
      vertex  0.550000000000003  0.000000000000000  0.500000000000003
    endloop
  endfacet
  facet normal -0.000000000000000 -1.000000000000000  0.000000000000000
    outer loop
      vertex  0.500000000000000  0.000000000000000  0.500000000000003
      vertex  0.500000000000000  0.000000000000000  0.450000000000015
      vertex  0.535355339059339  0.000000000000000  0.464644660940684
    endloop
  endfacet
  facet normal -1.000000000000000 -0.000000000000000  0.000000000000069
    outer loop
      vertex  0.500000000000000  0.500000000000004  0.500000000000000
      vertex  0.499999999999997  0.372588781385164  0.457428355904472
      vertex  0.500000000000000  0.428660372603386  0.500000000000004
    endloop
  endfacet
  facet normal -1.000000000000000  0.000000000000002  0.000000000000062
    outer loop
      vertex  0.500000000000000  0.500000000000004  0.500000000000000
      vertex  0.499999999999996  0.438749999999995  0.438750000000036
      vertex  0.499999999999997  0.372588781385164  0.457428355904472
    endloop
  endfacet
  facet normal -1.000000000000000  0.000000000000001  0.000000000000049
    outer loop
      vertex  0.500000000000000  0.428660372603386  0.500000000000004
      vertex  0.499999999999998  0.283998218642225  0.459414143308859
      vertex  0.500000000000000  0.318525819440433  0.500000000000003
    endloop
  endfacet
  facet normal -1.000000000000000 -0.000000000000008  0.000000000000080
    outer loop
      vertex  0.500000000000000  0.428660372603386  0.500000000000004
      vertex  0.499999999999997  0.372588781385164  0.457428355904472
      vertex  0.499999999999998  0.283998218642225  0.459414143308859
    endloop
  endfacet
  facet normal -1.000000000000000 -0.000000000000000  0.000000000000000
    outer loop
      vertex  0.500000000000000  0.318525819440433  0.500000000000003
      vertex  0.500000000000000  0.000000000000000  0.450000000000015
      vertex  0.500000000000000  0.000000000000000  0.500000000000003
    endloop
  endfacet
  facet normal -1.000000000000000 -0.000000000000009  0.000000000000057
    outer loop
      vertex  0.500000000000000  0.318525819440433  0.500000000000003
      vertex  0.499999999999998  0.283998218642225  0.459414143308859
      vertex  0.500000000000000  0.000000000000000  0.450000000000015
    endloop
  endfacet
  facet normal  0.901299259436305 -0.254451001608062  0.350591404230368
    outer loop
      vertex  0.561250000000005  0.438750000000036  0.500000000000004
      vertex  0.542571644095549  0.372588781385141  0.500000000000005
      vertex  0.540046576943821  0.308467097068257  0.459953423056203
    endloop
  endfacet
  facet normal  0.946073736253852 -0.055889022957397 -0.319093877540050
    outer loop
      vertex  0.561250000000005  0.438750000000036  0.500000000000004
      vertex  0.540046576943821  0.308467097068257  0.459953423056203
      vertex  0.542253079348889  0.358416000000004  0.457746920651142
    endloop
  endfacet
  facet normal  0.998411673932674 -0.022379735099373 -0.051703740791520
    outer loop
      vertex  0.542571644095549  0.372588781385141  0.500000000000005
      vertex  0.540585856691159  0.283998218642209  0.500000000000005
      vertex  0.537800890058920  0.247085548667421  0.462199109941102
    endloop
  endfacet
  facet normal  0.999316848595106 -0.036715193981125 -0.004222634826019
    outer loop
      vertex  0.542571644095549  0.372588781385141  0.500000000000005
      vertex  0.537800890058920  0.247085548667421  0.462199109941102
      vertex  0.540046576943821  0.308467097068257  0.459953423056203
    endloop
  endfacet
  facet normal  0.923446579210617  0.030610961140229 -0.382504097235940
    outer loop
      vertex  0.540585856691159  0.283998218642209  0.500000000000005
      vertex  0.550000000000003  0.000000000000000  0.500000000000003
      vertex  0.535355339059339  0.000000000000000  0.464644660940684
    endloop
  endfacet
  facet normal  0.997941403677461 -0.010503397481723 -0.063266369167189
    outer loop
      vertex  0.540585856691159  0.283998218642209  0.500000000000005
      vertex  0.535355339059339  0.000000000000000  0.464644660940684
      vertex  0.537800890058920  0.247085548667421  0.462199109941102
    endloop
  endfacet
  facet normal -0.007164723846997 -0.043815131188559 -0.999013964372433
    outer loop
      vertex  0.542253079348889  0.358416000000004  0.457746920651142
      vertex  0.540046576943821  0.308467097068257  0.459953423056203
      vertex  0.499999999999997  0.372588781385164  0.457428355904472
    endloop
  endfacet
  facet normal -0.083584534621830 -0.270745197317423 -0.959015465830245
    outer loop
      vertex  0.499999999999997  0.372588781385164  0.457428355904472
      vertex  0.499999999999996  0.438749999999995  0.438750000000036
      vertex  0.521127811574959  0.398580581789122  0.448249032170140
    endloop
  endfacet
  facet normal -0.083584534622342 -0.270745197317030 -0.959015465830311
    outer loop
      vertex  0.499999999999997  0.372588781385164  0.457428355904472
      vertex  0.521127811574959  0.398580581789122  0.448249032170140
      vertex  0.542253079348889  0.358416000000004  0.457746920651142
    endloop
  endfacet
  facet normal  0.036588771326342 -0.037873561357029 -0.998612464954731
    outer loop
      vertex  0.540046576943821  0.308467097068257  0.459953423056203
      vertex  0.537800890058920  0.247085548667421  0.462199109941102
      vertex  0.499999999999998  0.283998218642225  0.459414143308859
    endloop
  endfacet
  facet normal  0.027145491493817 -0.022401450693213 -0.999380456732269
    outer loop
      vertex  0.540046576943821  0.308467097068257  0.459953423056203
      vertex  0.499999999999998  0.283998218642225  0.459414143308859
      vertex  0.499999999999997  0.372588781385164  0.457428355904472
    endloop
  endfacet
  facet normal  0.382651437915555 -0.012930740952192 -0.923802291077255
    outer loop
      vertex  0.537800890058920  0.247085548667421  0.462199109941102
      vertex  0.535355339059339  0.000000000000000  0.464644660940684
      vertex  0.500000000000000  0.000000000000000  0.450000000000015
    endloop
  endfacet
  facet normal  0.105395807566453  0.032945877815669 -0.993884446443534
    outer loop
      vertex  0.537800890058920  0.247085548667421  0.462199109941102
      vertex  0.500000000000000  0.000000000000000  0.450000000000015
      vertex  0.499999999999998  0.283998218642225  0.459414143308859
    endloop
  endfacet
  facet normal -0.000000000000008  0.000000000000016  1.000000000000000
    outer loop
      vertex  0.561250000000005  0.438750000000036  0.500000000000004
      vertex  0.500000000000000  0.428660372603386  0.500000000000004
      vertex  0.542571644095549  0.372588781385141  0.500000000000005
    endloop
  endfacet
  facet normal -0.000000000000005 -0.000000000000005  1.000000000000000
    outer loop
      vertex  0.561250000000005  0.438750000000036  0.500000000000004
      vertex  0.500000000000000  0.500000000000004  0.500000000000000
      vertex  0.500000000000000  0.428660372603386  0.500000000000004
    endloop
  endfacet
  facet normal -0.000000000000039 -0.000000000000000  1.000000000000000
    outer loop
      vertex  0.542571644095549  0.372588781385141  0.500000000000005
      vertex  0.500000000000000  0.318525819440433  0.500000000000003
      vertex  0.540585856691159  0.283998218642209  0.500000000000005
    endloop
  endfacet
  facet normal -0.000000000000034 -0.000000000000004  1.000000000000000
    outer loop
      vertex  0.542571644095549  0.372588781385141  0.500000000000005
      vertex  0.500000000000000  0.428660372603386  0.500000000000004
      vertex  0.500000000000000  0.318525819440433  0.500000000000003
    endloop
  endfacet
  facet normal -0.000000000000000 -0.000000000000007  1.000000000000000
    outer loop
      vertex  0.540585856691159  0.283998218642209  0.500000000000005
      vertex  0.500000000000000  0.000000000000000  0.500000000000003
      vertex  0.550000000000003  0.000000000000000  0.500000000000003
    endloop
  endfacet
  facet normal -0.000000000000039 -0.000000000000001  1.000000000000000
    outer loop
      vertex  0.540585856691159  0.283998218642209  0.500000000000005
      vertex  0.500000000000000  0.318525819440433  0.500000000000003
      vertex  0.500000000000000  0.000000000000000  0.500000000000003
    endloop
  endfacet
  facet normal -0.790946976161696  0.288397469668941  0.539657095190290
    outer loop
      vertex  0.457746920651127  0.358415999999988  0.542253079348879
      vertex  0.478874732226077  0.398585418210846  0.551752111518981
      vertex  0.469376843745059  0.469376843745081  0.499999999999998
    endloop
  endfacet
  facet normal -0.364504359287605  0.364504359287290  0.856897394161573
    outer loop
      vertex  0.457746920651127  0.358415999999988  0.542253079348879
      vertex  0.469376843745059  0.469376843745081  0.499999999999998
      vertex  0.438749999999995  0.438750000000036  0.499999999999996
    endloop
  endfacet
  facet normal -0.856897394161507  0.364504359287341  0.364504359287709
    outer loop
      vertex  0.478874732226077  0.398585418210846  0.551752111518981
      vertex  0.500000000000004  0.438749999999967  0.561249999999984
      vertex  0.500000000000000  0.500000000000004  0.500000000000000
    endloop
  endfacet
  facet normal -0.476357543673705  0.476357543673328  0.739031109744825
    outer loop
      vertex  0.478874732226077  0.398585418210846  0.551752111518981
      vertex  0.500000000000000  0.500000000000004  0.500000000000000
      vertex  0.469376843745059  0.469376843745081  0.499999999999998
    endloop
  endfacet
  facet normal -0.000000000000000 -1.000000000000000  0.000000000000000
    outer loop
      vertex  0.464644660940678  0.000000000000000  0.535355339059333
      vertex  0.500000000000000  0.000000000000000  0.500000000000003
      vertex  0.500000000000000  0.000000000000000  0.550000000000000
    endloop
  endfacet
  facet normal -0.000000000000000 -1.000000000000000  0.000000000000000
    outer loop
      vertex  0.464644660940678  0.000000000000000  0.535355339059333
      vertex  0.450000000000006  0.000000000000000  0.500000000000003
      vertex  0.500000000000000  0.000000000000000  0.500000000000003
    endloop
  endfacet
  facet normal -0.999013964372431 -0.043815131188606 -0.007164723847060
    outer loop
      vertex  0.457746920651127  0.358415999999988  0.542253079348879
      vertex  0.457428355904451  0.372588781385141  0.500000000000003
      vertex  0.459953423056183  0.308467097068226  0.540046576943812
    endloop
  endfacet
  facet normal -0.959015465830181 -0.270745197317412 -0.083584534622600
    outer loop
      vertex  0.457746920651127  0.358415999999988  0.542253079348879
      vertex  0.438749999999995  0.438750000000036  0.499999999999996
      vertex  0.457428355904451  0.372588781385141  0.500000000000003
    endloop
  endfacet
  facet normal -0.998612464954729 -0.037873561357070  0.036588771326364
    outer loop
      vertex  0.459953423056183  0.308467097068226  0.540046576943812
      vertex  0.459414143308840  0.283998218642209  0.500000000000002
      vertex  0.462199109941085  0.247085548667400  0.537800890058911
    endloop
  endfacet
  facet normal -0.999380456732268 -0.022401450693227  0.027145491493822
    outer loop
      vertex  0.459953423056183  0.308467097068226  0.540046576943812
      vertex  0.457428355904451  0.372588781385141  0.500000000000003
      vertex  0.459414143308840  0.283998218642209  0.500000000000002
    endloop
  endfacet
  facet normal -0.923802291077194 -0.012930740952206  0.382651437915703
    outer loop
      vertex  0.462199109941085  0.247085548667400  0.537800890058911
      vertex  0.450000000000006  0.000000000000000  0.500000000000003
      vertex  0.464644660940678  0.000000000000000  0.535355339059333
    endloop
  endfacet
  facet normal -0.993884446443526  0.032945877815657  0.105395807566532
    outer loop
      vertex  0.462199109941085  0.247085548667400  0.537800890058911
      vertex  0.459414143308840  0.283998218642209  0.500000000000002
      vertex  0.450000000000006  0.000000000000000  0.500000000000003
    endloop
  endfacet
  facet normal  1.000000000000000  0.000000000000000 -0.000000000000063
    outer loop
      vertex  0.500000000000004  0.438749999999967  0.561249999999984
      vertex  0.500000000000000  0.428660372603386  0.500000000000004
      vertex  0.500000000000000  0.500000000000004  0.500000000000000
    endloop
  endfacet
  facet normal  1.000000000000000  0.000000000000005 -0.000000000000064
    outer loop
      vertex  0.500000000000004  0.438749999999967  0.561249999999984
      vertex  0.500000000000003  0.372588781385135  0.542571644095544
      vertex  0.500000000000000  0.428660372603386  0.500000000000004
    endloop
  endfacet
  facet normal  1.000000000000000 -0.000000000000001 -0.000000000000071
    outer loop
      vertex  0.500000000000003  0.372588781385135  0.542571644095544
      vertex  0.500000000000000  0.318525819440433  0.500000000000003
      vertex  0.500000000000000  0.428660372603386  0.500000000000004
    endloop
  endfacet
  facet normal  1.000000000000000 -0.000000000000011 -0.000000000000057
    outer loop
      vertex  0.500000000000003  0.372588781385135  0.542571644095544
      vertex  0.500000000000002  0.283998218642205  0.540585856691154
      vertex  0.500000000000000  0.318525819440433  0.500000000000003
    endloop
  endfacet
  facet normal  1.000000000000000  0.000000000000000 -0.000000000000048
    outer loop
      vertex  0.500000000000002  0.283998218642205  0.540585856691154
      vertex  0.500000000000000  0.000000000000000  0.500000000000003
      vertex  0.500000000000000  0.318525819440433  0.500000000000003
    endloop
  endfacet
  facet normal  1.000000000000000 -0.000000000000007 -0.000000000000000
    outer loop
      vertex  0.500000000000002  0.283998218642205  0.540585856691154
      vertex  0.500000000000000  0.000000000000000  0.550000000000000
      vertex  0.500000000000000  0.000000000000000  0.500000000000003
    endloop
  endfacet
  facet normal -0.000000000000018  0.000000000000018 -1.000000000000000
    outer loop
      vertex  0.500000000000000  0.500000000000004  0.500000000000000
      vertex  0.457428355904451  0.372588781385141  0.500000000000003
      vertex  0.438749999999995  0.438750000000036  0.499999999999996
    endloop
  endfacet
  facet normal  0.000000000000023  0.000000000000005 -1.000000000000000
    outer loop
      vertex  0.500000000000000  0.500000000000004  0.500000000000000
      vertex  0.500000000000000  0.428660372603386  0.500000000000004
      vertex  0.457428355904451  0.372588781385141  0.500000000000003
    endloop
  endfacet
  facet normal  0.000000000000018  0.000000000000008 -1.000000000000000
    outer loop
      vertex  0.500000000000000  0.428660372603386  0.500000000000004
      vertex  0.459414143308840  0.283998218642209  0.500000000000002
      vertex  0.457428355904451  0.372588781385141  0.500000000000003
    endloop
  endfacet
  facet normal  0.000000000000032  0.000000000000004 -1.000000000000000
    outer loop
      vertex  0.500000000000000  0.428660372603386  0.500000000000004
      vertex  0.500000000000000  0.318525819440433  0.500000000000003
      vertex  0.459414143308840  0.283998218642209  0.500000000000002
    endloop
  endfacet
  facet normal  0.000000000000040 -0.000000000000005 -1.000000000000000
    outer loop
      vertex  0.500000000000000  0.318525819440433  0.500000000000003
      vertex  0.450000000000006  0.000000000000000  0.500000000000003
      vertex  0.459414143308840  0.283998218642209  0.500000000000002
    endloop
  endfacet
  facet normal -0.000000000000000  0.000000000000001 -1.000000000000000
    outer loop
      vertex  0.500000000000000  0.318525819440433  0.500000000000003
      vertex  0.500000000000000  0.000000000000000  0.500000000000003
      vertex  0.450000000000006  0.000000000000000  0.500000000000003
    endloop
  endfacet
  facet normal  0.350591404230279 -0.254451001608092  0.901299259436332
    outer loop
      vertex  0.500000000000004  0.438749999999967  0.561249999999984
      vertex  0.459953423056183  0.308467097068226  0.540046576943812
      vertex  0.500000000000003  0.372588781385135  0.542571644095544
    endloop
  endfacet
  facet normal -0.319093877539532 -0.055889022957581  0.946073736254016
    outer loop
      vertex  0.459953423056183  0.308467097068226  0.540046576943812
      vertex  0.500000000000004  0.438749999999967  0.561249999999984
      vertex  0.478874732226077  0.398585418210846  0.551752111518981
    endloop
  endfacet
  facet normal -0.319093877540241 -0.055889022957403  0.946073736253787
    outer loop
      vertex  0.459953423056183  0.308467097068226  0.540046576943812
      vertex  0.478874732226077  0.398585418210846  0.551752111518981
      vertex  0.457746920651127  0.358415999999988  0.542253079348879
    endloop
  endfacet
  facet normal -0.051703740791588 -0.022379735099370  0.998411673932671
    outer loop
      vertex  0.500000000000003  0.372588781385135  0.542571644095544
      vertex  0.462199109941085  0.247085548667400  0.537800890058911
      vertex  0.500000000000002  0.283998218642205  0.540585856691154
    endloop
  endfacet
  facet normal -0.004222634826122 -0.036715193981113  0.999316848595106
    outer loop
      vertex  0.500000000000003  0.372588781385135  0.542571644095544
      vertex  0.459953423056183  0.308467097068226  0.540046576943812
      vertex  0.462199109941085  0.247085548667400  0.537800890058911
    endloop
  endfacet
  facet normal -0.382504097235981  0.030610961140236  0.923446579210600
    outer loop
      vertex  0.500000000000002  0.283998218642205  0.540585856691154
      vertex  0.464644660940678  0.000000000000000  0.535355339059333
      vertex  0.500000000000000  0.000000000000000  0.550000000000000
    endloop
  endfacet
  facet normal -0.063266369167258 -0.010503397481716  0.997941403677457
    outer loop
      vertex  0.500000000000002  0.283998218642205  0.540585856691154
      vertex  0.462199109941085  0.247085548667400  0.537800890058911
      vertex  0.464644660940678  0.000000000000000  0.535355339059333
    endloop
  endfacet
  facet normal  0.790936886695295  0.288387392721151  0.539677267433279
    outer loop
      vertex  0.500000000000004  0.438749999999967  0.561249999999984
      vertex  0.521127811574959  0.398580581789096  0.551750967829882
      vertex  0.530626843745062  0.469373156254920  0.500000000000004
    endloop
  endfacet
  facet normal  0.577350269189734  0.577350269189288  0.577350269189855
    outer loop
      vertex  0.500000000000004  0.438749999999967  0.561249999999984
      vertex  0.530626843745062  0.469373156254920  0.500000000000004
      vertex  0.500000000000000  0.500000000000004  0.500000000000000
    endloop
  endfacet
  facet normal  0.692741676520906  0.200544107921119  0.692741676521001
    outer loop
      vertex  0.521127811574959  0.398580581789096  0.551750967829882
      vertex  0.542253079348882  0.358415999999979  0.542253079348882
      vertex  0.561250000000005  0.438750000000036  0.500000000000004
    endloop
  endfacet
  facet normal  0.476344364941093  0.476344364940718  0.739048098555223
    outer loop
      vertex  0.521127811574959  0.398580581789096  0.551750967829882
      vertex  0.561250000000005  0.438750000000036  0.500000000000004
      vertex  0.530626843745062  0.469373156254920  0.500000000000004
    endloop
  endfacet
  facet normal -0.000000000000000 -1.000000000000000 -0.000000000000000
    outer loop
      vertex  0.500000000000000  0.000000000000000  0.550000000000000
      vertex  0.550000000000003  0.000000000000000  0.500000000000003
      vertex  0.535355339059327  0.000000000000000  0.535355339059327
    endloop
  endfacet
  facet normal -0.000000000000000 -1.000000000000000 -0.000000000000000
    outer loop
      vertex  0.500000000000000  0.000000000000000  0.550000000000000
      vertex  0.500000000000000  0.000000000000000  0.500000000000003
      vertex  0.550000000000003  0.000000000000000  0.500000000000003
    endloop
  endfacet
  facet normal -1.000000000000000 -0.000000000000005  0.000000000000064
    outer loop
      vertex  0.500000000000004  0.438749999999967  0.561249999999984
      vertex  0.500000000000000  0.428660372603386  0.500000000000004
      vertex  0.500000000000003  0.372588781385135  0.542571644095544
    endloop
  endfacet
  facet normal -1.000000000000000 -0.000000000000000  0.000000000000063
    outer loop
      vertex  0.500000000000004  0.438749999999967  0.561249999999984
      vertex  0.500000000000000  0.500000000000004  0.500000000000000
      vertex  0.500000000000000  0.428660372603386  0.500000000000004
    endloop
  endfacet
  facet normal -1.000000000000000  0.000000000000011  0.000000000000057
    outer loop
      vertex  0.500000000000003  0.372588781385135  0.542571644095544
      vertex  0.500000000000000  0.318525819440433  0.500000000000003
      vertex  0.500000000000002  0.283998218642205  0.540585856691154
    endloop
  endfacet
  facet normal -1.000000000000000  0.000000000000001  0.000000000000071
    outer loop
      vertex  0.500000000000003  0.372588781385135  0.542571644095544
      vertex  0.500000000000000  0.428660372603386  0.500000000000004
      vertex  0.500000000000000  0.318525819440433  0.500000000000003
    endloop
  endfacet
  facet normal -1.000000000000000  0.000000000000007 -0.000000000000000
    outer loop
      vertex  0.500000000000002  0.283998218642205  0.540585856691154
      vertex  0.500000000000000  0.000000000000000  0.500000000000003
      vertex  0.500000000000000  0.000000000000000  0.550000000000000
    endloop
  endfacet
  facet normal -1.000000000000000 -0.000000000000000  0.000000000000048
    outer loop
      vertex  0.500000000000002  0.283998218642205  0.540585856691154
      vertex  0.500000000000000  0.318525819440433  0.500000000000003
      vertex  0.500000000000000  0.000000000000000  0.500000000000003
    endloop
  endfacet
  facet normal  0.999013964372433 -0.043815131188561 -0.007164723847048
    outer loop
      vertex  0.542253079348882  0.358415999999979  0.542253079348882
      vertex  0.540046576943820  0.308467097068234  0.540046576943817
      vertex  0.542571644095549  0.372588781385141  0.500000000000005
    endloop
  endfacet
  facet normal  0.959015465830184 -0.270745197317416 -0.083584534622553
    outer loop
      vertex  0.542253079348882  0.358415999999979  0.542253079348882
      vertex  0.542571644095549  0.372588781385141  0.500000000000005
      vertex  0.561250000000005  0.438750000000036  0.500000000000004
    endloop
  endfacet
  facet normal  0.998612464954732 -0.037873561357067  0.036588771326289
    outer loop
      vertex  0.540046576943820  0.308467097068234  0.540046576943817
      vertex  0.537800890058918  0.247085548667407  0.537800890058915
      vertex  0.540585856691159  0.283998218642209  0.500000000000005
    endloop
  endfacet
  facet normal  0.999380456732270 -0.022401450693231  0.027145491493749
    outer loop
      vertex  0.540046576943820  0.308467097068234  0.540046576943817
      vertex  0.540585856691159  0.283998218642209  0.500000000000005
      vertex  0.542571644095549  0.372588781385141  0.500000000000005
    endloop
  endfacet
  facet normal  0.923802291077194 -0.012930740952223  0.382651437915702
    outer loop
      vertex  0.537800890058918  0.247085548667407  0.537800890058915
      vertex  0.535355339059327  0.000000000000000  0.535355339059327
      vertex  0.550000000000003  0.000000000000000  0.500000000000003
    endloop
  endfacet
  facet normal  0.993884446443536  0.032945877815657  0.105395807566441
    outer loop
      vertex  0.537800890058918  0.247085548667407  0.537800890058915
      vertex  0.550000000000003  0.000000000000000  0.500000000000003
      vertex  0.540585856691159  0.283998218642209  0.500000000000005
    endloop
  endfacet
  facet normal  0.000000000000005  0.000000000000005 -1.000000000000000
    outer loop
      vertex  0.561250000000005  0.438750000000036  0.500000000000004
      vertex  0.500000000000000  0.428660372603386  0.500000000000004
      vertex  0.500000000000000  0.500000000000004  0.500000000000000
    endloop
  endfacet
  facet normal  0.000000000000008 -0.000000000000016 -1.000000000000000
    outer loop
      vertex  0.561250000000005  0.438750000000036  0.500000000000004
      vertex  0.542571644095549  0.372588781385141  0.500000000000005
      vertex  0.500000000000000  0.428660372603386  0.500000000000004
    endloop
  endfacet
  facet normal  0.000000000000034  0.000000000000004 -1.000000000000000
    outer loop
      vertex  0.542571644095549  0.372588781385141  0.500000000000005
      vertex  0.500000000000000  0.318525819440433  0.500000000000003
      vertex  0.500000000000000  0.428660372603386  0.500000000000004
    endloop
  endfacet
  facet normal  0.000000000000039  0.000000000000000 -1.000000000000000
    outer loop
      vertex  0.542571644095549  0.372588781385141  0.500000000000005
      vertex  0.540585856691159  0.283998218642209  0.500000000000005
      vertex  0.500000000000000  0.318525819440433  0.500000000000003
    endloop
  endfacet
  facet normal  0.000000000000039  0.000000000000001 -1.000000000000000
    outer loop
      vertex  0.540585856691159  0.283998218642209  0.500000000000005
      vertex  0.500000000000000  0.000000000000000  0.500000000000003
      vertex  0.500000000000000  0.318525819440433  0.500000000000003
    endloop
  endfacet
  facet normal -0.000000000000000  0.000000000000007 -1.000000000000000
    outer loop
      vertex  0.540585856691159  0.283998218642209  0.500000000000005
      vertex  0.550000000000003  0.000000000000000  0.500000000000003
      vertex  0.500000000000000  0.000000000000000  0.500000000000003
    endloop
  endfacet
  facet normal -0.007164723847187 -0.043815131188597  0.999013964372430
    outer loop
      vertex  0.542253079348882  0.358415999999979  0.542253079348882
      vertex  0.500000000000003  0.372588781385135  0.542571644095544
      vertex  0.540046576943820  0.308467097068234  0.540046576943817
    endloop
  endfacet
  facet normal -0.083584534622642 -0.270745197317428  0.959015465830173
    outer loop
      vertex  0.500000000000003  0.372588781385135  0.542571644095544
      vertex  0.542253079348882  0.358415999999979  0.542253079348882
      vertex  0.521127811574959  0.398580581789096  0.551750967829882
    endloop
  endfacet
  facet normal -0.083584534622644 -0.270745197317426  0.959015465830173
    outer loop
      vertex  0.500000000000003  0.372588781385135  0.542571644095544
      vertex  0.521127811574959  0.398580581789096  0.551750967829882
      vertex  0.500000000000004  0.438749999999967  0.561249999999984
    endloop
  endfacet
  facet normal  0.036588771326214 -0.037873561357068  0.998612464954734
    outer loop
      vertex  0.540046576943820  0.308467097068234  0.540046576943817
      vertex  0.500000000000002  0.283998218642205  0.540585856691154
      vertex  0.537800890058918  0.247085548667407  0.537800890058915
    endloop
  endfacet
  facet normal  0.027145491493670 -0.022401450693226  0.999380456732273
    outer loop
      vertex  0.540046576943820  0.308467097068234  0.540046576943817
      vertex  0.500000000000003  0.372588781385135  0.542571644095544
      vertex  0.500000000000002  0.283998218642205  0.540585856691154
    endloop
  endfacet
  facet normal  0.382651437915610 -0.012930740952217  0.923802291077232
    outer loop
      vertex  0.537800890058918  0.247085548667407  0.537800890058915
      vertex  0.500000000000000  0.000000000000000  0.550000000000000
      vertex  0.535355339059327  0.000000000000000  0.535355339059327
    endloop
  endfacet
  facet normal  0.105395807566358  0.032945877815665  0.993884446443544
    outer loop
      vertex  0.537800890058918  0.247085548667407  0.537800890058915
      vertex  0.500000000000002  0.283998218642205  0.540585856691154
      vertex  0.500000000000000  0.000000000000000  0.550000000000000
    endloop
  endfacet
  facet normal -0.476357543673738 -0.476357543673460  0.739031109744719
    outer loop
      vertex  0.438749999999967  0.561249999999984  0.500000000000004
      vertex  0.469376843745072  0.530623156254945  0.499999999999996
      vertex  0.478874732226069  0.601414581789119  0.551752111518965
    endloop
  endfacet
  facet normal -0.692741676520918 -0.200544107921240  0.692741676520953
    outer loop
      vertex  0.438749999999967  0.561249999999984  0.500000000000004
      vertex  0.478874732226069  0.601414581789119  0.551752111518965
      vertex  0.457746920651118  0.641583999999973  0.542253079348869
    endloop
  endfacet
  facet normal -0.577350269189745 -0.577350269189412  0.577350269189721
    outer loop
      vertex  0.469376843745072  0.530623156254945  0.499999999999996
      vertex  0.500000000000000  0.500000000000004  0.500000000000000
      vertex  0.499999999999996  0.561250000000005  0.561249999999964
    endloop
  endfacet
  facet normal -0.790946976161692 -0.288397469669073  0.539657095190226
    outer loop
      vertex  0.469376843745072  0.530623156254945  0.499999999999996
      vertex  0.499999999999996  0.561250000000005  0.561249999999964
      vertex  0.478874732226069  0.601414581789119  0.551752111518965
    endloop
  endfacet
  facet normal  0.000000000000000  1.000000000000000  0.000000000000000
    outer loop
      vertex  0.450000000000006  1.000000000000000  0.499999999999997
      vertex  0.500000000000000  1.000000000000000  0.549999999999985
      vertex  0.500000000000000  1.000000000000000  0.499999999999997
    endloop
  endfacet
  facet normal -0.000000000000000  1.000000000000000  0.000000000000000
    outer loop
      vertex  0.450000000000006  1.000000000000000  0.499999999999997
      vertex  0.464644660940667  1.000000000000000  0.535355339059322
      vertex  0.500000000000000  1.000000000000000  0.549999999999985
    endloop
  endfacet
  facet normal -0.901299259436303  0.254451001608073 -0.350591404230367
    outer loop
      vertex  0.438749999999967  0.561249999999984  0.500000000000004
      vertex  0.459953423056177  0.691532902931735  0.540046576943803
      vertex  0.457428355904451  0.627411218614859  0.499999999999997
    endloop
  endfacet
  facet normal -0.946073736253855  0.055889022957369  0.319093877540046
    outer loop
      vertex  0.438749999999967  0.561249999999984  0.500000000000004
      vertex  0.457746920651118  0.641583999999973  0.542253079348869
      vertex  0.459953423056177  0.691532902931735  0.540046576943803
    endloop
  endfacet
  facet normal -0.998411673932678  0.022379735099371  0.051703740791448
    outer loop
      vertex  0.457428355904451  0.627411218614859  0.499999999999997
      vertex  0.462199109941077  0.752914451332572  0.537800890058902
      vertex  0.459414143308840  0.716001781357791  0.499999999999998
    endloop
  endfacet
  facet normal -0.999316848595107  0.036715193981115  0.004222634825974
    outer loop
      vertex  0.457428355904451  0.627411218614859  0.499999999999997
      vertex  0.459953423056177  0.691532902931735  0.540046576943803
      vertex  0.462199109941077  0.752914451332572  0.537800890058902
    endloop
  endfacet
  facet normal -0.923446579210616 -0.030610961140224  0.382504097235943
    outer loop
      vertex  0.459414143308840  0.716001781357791  0.499999999999998
      vertex  0.464644660940667  1.000000000000000  0.535355339059322
      vertex  0.450000000000006  1.000000000000000  0.499999999999997
    endloop
  endfacet
  facet normal -0.997941403677467  0.010503397481735  0.063266369167100
    outer loop
      vertex  0.459414143308840  0.716001781357791  0.499999999999998
      vertex  0.462199109941077  0.752914451332572  0.537800890058902
      vertex  0.464644660940667  1.000000000000000  0.535355339059322
    endloop
  endfacet
  facet normal  1.000000000000000  0.000000000000002  0.000000000000062
    outer loop
      vertex  0.500000000000000  0.500000000000004  0.500000000000000
      vertex  0.499999999999997  0.627411218614836  0.542571644095528
      vertex  0.499999999999996  0.561250000000005  0.561249999999964
    endloop
  endfacet
  facet normal  1.000000000000000 -0.000000000000000  0.000000000000069
    outer loop
      vertex  0.500000000000000  0.500000000000004  0.500000000000000
      vertex  0.500000000000000  0.571339627396614  0.499999999999996
      vertex  0.499999999999997  0.627411218614836  0.542571644095528
    endloop
  endfacet
  facet normal  1.000000000000000 -0.000000000000008  0.000000000000080
    outer loop
      vertex  0.500000000000000  0.571339627396614  0.499999999999996
      vertex  0.499999999999998  0.716001781357775  0.540585856691140
      vertex  0.499999999999997  0.627411218614836  0.542571644095528
    endloop
  endfacet
  facet normal  1.000000000000000  0.000000000000001  0.000000000000049
    outer loop
      vertex  0.500000000000000  0.571339627396614  0.499999999999996
      vertex  0.500000000000000  0.681474180559566  0.499999999999996
      vertex  0.499999999999998  0.716001781357775  0.540585856691140
    endloop
  endfacet
  facet normal  1.000000000000000 -0.000000000000009  0.000000000000057
    outer loop
      vertex  0.500000000000000  0.681474180559566  0.499999999999996
      vertex  0.500000000000000  1.000000000000000  0.549999999999985
      vertex  0.499999999999998  0.716001781357775  0.540585856691140
    endloop
  endfacet
  facet normal  1.000000000000000 -0.000000000000000 -0.000000000000000
    outer loop
      vertex  0.500000000000000  0.681474180559566  0.499999999999996
      vertex  0.500000000000000  1.000000000000000  0.499999999999997
      vertex  0.500000000000000  1.000000000000000  0.549999999999985
    endloop
  endfacet
  facet normal  0.350591404230294  0.254451001608061  0.901299259436334
    outer loop
      vertex  0.499999999999996  0.561250000000005  0.561249999999964
      vertex  0.499999999999997  0.627411218614836  0.542571644095528
      vertex  0.459953423056177  0.691532902931735  0.540046576943803
    endloop
  endfacet
  facet normal -0.319093877539749  0.055889022957385  0.946073736253954
    outer loop
      vertex  0.459953423056177  0.691532902931735  0.540046576943803
      vertex  0.457746920651118  0.641583999999973  0.542253079348869
      vertex  0.478874732226069  0.601414581789119  0.551752111518965
    endloop
  endfacet
  facet normal -0.319093877540471  0.055889022957203  0.946073736253721
    outer loop
      vertex  0.459953423056177  0.691532902931735  0.540046576943803
      vertex  0.478874732226069  0.601414581789119  0.551752111518965
      vertex  0.499999999999996  0.561250000000005  0.561249999999964
    endloop
  endfacet
  facet normal -0.051703740791493  0.022379735099361  0.998411673932676
    outer loop
      vertex  0.499999999999997  0.627411218614836  0.542571644095528
      vertex  0.499999999999998  0.716001781357775  0.540585856691140
      vertex  0.462199109941077  0.752914451332572  0.537800890058902
    endloop
  endfacet
  facet normal -0.004222634825971  0.036715193981122  0.999316848595107
    outer loop
      vertex  0.499999999999997  0.627411218614836  0.542571644095528
      vertex  0.462199109941077  0.752914451332572  0.537800890058902
      vertex  0.459953423056177  0.691532902931735  0.540046576943803
    endloop
  endfacet
  facet normal -0.382504097235926 -0.030610961140235  0.923446579210622
    outer loop
      vertex  0.499999999999998  0.716001781357775  0.540585856691140
      vertex  0.500000000000000  1.000000000000000  0.549999999999985
      vertex  0.464644660940667  1.000000000000000  0.535355339059322
    endloop
  endfacet
  facet normal -0.063266369167143  0.010503397481725  0.997941403677464
    outer loop
      vertex  0.499999999999998  0.716001781357775  0.540585856691140
      vertex  0.464644660940667  1.000000000000000  0.535355339059322
      vertex  0.462199109941077  0.752914451332572  0.537800890058902
    endloop
  endfacet
  facet normal -0.000000000000024  0.000000000000005 -1.000000000000000
    outer loop
      vertex  0.500000000000000  0.500000000000004  0.500000000000000
      vertex  0.457428355904451  0.627411218614859  0.499999999999997
      vertex  0.500000000000000  0.571339627396614  0.499999999999996
    endloop
  endfacet
  facet normal  0.000000000000019  0.000000000000019 -1.000000000000000
    outer loop
      vertex  0.500000000000000  0.500000000000004  0.500000000000000
      vertex  0.438749999999967  0.561249999999984  0.500000000000004
      vertex  0.457428355904451  0.627411218614859  0.499999999999997
    endloop
  endfacet
  facet normal -0.000000000000032  0.000000000000002 -1.000000000000000
    outer loop
      vertex  0.500000000000000  0.571339627396614  0.499999999999996
      vertex  0.459414143308840  0.716001781357791  0.499999999999998
      vertex  0.500000000000000  0.681474180559566  0.499999999999996
    endloop
  endfacet
  facet normal -0.000000000000024  0.000000000000004 -1.000000000000000
    outer loop
      vertex  0.500000000000000  0.571339627396614  0.499999999999996
      vertex  0.457428355904451  0.627411218614859  0.499999999999997
      vertex  0.459414143308840  0.716001781357791  0.499999999999998
    endloop
  endfacet
  facet normal -0.000000000000000  0.000000000000002 -1.000000000000000
    outer loop
      vertex  0.500000000000000  0.681474180559566  0.499999999999996
      vertex  0.450000000000006  1.000000000000000  0.499999999999997
      vertex  0.500000000000000  1.000000000000000  0.499999999999997
    endloop
  endfacet
  facet normal -0.000000000000037 -0.000000000000003 -1.000000000000000
    outer loop
      vertex  0.500000000000000  0.681474180559566  0.499999999999996
      vertex  0.459414143308840  0.716001781357791  0.499999999999998
      vertex  0.450000000000006  1.000000000000000  0.499999999999997
    endloop
  endfacet
  facet normal  0.476344364941039 -0.476344364940760  0.739048098555231
    outer loop
      vertex  0.500000000000000  0.500000000000004  0.500000000000000
      vertex  0.530626843745062  0.530626843745080  0.499999999999996
      vertex  0.521127811574959  0.601419418210878  0.551750967829860
    endloop
  endfacet
  facet normal  0.856897394161450 -0.364504359287407  0.364504359287778
    outer loop
      vertex  0.500000000000000  0.500000000000004  0.500000000000000
      vertex  0.521127811574959  0.601419418210878  0.551750967829860
      vertex  0.499999999999996  0.561250000000005  0.561249999999964
    endloop
  endfacet
  facet normal  0.364504359287536 -0.364504359287328  0.856897394161587
    outer loop
      vertex  0.530626843745062  0.530626843745080  0.499999999999996
      vertex  0.561250000000033  0.561249999999984  0.499999999999996
      vertex  0.542253079348889  0.641583999999996  0.542253079348858
    endloop
  endfacet
  facet normal  0.790936886695221 -0.288387392721212  0.539677267433354
    outer loop
      vertex  0.530626843745062  0.530626843745080  0.499999999999996
      vertex  0.542253079348889  0.641583999999996  0.542253079348858
      vertex  0.521127811574959  0.601419418210878  0.551750967829860
    endloop
  endfacet
  facet normal  0.000000000000000  1.000000000000000  0.000000000000000
    outer loop
      vertex  0.500000000000000  1.000000000000000  0.499999999999997
      vertex  0.535355339059339  1.000000000000000  0.535355339059316
      vertex  0.550000000000003  1.000000000000000  0.499999999999997
    endloop
  endfacet
  facet normal -0.000000000000000  1.000000000000000  0.000000000000000
    outer loop
      vertex  0.500000000000000  1.000000000000000  0.499999999999997
      vertex  0.500000000000000  1.000000000000000  0.549999999999985
      vertex  0.535355339059339  1.000000000000000  0.535355339059316
    endloop
  endfacet
  facet normal -1.000000000000000  0.000000000000000 -0.000000000000069
    outer loop
      vertex  0.500000000000000  0.500000000000004  0.500000000000000
      vertex  0.499999999999997  0.627411218614836  0.542571644095528
      vertex  0.500000000000000  0.571339627396614  0.499999999999996
    endloop
  endfacet
  facet normal -1.000000000000000 -0.000000000000002 -0.000000000000062
    outer loop
      vertex  0.500000000000000  0.500000000000004  0.500000000000000
      vertex  0.499999999999996  0.561250000000005  0.561249999999964
      vertex  0.499999999999997  0.627411218614836  0.542571644095528
    endloop
  endfacet
  facet normal -1.000000000000000 -0.000000000000001 -0.000000000000049
    outer loop
      vertex  0.500000000000000  0.571339627396614  0.499999999999996
      vertex  0.499999999999998  0.716001781357775  0.540585856691140
      vertex  0.500000000000000  0.681474180559566  0.499999999999996
    endloop
  endfacet
  facet normal -1.000000000000000  0.000000000000008 -0.000000000000080
    outer loop
      vertex  0.500000000000000  0.571339627396614  0.499999999999996
      vertex  0.499999999999997  0.627411218614836  0.542571644095528
      vertex  0.499999999999998  0.716001781357775  0.540585856691140
    endloop
  endfacet
  facet normal -1.000000000000000  0.000000000000000 -0.000000000000000
    outer loop
      vertex  0.500000000000000  0.681474180559566  0.499999999999996
      vertex  0.500000000000000  1.000000000000000  0.549999999999985
      vertex  0.500000000000000  1.000000000000000  0.499999999999997
    endloop
  endfacet
  facet normal -1.000000000000000  0.000000000000009 -0.000000000000057
    outer loop
      vertex  0.500000000000000  0.681474180559566  0.499999999999996
      vertex  0.499999999999998  0.716001781357775  0.540585856691140
      vertex  0.500000000000000  1.000000000000000  0.549999999999985
    endloop
  endfacet
  facet normal  0.901299259436306  0.254451001608061 -0.350591404230368
    outer loop
      vertex  0.561250000000033  0.561249999999984  0.499999999999996
      vertex  0.542571644095549  0.627411218614859  0.499999999999995
      vertex  0.540046576943821  0.691532902931743  0.540046576943797
    endloop
  endfacet
  facet normal  0.946073736253852  0.055889022957397  0.319093877540051
    outer loop
      vertex  0.561250000000033  0.561249999999984  0.499999999999996
      vertex  0.540046576943821  0.691532902931743  0.540046576943797
      vertex  0.542253079348889  0.641583999999996  0.542253079348858
    endloop
  endfacet
  facet normal  0.998411673932675  0.022379735099374  0.051703740791520
    outer loop
      vertex  0.542571644095549  0.627411218614859  0.499999999999995
      vertex  0.540585856691159  0.716001781357791  0.499999999999995
      vertex  0.537800890058920  0.752914451332579  0.537800890058898
    endloop
  endfacet
  facet normal  0.999316848595106  0.036715193981125  0.004222634826018
    outer loop
      vertex  0.542571644095549  0.627411218614859  0.499999999999995
      vertex  0.537800890058920  0.752914451332579  0.537800890058898
      vertex  0.540046576943821  0.691532902931743  0.540046576943797
    endloop
  endfacet
  facet normal  0.923446579210616 -0.030610961140229  0.382504097235942
    outer loop
      vertex  0.540585856691159  0.716001781357791  0.499999999999995
      vertex  0.550000000000003  1.000000000000000  0.499999999999997
      vertex  0.535355339059339  1.000000000000000  0.535355339059316
    endloop
  endfacet
  facet normal  0.997941403677461  0.010503397481723  0.063266369167189
    outer loop
      vertex  0.540585856691159  0.716001781357791  0.499999999999995
      vertex  0.535355339059339  1.000000000000000  0.535355339059316
      vertex  0.537800890058920  0.752914451332579  0.537800890058898
    endloop
  endfacet
  facet normal -0.007164723846995  0.043815131188557  0.999013964372433
    outer loop
      vertex  0.542253079348889  0.641583999999996  0.542253079348858
      vertex  0.540046576943821  0.691532902931743  0.540046576943797
      vertex  0.499999999999997  0.627411218614836  0.542571644095528
    endloop
  endfacet
  facet normal -0.083584534621815  0.270745197317425  0.959015465830246
    outer loop
      vertex  0.499999999999997  0.627411218614836  0.542571644095528
      vertex  0.499999999999996  0.561250000000005  0.561249999999964
      vertex  0.521127811574959  0.601419418210878  0.551750967829860
    endloop
  endfacet
  facet normal -0.083584534622339  0.270745197317023  0.959015465830314
    outer loop
      vertex  0.499999999999997  0.627411218614836  0.542571644095528
      vertex  0.521127811574959  0.601419418210878  0.551750967829860
      vertex  0.542253079348889  0.641583999999996  0.542253079348858
    endloop
  endfacet
  facet normal  0.036588771326337  0.037873561357035  0.998612464954731
    outer loop
      vertex  0.540046576943821  0.691532902931743  0.540046576943797
      vertex  0.537800890058920  0.752914451332579  0.537800890058898
      vertex  0.499999999999998  0.716001781357775  0.540585856691140
    endloop
  endfacet
  facet normal  0.027145491493810  0.022401450693217  0.999380456732269
    outer loop
      vertex  0.540046576943821  0.691532902931743  0.540046576943797
      vertex  0.499999999999998  0.716001781357775  0.540585856691140
      vertex  0.499999999999997  0.627411218614836  0.542571644095528
    endloop
  endfacet
  facet normal  0.382651437915556  0.012930740952191  0.923802291077255
    outer loop
      vertex  0.537800890058920  0.752914451332579  0.537800890058898
      vertex  0.535355339059339  1.000000000000000  0.535355339059316
      vertex  0.500000000000000  1.000000000000000  0.549999999999985
    endloop
  endfacet
  facet normal  0.105395807566454 -0.032945877815670  0.993884446443534
    outer loop
      vertex  0.537800890058920  0.752914451332579  0.537800890058898
      vertex  0.500000000000000  1.000000000000000  0.549999999999985
      vertex  0.499999999999998  0.716001781357775  0.540585856691140
    endloop
  endfacet
  facet normal -0.000000000000008 -0.000000000000017 -1.000000000000000
    outer loop
      vertex  0.561250000000033  0.561249999999984  0.499999999999996
      vertex  0.500000000000000  0.571339627396614  0.499999999999996
      vertex  0.542571644095549  0.627411218614859  0.499999999999995
    endloop
  endfacet
  facet normal -0.000000000000005  0.000000000000005 -1.000000000000000
    outer loop
      vertex  0.561250000000033  0.561249999999984  0.499999999999996
      vertex  0.500000000000000  0.500000000000004  0.500000000000000
      vertex  0.500000000000000  0.571339627396614  0.499999999999996
    endloop
  endfacet
  facet normal -0.000000000000036 -0.000000000000001 -1.000000000000000
    outer loop
      vertex  0.542571644095549  0.627411218614859  0.499999999999995
      vertex  0.500000000000000  0.681474180559566  0.499999999999996
      vertex  0.540585856691159  0.716001781357791  0.499999999999995
    endloop
  endfacet
  facet normal -0.000000000000033  0.000000000000002 -1.000000000000000
    outer loop
      vertex  0.542571644095549  0.627411218614859  0.499999999999995
      vertex  0.500000000000000  0.571339627396614  0.499999999999996
      vertex  0.500000000000000  0.681474180559566  0.499999999999996
    endloop
  endfacet
  facet normal -0.000000000000000  0.000000000000008 -1.000000000000000
    outer loop
      vertex  0.540585856691159  0.716001781357791  0.499999999999995
      vertex  0.500000000000000  1.000000000000000  0.499999999999997
      vertex  0.550000000000003  1.000000000000000  0.499999999999997
    endloop
  endfacet
  facet normal -0.000000000000039  0.000000000000002 -1.000000000000000
    outer loop
      vertex  0.540585856691159  0.716001781357791  0.499999999999995
      vertex  0.500000000000000  0.681474180559566  0.499999999999996
      vertex  0.500000000000000  1.000000000000000  0.499999999999997
    endloop
  endfacet
  facet normal -0.790946976161698 -0.288397469668940 -0.539657095190288
    outer loop
      vertex  0.457746920651127  0.641584000000013  0.457746920651121
      vertex  0.478874732226077  0.601414581789154  0.448247888481019
      vertex  0.469376843745072  0.530623156254945  0.499999999999996
    endloop
  endfacet
  facet normal -0.364504359287604 -0.364504359287290 -0.856897394161574
    outer loop
      vertex  0.457746920651127  0.641584000000013  0.457746920651121
      vertex  0.469376843745072  0.530623156254945  0.499999999999996
      vertex  0.438749999999967  0.561249999999984  0.500000000000004
    endloop
  endfacet
  facet normal -0.856897394161508 -0.364504359287340 -0.364504359287709
    outer loop
      vertex  0.478874732226077  0.601414581789154  0.448247888481019
      vertex  0.500000000000004  0.561250000000033  0.438750000000016
      vertex  0.500000000000000  0.500000000000004  0.500000000000000
    endloop
  endfacet
  facet normal -0.476357543673707 -0.476357543673328 -0.739031109744824
    outer loop
      vertex  0.478874732226077  0.601414581789154  0.448247888481019
      vertex  0.500000000000000  0.500000000000004  0.500000000000000
      vertex  0.469376843745072  0.530623156254945  0.499999999999996
    endloop
  endfacet
  facet normal  0.000000000000000  1.000000000000000  0.000000000000000
    outer loop
      vertex  0.464644660940678  1.000000000000000  0.464644660940667
      vertex  0.500000000000000  1.000000000000000  0.499999999999997
      vertex  0.500000000000000  1.000000000000000  0.450000000000000
    endloop
  endfacet
  facet normal -0.000000000000000  1.000000000000000  0.000000000000000
    outer loop
      vertex  0.464644660940678  1.000000000000000  0.464644660940667
      vertex  0.450000000000006  1.000000000000000  0.499999999999997
      vertex  0.500000000000000  1.000000000000000  0.499999999999997
    endloop
  endfacet
  facet normal -0.999013964372431  0.043815131188606  0.007164723847060
    outer loop
      vertex  0.457746920651127  0.641584000000013  0.457746920651121
      vertex  0.457428355904451  0.627411218614859  0.499999999999997
      vertex  0.459953423056183  0.691532902931774  0.459953423056188
    endloop
  endfacet
  facet normal -0.959015465830181  0.270745197317412  0.083584534622600
    outer loop
      vertex  0.457746920651127  0.641584000000013  0.457746920651121
      vertex  0.438749999999967  0.561249999999984  0.500000000000004
      vertex  0.457428355904451  0.627411218614859  0.499999999999997
    endloop
  endfacet
  facet normal -0.998612464954729  0.037873561357070 -0.036588771326364
    outer loop
      vertex  0.459953423056183  0.691532902931774  0.459953423056188
      vertex  0.459414143308840  0.716001781357791  0.499999999999998
      vertex  0.462199109941085  0.752914451332599  0.462199109941088
    endloop
  endfacet
  facet normal -0.999380456732269  0.022401450693227 -0.027145491493822
    outer loop
      vertex  0.459953423056183  0.691532902931774  0.459953423056188
      vertex  0.457428355904451  0.627411218614859  0.499999999999997
      vertex  0.459414143308840  0.716001781357791  0.499999999999998
    endloop
  endfacet
  facet normal -0.923802291077194  0.012930740952207 -0.382651437915703
    outer loop
      vertex  0.462199109941085  0.752914451332599  0.462199109941088
      vertex  0.450000000000006  1.000000000000000  0.499999999999997
      vertex  0.464644660940678  1.000000000000000  0.464644660940667
    endloop
  endfacet
  facet normal -0.993884446443526 -0.032945877815656 -0.105395807566531
    outer loop
      vertex  0.462199109941085  0.752914451332599  0.462199109941088
      vertex  0.459414143308840  0.716001781357791  0.499999999999998
      vertex  0.450000000000006  1.000000000000000  0.499999999999997
    endloop
  endfacet
  facet normal  1.000000000000000 -0.000000000000000  0.000000000000063
    outer loop
      vertex  0.500000000000004  0.561250000000033  0.438750000000016
      vertex  0.500000000000000  0.571339627396614  0.499999999999996
      vertex  0.500000000000000  0.500000000000004  0.500000000000000
    endloop
  endfacet
  facet normal  1.000000000000000 -0.000000000000005  0.000000000000064
    outer loop
      vertex  0.500000000000004  0.561250000000033  0.438750000000016
      vertex  0.500000000000003  0.627411218614865  0.457428355904456
      vertex  0.500000000000000  0.571339627396614  0.499999999999996
    endloop
  endfacet
  facet normal  1.000000000000000  0.000000000000001  0.000000000000071
    outer loop
      vertex  0.500000000000003  0.627411218614865  0.457428355904456
      vertex  0.500000000000000  0.681474180559566  0.499999999999996
      vertex  0.500000000000000  0.571339627396614  0.499999999999996
    endloop
  endfacet
  facet normal  1.000000000000000  0.000000000000011  0.000000000000057
    outer loop
      vertex  0.500000000000003  0.627411218614865  0.457428355904456
      vertex  0.500000000000002  0.716001781357795  0.459414143308846
      vertex  0.500000000000000  0.681474180559566  0.499999999999996
    endloop
  endfacet
  facet normal  1.000000000000000 -0.000000000000000  0.000000000000048
    outer loop
      vertex  0.500000000000002  0.716001781357795  0.459414143308846
      vertex  0.500000000000000  1.000000000000000  0.499999999999997
      vertex  0.500000000000000  0.681474180559566  0.499999999999996
    endloop
  endfacet
  facet normal  1.000000000000000  0.000000000000007 -0.000000000000000
    outer loop
      vertex  0.500000000000002  0.716001781357795  0.459414143308846
      vertex  0.500000000000000  1.000000000000000  0.450000000000000
      vertex  0.500000000000000  1.000000000000000  0.499999999999997
    endloop
  endfacet
  facet normal -0.000000000000019 -0.000000000000019  1.000000000000000
    outer loop
      vertex  0.500000000000000  0.500000000000004  0.500000000000000
      vertex  0.457428355904451  0.627411218614859  0.499999999999997
      vertex  0.438749999999967  0.561249999999984  0.500000000000004
    endloop
  endfacet
  facet normal  0.000000000000024 -0.000000000000005  1.000000000000000
    outer loop
      vertex  0.500000000000000  0.500000000000004  0.500000000000000
      vertex  0.500000000000000  0.571339627396614  0.499999999999996
      vertex  0.457428355904451  0.627411218614859  0.499999999999997
    endloop
  endfacet
  facet normal  0.000000000000024 -0.000000000000004  1.000000000000000
    outer loop
      vertex  0.500000000000000  0.571339627396614  0.499999999999996
      vertex  0.459414143308840  0.716001781357791  0.499999999999998
      vertex  0.457428355904451  0.627411218614859  0.499999999999997
    endloop
  endfacet
  facet normal  0.000000000000032 -0.000000000000002  1.000000000000000
    outer loop
      vertex  0.500000000000000  0.571339627396614  0.499999999999996
      vertex  0.500000000000000  0.681474180559566  0.499999999999996
      vertex  0.459414143308840  0.716001781357791  0.499999999999998
    endloop
  endfacet
  facet normal  0.000000000000037  0.000000000000003  1.000000000000000
    outer loop
      vertex  0.500000000000000  0.681474180559566  0.499999999999996
      vertex  0.450000000000006  1.000000000000000  0.499999999999997
      vertex  0.459414143308840  0.716001781357791  0.499999999999998
    endloop
  endfacet
  facet normal -0.000000000000000 -0.000000000000002  1.000000000000000
    outer loop
      vertex  0.500000000000000  0.681474180559566  0.499999999999996
      vertex  0.500000000000000  1.000000000000000  0.499999999999997
      vertex  0.450000000000006  1.000000000000000  0.499999999999997
    endloop
  endfacet
  facet normal  0.350591404230282  0.254451001608093 -0.901299259436330
    outer loop
      vertex  0.500000000000004  0.561250000000033  0.438750000000016
      vertex  0.459953423056183  0.691532902931774  0.459953423056188
      vertex  0.500000000000003  0.627411218614865  0.457428355904456
    endloop
  endfacet
  facet normal -0.319093877539532  0.055889022957581 -0.946073736254016
    outer loop
      vertex  0.459953423056183  0.691532902931774  0.459953423056188
      vertex  0.500000000000004  0.561250000000033  0.438750000000016
      vertex  0.478874732226077  0.601414581789154  0.448247888481019
    endloop
  endfacet
  facet normal -0.319093877540240  0.055889022957403 -0.946073736253787
    outer loop
      vertex  0.459953423056183  0.691532902931774  0.459953423056188
      vertex  0.478874732226077  0.601414581789154  0.448247888481019
      vertex  0.457746920651127  0.641584000000013  0.457746920651121
    endloop
  endfacet
  facet normal -0.051703740791595  0.022379735099366 -0.998411673932671
    outer loop
      vertex  0.500000000000003  0.627411218614865  0.457428355904456
      vertex  0.462199109941085  0.752914451332599  0.462199109941088
      vertex  0.500000000000002  0.716001781357795  0.459414143308846
    endloop
  endfacet
  facet normal -0.004222634826122  0.036715193981111 -0.999316848595106
    outer loop
      vertex  0.500000000000003  0.627411218614865  0.457428355904456
      vertex  0.459953423056183  0.691532902931774  0.459953423056188
      vertex  0.462199109941085  0.752914451332599  0.462199109941088
    endloop
  endfacet
  facet normal -0.382504097235981 -0.030610961140235 -0.923446579210600
    outer loop
      vertex  0.500000000000002  0.716001781357795  0.459414143308846
      vertex  0.464644660940678  1.000000000000000  0.464644660940667
      vertex  0.500000000000000  1.000000000000000  0.450000000000000
    endloop
  endfacet
  facet normal -0.063266369167261  0.010503397481717 -0.997941403677457
    outer loop
      vertex  0.500000000000002  0.716001781357795  0.459414143308846
      vertex  0.462199109941085  0.752914451332599  0.462199109941088
      vertex  0.464644660940678  1.000000000000000  0.464644660940667
    endloop
  endfacet
  facet normal  0.790936886695292 -0.288387392721153 -0.539677267433281
    outer loop
      vertex  0.500000000000004  0.561250000000033  0.438750000000016
      vertex  0.521127811574959  0.601419418210904  0.448249032170117
      vertex  0.530626843745062  0.530626843745080  0.499999999999996
    endloop
  endfacet
  facet normal  0.577350269189731 -0.577350269189288 -0.577350269189858
    outer loop
      vertex  0.500000000000004  0.561250000000033  0.438750000000016
      vertex  0.530626843745062  0.530626843745080  0.499999999999996
      vertex  0.500000000000000  0.500000000000004  0.500000000000000
    endloop
  endfacet
  facet normal  0.692741676520910 -0.200544107921117 -0.692741676520998
    outer loop
      vertex  0.521127811574959  0.601419418210904  0.448249032170117
      vertex  0.542253079348882  0.641584000000021  0.457746920651118
      vertex  0.561250000000033  0.561249999999984  0.499999999999996
    endloop
  endfacet
  facet normal  0.476344364941099 -0.476344364940715 -0.739048098555221
    outer loop
      vertex  0.521127811574959  0.601419418210904  0.448249032170117
      vertex  0.561250000000033  0.561249999999984  0.499999999999996
      vertex  0.530626843745062  0.530626843745080  0.499999999999996
    endloop
  endfacet
  facet normal -0.000000000000000  1.000000000000000 -0.000000000000000
    outer loop
      vertex  0.500000000000000  1.000000000000000  0.450000000000000
      vertex  0.550000000000003  1.000000000000000  0.499999999999997
      vertex  0.535355339059327  1.000000000000000  0.464644660940673
    endloop
  endfacet
  facet normal -0.000000000000000  1.000000000000000  0.000000000000000
    outer loop
      vertex  0.500000000000000  1.000000000000000  0.450000000000000
      vertex  0.500000000000000  1.000000000000000  0.499999999999997
      vertex  0.550000000000003  1.000000000000000  0.499999999999997
    endloop
  endfacet
  facet normal -1.000000000000000  0.000000000000005 -0.000000000000064
    outer loop
      vertex  0.500000000000004  0.561250000000033  0.438750000000016
      vertex  0.500000000000000  0.571339627396614  0.499999999999996
      vertex  0.500000000000003  0.627411218614865  0.457428355904456
    endloop
  endfacet
  facet normal -1.000000000000000  0.000000000000000 -0.000000000000063
    outer loop
      vertex  0.500000000000004  0.561250000000033  0.438750000000016
      vertex  0.500000000000000  0.500000000000004  0.500000000000000
      vertex  0.500000000000000  0.571339627396614  0.499999999999996
    endloop
  endfacet
  facet normal -1.000000000000000 -0.000000000000011 -0.000000000000057
    outer loop
      vertex  0.500000000000003  0.627411218614865  0.457428355904456
      vertex  0.500000000000000  0.681474180559566  0.499999999999996
      vertex  0.500000000000002  0.716001781357795  0.459414143308846
    endloop
  endfacet
  facet normal -1.000000000000000 -0.000000000000001 -0.000000000000071
    outer loop
      vertex  0.500000000000003  0.627411218614865  0.457428355904456
      vertex  0.500000000000000  0.571339627396614  0.499999999999996
      vertex  0.500000000000000  0.681474180559566  0.499999999999996
    endloop
  endfacet
  facet normal -1.000000000000000 -0.000000000000007 -0.000000000000000
    outer loop
      vertex  0.500000000000002  0.716001781357795  0.459414143308846
      vertex  0.500000000000000  1.000000000000000  0.499999999999997
      vertex  0.500000000000000  1.000000000000000  0.450000000000000
    endloop
  endfacet
  facet normal -1.000000000000000  0.000000000000000 -0.000000000000048
    outer loop
      vertex  0.500000000000002  0.716001781357795  0.459414143308846
      vertex  0.500000000000000  0.681474180559566  0.499999999999996
      vertex  0.500000000000000  1.000000000000000  0.499999999999997
    endloop
  endfacet
  facet normal  0.999013964372433  0.043815131188561  0.007164723847048
    outer loop
      vertex  0.542253079348882  0.641584000000021  0.457746920651118
      vertex  0.540046576943820  0.691532902931766  0.459953423056183
      vertex  0.542571644095549  0.627411218614859  0.499999999999995
    endloop
  endfacet
  facet normal  0.959015465830184  0.270745197317415  0.083584534622552
    outer loop
      vertex  0.542253079348882  0.641584000000021  0.457746920651118
      vertex  0.542571644095549  0.627411218614859  0.499999999999995
      vertex  0.561250000000033  0.561249999999984  0.499999999999996
    endloop
  endfacet
  facet normal  0.998612464954732  0.037873561357067 -0.036588771326289
    outer loop
      vertex  0.540046576943820  0.691532902931766  0.459953423056183
      vertex  0.537800890058918  0.752914451332592  0.462199109941085
      vertex  0.540585856691159  0.716001781357791  0.499999999999995
    endloop
  endfacet
  facet normal  0.999380456732270  0.022401450693231 -0.027145491493749
    outer loop
      vertex  0.540046576943820  0.691532902931766  0.459953423056183
      vertex  0.540585856691159  0.716001781357791  0.499999999999995
      vertex  0.542571644095549  0.627411218614859  0.499999999999995
    endloop
  endfacet
  facet normal  0.923802291077194  0.012930740952223 -0.382651437915701
    outer loop
      vertex  0.537800890058918  0.752914451332592  0.462199109941085
      vertex  0.535355339059327  1.000000000000000  0.464644660940673
      vertex  0.550000000000003  1.000000000000000  0.499999999999997
    endloop
  endfacet
  facet normal  0.993884446443536 -0.032945877815657 -0.105395807566441
    outer loop
      vertex  0.537800890058918  0.752914451332592  0.462199109941085
      vertex  0.550000000000003  1.000000000000000  0.499999999999997
      vertex  0.540585856691159  0.716001781357791  0.499999999999995
    endloop
  endfacet
  facet normal  0.000000000000005 -0.000000000000005  1.000000000000000
    outer loop
      vertex  0.561250000000033  0.561249999999984  0.499999999999996
      vertex  0.500000000000000  0.571339627396614  0.499999999999996
      vertex  0.500000000000000  0.500000000000004  0.500000000000000
    endloop
  endfacet
  facet normal  0.000000000000008  0.000000000000017  1.000000000000000
    outer loop
      vertex  0.561250000000033  0.561249999999984  0.499999999999996
      vertex  0.542571644095549  0.627411218614859  0.499999999999995
      vertex  0.500000000000000  0.571339627396614  0.499999999999996
    endloop
  endfacet
  facet normal  0.000000000000033 -0.000000000000002  1.000000000000000
    outer loop
      vertex  0.542571644095549  0.627411218614859  0.499999999999995
      vertex  0.500000000000000  0.681474180559566  0.499999999999996
      vertex  0.500000000000000  0.571339627396614  0.499999999999996
    endloop
  endfacet
  facet normal  0.000000000000036  0.000000000000001  1.000000000000000
    outer loop
      vertex  0.542571644095549  0.627411218614859  0.499999999999995
      vertex  0.540585856691159  0.716001781357791  0.499999999999995
      vertex  0.500000000000000  0.681474180559566  0.499999999999996
    endloop
  endfacet
  facet normal  0.000000000000039 -0.000000000000002  1.000000000000000
    outer loop
      vertex  0.540585856691159  0.716001781357791  0.499999999999995
      vertex  0.500000000000000  1.000000000000000  0.499999999999997
      vertex  0.500000000000000  0.681474180559566  0.499999999999996
    endloop
  endfacet
  facet normal -0.000000000000000 -0.000000000000008  1.000000000000000
    outer loop
      vertex  0.540585856691159  0.716001781357791  0.499999999999995
      vertex  0.550000000000003  1.000000000000000  0.499999999999997
      vertex  0.500000000000000  1.000000000000000  0.499999999999997
    endloop
  endfacet
  facet normal -0.007164723847191  0.043815131188599 -0.999013964372430
    outer loop
      vertex  0.542253079348882  0.641584000000021  0.457746920651118
      vertex  0.500000000000003  0.627411218614865  0.457428355904456
      vertex  0.540046576943820  0.691532902931766  0.459953423056183
    endloop
  endfacet
  facet normal -0.083584534622646  0.270745197317431 -0.959015465830172
    outer loop
      vertex  0.500000000000003  0.627411218614865  0.457428355904456
      vertex  0.542253079348882  0.641584000000021  0.457746920651118
      vertex  0.521127811574959  0.601419418210904  0.448249032170117
    endloop
  endfacet
  facet normal -0.083584534622653  0.270745197317425 -0.959015465830173
    outer loop
      vertex  0.500000000000003  0.627411218614865  0.457428355904456
      vertex  0.521127811574959  0.601419418210904  0.448249032170117
      vertex  0.500000000000004  0.561250000000033  0.438750000000016
    endloop
  endfacet
  facet normal  0.036588771326217  0.037873561357067 -0.998612464954734
    outer loop
      vertex  0.540046576943820  0.691532902931766  0.459953423056183
      vertex  0.500000000000002  0.716001781357795  0.459414143308846
      vertex  0.537800890058918  0.752914451332592  0.462199109941085
    endloop
  endfacet
  facet normal  0.027145491493673  0.022401450693224 -0.999380456732273
    outer loop
      vertex  0.540046576943820  0.691532902931766  0.459953423056183
      vertex  0.500000000000003  0.627411218614865  0.457428355904456
      vertex  0.500000000000002  0.716001781357795  0.459414143308846
    endloop
  endfacet
  facet normal  0.382651437915610  0.012930740952218 -0.923802291077232
    outer loop
      vertex  0.537800890058918  0.752914451332592  0.462199109941085
      vertex  0.500000000000000  1.000000000000000  0.450000000000000
      vertex  0.535355339059327  1.000000000000000  0.464644660940673
    endloop
  endfacet
  facet normal  0.105395807566359 -0.032945877815665 -0.993884446443544
    outer loop
      vertex  0.537800890058918  0.752914451332592  0.462199109941085
      vertex  0.500000000000002  0.716001781357795  0.459414143308846
      vertex  0.500000000000000  1.000000000000000  0.450000000000000
    endloop
  endfacet
  facet normal -0.476357543673737  0.739031109744719  0.476357543673460
    outer loop
      vertex  0.438749999999987  0.500000000000004  0.438750000000023
      vertex  0.469376843745041  0.500000000000015  0.469376843745074
      vertex  0.478874732226069  0.551752111518965  0.398585418210881
    endloop
  endfacet
  facet normal -0.692741676520918  0.692741676520954  0.200544107921241
    outer loop
      vertex  0.438749999999987  0.500000000000004  0.438750000000023
      vertex  0.478874732226069  0.551752111518965  0.398585418210881
      vertex  0.457746920651118  0.542253079348869  0.358416000000028
    endloop
  endfacet
  facet normal -0.577350269189746  0.577350269189720  0.577350269189411
    outer loop
      vertex  0.469376843745041  0.500000000000015  0.469376843745074
      vertex  0.500000000000000  0.500000000000004  0.500000000000000
      vertex  0.500000000000004  0.561250000000033  0.438750000000016
    endloop
  endfacet
  facet normal -0.790946976161692  0.539657095190226  0.288397469669072
    outer loop
      vertex  0.469376843745041  0.500000000000015  0.469376843745074
      vertex  0.500000000000004  0.561250000000033  0.438750000000016
      vertex  0.478874732226069  0.551752111518965  0.398585418210881
    endloop
  endfacet
  facet normal -0.000000000000000 -0.000000000000000 -1.000000000000000
    outer loop
      vertex  0.450000000000006  0.499999999999997  0.000000000000000
      vertex  0.500000000000000  0.549999999999985  0.000000000000000
      vertex  0.500000000000000  0.499999999999997  0.000000000000000
    endloop
  endfacet
  facet normal  0.000000000000000 -0.000000000000000 -1.000000000000000
    outer loop
      vertex  0.450000000000006  0.499999999999997  0.000000000000000
      vertex  0.464644660940667  0.535355339059321  0.000000000000000
      vertex  0.500000000000000  0.549999999999985  0.000000000000000
    endloop
  endfacet
  facet normal -0.901299259436303 -0.350591404230367 -0.254451001608073
    outer loop
      vertex  0.438749999999987  0.500000000000004  0.438750000000023
      vertex  0.459953423056177  0.540046576943803  0.308467097068265
      vertex  0.457428355904451  0.499999999999997  0.372588781385141
    endloop
  endfacet
  facet normal -0.946073736253855  0.319093877540047 -0.055889022957369
    outer loop
      vertex  0.438749999999987  0.500000000000004  0.438750000000023
      vertex  0.457746920651118  0.542253079348869  0.358416000000028
      vertex  0.459953423056177  0.540046576943803  0.308467097068265
    endloop
  endfacet
  facet normal -0.998411673932678  0.051703740791448 -0.022379735099371
    outer loop
      vertex  0.457428355904451  0.499999999999997  0.372588781385141
      vertex  0.462199109941077  0.537800890058902  0.247085548667428
      vertex  0.459414143308840  0.499999999999998  0.283998218642209
    endloop
  endfacet
  facet normal -0.999316848595107  0.004222634825974 -0.036715193981115
    outer loop
      vertex  0.457428355904451  0.499999999999997  0.372588781385141
      vertex  0.459953423056177  0.540046576943803  0.308467097068265
      vertex  0.462199109941077  0.537800890058902  0.247085548667428
    endloop
  endfacet
  facet normal -0.923446579210616  0.382504097235943  0.030610961140224
    outer loop
      vertex  0.459414143308840  0.499999999999998  0.283998218642209
      vertex  0.464644660940667  0.535355339059321  0.000000000000000
      vertex  0.450000000000006  0.499999999999997  0.000000000000000
    endloop
  endfacet
  facet normal -0.997941403677467  0.063266369167100 -0.010503397481735
    outer loop
      vertex  0.459414143308840  0.499999999999998  0.283998218642209
      vertex  0.462199109941077  0.537800890058902  0.247085548667428
      vertex  0.464644660940667  0.535355339059321  0.000000000000000
    endloop
  endfacet
  facet normal  1.000000000000000  0.000000000000062 -0.000000000000002
    outer loop
      vertex  0.500000000000000  0.500000000000004  0.500000000000000
      vertex  0.499999999999997  0.542571644095528  0.372588781385164
      vertex  0.500000000000004  0.561250000000033  0.438750000000016
    endloop
  endfacet
  facet normal  1.000000000000000  0.000000000000069  0.000000000000000
    outer loop
      vertex  0.500000000000000  0.500000000000004  0.500000000000000
      vertex  0.500000000000000  0.499999999999996  0.428660372603386
      vertex  0.499999999999997  0.542571644095528  0.372588781385164
    endloop
  endfacet
  facet normal  1.000000000000000  0.000000000000080  0.000000000000008
    outer loop
      vertex  0.500000000000000  0.499999999999996  0.428660372603386
      vertex  0.499999999999998  0.540585856691140  0.283998218642225
      vertex  0.499999999999997  0.542571644095528  0.372588781385164
    endloop
  endfacet
  facet normal  1.000000000000000  0.000000000000049 -0.000000000000001
    outer loop
      vertex  0.500000000000000  0.499999999999996  0.428660372603386
      vertex  0.500000000000000  0.499999999999996  0.318525819440433
      vertex  0.499999999999998  0.540585856691140  0.283998218642225
    endloop
  endfacet
  facet normal  1.000000000000000  0.000000000000057  0.000000000000009
    outer loop
      vertex  0.500000000000000  0.499999999999996  0.318525819440433
      vertex  0.500000000000000  0.549999999999985  0.000000000000000
      vertex  0.499999999999998  0.540585856691140  0.283998218642225
    endloop
  endfacet
  facet normal  1.000000000000000 -0.000000000000000  0.000000000000000
    outer loop
      vertex  0.500000000000000  0.499999999999996  0.318525819440433
      vertex  0.500000000000000  0.499999999999997  0.000000000000000
      vertex  0.500000000000000  0.549999999999985  0.000000000000000
    endloop
  endfacet
  facet normal  0.350591404230294  0.901299259436334 -0.254451001608061
    outer loop
      vertex  0.500000000000004  0.561250000000033  0.438750000000016
      vertex  0.499999999999997  0.542571644095528  0.372588781385164
      vertex  0.459953423056177  0.540046576943803  0.308467097068265
    endloop
  endfacet
  facet normal -0.319093877539750  0.946073736253954 -0.055889022957385
    outer loop
      vertex  0.459953423056177  0.540046576943803  0.308467097068265
      vertex  0.457746920651118  0.542253079348869  0.358416000000028
      vertex  0.478874732226069  0.551752111518965  0.398585418210881
    endloop
  endfacet
  facet normal -0.319093877540471  0.946073736253722 -0.055889022957203
    outer loop
      vertex  0.459953423056177  0.540046576943803  0.308467097068265
      vertex  0.478874732226069  0.551752111518965  0.398585418210881
      vertex  0.500000000000004  0.561250000000033  0.438750000000016
    endloop
  endfacet
  facet normal -0.051703740791493  0.998411673932676 -0.022379735099361
    outer loop
      vertex  0.499999999999997  0.542571644095528  0.372588781385164
      vertex  0.499999999999998  0.540585856691140  0.283998218642225
      vertex  0.462199109941077  0.537800890058902  0.247085548667428
    endloop
  endfacet
  facet normal -0.004222634825971  0.999316848595106 -0.036715193981122
    outer loop
      vertex  0.499999999999997  0.542571644095528  0.372588781385164
      vertex  0.462199109941077  0.537800890058902  0.247085548667428
      vertex  0.459953423056177  0.540046576943803  0.308467097068265
    endloop
  endfacet
  facet normal -0.382504097235926  0.923446579210622  0.030610961140234
    outer loop
      vertex  0.499999999999998  0.540585856691140  0.283998218642225
      vertex  0.500000000000000  0.549999999999985  0.000000000000000
      vertex  0.464644660940667  0.535355339059321  0.000000000000000
    endloop
  endfacet
  facet normal -0.063266369167142  0.997941403677464 -0.010503397481725
    outer loop
      vertex  0.499999999999998  0.540585856691140  0.283998218642225
      vertex  0.464644660940667  0.535355339059321  0.000000000000000
      vertex  0.462199109941077  0.537800890058902  0.247085548667428
    endloop
  endfacet
  facet normal -0.000000000000024 -1.000000000000000 -0.000000000000005
    outer loop
      vertex  0.500000000000000  0.500000000000004  0.500000000000000
      vertex  0.457428355904451  0.499999999999997  0.372588781385141
      vertex  0.500000000000000  0.499999999999996  0.428660372603386
    endloop
  endfacet
  facet normal  0.000000000000019 -1.000000000000000 -0.000000000000019
    outer loop
      vertex  0.500000000000000  0.500000000000004  0.500000000000000
      vertex  0.438749999999987  0.500000000000004  0.438750000000023
      vertex  0.457428355904451  0.499999999999997  0.372588781385141
    endloop
  endfacet
  facet normal -0.000000000000034 -1.000000000000000 -0.000000000000002
    outer loop
      vertex  0.500000000000000  0.499999999999996  0.428660372603386
      vertex  0.459414143308840  0.499999999999998  0.283998218642209
      vertex  0.500000000000000  0.499999999999996  0.318525819440433
    endloop
  endfacet
  facet normal -0.000000000000024 -1.000000000000000 -0.000000000000004
    outer loop
      vertex  0.500000000000000  0.499999999999996  0.428660372603386
      vertex  0.457428355904451  0.499999999999997  0.372588781385141
      vertex  0.459414143308840  0.499999999999998  0.283998218642209
    endloop
  endfacet
  facet normal  0.000000000000000 -1.000000000000000 -0.000000000000002
    outer loop
      vertex  0.500000000000000  0.499999999999996  0.318525819440433
      vertex  0.450000000000006  0.499999999999997  0.000000000000000
      vertex  0.500000000000000  0.499999999999997  0.000000000000000
    endloop
  endfacet
  facet normal -0.000000000000039 -1.000000000000000  0.000000000000004
    outer loop
      vertex  0.500000000000000  0.499999999999996  0.318525819440433
      vertex  0.459414143308840  0.499999999999998  0.283998218642209
      vertex  0.450000000000006  0.499999999999997  0.000000000000000
    endloop
  endfacet
  facet normal  0.476344364941040  0.739048098555231  0.476344364940759
    outer loop
      vertex  0.500000000000000  0.500000000000004  0.500000000000000
      vertex  0.530626843745080  0.500000000000004  0.469373156254938
      vertex  0.521127811574959  0.551750967829860  0.398580581789122
    endloop
  endfacet
  facet normal  0.856897394161451  0.364504359287776  0.364504359287406
    outer loop
      vertex  0.500000000000000  0.500000000000004  0.500000000000000
      vertex  0.521127811574959  0.551750967829860  0.398580581789122
      vertex  0.500000000000004  0.561250000000033  0.438750000000016
    endloop
  endfacet
  facet normal  0.364504359287535  0.856897394161587  0.364504359287329
    outer loop
      vertex  0.530626843745080  0.500000000000004  0.469373156254938
      vertex  0.561250000000025  0.500000000000004  0.438750000000011
      vertex  0.542253079348889  0.542253079348858  0.358416000000004
    endloop
  endfacet
  facet normal  0.790936886695220  0.539677267433356  0.288387392721213
    outer loop
      vertex  0.530626843745080  0.500000000000004  0.469373156254938
      vertex  0.542253079348889  0.542253079348858  0.358416000000004
      vertex  0.521127811574959  0.551750967829860  0.398580581789122
    endloop
  endfacet
  facet normal -0.000000000000000 -0.000000000000000 -1.000000000000000
    outer loop
      vertex  0.500000000000000  0.499999999999997  0.000000000000000
      vertex  0.535355339059339  0.535355339059316  0.000000000000000
      vertex  0.550000000000003  0.499999999999997  0.000000000000000
    endloop
  endfacet
  facet normal -0.000000000000000 -0.000000000000000 -1.000000000000000
    outer loop
      vertex  0.500000000000000  0.499999999999997  0.000000000000000
      vertex  0.500000000000000  0.549999999999985  0.000000000000000
      vertex  0.535355339059339  0.535355339059316  0.000000000000000
    endloop
  endfacet
  facet normal -1.000000000000000 -0.000000000000069 -0.000000000000000
    outer loop
      vertex  0.500000000000000  0.500000000000004  0.500000000000000
      vertex  0.499999999999997  0.542571644095528  0.372588781385164
      vertex  0.500000000000000  0.499999999999996  0.428660372603386
    endloop
  endfacet
  facet normal -1.000000000000000 -0.000000000000062  0.000000000000002
    outer loop
      vertex  0.500000000000000  0.500000000000004  0.500000000000000
      vertex  0.500000000000004  0.561250000000033  0.438750000000016
      vertex  0.499999999999997  0.542571644095528  0.372588781385164
    endloop
  endfacet
  facet normal -1.000000000000000 -0.000000000000049  0.000000000000001
    outer loop
      vertex  0.500000000000000  0.499999999999996  0.428660372603386
      vertex  0.499999999999998  0.540585856691140  0.283998218642225
      vertex  0.500000000000000  0.499999999999996  0.318525819440433
    endloop
  endfacet
  facet normal -1.000000000000000 -0.000000000000080 -0.000000000000008
    outer loop
      vertex  0.500000000000000  0.499999999999996  0.428660372603386
      vertex  0.499999999999997  0.542571644095528  0.372588781385164
      vertex  0.499999999999998  0.540585856691140  0.283998218642225
    endloop
  endfacet
  facet normal -1.000000000000000 -0.000000000000000 -0.000000000000000
    outer loop
      vertex  0.500000000000000  0.499999999999996  0.318525819440433
      vertex  0.500000000000000  0.549999999999985  0.000000000000000
      vertex  0.500000000000000  0.499999999999997  0.000000000000000
    endloop
  endfacet
  facet normal -1.000000000000000 -0.000000000000057 -0.000000000000009
    outer loop
      vertex  0.500000000000000  0.499999999999996  0.318525819440433
      vertex  0.499999999999998  0.540585856691140  0.283998218642225
      vertex  0.500000000000000  0.549999999999985  0.000000000000000
    endloop
  endfacet
  facet normal  0.901299259436306 -0.350591404230366 -0.254451001608061
    outer loop
      vertex  0.561250000000025  0.500000000000004  0.438750000000011
      vertex  0.542571644095549  0.499999999999995  0.372588781385141
      vertex  0.540046576943821  0.540046576943797  0.308467097068257
    endloop
  endfacet
  facet normal  0.946073736253851  0.319093877540051 -0.055889022957397
    outer loop
      vertex  0.561250000000025  0.500000000000004  0.438750000000011
      vertex  0.540046576943821  0.540046576943797  0.308467097068257
      vertex  0.542253079348889  0.542253079348858  0.358416000000004
    endloop
  endfacet
  facet normal  0.998411673932674  0.051703740791520 -0.022379735099374
    outer loop
      vertex  0.542571644095549  0.499999999999995  0.372588781385141
      vertex  0.540585856691159  0.499999999999995  0.283998218642209
      vertex  0.537800890058920  0.537800890058898  0.247085548667421
    endloop
  endfacet
  facet normal  0.999316848595106  0.004222634826019 -0.036715193981125
    outer loop
      vertex  0.542571644095549  0.499999999999995  0.372588781385141
      vertex  0.537800890058920  0.537800890058898  0.247085548667421
      vertex  0.540046576943821  0.540046576943797  0.308467097068257
    endloop
  endfacet
  facet normal  0.923446579210616  0.382504097235942  0.030610961140229
    outer loop
      vertex  0.540585856691159  0.499999999999995  0.283998218642209
      vertex  0.550000000000003  0.499999999999997  0.000000000000000
      vertex  0.535355339059339  0.535355339059316  0.000000000000000
    endloop
  endfacet
  facet normal  0.997941403677461  0.063266369167189 -0.010503397481723
    outer loop
      vertex  0.540585856691159  0.499999999999995  0.283998218642209
      vertex  0.535355339059339  0.535355339059316  0.000000000000000
      vertex  0.537800890058920  0.537800890058898  0.247085548667421
    endloop
  endfacet
  facet normal -0.007164723846995  0.999013964372433 -0.043815131188557
    outer loop
      vertex  0.542253079348889  0.542253079348858  0.358416000000004
      vertex  0.540046576943821  0.540046576943797  0.308467097068257
      vertex  0.499999999999997  0.542571644095528  0.372588781385164
    endloop
  endfacet
  facet normal -0.083584534621818  0.959015465830245 -0.270745197317425
    outer loop
      vertex  0.499999999999997  0.542571644095528  0.372588781385164
      vertex  0.500000000000004  0.561250000000033  0.438750000000016
      vertex  0.521127811574959  0.551750967829860  0.398580581789122
    endloop
  endfacet
  facet normal -0.083584534622339  0.959015465830313 -0.270745197317025
    outer loop
      vertex  0.499999999999997  0.542571644095528  0.372588781385164
      vertex  0.521127811574959  0.551750967829860  0.398580581789122
      vertex  0.542253079348889  0.542253079348858  0.358416000000004
    endloop
  endfacet
  facet normal  0.036588771326337  0.998612464954731 -0.037873561357035
    outer loop
      vertex  0.540046576943821  0.540046576943797  0.308467097068257
      vertex  0.537800890058920  0.537800890058898  0.247085548667421
      vertex  0.499999999999998  0.540585856691140  0.283998218642225
    endloop
  endfacet
  facet normal  0.027145491493810  0.999380456732269 -0.022401450693217
    outer loop
      vertex  0.540046576943821  0.540046576943797  0.308467097068257
      vertex  0.499999999999998  0.540585856691140  0.283998218642225
      vertex  0.499999999999997  0.542571644095528  0.372588781385164
    endloop
  endfacet
  facet normal  0.382651437915555  0.923802291077255 -0.012930740952191
    outer loop
      vertex  0.537800890058920  0.537800890058898  0.247085548667421
      vertex  0.535355339059339  0.535355339059316  0.000000000000000
      vertex  0.500000000000000  0.549999999999985  0.000000000000000
    endloop
  endfacet
  facet normal  0.105395807566454  0.993884446443534  0.032945877815670
    outer loop
      vertex  0.537800890058920  0.537800890058898  0.247085548667421
      vertex  0.500000000000000  0.549999999999985  0.000000000000000
      vertex  0.499999999999998  0.540585856691140  0.283998218642225
    endloop
  endfacet
  facet normal -0.000000000000008 -1.000000000000000  0.000000000000017
    outer loop
      vertex  0.561250000000025  0.500000000000004  0.438750000000011
      vertex  0.500000000000000  0.499999999999996  0.428660372603386
      vertex  0.542571644095549  0.499999999999995  0.372588781385141
    endloop
  endfacet
  facet normal -0.000000000000005 -1.000000000000000 -0.000000000000005
    outer loop
      vertex  0.561250000000025  0.500000000000004  0.438750000000011
      vertex  0.500000000000000  0.500000000000004  0.500000000000000
      vertex  0.500000000000000  0.499999999999996  0.428660372603386
    endloop
  endfacet
  facet normal -0.000000000000036 -1.000000000000000  0.000000000000001
    outer loop
      vertex  0.542571644095549  0.499999999999995  0.372588781385141
      vertex  0.500000000000000  0.499999999999996  0.318525819440433
      vertex  0.540585856691159  0.499999999999995  0.283998218642209
    endloop
  endfacet
  facet normal -0.000000000000033 -1.000000000000000 -0.000000000000002
    outer loop
      vertex  0.542571644095549  0.499999999999995  0.372588781385141
      vertex  0.500000000000000  0.499999999999996  0.428660372603386
      vertex  0.500000000000000  0.499999999999996  0.318525819440433
    endloop
  endfacet
  facet normal  0.000000000000000 -1.000000000000000 -0.000000000000008
    outer loop
      vertex  0.540585856691159  0.499999999999995  0.283998218642209
      vertex  0.500000000000000  0.499999999999997  0.000000000000000
      vertex  0.550000000000003  0.499999999999997  0.000000000000000
    endloop
  endfacet
  facet normal -0.000000000000039 -1.000000000000000 -0.000000000000002
    outer loop
      vertex  0.540585856691159  0.499999999999995  0.283998218642209
      vertex  0.500000000000000  0.499999999999996  0.318525819440433
      vertex  0.500000000000000  0.499999999999997  0.000000000000000
    endloop
  endfacet
  facet normal -0.790946976161697 -0.539657095190289  0.288397469668940
    outer loop
      vertex  0.457746920651127  0.457746920651121  0.358415999999988
      vertex  0.478874732226077  0.448247888481019  0.398585418210846
      vertex  0.469376843745041  0.500000000000015  0.469376843745074
    endloop
  endfacet
  facet normal -0.364504359287603 -0.856897394161574  0.364504359287290
    outer loop
      vertex  0.457746920651127  0.457746920651121  0.358415999999988
      vertex  0.469376843745041  0.500000000000015  0.469376843745074
      vertex  0.438749999999987  0.500000000000004  0.438750000000023
    endloop
  endfacet
  facet normal -0.856897394161508 -0.364504359287709  0.364504359287340
    outer loop
      vertex  0.478874732226077  0.448247888481019  0.398585418210846
      vertex  0.499999999999996  0.438749999999995  0.438750000000036
      vertex  0.500000000000000  0.500000000000004  0.500000000000000
    endloop
  endfacet
  facet normal -0.476357543673707 -0.739031109744824  0.476357543673328
    outer loop
      vertex  0.478874732226077  0.448247888481019  0.398585418210846
      vertex  0.500000000000000  0.500000000000004  0.500000000000000
      vertex  0.469376843745041  0.500000000000015  0.469376843745074
    endloop
  endfacet
  facet normal -0.000000000000000  0.000000000000000 -1.000000000000000
    outer loop
      vertex  0.464644660940678  0.464644660940667  0.000000000000000
      vertex  0.500000000000000  0.499999999999997  0.000000000000000
      vertex  0.500000000000000  0.450000000000000  0.000000000000000
    endloop
  endfacet
  facet normal -0.000000000000000 -0.000000000000000 -1.000000000000000
    outer loop
      vertex  0.464644660940678  0.464644660940667  0.000000000000000
      vertex  0.450000000000006  0.499999999999997  0.000000000000000
      vertex  0.500000000000000  0.499999999999997  0.000000000000000
    endloop
  endfacet
  facet normal -0.999013964372431  0.007164723847060 -0.043815131188606
    outer loop
      vertex  0.457746920651127  0.457746920651121  0.358415999999988
      vertex  0.457428355904451  0.499999999999997  0.372588781385141
      vertex  0.459953423056183  0.459953423056188  0.308467097068226
    endloop
  endfacet
  facet normal -0.959015465830181  0.083584534622599 -0.270745197317412
    outer loop
      vertex  0.457746920651127  0.457746920651121  0.358415999999988
      vertex  0.438749999999987  0.500000000000004  0.438750000000023
      vertex  0.457428355904451  0.499999999999997  0.372588781385141
    endloop
  endfacet
  facet normal -0.998612464954729 -0.036588771326364 -0.037873561357070
    outer loop
      vertex  0.459953423056183  0.459953423056188  0.308467097068226
      vertex  0.459414143308840  0.499999999999998  0.283998218642209
      vertex  0.462199109941085  0.462199109941088  0.247085548667400
    endloop
  endfacet
  facet normal -0.999380456732269 -0.027145491493822 -0.022401450693227
    outer loop
      vertex  0.459953423056183  0.459953423056188  0.308467097068226
      vertex  0.457428355904451  0.499999999999997  0.372588781385141
      vertex  0.459414143308840  0.499999999999998  0.283998218642209
    endloop
  endfacet
  facet normal -0.923802291077194 -0.382651437915703 -0.012930740952207
    outer loop
      vertex  0.462199109941085  0.462199109941088  0.247085548667400
      vertex  0.450000000000006  0.499999999999997  0.000000000000000
      vertex  0.464644660940678  0.464644660940667  0.000000000000000
    endloop
  endfacet
  facet normal -0.993884446443526 -0.105395807566532  0.032945877815656
    outer loop
      vertex  0.462199109941085  0.462199109941088  0.247085548667400
      vertex  0.459414143308840  0.499999999999998  0.283998218642209
      vertex  0.450000000000006  0.499999999999997  0.000000000000000
    endloop
  endfacet
  facet normal  1.000000000000000  0.000000000000063  0.000000000000000
    outer loop
      vertex  0.499999999999996  0.438749999999995  0.438750000000036
      vertex  0.500000000000000  0.499999999999996  0.428660372603386
      vertex  0.500000000000000  0.500000000000004  0.500000000000000
    endloop
  endfacet
  facet normal  1.000000000000000  0.000000000000064  0.000000000000005
    outer loop
      vertex  0.499999999999996  0.438749999999995  0.438750000000036
      vertex  0.500000000000003  0.457428355904456  0.372588781385135
      vertex  0.500000000000000  0.499999999999996  0.428660372603386
    endloop
  endfacet
  facet normal  1.000000000000000  0.000000000000071 -0.000000000000001
    outer loop
      vertex  0.500000000000003  0.457428355904456  0.372588781385135
      vertex  0.500000000000000  0.499999999999996  0.318525819440433
      vertex  0.500000000000000  0.499999999999996  0.428660372603386
    endloop
  endfacet
  facet normal  1.000000000000000  0.000000000000057 -0.000000000000011
    outer loop
      vertex  0.500000000000003  0.457428355904456  0.372588781385135
      vertex  0.500000000000002  0.459414143308846  0.283998218642205
      vertex  0.500000000000000  0.499999999999996  0.318525819440433
    endloop
  endfacet
  facet normal  1.000000000000000  0.000000000000048  0.000000000000000
    outer loop
      vertex  0.500000000000002  0.459414143308846  0.283998218642205
      vertex  0.500000000000000  0.499999999999997  0.000000000000000
      vertex  0.500000000000000  0.499999999999996  0.318525819440433
    endloop
  endfacet
  facet normal  1.000000000000000 -0.000000000000000 -0.000000000000007
    outer loop
      vertex  0.500000000000002  0.459414143308846  0.283998218642205
      vertex  0.500000000000000  0.450000000000000  0.000000000000000
      vertex  0.500000000000000  0.499999999999997  0.000000000000000
    endloop
  endfacet
  facet normal -0.000000000000019  1.000000000000000  0.000000000000019
    outer loop
      vertex  0.500000000000000  0.500000000000004  0.500000000000000
      vertex  0.457428355904451  0.499999999999997  0.372588781385141
      vertex  0.438749999999987  0.500000000000004  0.438750000000023
    endloop
  endfacet
  facet normal  0.000000000000024  1.000000000000000  0.000000000000005
    outer loop
      vertex  0.500000000000000  0.500000000000004  0.500000000000000
      vertex  0.500000000000000  0.499999999999996  0.428660372603386
      vertex  0.457428355904451  0.499999999999997  0.372588781385141
    endloop
  endfacet
  facet normal  0.000000000000024  1.000000000000000  0.000000000000004
    outer loop
      vertex  0.500000000000000  0.499999999999996  0.428660372603386
      vertex  0.459414143308840  0.499999999999998  0.283998218642209
      vertex  0.457428355904451  0.499999999999997  0.372588781385141
    endloop
  endfacet
  facet normal  0.000000000000034  1.000000000000000  0.000000000000002
    outer loop
      vertex  0.500000000000000  0.499999999999996  0.428660372603386
      vertex  0.500000000000000  0.499999999999996  0.318525819440433
      vertex  0.459414143308840  0.499999999999998  0.283998218642209
    endloop
  endfacet
  facet normal  0.000000000000039  1.000000000000000 -0.000000000000004
    outer loop
      vertex  0.500000000000000  0.499999999999996  0.318525819440433
      vertex  0.450000000000006  0.499999999999997  0.000000000000000
      vertex  0.459414143308840  0.499999999999998  0.283998218642209
    endloop
  endfacet
  facet normal  0.000000000000000  1.000000000000000  0.000000000000002
    outer loop
      vertex  0.500000000000000  0.499999999999996  0.318525819440433
      vertex  0.500000000000000  0.499999999999997  0.000000000000000
      vertex  0.450000000000006  0.499999999999997  0.000000000000000
    endloop
  endfacet
  facet normal  0.350591404230283 -0.901299259436330 -0.254451001608093
    outer loop
      vertex  0.499999999999996  0.438749999999995  0.438750000000036
      vertex  0.459953423056183  0.459953423056188  0.308467097068226
      vertex  0.500000000000003  0.457428355904456  0.372588781385135
    endloop
  endfacet
  facet normal -0.319093877539532 -0.946073736254016 -0.055889022957581
    outer loop
      vertex  0.459953423056183  0.459953423056188  0.308467097068226
      vertex  0.499999999999996  0.438749999999995  0.438750000000036
      vertex  0.478874732226077  0.448247888481019  0.398585418210846
    endloop
  endfacet
  facet normal -0.319093877540241 -0.946073736253787 -0.055889022957403
    outer loop
      vertex  0.459953423056183  0.459953423056188  0.308467097068226
      vertex  0.478874732226077  0.448247888481019  0.398585418210846
      vertex  0.457746920651127  0.457746920651121  0.358415999999988
    endloop
  endfacet
  facet normal -0.051703740791592 -0.998411673932671 -0.022379735099366
    outer loop
      vertex  0.500000000000003  0.457428355904456  0.372588781385135
      vertex  0.462199109941085  0.462199109941088  0.247085548667400
      vertex  0.500000000000002  0.459414143308846  0.283998218642205
    endloop
  endfacet
  facet normal -0.004222634826125 -0.999316848595106 -0.036715193981109
    outer loop
      vertex  0.500000000000003  0.457428355904456  0.372588781385135
      vertex  0.459953423056183  0.459953423056188  0.308467097068226
      vertex  0.462199109941085  0.462199109941088  0.247085548667400
    endloop
  endfacet
  facet normal -0.382504097235981 -0.923446579210600  0.030610961140235
    outer loop
      vertex  0.500000000000002  0.459414143308846  0.283998218642205
      vertex  0.464644660940678  0.464644660940667  0.000000000000000
      vertex  0.500000000000000  0.450000000000000  0.000000000000000
    endloop
  endfacet
  facet normal -0.063266369167257 -0.997941403677457 -0.010503397481717
    outer loop
      vertex  0.500000000000002  0.459414143308846  0.283998218642205
      vertex  0.462199109941085  0.462199109941088  0.247085548667400
      vertex  0.464644660940678  0.464644660940667  0.000000000000000
    endloop
  endfacet
  facet normal  0.790936886695293 -0.539677267433281  0.288387392721153
    outer loop
      vertex  0.499999999999996  0.438749999999995  0.438750000000036
      vertex  0.521127811574959  0.448249032170117  0.398580581789096
      vertex  0.530626843745080  0.500000000000004  0.469373156254938
    endloop
  endfacet
  facet normal  0.577350269189732 -0.577350269189857  0.577350269189288
    outer loop
      vertex  0.499999999999996  0.438749999999995  0.438750000000036
      vertex  0.530626843745080  0.500000000000004  0.469373156254938
      vertex  0.500000000000000  0.500000000000004  0.500000000000000
    endloop
  endfacet
  facet normal  0.692741676520909 -0.692741676520998  0.200544107921117
    outer loop
      vertex  0.521127811574959  0.448249032170117  0.398580581789096
      vertex  0.542253079348882  0.457746920651118  0.358415999999979
      vertex  0.561250000000025  0.500000000000004  0.438750000000011
    endloop
  endfacet
  facet normal  0.476344364941096 -0.739048098555222  0.476344364940717
    outer loop
      vertex  0.521127811574959  0.448249032170117  0.398580581789096
      vertex  0.561250000000025  0.500000000000004  0.438750000000011
      vertex  0.530626843745080  0.500000000000004  0.469373156254938
    endloop
  endfacet
  facet normal -0.000000000000000 -0.000000000000000 -1.000000000000000
    outer loop
      vertex  0.500000000000000  0.450000000000000  0.000000000000000
      vertex  0.550000000000003  0.499999999999997  0.000000000000000
      vertex  0.535355339059327  0.464644660940673  0.000000000000000
    endloop
  endfacet
  facet normal  0.000000000000000 -0.000000000000000 -1.000000000000000
    outer loop
      vertex  0.500000000000000  0.450000000000000  0.000000000000000
      vertex  0.500000000000000  0.499999999999997  0.000000000000000
      vertex  0.550000000000003  0.499999999999997  0.000000000000000
    endloop
  endfacet
  facet normal -1.000000000000000 -0.000000000000064 -0.000000000000005
    outer loop
      vertex  0.499999999999996  0.438749999999995  0.438750000000036
      vertex  0.500000000000000  0.499999999999996  0.428660372603386
      vertex  0.500000000000003  0.457428355904456  0.372588781385135
    endloop
  endfacet
  facet normal -1.000000000000000 -0.000000000000063 -0.000000000000000
    outer loop
      vertex  0.499999999999996  0.438749999999995  0.438750000000036
      vertex  0.500000000000000  0.500000000000004  0.500000000000000
      vertex  0.500000000000000  0.499999999999996  0.428660372603386
    endloop
  endfacet
  facet normal -1.000000000000000 -0.000000000000057  0.000000000000011
    outer loop
      vertex  0.500000000000003  0.457428355904456  0.372588781385135
      vertex  0.500000000000000  0.499999999999996  0.318525819440433
      vertex  0.500000000000002  0.459414143308846  0.283998218642205
    endloop
  endfacet
  facet normal -1.000000000000000 -0.000000000000071  0.000000000000001
    outer loop
      vertex  0.500000000000003  0.457428355904456  0.372588781385135
      vertex  0.500000000000000  0.499999999999996  0.428660372603386
      vertex  0.500000000000000  0.499999999999996  0.318525819440433
    endloop
  endfacet
  facet normal -1.000000000000000 -0.000000000000000  0.000000000000007
    outer loop
      vertex  0.500000000000002  0.459414143308846  0.283998218642205
      vertex  0.500000000000000  0.499999999999997  0.000000000000000
      vertex  0.500000000000000  0.450000000000000  0.000000000000000
    endloop
  endfacet
  facet normal -1.000000000000000 -0.000000000000048 -0.000000000000000
    outer loop
      vertex  0.500000000000002  0.459414143308846  0.283998218642205
      vertex  0.500000000000000  0.499999999999996  0.318525819440433
      vertex  0.500000000000000  0.499999999999997  0.000000000000000
    endloop
  endfacet
  facet normal  0.999013964372433  0.007164723847048 -0.043815131188561
    outer loop
      vertex  0.542253079348882  0.457746920651118  0.358415999999979
      vertex  0.540046576943820  0.459953423056183  0.308467097068234
      vertex  0.542571644095549  0.499999999999995  0.372588781385141
    endloop
  endfacet
  facet normal  0.959015465830184  0.083584534622553 -0.270745197317416
    outer loop
      vertex  0.542253079348882  0.457746920651118  0.358415999999979
      vertex  0.542571644095549  0.499999999999995  0.372588781385141
      vertex  0.561250000000025  0.500000000000004  0.438750000000011
    endloop
  endfacet
  facet normal  0.998612464954732 -0.036588771326290 -0.037873561357067
    outer loop
      vertex  0.540046576943820  0.459953423056183  0.308467097068234
      vertex  0.537800890058918  0.462199109941085  0.247085548667407
      vertex  0.540585856691159  0.499999999999995  0.283998218642209
    endloop
  endfacet
  facet normal  0.999380456732271 -0.027145491493749 -0.022401450693231
    outer loop
      vertex  0.540046576943820  0.459953423056183  0.308467097068234
      vertex  0.540585856691159  0.499999999999995  0.283998218642209
      vertex  0.542571644095549  0.499999999999995  0.372588781385141
    endloop
  endfacet
  facet normal  0.923802291077194 -0.382651437915702 -0.012930740952223
    outer loop
      vertex  0.537800890058918  0.462199109941085  0.247085548667407
      vertex  0.535355339059327  0.464644660940673  0.000000000000000
      vertex  0.550000000000003  0.499999999999997  0.000000000000000
    endloop
  endfacet
  facet normal  0.993884446443536 -0.105395807566441  0.032945877815657
    outer loop
      vertex  0.537800890058918  0.462199109941085  0.247085548667407
      vertex  0.550000000000003  0.499999999999997  0.000000000000000
      vertex  0.540585856691159  0.499999999999995  0.283998218642209
    endloop
  endfacet
  facet normal  0.000000000000005  1.000000000000000  0.000000000000005
    outer loop
      vertex  0.561250000000025  0.500000000000004  0.438750000000011
      vertex  0.500000000000000  0.499999999999996  0.428660372603386
      vertex  0.500000000000000  0.500000000000004  0.500000000000000
    endloop
  endfacet
  facet normal  0.000000000000008  1.000000000000000 -0.000000000000017
    outer loop
      vertex  0.561250000000025  0.500000000000004  0.438750000000011
      vertex  0.542571644095549  0.499999999999995  0.372588781385141
      vertex  0.500000000000000  0.499999999999996  0.428660372603386
    endloop
  endfacet
  facet normal  0.000000000000033  1.000000000000000  0.000000000000002
    outer loop
      vertex  0.542571644095549  0.499999999999995  0.372588781385141
      vertex  0.500000000000000  0.499999999999996  0.318525819440433
      vertex  0.500000000000000  0.499999999999996  0.428660372603386
    endloop
  endfacet
  facet normal  0.000000000000036  1.000000000000000 -0.000000000000001
    outer loop
      vertex  0.542571644095549  0.499999999999995  0.372588781385141
      vertex  0.540585856691159  0.499999999999995  0.283998218642209
      vertex  0.500000000000000  0.499999999999996  0.318525819440433
    endloop
  endfacet
  facet normal  0.000000000000039  1.000000000000000  0.000000000000002
    outer loop
      vertex  0.540585856691159  0.499999999999995  0.283998218642209
      vertex  0.500000000000000  0.499999999999997  0.000000000000000
      vertex  0.500000000000000  0.499999999999996  0.318525819440433
    endloop
  endfacet
  facet normal  0.000000000000000  1.000000000000000  0.000000000000008
    outer loop
      vertex  0.540585856691159  0.499999999999995  0.283998218642209
      vertex  0.550000000000003  0.499999999999997  0.000000000000000
      vertex  0.500000000000000  0.499999999999997  0.000000000000000
    endloop
  endfacet
  facet normal -0.007164723847191 -0.999013964372430 -0.043815131188600
    outer loop
      vertex  0.542253079348882  0.457746920651118  0.358415999999979
      vertex  0.500000000000003  0.457428355904456  0.372588781385135
      vertex  0.540046576943820  0.459953423056183  0.308467097068234
    endloop
  endfacet
  facet normal -0.083584534622646 -0.959015465830171 -0.270745197317432
    outer loop
      vertex  0.500000000000003  0.457428355904456  0.372588781385135
      vertex  0.542253079348882  0.457746920651118  0.358415999999979
      vertex  0.521127811574959  0.448249032170117  0.398580581789096
    endloop
  endfacet
  facet normal -0.083584534622655 -0.959015465830172 -0.270745197317425
    outer loop
      vertex  0.500000000000003  0.457428355904456  0.372588781385135
      vertex  0.521127811574959  0.448249032170117  0.398580581789096
      vertex  0.499999999999996  0.438749999999995  0.438750000000036
    endloop
  endfacet
  facet normal  0.036588771326219 -0.998612464954734 -0.037873561357066
    outer loop
      vertex  0.540046576943820  0.459953423056183  0.308467097068234
      vertex  0.500000000000002  0.459414143308846  0.283998218642205
      vertex  0.537800890058918  0.462199109941085  0.247085548667407
    endloop
  endfacet
  facet normal  0.027145491493674 -0.999380456732273 -0.022401450693223
    outer loop
      vertex  0.540046576943820  0.459953423056183  0.308467097068234
      vertex  0.500000000000003  0.457428355904456  0.372588781385135
      vertex  0.500000000000002  0.459414143308846  0.283998218642205
    endloop
  endfacet
  facet normal  0.382651437915610 -0.923802291077232 -0.012930740952217
    outer loop
      vertex  0.537800890058918  0.462199109941085  0.247085548667407
      vertex  0.500000000000000  0.450000000000000  0.000000000000000
      vertex  0.535355339059327  0.464644660940673  0.000000000000000
    endloop
  endfacet
  facet normal  0.105395807566360 -0.993884446443544  0.032945877815665
    outer loop
      vertex  0.537800890058918  0.462199109941085  0.247085548667407
      vertex  0.500000000000002  0.459414143308846  0.283998218642205
      vertex  0.500000000000000  0.450000000000000  0.000000000000000
    endloop
  endfacet
  facet normal -0.476357543673739 -0.739031109744718 -0.476357543673460
    outer loop
      vertex  0.438749999999975  0.500000000000004  0.561249999999989
      vertex  0.469373156254920  0.500000000000004  0.530626843745062
      vertex  0.478874732226069  0.448247888481035  0.601414581789119
    endloop
  endfacet
  facet normal -0.692741676520920 -0.692741676520952 -0.200544107921238
    outer loop
      vertex  0.438749999999975  0.500000000000004  0.561249999999989
      vertex  0.478874732226069  0.448247888481035  0.601414581789119
      vertex  0.457746920651118  0.457746920651131  0.641583999999973
    endloop
  endfacet
  facet normal -0.577350269189744 -0.577350269189721 -0.577350269189412
    outer loop
      vertex  0.469373156254920  0.500000000000004  0.530626843745062
      vertex  0.500000000000000  0.500000000000004  0.500000000000000
      vertex  0.500000000000004  0.438749999999967  0.561249999999984
    endloop
  endfacet
  facet normal -0.790946976161691 -0.539657095190227 -0.288397469669073
    outer loop
      vertex  0.469373156254920  0.500000000000004  0.530626843745062
      vertex  0.500000000000004  0.438749999999967  0.561249999999984
      vertex  0.478874732226069  0.448247888481035  0.601414581789119
    endloop
  endfacet
  facet normal -0.000000000000000 -0.000000000000000  1.000000000000000
    outer loop
      vertex  0.450000000000006  0.500000000000003  1.000000000000000
      vertex  0.500000000000000  0.450000000000015  1.000000000000000
      vertex  0.500000000000000  0.500000000000003  1.000000000000000
    endloop
  endfacet
  facet normal -0.000000000000000 -0.000000000000000  1.000000000000000
    outer loop
      vertex  0.450000000000006  0.500000000000003  1.000000000000000
      vertex  0.464644660940667  0.464644660940678  1.000000000000000
      vertex  0.500000000000000  0.450000000000015  1.000000000000000
    endloop
  endfacet
  facet normal -0.901299259436303  0.350591404230366  0.254451001608073
    outer loop
      vertex  0.438749999999975  0.500000000000004  0.561249999999989
      vertex  0.459953423056177  0.459953423056197  0.691532902931735
      vertex  0.457428355904451  0.500000000000003  0.627411218614859
    endloop
  endfacet
  facet normal -0.946073736253855 -0.319093877540045  0.055889022957369
    outer loop
      vertex  0.438749999999975  0.500000000000004  0.561249999999989
      vertex  0.457746920651118  0.457746920651131  0.641583999999973
      vertex  0.459953423056177  0.459953423056197  0.691532902931735
    endloop
  endfacet
  facet normal -0.998411673932678 -0.051703740791449  0.022379735099371
    outer loop
      vertex  0.457428355904451  0.500000000000003  0.627411218614859
      vertex  0.462199109941077  0.462199109941098  0.752914451332572
      vertex  0.459414143308840  0.500000000000002  0.716001781357791
    endloop
  endfacet
  facet normal -0.999316848595107 -0.004222634825974  0.036715193981115
    outer loop
      vertex  0.457428355904451  0.500000000000003  0.627411218614859
      vertex  0.459953423056177  0.459953423056197  0.691532902931735
      vertex  0.462199109941077  0.462199109941098  0.752914451332572
    endloop
  endfacet
  facet normal -0.923446579210616 -0.382504097235942 -0.030610961140224
    outer loop
      vertex  0.459414143308840  0.500000000000002  0.716001781357791
      vertex  0.464644660940667  0.464644660940678  1.000000000000000
      vertex  0.450000000000006  0.500000000000003  1.000000000000000
    endloop
  endfacet
  facet normal -0.997941403677467 -0.063266369167100  0.010503397481736
    outer loop
      vertex  0.459414143308840  0.500000000000002  0.716001781357791
      vertex  0.462199109941077  0.462199109941098  0.752914451332572
      vertex  0.464644660940667  0.464644660940678  1.000000000000000
    endloop
  endfacet
  facet normal  1.000000000000000 -0.000000000000062  0.000000000000002
    outer loop
      vertex  0.500000000000000  0.500000000000004  0.500000000000000
      vertex  0.499999999999997  0.457428355904472  0.627411218614836
      vertex  0.500000000000004  0.438749999999967  0.561249999999984
    endloop
  endfacet
  facet normal  1.000000000000000 -0.000000000000069 -0.000000000000000
    outer loop
      vertex  0.500000000000000  0.500000000000004  0.500000000000000
      vertex  0.500000000000000  0.500000000000004  0.571339627396614
      vertex  0.499999999999997  0.457428355904472  0.627411218614836
    endloop
  endfacet
  facet normal  1.000000000000000 -0.000000000000080 -0.000000000000008
    outer loop
      vertex  0.500000000000000  0.500000000000004  0.571339627396614
      vertex  0.499999999999998  0.459414143308859  0.716001781357775
      vertex  0.499999999999997  0.457428355904472  0.627411218614836
    endloop
  endfacet
  facet normal  1.000000000000000 -0.000000000000049  0.000000000000001
    outer loop
      vertex  0.500000000000000  0.500000000000004  0.571339627396614
      vertex  0.500000000000000  0.500000000000003  0.681474180559566
      vertex  0.499999999999998  0.459414143308859  0.716001781357775
    endloop
  endfacet
  facet normal  1.000000000000000 -0.000000000000057 -0.000000000000009
    outer loop
      vertex  0.500000000000000  0.500000000000003  0.681474180559566
      vertex  0.500000000000000  0.450000000000015  1.000000000000000
      vertex  0.499999999999998  0.459414143308859  0.716001781357775
    endloop
  endfacet
  facet normal  1.000000000000000 -0.000000000000000 -0.000000000000000
    outer loop
      vertex  0.500000000000000  0.500000000000003  0.681474180559566
      vertex  0.500000000000000  0.500000000000003  1.000000000000000
      vertex  0.500000000000000  0.450000000000015  1.000000000000000
    endloop
  endfacet
  facet normal  0.350591404230289 -0.901299259436337  0.254451001608060
    outer loop
      vertex  0.500000000000004  0.438749999999967  0.561249999999984
      vertex  0.499999999999997  0.457428355904472  0.627411218614836
      vertex  0.459953423056177  0.459953423056197  0.691532902931735
    endloop
  endfacet
  facet normal -0.319093877539751 -0.946073736253953  0.055889022957385
    outer loop
      vertex  0.459953423056177  0.459953423056197  0.691532902931735
      vertex  0.457746920651118  0.457746920651131  0.641583999999973
      vertex  0.478874732226069  0.448247888481035  0.601414581789119
    endloop
  endfacet
  facet normal -0.319093877540462 -0.946073736253724  0.055889022957206
    outer loop
      vertex  0.459953423056177  0.459953423056197  0.691532902931735
      vertex  0.478874732226069  0.448247888481035  0.601414581789119
      vertex  0.500000000000004  0.438749999999967  0.561249999999984
    endloop
  endfacet
  facet normal -0.051703740791496 -0.998411673932676  0.022379735099359
    outer loop
      vertex  0.499999999999997  0.457428355904472  0.627411218614836
      vertex  0.499999999999998  0.459414143308859  0.716001781357775
      vertex  0.462199109941077  0.462199109941098  0.752914451332572
    endloop
  endfacet
  facet normal -0.004222634825979 -0.999316848595107  0.036715193981119
    outer loop
      vertex  0.499999999999997  0.457428355904472  0.627411218614836
      vertex  0.462199109941077  0.462199109941098  0.752914451332572
      vertex  0.459953423056177  0.459953423056197  0.691532902931735
    endloop
  endfacet
  facet normal -0.382504097235926 -0.923446579210622 -0.030610961140234
    outer loop
      vertex  0.499999999999998  0.459414143308859  0.716001781357775
      vertex  0.500000000000000  0.450000000000015  1.000000000000000
      vertex  0.464644660940667  0.464644660940678  1.000000000000000
    endloop
  endfacet
  facet normal -0.063266369167143 -0.997941403677464  0.010503397481726
    outer loop
      vertex  0.499999999999998  0.459414143308859  0.716001781357775
      vertex  0.464644660940667  0.464644660940678  1.000000000000000
      vertex  0.462199109941077  0.462199109941098  0.752914451332572
    endloop
  endfacet
  facet normal -0.000000000000023  1.000000000000000  0.000000000000005
    outer loop
      vertex  0.500000000000000  0.500000000000004  0.500000000000000
      vertex  0.457428355904451  0.500000000000003  0.627411218614859
      vertex  0.500000000000000  0.500000000000004  0.571339627396614
    endloop
  endfacet
  facet normal  0.000000000000018  1.000000000000000  0.000000000000018
    outer loop
      vertex  0.500000000000000  0.500000000000004  0.500000000000000
      vertex  0.438749999999975  0.500000000000004  0.561249999999989
      vertex  0.457428355904451  0.500000000000003  0.627411218614859
    endloop
  endfacet
  facet normal -0.000000000000032  1.000000000000000  0.000000000000004
    outer loop
      vertex  0.500000000000000  0.500000000000004  0.571339627396614
      vertex  0.459414143308840  0.500000000000002  0.716001781357791
      vertex  0.500000000000000  0.500000000000003  0.681474180559566
    endloop
  endfacet
  facet normal -0.000000000000018  1.000000000000000  0.000000000000008
    outer loop
      vertex  0.500000000000000  0.500000000000004  0.571339627396614
      vertex  0.457428355904451  0.500000000000003  0.627411218614859
      vertex  0.459414143308840  0.500000000000002  0.716001781357791
    endloop
  endfacet
  facet normal -0.000000000000000  1.000000000000000  0.000000000000002
    outer loop
      vertex  0.500000000000000  0.500000000000003  0.681474180559566
      vertex  0.450000000000006  0.500000000000003  1.000000000000000
      vertex  0.500000000000000  0.500000000000003  1.000000000000000
    endloop
  endfacet
  facet normal -0.000000000000039  1.000000000000000 -0.000000000000004
    outer loop
      vertex  0.500000000000000  0.500000000000003  0.681474180559566
      vertex  0.459414143308840  0.500000000000002  0.716001781357791
      vertex  0.450000000000006  0.500000000000003  1.000000000000000
    endloop
  endfacet
  facet normal  0.476344364941035 -0.739048098555232 -0.476344364940762
    outer loop
      vertex  0.500000000000000  0.500000000000004  0.500000000000000
      vertex  0.530623156254945  0.500000000000004  0.530623156254928
      vertex  0.521127811574959  0.448249032170140  0.601419418210878
    endloop
  endfacet
  facet normal  0.856897394161448 -0.364504359287781 -0.364504359287408
    outer loop
      vertex  0.500000000000000  0.500000000000004  0.500000000000000
      vertex  0.521127811574959  0.448249032170140  0.601419418210878
      vertex  0.500000000000004  0.438749999999967  0.561249999999984
    endloop
  endfacet
  facet normal  0.364504359287540 -0.856897394161586 -0.364504359287326
    outer loop
      vertex  0.530623156254945  0.500000000000004  0.530623156254928
      vertex  0.561250000000013  0.500000000000004  0.561249999999977
      vertex  0.542253079348889  0.457746920651142  0.641583999999996
    endloop
  endfacet
  facet normal  0.790936886695224 -0.539677267433352 -0.288387392721210
    outer loop
      vertex  0.530623156254945  0.500000000000004  0.530623156254928
      vertex  0.542253079348889  0.457746920651142  0.641583999999996
      vertex  0.521127811574959  0.448249032170140  0.601419418210878
    endloop
  endfacet
  facet normal -0.000000000000000 -0.000000000000000  1.000000000000000
    outer loop
      vertex  0.500000000000000  0.500000000000003  1.000000000000000
      vertex  0.535355339059339  0.464644660940684  1.000000000000000
      vertex  0.550000000000003  0.500000000000003  1.000000000000000
    endloop
  endfacet
  facet normal -0.000000000000000  0.000000000000000  1.000000000000000
    outer loop
      vertex  0.500000000000000  0.500000000000003  1.000000000000000
      vertex  0.500000000000000  0.450000000000015  1.000000000000000
      vertex  0.535355339059339  0.464644660940684  1.000000000000000
    endloop
  endfacet
  facet normal -1.000000000000000  0.000000000000069  0.000000000000000
    outer loop
      vertex  0.500000000000000  0.500000000000004  0.500000000000000
      vertex  0.499999999999997  0.457428355904472  0.627411218614836
      vertex  0.500000000000000  0.500000000000004  0.571339627396614
    endloop
  endfacet
  facet normal -1.000000000000000  0.000000000000062 -0.000000000000002
    outer loop
      vertex  0.500000000000000  0.500000000000004  0.500000000000000
      vertex  0.500000000000004  0.438749999999967  0.561249999999984
      vertex  0.499999999999997  0.457428355904472  0.627411218614836
    endloop
  endfacet
  facet normal -1.000000000000000  0.000000000000049 -0.000000000000001
    outer loop
      vertex  0.500000000000000  0.500000000000004  0.571339627396614
      vertex  0.499999999999998  0.459414143308859  0.716001781357775
      vertex  0.500000000000000  0.500000000000003  0.681474180559566
    endloop
  endfacet
  facet normal -1.000000000000000  0.000000000000080  0.000000000000008
    outer loop
      vertex  0.500000000000000  0.500000000000004  0.571339627396614
      vertex  0.499999999999997  0.457428355904472  0.627411218614836
      vertex  0.499999999999998  0.459414143308859  0.716001781357775
    endloop
  endfacet
  facet normal -1.000000000000000 -0.000000000000000  0.000000000000000
    outer loop
      vertex  0.500000000000000  0.500000000000003  0.681474180559566
      vertex  0.500000000000000  0.450000000000015  1.000000000000000
      vertex  0.500000000000000  0.500000000000003  1.000000000000000
    endloop
  endfacet
  facet normal -1.000000000000000  0.000000000000057  0.000000000000009
    outer loop
      vertex  0.500000000000000  0.500000000000003  0.681474180559566
      vertex  0.499999999999998  0.459414143308859  0.716001781357775
      vertex  0.500000000000000  0.450000000000015  1.000000000000000
    endloop
  endfacet
  facet normal  0.901299259436305  0.350591404230369  0.254451001608062
    outer loop
      vertex  0.561250000000013  0.500000000000004  0.561249999999977
      vertex  0.542571644095549  0.500000000000005  0.627411218614859
      vertex  0.540046576943821  0.459953423056203  0.691532902931743
    endloop
  endfacet
  facet normal  0.946073736253852 -0.319093877540050  0.055889022957397
    outer loop
      vertex  0.561250000000013  0.500000000000004  0.561249999999977
      vertex  0.540046576943821  0.459953423056203  0.691532902931743
      vertex  0.542253079348889  0.457746920651142  0.641583999999996
    endloop
  endfacet
  facet normal  0.998411673932674 -0.051703740791520  0.022379735099373
    outer loop
      vertex  0.542571644095549  0.500000000000005  0.627411218614859
      vertex  0.540585856691159  0.500000000000005  0.716001781357791
      vertex  0.537800890058920  0.462199109941102  0.752914451332579
    endloop
  endfacet
  facet normal  0.999316848595106 -0.004222634826018  0.036715193981125
    outer loop
      vertex  0.542571644095549  0.500000000000005  0.627411218614859
      vertex  0.537800890058920  0.462199109941102  0.752914451332579
      vertex  0.540046576943821  0.459953423056203  0.691532902931743
    endloop
  endfacet
  facet normal  0.923446579210616 -0.382504097235941 -0.030610961140229
    outer loop
      vertex  0.540585856691159  0.500000000000005  0.716001781357791
      vertex  0.550000000000003  0.500000000000003  1.000000000000000
      vertex  0.535355339059339  0.464644660940684  1.000000000000000
    endloop
  endfacet
  facet normal  0.997941403677461 -0.063266369167189  0.010503397481723
    outer loop
      vertex  0.540585856691159  0.500000000000005  0.716001781357791
      vertex  0.535355339059339  0.464644660940684  1.000000000000000
      vertex  0.537800890058920  0.462199109941102  0.752914451332579
    endloop
  endfacet
  facet normal -0.007164723846997 -0.999013964372433  0.043815131188559
    outer loop
      vertex  0.542253079348889  0.457746920651142  0.641583999999996
      vertex  0.540046576943821  0.459953423056203  0.691532902931743
      vertex  0.499999999999997  0.457428355904472  0.627411218614836
    endloop
  endfacet
  facet normal -0.083584534621827 -0.959015465830245  0.270745197317423
    outer loop
      vertex  0.499999999999997  0.457428355904472  0.627411218614836
      vertex  0.500000000000004  0.438749999999967  0.561249999999984
      vertex  0.521127811574959  0.448249032170140  0.601419418210878
    endloop
  endfacet
  facet normal -0.083584534622342 -0.959015465830312  0.270745197317028
    outer loop
      vertex  0.499999999999997  0.457428355904472  0.627411218614836
      vertex  0.521127811574959  0.448249032170140  0.601419418210878
      vertex  0.542253079348889  0.457746920651142  0.641583999999996
    endloop
  endfacet
  facet normal  0.036588771326342 -0.998612464954731  0.037873561357030
    outer loop
      vertex  0.540046576943821  0.459953423056203  0.691532902931743
      vertex  0.537800890058920  0.462199109941102  0.752914451332579
      vertex  0.499999999999998  0.459414143308859  0.716001781357775
    endloop
  endfacet
  facet normal  0.027145491493817 -0.999380456732269  0.022401450693213
    outer loop
      vertex  0.540046576943821  0.459953423056203  0.691532902931743
      vertex  0.499999999999998  0.459414143308859  0.716001781357775
      vertex  0.499999999999997  0.457428355904472  0.627411218614836
    endloop
  endfacet
  facet normal  0.382651437915556 -0.923802291077255  0.012930740952192
    outer loop
      vertex  0.537800890058920  0.462199109941102  0.752914451332579
      vertex  0.535355339059339  0.464644660940684  1.000000000000000
      vertex  0.500000000000000  0.450000000000015  1.000000000000000
    endloop
  endfacet
  facet normal  0.105395807566453 -0.993884446443534 -0.032945877815669
    outer loop
      vertex  0.537800890058920  0.462199109941102  0.752914451332579
      vertex  0.500000000000000  0.450000000000015  1.000000000000000
      vertex  0.499999999999998  0.459414143308859  0.716001781357775
    endloop
  endfacet
  facet normal -0.000000000000008  1.000000000000000 -0.000000000000016
    outer loop
      vertex  0.561250000000013  0.500000000000004  0.561249999999977
      vertex  0.500000000000000  0.500000000000004  0.571339627396614
      vertex  0.542571644095549  0.500000000000005  0.627411218614859
    endloop
  endfacet
  facet normal -0.000000000000005  1.000000000000000  0.000000000000005
    outer loop
      vertex  0.561250000000013  0.500000000000004  0.561249999999977
      vertex  0.500000000000000  0.500000000000004  0.500000000000000
      vertex  0.500000000000000  0.500000000000004  0.571339627396614
    endloop
  endfacet
  facet normal -0.000000000000039  1.000000000000000  0.000000000000000
    outer loop
      vertex  0.542571644095549  0.500000000000005  0.627411218614859
      vertex  0.500000000000000  0.500000000000003  0.681474180559566
      vertex  0.540585856691159  0.500000000000005  0.716001781357791
    endloop
  endfacet
  facet normal -0.000000000000034  1.000000000000000  0.000000000000004
    outer loop
      vertex  0.542571644095549  0.500000000000005  0.627411218614859
      vertex  0.500000000000000  0.500000000000004  0.571339627396614
      vertex  0.500000000000000  0.500000000000003  0.681474180559566
    endloop
  endfacet
  facet normal -0.000000000000000  1.000000000000000  0.000000000000007
    outer loop
      vertex  0.540585856691159  0.500000000000005  0.716001781357791
      vertex  0.500000000000000  0.500000000000003  1.000000000000000
      vertex  0.550000000000003  0.500000000000003  1.000000000000000
    endloop
  endfacet
  facet normal -0.000000000000040  1.000000000000000  0.000000000000002
    outer loop
      vertex  0.540585856691159  0.500000000000005  0.716001781357791
      vertex  0.500000000000000  0.500000000000003  0.681474180559566
      vertex  0.500000000000000  0.500000000000003  1.000000000000000
    endloop
  endfacet
  facet normal -0.790946976161695  0.539657095190291 -0.288397469668941
    outer loop
      vertex  0.457746920651127  0.542253079348879  0.641584000000013
      vertex  0.478874732226077  0.551752111518981  0.601414581789154
      vertex  0.469373156254920  0.500000000000004  0.530626843745062
    endloop
  endfacet
  facet normal -0.364504359287606  0.856897394161573 -0.364504359287290
    outer loop
      vertex  0.457746920651127  0.542253079348879  0.641584000000013
      vertex  0.469373156254920  0.500000000000004  0.530626843745062
      vertex  0.438749999999975  0.500000000000004  0.561249999999989
    endloop
  endfacet
  facet normal -0.856897394161508  0.364504359287709 -0.364504359287340
    outer loop
      vertex  0.478874732226077  0.551752111518981  0.601414581789154
      vertex  0.499999999999996  0.561250000000005  0.561249999999964
      vertex  0.500000000000000  0.500000000000004  0.500000000000000
    endloop
  endfacet
  facet normal -0.476357543673705  0.739031109744825 -0.476357543673328
    outer loop
      vertex  0.478874732226077  0.551752111518981  0.601414581789154
      vertex  0.500000000000000  0.500000000000004  0.500000000000000
      vertex  0.469373156254920  0.500000000000004  0.530626843745062
    endloop
  endfacet
  facet normal  0.000000000000000 -0.000000000000000  1.000000000000000
    outer loop
      vertex  0.464644660940678  0.535355339059333  1.000000000000000
      vertex  0.500000000000000  0.500000000000003  1.000000000000000
      vertex  0.500000000000000  0.550000000000000  1.000000000000000
    endloop
  endfacet
  facet normal -0.000000000000000 -0.000000000000000  1.000000000000000
    outer loop
      vertex  0.464644660940678  0.535355339059333  1.000000000000000
      vertex  0.450000000000006  0.500000000000003  1.000000000000000
      vertex  0.500000000000000  0.500000000000003  1.000000000000000
    endloop
  endfacet
  facet normal -0.999013964372431 -0.007164723847060  0.043815131188606
    outer loop
      vertex  0.457746920651127  0.542253079348879  0.641584000000013
      vertex  0.457428355904451  0.500000000000003  0.627411218614859
      vertex  0.459953423056183  0.540046576943812  0.691532902931774
    endloop
  endfacet
  facet normal -0.959015465830181 -0.083584534622600  0.270745197317412
    outer loop
      vertex  0.457746920651127  0.542253079348879  0.641584000000013
      vertex  0.438749999999975  0.500000000000004  0.561249999999989
      vertex  0.457428355904451  0.500000000000003  0.627411218614859
    endloop
  endfacet
  facet normal -0.998612464954729  0.036588771326364  0.037873561357070
    outer loop
      vertex  0.459953423056183  0.540046576943812  0.691532902931774
      vertex  0.459414143308840  0.500000000000002  0.716001781357791
      vertex  0.462199109941085  0.537800890058911  0.752914451332599
    endloop
  endfacet
  facet normal -0.999380456732269  0.027145491493822  0.022401450693227
    outer loop
      vertex  0.459953423056183  0.540046576943812  0.691532902931774
      vertex  0.457428355904451  0.500000000000003  0.627411218614859
      vertex  0.459414143308840  0.500000000000002  0.716001781357791
    endloop
  endfacet
  facet normal -0.923802291077194  0.382651437915702  0.012930740952206
    outer loop
      vertex  0.462199109941085  0.537800890058911  0.752914451332599
      vertex  0.450000000000006  0.500000000000003  1.000000000000000
      vertex  0.464644660940678  0.535355339059333  1.000000000000000
    endloop
  endfacet
  facet normal -0.993884446443526  0.105395807566532 -0.032945877815656
    outer loop
      vertex  0.462199109941085  0.537800890058911  0.752914451332599
      vertex  0.459414143308840  0.500000000000002  0.716001781357791
      vertex  0.450000000000006  0.500000000000003  1.000000000000000
    endloop
  endfacet
  facet normal  1.000000000000000 -0.000000000000063 -0.000000000000000
    outer loop
      vertex  0.499999999999996  0.561250000000005  0.561249999999964
      vertex  0.500000000000000  0.500000000000004  0.571339627396614
      vertex  0.500000000000000  0.500000000000004  0.500000000000000
    endloop
  endfacet
  facet normal  1.000000000000000 -0.000000000000064 -0.000000000000005
    outer loop
      vertex  0.499999999999996  0.561250000000005  0.561249999999964
      vertex  0.500000000000003  0.542571644095544  0.627411218614865
      vertex  0.500000000000000  0.500000000000004  0.571339627396614
    endloop
  endfacet
  facet normal  1.000000000000000 -0.000000000000071  0.000000000000001
    outer loop
      vertex  0.500000000000003  0.542571644095544  0.627411218614865
      vertex  0.500000000000000  0.500000000000003  0.681474180559566
      vertex  0.500000000000000  0.500000000000004  0.571339627396614
    endloop
  endfacet
  facet normal  1.000000000000000 -0.000000000000057  0.000000000000011
    outer loop
      vertex  0.500000000000003  0.542571644095544  0.627411218614865
      vertex  0.500000000000002  0.540585856691154  0.716001781357795
      vertex  0.500000000000000  0.500000000000003  0.681474180559566
    endloop
  endfacet
  facet normal  1.000000000000000 -0.000000000000048 -0.000000000000000
    outer loop
      vertex  0.500000000000002  0.540585856691154  0.716001781357795
      vertex  0.500000000000000  0.500000000000003  1.000000000000000
      vertex  0.500000000000000  0.500000000000003  0.681474180559566
    endloop
  endfacet
  facet normal  1.000000000000000  0.000000000000000  0.000000000000007
    outer loop
      vertex  0.500000000000002  0.540585856691154  0.716001781357795
      vertex  0.500000000000000  0.550000000000000  1.000000000000000
      vertex  0.500000000000000  0.500000000000003  1.000000000000000
    endloop
  endfacet
  facet normal -0.000000000000018 -1.000000000000000 -0.000000000000018
    outer loop
      vertex  0.500000000000000  0.500000000000004  0.500000000000000
      vertex  0.457428355904451  0.500000000000003  0.627411218614859
      vertex  0.438749999999975  0.500000000000004  0.561249999999989
    endloop
  endfacet
  facet normal  0.000000000000023 -1.000000000000000 -0.000000000000005
    outer loop
      vertex  0.500000000000000  0.500000000000004  0.500000000000000
      vertex  0.500000000000000  0.500000000000004  0.571339627396614
      vertex  0.457428355904451  0.500000000000003  0.627411218614859
    endloop
  endfacet
  facet normal  0.000000000000018 -1.000000000000000 -0.000000000000008
    outer loop
      vertex  0.500000000000000  0.500000000000004  0.571339627396614
      vertex  0.459414143308840  0.500000000000002  0.716001781357791
      vertex  0.457428355904451  0.500000000000003  0.627411218614859
    endloop
  endfacet
  facet normal  0.000000000000032 -1.000000000000000 -0.000000000000004
    outer loop
      vertex  0.500000000000000  0.500000000000004  0.571339627396614
      vertex  0.500000000000000  0.500000000000003  0.681474180559566
      vertex  0.459414143308840  0.500000000000002  0.716001781357791
    endloop
  endfacet
  facet normal  0.000000000000039 -1.000000000000000  0.000000000000004
    outer loop
      vertex  0.500000000000000  0.500000000000003  0.681474180559566
      vertex  0.450000000000006  0.500000000000003  1.000000000000000
      vertex  0.459414143308840  0.500000000000002  0.716001781357791
    endloop
  endfacet
  facet normal -0.000000000000000 -1.000000000000000 -0.000000000000002
    outer loop
      vertex  0.500000000000000  0.500000000000003  0.681474180559566
      vertex  0.500000000000000  0.500000000000003  1.000000000000000
      vertex  0.450000000000006  0.500000000000003  1.000000000000000
    endloop
  endfacet
  facet normal  0.350591404230278  0.901299259436332  0.254451001608092
    outer loop
      vertex  0.499999999999996  0.561250000000005  0.561249999999964
      vertex  0.459953423056183  0.540046576943812  0.691532902931774
      vertex  0.500000000000003  0.542571644095544  0.627411218614865
    endloop
  endfacet
  facet normal -0.319093877539543  0.946073736254012  0.055889022957577
    outer loop
      vertex  0.459953423056183  0.540046576943812  0.691532902931774
      vertex  0.499999999999996  0.561250000000005  0.561249999999964
      vertex  0.478874732226077  0.551752111518981  0.601414581789154
    endloop
  endfacet
  facet normal -0.319093877540236  0.946073736253789  0.055889022957403
    outer loop
      vertex  0.459953423056183  0.540046576943812  0.691532902931774
      vertex  0.478874732226077  0.551752111518981  0.601414581789154
      vertex  0.457746920651127  0.542253079348879  0.641584000000013
    endloop
  endfacet
  facet normal -0.051703740791588  0.998411673932671  0.022379735099370
    outer loop
      vertex  0.500000000000003  0.542571644095544  0.627411218614865
      vertex  0.462199109941085  0.537800890058911  0.752914451332599
      vertex  0.500000000000002  0.540585856691154  0.716001781357795
    endloop
  endfacet
  facet normal -0.004222634826122  0.999316848595106  0.036715193981113
    outer loop
      vertex  0.500000000000003  0.542571644095544  0.627411218614865
      vertex  0.459953423056183  0.540046576943812  0.691532902931774
      vertex  0.462199109941085  0.537800890058911  0.752914451332599
    endloop
  endfacet
  facet normal -0.382504097235981  0.923446579210600 -0.030610961140236
    outer loop
      vertex  0.500000000000002  0.540585856691154  0.716001781357795
      vertex  0.464644660940678  0.535355339059333  1.000000000000000
      vertex  0.500000000000000  0.550000000000000  1.000000000000000
    endloop
  endfacet
  facet normal -0.063266369167258  0.997941403677457  0.010503397481716
    outer loop
      vertex  0.500000000000002  0.540585856691154  0.716001781357795
      vertex  0.462199109941085  0.537800890058911  0.752914451332599
      vertex  0.464644660940678  0.535355339059333  1.000000000000000
    endloop
  endfacet
  facet normal  0.790936886695294  0.539677267433280 -0.288387392721151
    outer loop
      vertex  0.499999999999996  0.561250000000005  0.561249999999964
      vertex  0.521127811574959  0.551750967829882  0.601419418210904
      vertex  0.530623156254945  0.500000000000004  0.530623156254928
    endloop
  endfacet
  facet normal  0.577350269189733  0.577350269189857 -0.577350269189287
    outer loop
      vertex  0.499999999999996  0.561250000000005  0.561249999999964
      vertex  0.530623156254945  0.500000000000004  0.530623156254928
      vertex  0.500000000000000  0.500000000000004  0.500000000000000
    endloop
  endfacet
  facet normal  0.692741676520907  0.692741676521000 -0.200544107921119
    outer loop
      vertex  0.521127811574959  0.551750967829882  0.601419418210904
      vertex  0.542253079348882  0.542253079348882  0.641584000000021
      vertex  0.561250000000013  0.500000000000004  0.561249999999977
    endloop
  endfacet
  facet normal  0.476344364941095  0.739048098555222 -0.476344364940717
    outer loop
      vertex  0.521127811574959  0.551750967829882  0.601419418210904
      vertex  0.561250000000013  0.500000000000004  0.561249999999977
      vertex  0.530623156254945  0.500000000000004  0.530623156254928
    endloop
  endfacet
  facet normal -0.000000000000000 -0.000000000000000  1.000000000000000
    outer loop
      vertex  0.500000000000000  0.550000000000000  1.000000000000000
      vertex  0.550000000000003  0.500000000000003  1.000000000000000
      vertex  0.535355339059327  0.535355339059327  1.000000000000000
    endloop
  endfacet
  facet normal -0.000000000000000 -0.000000000000000  1.000000000000000
    outer loop
      vertex  0.500000000000000  0.550000000000000  1.000000000000000
      vertex  0.500000000000000  0.500000000000003  1.000000000000000
      vertex  0.550000000000003  0.500000000000003  1.000000000000000
    endloop
  endfacet
  facet normal -1.000000000000000  0.000000000000064  0.000000000000005
    outer loop
      vertex  0.499999999999996  0.561250000000005  0.561249999999964
      vertex  0.500000000000000  0.500000000000004  0.571339627396614
      vertex  0.500000000000003  0.542571644095544  0.627411218614865
    endloop
  endfacet
  facet normal -1.000000000000000  0.000000000000063  0.000000000000000
    outer loop
      vertex  0.499999999999996  0.561250000000005  0.561249999999964
      vertex  0.500000000000000  0.500000000000004  0.500000000000000
      vertex  0.500000000000000  0.500000000000004  0.571339627396614
    endloop
  endfacet
  facet normal -1.000000000000000  0.000000000000057 -0.000000000000011
    outer loop
      vertex  0.500000000000003  0.542571644095544  0.627411218614865
      vertex  0.500000000000000  0.500000000000003  0.681474180559566
      vertex  0.500000000000002  0.540585856691154  0.716001781357795
    endloop
  endfacet
  facet normal -1.000000000000000  0.000000000000071 -0.000000000000001
    outer loop
      vertex  0.500000000000003  0.542571644095544  0.627411218614865
      vertex  0.500000000000000  0.500000000000004  0.571339627396614
      vertex  0.500000000000000  0.500000000000003  0.681474180559566
    endloop
  endfacet
  facet normal -1.000000000000000  0.000000000000000 -0.000000000000007
    outer loop
      vertex  0.500000000000002  0.540585856691154  0.716001781357795
      vertex  0.500000000000000  0.500000000000003  1.000000000000000
      vertex  0.500000000000000  0.550000000000000  1.000000000000000
    endloop
  endfacet
  facet normal -1.000000000000000  0.000000000000048  0.000000000000000
    outer loop
      vertex  0.500000000000002  0.540585856691154  0.716001781357795
      vertex  0.500000000000000  0.500000000000003  0.681474180559566
      vertex  0.500000000000000  0.500000000000003  1.000000000000000
    endloop
  endfacet
  facet normal  0.999013964372433 -0.007164723847048  0.043815131188561
    outer loop
      vertex  0.542253079348882  0.542253079348882  0.641584000000021
      vertex  0.540046576943820  0.540046576943817  0.691532902931766
      vertex  0.542571644095549  0.500000000000005  0.627411218614859
    endloop
  endfacet
  facet normal  0.959015465830184 -0.083584534622553  0.270745197317415
    outer loop
      vertex  0.542253079348882  0.542253079348882  0.641584000000021
      vertex  0.542571644095549  0.500000000000005  0.627411218614859
      vertex  0.561250000000013  0.500000000000004  0.561249999999977
    endloop
  endfacet
  facet normal  0.998612464954731  0.036588771326289  0.037873561357068
    outer loop
      vertex  0.540046576943820  0.540046576943817  0.691532902931766
      vertex  0.537800890058918  0.537800890058915  0.752914451332592
      vertex  0.540585856691159  0.500000000000005  0.716001781357791
    endloop
  endfacet
  facet normal  0.999380456732270  0.027145491493749  0.022401450693231
    outer loop
      vertex  0.540046576943820  0.540046576943817  0.691532902931766
      vertex  0.540585856691159  0.500000000000005  0.716001781357791
      vertex  0.542571644095549  0.500000000000005  0.627411218614859
    endloop
  endfacet
  facet normal  0.923802291077194  0.382651437915701  0.012930740952223
    outer loop
      vertex  0.537800890058918  0.537800890058915  0.752914451332592
      vertex  0.535355339059327  0.535355339059327  1.000000000000000
      vertex  0.550000000000003  0.500000000000003  1.000000000000000
    endloop
  endfacet
  facet normal  0.993884446443536  0.105395807566441 -0.032945877815657
    outer loop
      vertex  0.537800890058918  0.537800890058915  0.752914451332592
      vertex  0.550000000000003  0.500000000000003  1.000000000000000
      vertex  0.540585856691159  0.500000000000005  0.716001781357791
    endloop
  endfacet
  facet normal  0.000000000000005 -1.000000000000000 -0.000000000000005
    outer loop
      vertex  0.561250000000013  0.500000000000004  0.561249999999977
      vertex  0.500000000000000  0.500000000000004  0.571339627396614
      vertex  0.500000000000000  0.500000000000004  0.500000000000000
    endloop
  endfacet
  facet normal  0.000000000000008 -1.000000000000000  0.000000000000016
    outer loop
      vertex  0.561250000000013  0.500000000000004  0.561249999999977
      vertex  0.542571644095549  0.500000000000005  0.627411218614859
      vertex  0.500000000000000  0.500000000000004  0.571339627396614
    endloop
  endfacet
  facet normal  0.000000000000034 -1.000000000000000 -0.000000000000004
    outer loop
      vertex  0.542571644095549  0.500000000000005  0.627411218614859
      vertex  0.500000000000000  0.500000000000003  0.681474180559566
      vertex  0.500000000000000  0.500000000000004  0.571339627396614
    endloop
  endfacet
  facet normal  0.000000000000039 -1.000000000000000 -0.000000000000000
    outer loop
      vertex  0.542571644095549  0.500000000000005  0.627411218614859
      vertex  0.540585856691159  0.500000000000005  0.716001781357791
      vertex  0.500000000000000  0.500000000000003  0.681474180559566
    endloop
  endfacet
  facet normal  0.000000000000040 -1.000000000000000 -0.000000000000002
    outer loop
      vertex  0.540585856691159  0.500000000000005  0.716001781357791
      vertex  0.500000000000000  0.500000000000003  1.000000000000000
      vertex  0.500000000000000  0.500000000000003  0.681474180559566
    endloop
  endfacet
  facet normal -0.000000000000000 -1.000000000000000 -0.000000000000007
    outer loop
      vertex  0.540585856691159  0.500000000000005  0.716001781357791
      vertex  0.550000000000003  0.500000000000003  1.000000000000000
      vertex  0.500000000000000  0.500000000000003  1.000000000000000
    endloop
  endfacet
  facet normal -0.007164723847187  0.999013964372430  0.043815131188597
    outer loop
      vertex  0.542253079348882  0.542253079348882  0.641584000000021
      vertex  0.500000000000003  0.542571644095544  0.627411218614865
      vertex  0.540046576943820  0.540046576943817  0.691532902931766
    endloop
  endfacet
  facet normal -0.083584534622642  0.959015465830173  0.270745197317426
    outer loop
      vertex  0.500000000000003  0.542571644095544  0.627411218614865
      vertex  0.542253079348882  0.542253079348882  0.641584000000021
      vertex  0.521127811574959  0.551750967829882  0.601419418210904
    endloop
  endfacet
  facet normal -0.083584534622642  0.959015465830173  0.270745197317426
    outer loop
      vertex  0.500000000000003  0.542571644095544  0.627411218614865
      vertex  0.521127811574959  0.551750967829882  0.601419418210904
      vertex  0.499999999999996  0.561250000000005  0.561249999999964
    endloop
  endfacet
  facet normal  0.036588771326214  0.998612464954734  0.037873561357068
    outer loop
      vertex  0.540046576943820  0.540046576943817  0.691532902931766
      vertex  0.500000000000002  0.540585856691154  0.716001781357795
      vertex  0.537800890058918  0.537800890058915  0.752914451332592
    endloop
  endfacet
  facet normal  0.027145491493670  0.999380456732273  0.022401450693226
    outer loop
      vertex  0.540046576943820  0.540046576943817  0.691532902931766
      vertex  0.500000000000003  0.542571644095544  0.627411218614865
      vertex  0.500000000000002  0.540585856691154  0.716001781357795
    endloop
  endfacet
  facet normal  0.382651437915610  0.923802291077232  0.012930740952217
    outer loop
      vertex  0.537800890058918  0.537800890058915  0.752914451332592
      vertex  0.500000000000000  0.550000000000000  1.000000000000000
      vertex  0.535355339059327  0.535355339059327  1.000000000000000
    endloop
  endfacet
  facet normal  0.105395807566358  0.993884446443544 -0.032945877815665
    outer loop
      vertex  0.537800890058918  0.537800890058915  0.752914451332592
      vertex  0.500000000000002  0.540585856691154  0.716001781357795
      vertex  0.500000000000000  0.550000000000000  1.000000000000000
    endloop
  endfacet
  facet normal -0.476357543673474  0.476357543673713  0.739031109744725
    outer loop
      vertex  0.398585418210877  0.478874732226079  0.448247888481022
      vertex  0.438749999999995  0.438750000000036  0.499999999999996
      vertex  0.469376843745059  0.469376843745081  0.499999999999998
    endloop
  endfacet
  facet normal -0.200544107921239  0.692741676520953  0.692741676520919
    outer loop
      vertex  0.398585418210877  0.478874732226079  0.448247888481022
      vertex  0.358416000000028  0.457746920651131  0.457746920651118
      vertex  0.438749999999995  0.438750000000036  0.499999999999996
    endloop
  endfacet
  facet normal -0.577350269189853  0.577350269190162  0.577350269188863
    outer loop
      vertex  0.469376843745059  0.469376843745081  0.499999999999998
      vertex  0.500000000000000  0.500000000000004  0.500000000000000
      vertex  0.469376843745074  0.499999999999985  0.469376843745041
    endloop
  endfacet
  facet normal -0.577350269188086  0.577350269191045  0.577350269189746
    outer loop
      vertex  0.469376843745059  0.469376843745081  0.499999999999998
      vertex  0.469376843745074  0.499999999999985  0.469376843745041
      vertex  0.438749999999987  0.500000000000004  0.438750000000023
    endloop
  endfacet
  facet normal -0.288397469669064  0.790946976161705  0.539657095190211
    outer loop
      vertex  0.438749999999987  0.500000000000004  0.438750000000023
      vertex  0.398585418210877  0.478874732226079  0.448247888481022
      vertex  0.469376843745059  0.469376843745081  0.499999999999998
    endloop
  endfacet
  facet normal -1.000000000000000  0.000000000000000 -0.000000000000000
    outer loop
      vertex  0.000000000000000  0.042875000000012  0.000000000000025
      vertex  0.000000000000000  0.000000000000029  0.042875000000000
      vertex  0.000000000000000  0.069531644455772  0.069531644455764
    endloop
  endfacet
  facet normal -1.000000000000000  0.000000000000000 -0.000000000000000
    outer loop
      vertex  0.000000000000000  0.042875000000012  0.000000000000025
      vertex  0.000000000000000  0.000000000000003  0.000000000000000
      vertex  0.000000000000000  0.000000000000029  0.042875000000000
    endloop
  endfacet
  facet normal  0.510214064571462 -0.777466966041193  0.367731865668683
    outer loop
      vertex  0.438749999999987  0.500000000000004  0.438750000000023
      vertex  0.278734302680150  0.355714869195144  0.355714869195125
      vertex  0.332111792356248  0.379579989249400  0.332111792356275
    endloop
  endfacet
  facet normal  0.499279942964747 -0.775775891178058  0.385864361168545
    outer loop
      vertex  0.278734302680150  0.355714869195144  0.355714869195125
      vertex  0.438749999999987  0.500000000000004  0.438750000000023
      vertex  0.398585418210877  0.478874732226079  0.448247888481022
    endloop
  endfacet
  facet normal  0.499279942964377 -0.775775891178058  0.385864361169024
    outer loop
      vertex  0.278734302680150  0.355714869195144  0.355714869195125
      vertex  0.398585418210877  0.478874732226079  0.448247888481022
      vertex  0.358416000000028  0.457746920651131  0.457746920651118
    endloop
  endfacet
  facet normal -0.507303389677453  0.804661068718252 -0.308486361628787
    outer loop
      vertex  0.332111792356248  0.379579989249400  0.332111792356275
      vertex  0.000000000000000  0.042875000000012  0.000000000000025
      vertex  0.000000000000000  0.069531644455772  0.069531644455764
    endloop
  endfacet
  facet normal -0.500551791932863  0.805281169183983 -0.317757993055213
    outer loop
      vertex  0.332111792356248  0.379579989249400  0.332111792356275
      vertex  0.000000000000000  0.069531644455772  0.069531644455764
      vertex  0.278734302680150  0.355714869195144  0.355714869195125
    endloop
  endfacet
  facet normal  0.707106781186335 -0.707106781186760  0.000000000000431
    outer loop
      vertex  0.500000000000000  0.500000000000004  0.500000000000000
      vertex  0.332111792356262  0.332111792356294  0.379579989249392
      vertex  0.374984948566796  0.374984948566799  0.374984948566796
    endloop
  endfacet
  facet normal  0.707106781186336 -0.707106781186760  0.000000000000429
    outer loop
      vertex  0.500000000000000  0.500000000000004  0.500000000000000
      vertex  0.438749999999995  0.438750000000036  0.499999999999996
      vertex  0.332111792356262  0.332111792356294  0.379579989249392
    endloop
  endfacet
  facet normal  0.707106781186335 -0.707106781186760  0.000000000000425
    outer loop
      vertex  0.374984948566796  0.374984948566799  0.374984948566796
      vertex  0.000000000000000  0.000000000000029  0.042875000000000
      vertex  0.000000000000000  0.000000000000003  0.000000000000000
    endloop
  endfacet
  facet normal  0.707106781186335 -0.707106781186761  0.000000000000427
    outer loop
      vertex  0.374984948566796  0.374984948566799  0.374984948566796
      vertex  0.332111792356262  0.332111792356294  0.379579989249392
      vertex  0.000000000000000  0.000000000000029  0.042875000000000
    endloop
  endfacet
  facet normal  0.510214064571445  0.367731865668681 -0.777466966041205
    outer loop
      vertex  0.438749999999995  0.438750000000036  0.499999999999996
      vertex  0.332111792356262  0.332111792356294  0.379579989249392
      vertex  0.278734302680150  0.355714869195144  0.355714869195125
    endloop
  endfacet
  facet normal  0.499279942964548  0.385864361168840 -0.775775891178039
    outer loop
      vertex  0.438749999999995  0.438750000000036  0.499999999999996
      vertex  0.278734302680150  0.355714869195144  0.355714869195125
      vertex  0.358416000000028  0.457746920651131  0.457746920651118
    endloop
  endfacet
  facet normal -0.507303389677440 -0.308486361628800  0.804661068718255
    outer loop
      vertex  0.332111792356262  0.332111792356294  0.379579989249392
      vertex  0.000000000000000  0.069531644455772  0.069531644455764
      vertex  0.000000000000000  0.000000000000029  0.042875000000000
    endloop
  endfacet
  facet normal -0.500551791932850 -0.317757993055224  0.805281169183987
    outer loop
      vertex  0.332111792356262  0.332111792356294  0.379579989249392
      vertex  0.278734302680150  0.355714869195144  0.355714869195125
      vertex  0.000000000000000  0.069531644455772  0.069531644455764
    endloop
  endfacet
  facet normal  0.707106781186342  0.000000000000410 -0.707106781186753
    outer loop
      vertex  0.500000000000000  0.500000000000004  0.500000000000000
      vertex  0.332111792356248  0.379579989249400  0.332111792356275
      vertex  0.438749999999987  0.500000000000004  0.438750000000023
    endloop
  endfacet
  facet normal  0.707106781186343  0.000000000000409 -0.707106781186752
    outer loop
      vertex  0.500000000000000  0.500000000000004  0.500000000000000
      vertex  0.374984948566796  0.374984948566799  0.374984948566796
      vertex  0.332111792356248  0.379579989249400  0.332111792356275
    endloop
  endfacet
  facet normal  0.707106781186343  0.000000000000409 -0.707106781186752
    outer loop
      vertex  0.374984948566796  0.374984948566799  0.374984948566796
      vertex  0.000000000000000  0.042875000000012  0.000000000000025
      vertex  0.332111792356248  0.379579989249400  0.332111792356275
    endloop
  endfacet
  facet normal  0.707106781186343  0.000000000000409 -0.707106781186752
    outer loop
      vertex  0.374984948566796  0.374984948566799  0.374984948566796
      vertex  0.000000000000000  0.000000000000003  0.000000000000000
      vertex  0.000000000000000  0.042875000000012  0.000000000000025
    endloop
  endfacet
  facet normal  0.739031109744725 -0.476357543673474  0.476357543673714
    outer loop
      vertex  0.448247888481022  0.398585418210877  0.478874732226080
      vertex  0.499999999999996  0.438749999999995  0.438750000000036
      vertex  0.499999999999998  0.469376843745059  0.469376843745081
    endloop
  endfacet
  facet normal  0.692741676520919 -0.200544107921238  0.692741676520954
    outer loop
      vertex  0.448247888481022  0.398585418210877  0.478874732226080
      vertex  0.457746920651118  0.358416000000028  0.457746920651131
      vertex  0.499999999999996  0.438749999999995  0.438750000000036
    endloop
  endfacet
  facet normal  0.577350269189746 -0.577350269189411  0.577350269189720
    outer loop
      vertex  0.438749999999995  0.438750000000036  0.499999999999996
      vertex  0.499999999999998  0.469376843745059  0.469376843745081
      vertex  0.500000000000000  0.500000000000004  0.500000000000000
    endloop
  endfacet
  facet normal  0.539657095190211 -0.288397469669063  0.790946976161705
    outer loop
      vertex  0.438749999999995  0.438750000000036  0.499999999999996
      vertex  0.448247888481022  0.398585418210877  0.478874732226080
      vertex  0.499999999999998  0.469376843745059  0.469376843745081
    endloop
  endfacet
  facet normal -0.000000000000000 -1.000000000000000  0.000000000000000
    outer loop
      vertex  0.000000000000000  0.000000000000029  0.042875000000000
      vertex  0.042875000000000  0.000000000000000  0.000000000000029
      vertex  0.069531644455764  0.000000000000000  0.069531644455772
    endloop
  endfacet
  facet normal -0.000000000000000 -1.000000000000000  0.000000000000000
    outer loop
      vertex  0.000000000000000  0.000000000000029  0.042875000000000
      vertex  0.000000000000000  0.000000000000003  0.000000000000000
      vertex  0.042875000000000  0.000000000000000  0.000000000000029
    endloop
  endfacet
  facet normal  0.367731865668684  0.510214064571461 -0.777466966041193
    outer loop
      vertex  0.438749999999995  0.438750000000036  0.499999999999996
      vertex  0.355714869195125  0.278734302680150  0.355714869195144
      vertex  0.332111792356262  0.332111792356294  0.379579989249392
    endloop
  endfacet
  facet normal  0.385864361168547  0.499279942964745 -0.775775891178058
    outer loop
      vertex  0.355714869195125  0.278734302680150  0.355714869195144
      vertex  0.438749999999995  0.438750000000036  0.499999999999996
      vertex  0.448247888481022  0.398585418210877  0.478874732226080
    endloop
  endfacet
  facet normal  0.385864361169023  0.499279942964377 -0.775775891178058
    outer loop
      vertex  0.355714869195125  0.278734302680150  0.355714869195144
      vertex  0.448247888481022  0.398585418210877  0.478874732226080
      vertex  0.457746920651118  0.358416000000028  0.457746920651131
    endloop
  endfacet
  facet normal -0.308486361628788 -0.507303389677452  0.804661068718252
    outer loop
      vertex  0.332111792356262  0.332111792356294  0.379579989249392
      vertex  0.000000000000000  0.000000000000029  0.042875000000000
      vertex  0.069531644455764  0.000000000000000  0.069531644455772
    endloop
  endfacet
  facet normal -0.317757993055214 -0.500551791932862  0.805281169183984
    outer loop
      vertex  0.332111792356262  0.332111792356294  0.379579989249392
      vertex  0.069531644455764  0.000000000000000  0.069531644455772
      vertex  0.355714869195125  0.278734302680150  0.355714869195144
    endloop
  endfacet
  facet normal  0.000000000000430  0.707106781186335 -0.707106781186760
    outer loop
      vertex  0.374984948566796  0.374984948566799  0.374984948566796
      vertex  0.500000000000000  0.500000000000004  0.500000000000000
      vertex  0.499999999999998  0.469376843745059  0.469376843745081
    endloop
  endfacet
  facet normal  0.000000000000431  0.707106781186335 -0.707106781186760
    outer loop
      vertex  0.374984948566796  0.374984948566799  0.374984948566796
      vertex  0.499999999999996  0.438749999999995  0.438750000000036
      vertex  0.379579989249392  0.332111792356262  0.332111792356294
    endloop
  endfacet
  facet normal  0.000000000000431  0.707106781186335 -0.707106781186760
    outer loop
      vertex  0.374984948566796  0.374984948566799  0.374984948566796
      vertex  0.499999999999998  0.469376843745059  0.469376843745081
      vertex  0.499999999999996  0.438749999999995  0.438750000000036
    endloop
  endfacet
  facet normal  0.000000000000425  0.707106781186335 -0.707106781186760
    outer loop
      vertex  0.374984948566796  0.374984948566799  0.374984948566796
      vertex  0.042875000000000  0.000000000000000  0.000000000000029
      vertex  0.000000000000000  0.000000000000003  0.000000000000000
    endloop
  endfacet
  facet normal  0.000000000000427  0.707106781186335 -0.707106781186761
    outer loop
      vertex  0.374984948566796  0.374984948566799  0.374984948566796
      vertex  0.379579989249392  0.332111792356262  0.332111792356294
      vertex  0.042875000000000  0.000000000000000  0.000000000000029
    endloop
  endfacet
  facet normal -0.777466966041205  0.510214064571445  0.367731865668681
    outer loop
      vertex  0.499999999999996  0.438749999999995  0.438750000000036
      vertex  0.379579989249392  0.332111792356262  0.332111792356294
      vertex  0.355714869195125  0.278734302680150  0.355714869195144
    endloop
  endfacet
  facet normal -0.775775891178039  0.499279942964548  0.385864361168840
    outer loop
      vertex  0.499999999999996  0.438749999999995  0.438750000000036
      vertex  0.355714869195125  0.278734302680150  0.355714869195144
      vertex  0.457746920651118  0.358416000000028  0.457746920651131
    endloop
  endfacet
  facet normal  0.804661068718255 -0.507303389677439 -0.308486361628800
    outer loop
      vertex  0.379579989249392  0.332111792356262  0.332111792356294
      vertex  0.069531644455764  0.000000000000000  0.069531644455772
      vertex  0.042875000000000  0.000000000000000  0.000000000000029
    endloop
  endfacet
  facet normal  0.805281169183987 -0.500551791932851 -0.317757993055224
    outer loop
      vertex  0.379579989249392  0.332111792356262  0.332111792356294
      vertex  0.355714869195125  0.278734302680150  0.355714869195144
      vertex  0.069531644455764  0.000000000000000  0.069531644455772
    endloop
  endfacet
  facet normal -0.707106781186753  0.707106781186342  0.000000000000410
    outer loop
      vertex  0.500000000000000  0.500000000000004  0.500000000000000
      vertex  0.332111792356262  0.332111792356294  0.379579989249392
      vertex  0.438749999999995  0.438750000000036  0.499999999999996
    endloop
  endfacet
  facet normal -0.707106781186752  0.707106781186343  0.000000000000409
    outer loop
      vertex  0.500000000000000  0.500000000000004  0.500000000000000
      vertex  0.374984948566796  0.374984948566799  0.374984948566796
      vertex  0.332111792356262  0.332111792356294  0.379579989249392
    endloop
  endfacet
  facet normal -0.707106781186752  0.707106781186343  0.000000000000409
    outer loop
      vertex  0.374984948566796  0.374984948566799  0.374984948566796
      vertex  0.000000000000000  0.000000000000029  0.042875000000000
      vertex  0.332111792356262  0.332111792356294  0.379579989249392
    endloop
  endfacet
  facet normal -0.707106781186752  0.707106781186343  0.000000000000409
    outer loop
      vertex  0.374984948566796  0.374984948566799  0.374984948566796
      vertex  0.000000000000000  0.000000000000003  0.000000000000000
      vertex  0.000000000000000  0.000000000000029  0.042875000000000
    endloop
  endfacet
  facet normal  0.790946976161697  0.539657095190289 -0.288397469668940
    outer loop
      vertex  0.457746920651127  0.457746920651121  0.358415999999988
      vertex  0.469376843745074  0.499999999999985  0.469376843745041
      vertex  0.478874732226077  0.448247888481019  0.398585418210846
    endloop
  endfacet
  facet normal  0.364504359287603  0.856897394161574 -0.364504359287290
    outer loop
      vertex  0.457746920651127  0.457746920651121  0.358415999999988
      vertex  0.438749999999987  0.500000000000004  0.438750000000023
      vertex  0.469376843745074  0.499999999999985  0.469376843745041
    endloop
  endfacet
  facet normal  0.856897394161508  0.364504359287709 -0.364504359287340
    outer loop
      vertex  0.478874732226077  0.448247888481019  0.398585418210846
      vertex  0.500000000000000  0.500000000000004  0.500000000000000
      vertex  0.499999999999996  0.438749999999995  0.438750000000036
    endloop
  endfacet
  facet normal  0.476357543673707  0.739031109744824 -0.476357543673328
    outer loop
      vertex  0.478874732226077  0.448247888481019  0.398585418210846
      vertex  0.469376843745074  0.499999999999985  0.469376843745041
      vertex  0.500000000000000  0.500000000000004  0.500000000000000
    endloop
  endfacet
  facet normal  0.000000000000026 -0.000000000000069 -1.000000000000000
    outer loop
      vertex  0.069531644455798  0.069531644455793  0.000000000000000
      vertex  0.000000000000000  0.000000000000003  0.000000000000000
      vertex  0.000000000000000  0.042875000000012  0.000000000000025
    endloop
  endfacet
  facet normal -0.000000000000069  0.000000000000026 -1.000000000000000
    outer loop
      vertex  0.069531644455798  0.069531644455793  0.000000000000000
      vertex  0.042875000000000  0.000000000000000  0.000000000000029
      vertex  0.000000000000000  0.000000000000003  0.000000000000000
    endloop
  endfacet
  facet normal -0.374246190342912  0.773593977927410 -0.511363027924647
    outer loop
      vertex  0.457746920651127  0.457746920651121  0.358415999999988
      vertex  0.355714869195137  0.355714869195142  0.278734302680124
      vertex  0.332111792356248  0.379579989249400  0.332111792356275
    endloop
  endfacet
  facet normal -0.379900151491008  0.778649241534076 -0.499380850209053
    outer loop
      vertex  0.457746920651127  0.457746920651121  0.358415999999988
      vertex  0.332111792356248  0.379579989249400  0.332111792356275
      vertex  0.438749999999987  0.500000000000004  0.438750000000023
    endloop
  endfacet
  facet normal -0.308152688372453  0.803790709724884 -0.508883499053366
    outer loop
      vertex  0.355714869195137  0.355714869195142  0.278734302680124
      vertex  0.069531644455798  0.069531644455793  0.000000000000000
      vertex  0.000000000000000  0.042875000000012  0.000000000000025
    endloop
  endfacet
  facet normal -0.316670185143539  0.805850276090321 -0.500325220597873
    outer loop
      vertex  0.355714869195137  0.355714869195142  0.278734302680124
      vertex  0.000000000000000  0.042875000000012  0.000000000000025
      vertex  0.332111792356248  0.379579989249400  0.332111792356275
    endloop
  endfacet
  facet normal  0.000000000000605 -0.707106781186853  0.707106781186242
    outer loop
      vertex  0.499999999999996  0.438749999999995  0.438750000000036
      vertex  0.374984948566796  0.374984948566799  0.374984948566796
      vertex  0.379579989249392  0.332111792356262  0.332111792356294
    endloop
  endfacet
  facet normal  0.000000000000604 -0.707106781186852  0.707106781186243
    outer loop
      vertex  0.499999999999996  0.438749999999995  0.438750000000036
      vertex  0.500000000000000  0.500000000000004  0.500000000000000
      vertex  0.374984948566796  0.374984948566799  0.374984948566796
    endloop
  endfacet
  facet normal  0.000000000000610 -0.707106781186853  0.707106781186242
    outer loop
      vertex  0.379579989249392  0.332111792356262  0.332111792356294
      vertex  0.000000000000000  0.000000000000003  0.000000000000000
      vertex  0.042875000000000  0.000000000000000  0.000000000000029
    endloop
  endfacet
  facet normal  0.000000000000610 -0.707106781186853  0.707106781186242
    outer loop
      vertex  0.379579989249392  0.332111792356262  0.332111792356294
      vertex  0.374984948566796  0.374984948566799  0.374984948566796
      vertex  0.000000000000000  0.000000000000003  0.000000000000000
    endloop
  endfacet
  facet normal -0.707106781186753  0.000000000000410  0.707106781186343
    outer loop
      vertex  0.500000000000000  0.500000000000004  0.500000000000000
      vertex  0.332111792356248  0.379579989249400  0.332111792356275
      vertex  0.374984948566796  0.374984948566799  0.374984948566796
    endloop
  endfacet
  facet normal -0.707106781186753  0.000000000000410  0.707106781186342
    outer loop
      vertex  0.500000000000000  0.500000000000004  0.500000000000000
      vertex  0.438749999999987  0.500000000000004  0.438750000000023
      vertex  0.332111792356248  0.379579989249400  0.332111792356275
    endloop
  endfacet
  facet normal -0.707106781186753  0.000000000000410  0.707106781186343
    outer loop
      vertex  0.374984948566796  0.374984948566799  0.374984948566796
      vertex  0.000000000000000  0.042875000000012  0.000000000000025
      vertex  0.000000000000000  0.000000000000003  0.000000000000000
    endloop
  endfacet
  facet normal -0.707106781186753  0.000000000000410  0.707106781186342
    outer loop
      vertex  0.374984948566796  0.374984948566799  0.374984948566796
      vertex  0.332111792356248  0.379579989249400  0.332111792356275
      vertex  0.000000000000000  0.042875000000012  0.000000000000025
    endloop
  endfacet
  facet normal -0.777466966041191  0.367731865668687  0.510214064571462
    outer loop
      vertex  0.499999999999996  0.438749999999995  0.438750000000036
      vertex  0.355714869195137  0.355714869195142  0.278734302680124
      vertex  0.379579989249392  0.332111792356262  0.332111792356294
    endloop
  endfacet
  facet normal -0.775775891178015  0.385864361168943  0.499279942964506
    outer loop
      vertex  0.355714869195137  0.355714869195142  0.278734302680124
      vertex  0.499999999999996  0.438749999999995  0.438750000000036
      vertex  0.478874732226077  0.448247888481019  0.398585418210846
    endloop
  endfacet
  facet normal -0.775775891178015  0.385864361168802  0.499279942964615
    outer loop
      vertex  0.355714869195137  0.355714869195142  0.278734302680124
      vertex  0.478874732226077  0.448247888481019  0.398585418210846
      vertex  0.457746920651127  0.457746920651121  0.358415999999988
    endloop
  endfacet
  facet normal  0.804661068718252 -0.308486361628789 -0.507303389677452
    outer loop
      vertex  0.379579989249392  0.332111792356262  0.332111792356294
      vertex  0.042875000000000  0.000000000000000  0.000000000000029
      vertex  0.069531644455798  0.069531644455793  0.000000000000000
    endloop
  endfacet
  facet normal  0.805281169183983 -0.317757993055216 -0.500551791932861
    outer loop
      vertex  0.379579989249392  0.332111792356262  0.332111792356294
      vertex  0.069531644455798  0.069531644455793  0.000000000000000
      vertex  0.355714869195137  0.355714869195142  0.278734302680124
    endloop
  endfacet
  facet normal  0.476344364940762  0.739048098555234  0.476344364941033
    outer loop
      vertex  0.500000000000000  0.500000000000004  0.500000000000000
      vertex  0.601419418210878  0.448249032170140  0.478872188425041
      vertex  0.530626843745080  0.500000000000004  0.469373156254938
    endloop
  endfacet
  facet normal  0.364504359287410  0.364504359287783  0.856897394161447
    outer loop
      vertex  0.500000000000000  0.500000000000004  0.500000000000000
      vertex  0.561250000000021  0.438750000000040  0.499999999999995
      vertex  0.601419418210878  0.448249032170140  0.478872188425041
    endloop
  endfacet
  facet normal  0.364504359287325  0.856897394161586  0.364504359287542
    outer loop
      vertex  0.530626843745080  0.500000000000004  0.469373156254938
      vertex  0.641583999999996  0.457746920651142  0.457746920651111
      vertex  0.561250000000025  0.500000000000004  0.438750000000011
    endloop
  endfacet
  facet normal  0.288387392721206  0.539677267433349  0.790936886695227
    outer loop
      vertex  0.530626843745080  0.500000000000004  0.469373156254938
      vertex  0.601419418210878  0.448249032170140  0.478872188425041
      vertex  0.641583999999996  0.457746920651142  0.457746920651111
    endloop
  endfacet
  facet normal  1.000000000000000  0.000000000000000 -0.000000000000000
    outer loop
      vertex  1.000000000000000  0.000000000000012  0.000000000000000
      vertex  1.000000000000000  0.069531644455797  0.069531644455775
      vertex  1.000000000000000  0.000000000000043  0.042875000000011
    endloop
  endfacet
  facet normal  1.000000000000000 -0.000000000000000  0.000000000000000
    outer loop
      vertex  1.000000000000000  0.000000000000012  0.000000000000000
      vertex  1.000000000000000  0.042875000000020  0.000000000000025
      vertex  1.000000000000000  0.069531644455797  0.069531644455775
    endloop
  endfacet
  facet normal -0.707106781186335 -0.707106781186760  0.000000000000431
    outer loop
      vertex  0.500000000000000  0.500000000000004  0.500000000000000
      vertex  0.667888207643738  0.332111792356294  0.379579989249399
      vertex  0.561250000000021  0.438750000000040  0.499999999999995
    endloop
  endfacet
  facet normal -0.707106781186335 -0.707106781186761  0.000000000000432
    outer loop
      vertex  0.500000000000000  0.500000000000004  0.500000000000000
      vertex  0.625015051433204  0.374984948566799  0.374984948566796
      vertex  0.667888207643738  0.332111792356294  0.379579989249399
    endloop
  endfacet
  facet normal -0.707106781186335 -0.707106781186761  0.000000000000427
    outer loop
      vertex  0.625015051433204  0.374984948566799  0.374984948566796
      vertex  1.000000000000000  0.000000000000043  0.042875000000011
      vertex  0.667888207643738  0.332111792356294  0.379579989249399
    endloop
  endfacet
  facet normal -0.707106781186335 -0.707106781186760  0.000000000000425
    outer loop
      vertex  0.625015051433204  0.374984948566799  0.374984948566796
      vertex  1.000000000000000  0.000000000000012  0.000000000000000
      vertex  1.000000000000000  0.000000000000043  0.042875000000011
    endloop
  endfacet
  facet normal -0.510214064571376 -0.777466966041203  0.367731865668781
    outer loop
      vertex  0.561250000000025  0.500000000000004  0.438750000000011
      vertex  0.667888207643752  0.379579989249400  0.332111792356275
      vertex  0.721265697319854  0.355714869195151  0.355714869195127
    endloop
  endfacet
  facet normal -0.499279942964473 -0.775775891178034  0.385864361168947
    outer loop
      vertex  0.561250000000025  0.500000000000004  0.438750000000011
      vertex  0.721265697319854  0.355714869195151  0.355714869195127
      vertex  0.641583999999996  0.457746920651142  0.457746920651111
    endloop
  endfacet
  facet normal  0.507303389677367  0.804661068718267 -0.308486361628888
    outer loop
      vertex  0.667888207643752  0.379579989249400  0.332111792356275
      vertex  1.000000000000000  0.069531644455797  0.069531644455775
      vertex  1.000000000000000  0.042875000000020  0.000000000000025
    endloop
  endfacet
  facet normal  0.500551791932776  0.805281169183998 -0.317757993055314
    outer loop
      vertex  0.667888207643752  0.379579989249400  0.332111792356275
      vertex  0.721265697319854  0.355714869195151  0.355714869195127
      vertex  1.000000000000000  0.069531644455797  0.069531644455775
    endloop
  endfacet
  facet normal  0.511363027924819 -0.374246190342710  0.773593977927393
    outer loop
      vertex  0.641583999999996  0.457746920651142  0.457746920651111
      vertex  0.667888207643738  0.332111792356294  0.379579989249399
      vertex  0.721265697319854  0.355714869195151  0.355714869195127
    endloop
  endfacet
  facet normal  0.499380850209050 -0.379900151490891  0.778649241534136
    outer loop
      vertex  0.667888207643738  0.332111792356294  0.379579989249399
      vertex  0.641583999999996  0.457746920651142  0.457746920651111
      vertex  0.601419418210878  0.448249032170140  0.478872188425041
    endloop
  endfacet
  facet normal  0.499380850209413 -0.379900151490604  0.778649241534043
    outer loop
      vertex  0.667888207643738  0.332111792356294  0.379579989249399
      vertex  0.601419418210878  0.448249032170140  0.478872188425041
      vertex  0.561250000000021  0.438750000000040  0.499999999999995
    endloop
  endfacet
  facet normal  0.508883499053538 -0.308152688372249  0.803790709724853
    outer loop
      vertex  0.721265697319854  0.355714869195151  0.355714869195127
      vertex  1.000000000000000  0.000000000000043  0.042875000000011
      vertex  1.000000000000000  0.069531644455797  0.069531644455775
    endloop
  endfacet
  facet normal  0.500325220598049 -0.316670185143334  0.805850276090293
    outer loop
      vertex  0.721265697319854  0.355714869195151  0.355714869195127
      vertex  0.667888207643738  0.332111792356294  0.379579989249399
      vertex  1.000000000000000  0.000000000000043  0.042875000000011
    endloop
  endfacet
  facet normal -0.707106781186342  0.000000000000411 -0.707106781186753
    outer loop
      vertex  0.561250000000025  0.500000000000004  0.438750000000011
      vertex  0.625015051433204  0.374984948566799  0.374984948566796
      vertex  0.500000000000000  0.500000000000004  0.500000000000000
    endloop
  endfacet
  facet normal -0.707106781186342  0.000000000000411 -0.707106781186753
    outer loop
      vertex  0.561250000000025  0.500000000000004  0.438750000000011
      vertex  0.667888207643752  0.379579989249400  0.332111792356275
      vertex  0.625015051433204  0.374984948566799  0.374984948566796
    endloop
  endfacet
  facet normal -0.707106781186342  0.000000000000411 -0.707106781186753
    outer loop
      vertex  0.667888207643752  0.379579989249400  0.332111792356275
      vertex  1.000000000000000  0.000000000000012  0.000000000000000
      vertex  0.625015051433204  0.374984948566799  0.374984948566796
    endloop
  endfacet
  facet normal -0.707106781186343  0.000000000000409 -0.707106781186752
    outer loop
      vertex  0.667888207643752  0.379579989249400  0.332111792356275
      vertex  1.000000000000000  0.042875000000020  0.000000000000025
      vertex  1.000000000000000  0.000000000000012  0.000000000000000
    endloop
  endfacet
  facet normal -0.476344364941036 -0.476344364940761  0.739048098555232
    outer loop
      vertex  0.500000000000000  0.500000000000004  0.500000000000000
      vertex  0.521127811574959  0.398580581789122  0.448249032170140
      vertex  0.530626843745062  0.469373156254920  0.500000000000004
    endloop
  endfacet
  facet normal -0.856897394161450 -0.364504359287407  0.364504359287779
    outer loop
      vertex  0.500000000000000  0.500000000000004  0.500000000000000
      vertex  0.499999999999996  0.438749999999995  0.438750000000036
      vertex  0.521127811574959  0.398580581789122  0.448249032170140
    endloop
  endfacet
  facet normal -0.364504359287539 -0.364504359287327  0.856897394161586
    outer loop
      vertex  0.530626843745062  0.469373156254920  0.500000000000004
      vertex  0.542253079348889  0.358416000000004  0.457746920651142
      vertex  0.561250000000021  0.438750000000040  0.499999999999995
    endloop
  endfacet
  facet normal -0.790936886695222 -0.288387392721211  0.539677267433354
    outer loop
      vertex  0.530626843745062  0.469373156254920  0.500000000000004
      vertex  0.521127811574959  0.398580581789122  0.448249032170140
      vertex  0.542253079348889  0.358416000000004  0.457746920651142
    endloop
  endfacet
  facet normal -0.000000000000000 -1.000000000000000 -0.000000000000000
    outer loop
      vertex  1.000000000000000  0.000000000000012  0.000000000000000
      vertex  0.930468355544225  0.000000000000000  0.069531644455797
      vertex  0.957124999999989  0.000000000000000  0.000000000000043
    endloop
  endfacet
  facet normal  0.000000000000000 -1.000000000000000  0.000000000000000
    outer loop
      vertex  1.000000000000000  0.000000000000012  0.000000000000000
      vertex  1.000000000000000  0.000000000000043  0.042875000000011
      vertex  0.930468355544225  0.000000000000000  0.069531644455797
    endloop
  endfacet
  facet normal -0.000000000000430  0.707106781186335 -0.707106781186760
    outer loop
      vertex  0.500000000000000  0.500000000000004  0.500000000000000
      vertex  0.620420010750601  0.332111792356262  0.332111792356294
      vertex  0.499999999999996  0.438749999999995  0.438750000000036
    endloop
  endfacet
  facet normal -0.000000000000431  0.707106781186335 -0.707106781186760
    outer loop
      vertex  0.500000000000000  0.500000000000004  0.500000000000000
      vertex  0.625015051433204  0.374984948566799  0.374984948566796
      vertex  0.620420010750601  0.332111792356262  0.332111792356294
    endloop
  endfacet
  facet normal -0.000000000000427  0.707106781186335 -0.707106781186760
    outer loop
      vertex  0.625015051433204  0.374984948566799  0.374984948566796
      vertex  0.957124999999989  0.000000000000000  0.000000000000043
      vertex  0.620420010750601  0.332111792356262  0.332111792356294
    endloop
  endfacet
  facet normal -0.000000000000425  0.707106781186335 -0.707106781186760
    outer loop
      vertex  0.625015051433204  0.374984948566799  0.374984948566796
      vertex  1.000000000000000  0.000000000000012  0.000000000000000
      vertex  0.957124999999989  0.000000000000000  0.000000000000043
    endloop
  endfacet
  facet normal -0.367731865668780  0.510214064571377 -0.777466966041203
    outer loop
      vertex  0.561250000000021  0.438750000000040  0.499999999999995
      vertex  0.667888207643738  0.332111792356294  0.379579989249399
      vertex  0.644285130804873  0.278734302680146  0.355714869195151
    endloop
  endfacet
  facet normal -0.385864361168948  0.499279942964473 -0.775775891178034
    outer loop
      vertex  0.561250000000021  0.438750000000040  0.499999999999995
      vertex  0.644285130804873  0.278734302680146  0.355714869195151
      vertex  0.542253079348889  0.358416000000004  0.457746920651142
    endloop
  endfacet
  facet normal  0.308486361628888 -0.507303389677367  0.804661068718267
    outer loop
      vertex  0.667888207643738  0.332111792356294  0.379579989249399
      vertex  0.930468355544225  0.000000000000000  0.069531644455797
      vertex  1.000000000000000  0.000000000000043  0.042875000000011
    endloop
  endfacet
  facet normal  0.317757993055314 -0.500551791932776  0.805281169183997
    outer loop
      vertex  0.667888207643738  0.332111792356294  0.379579989249399
      vertex  0.644285130804873  0.278734302680146  0.355714869195151
      vertex  0.930468355544225  0.000000000000000  0.069531644455797
    endloop
  endfacet
  facet normal -0.773593977927394 -0.511363027924818 -0.374246190342710
    outer loop
      vertex  0.542253079348889  0.358416000000004  0.457746920651142
      vertex  0.620420010750601  0.332111792356262  0.332111792356294
      vertex  0.644285130804873  0.278734302680146  0.355714869195151
    endloop
  endfacet
  facet normal -0.778649241534134 -0.499380850209054 -0.379900151490889
    outer loop
      vertex  0.620420010750601  0.332111792356262  0.332111792356294
      vertex  0.542253079348889  0.358416000000004  0.457746920651142
      vertex  0.521127811574959  0.398580581789122  0.448249032170140
    endloop
  endfacet
  facet normal -0.778649241534043 -0.499380850209409 -0.379900151490607
    outer loop
      vertex  0.620420010750601  0.332111792356262  0.332111792356294
      vertex  0.521127811574959  0.398580581789122  0.448249032170140
      vertex  0.499999999999996  0.438749999999995  0.438750000000036
    endloop
  endfacet
  facet normal -0.803790709724853 -0.508883499053537 -0.308152688372250
    outer loop
      vertex  0.644285130804873  0.278734302680146  0.355714869195151
      vertex  0.957124999999989  0.000000000000000  0.000000000000043
      vertex  0.930468355544225  0.000000000000000  0.069531644455797
    endloop
  endfacet
  facet normal -0.805850276090293 -0.500325220598048 -0.316670185143335
    outer loop
      vertex  0.644285130804873  0.278734302680146  0.355714869195151
      vertex  0.620420010750601  0.332111792356262  0.332111792356294
      vertex  0.957124999999989  0.000000000000000  0.000000000000043
    endloop
  endfacet
  facet normal  0.707106781186752  0.707106781186343  0.000000000000409
    outer loop
      vertex  0.561250000000021  0.438750000000040  0.499999999999995
      vertex  0.625015051433204  0.374984948566799  0.374984948566796
      vertex  0.500000000000000  0.500000000000004  0.500000000000000
    endloop
  endfacet
  facet normal  0.707106781186752  0.707106781186343  0.000000000000409
    outer loop
      vertex  0.561250000000021  0.438750000000040  0.499999999999995
      vertex  0.667888207643738  0.332111792356294  0.379579989249399
      vertex  0.625015051433204  0.374984948566799  0.374984948566796
    endloop
  endfacet
  facet normal  0.707106781186752  0.707106781186343  0.000000000000410
    outer loop
      vertex  0.667888207643738  0.332111792356294  0.379579989249399
      vertex  1.000000000000000  0.000000000000012  0.000000000000000
      vertex  0.625015051433204  0.374984948566799  0.374984948566796
    endloop
  endfacet
  facet normal  0.707106781186753  0.707106781186342  0.000000000000410
    outer loop
      vertex  0.667888207643738  0.332111792356294  0.379579989249399
      vertex  1.000000000000000  0.000000000000043  0.042875000000011
      vertex  1.000000000000000  0.000000000000012  0.000000000000000
    endloop
  endfacet
  facet normal -0.790936886695293  0.539677267433281 -0.288387392721152
    outer loop
      vertex  0.499999999999996  0.438749999999995  0.438750000000036
      vertex  0.530626843745080  0.500000000000004  0.469373156254938
      vertex  0.521127811574959  0.448249032170117  0.398580581789096
    endloop
  endfacet
  facet normal -0.577350269189732  0.577350269189857 -0.577350269189288
    outer loop
      vertex  0.499999999999996  0.438749999999995  0.438750000000036
      vertex  0.500000000000000  0.500000000000004  0.500000000000000
      vertex  0.530626843745080  0.500000000000004  0.469373156254938
    endloop
  endfacet
  facet normal -0.692741676520909  0.692741676520998 -0.200544107921117
    outer loop
      vertex  0.521127811574959  0.448249032170117  0.398580581789096
      vertex  0.561250000000025  0.500000000000004  0.438750000000011
      vertex  0.542253079348882  0.457746920651118  0.358415999999979
    endloop
  endfacet
  facet normal -0.476344364941096  0.739048098555222 -0.476344364940717
    outer loop
      vertex  0.521127811574959  0.448249032170117  0.398580581789096
      vertex  0.530626843745080  0.500000000000004  0.469373156254938
      vertex  0.561250000000025  0.500000000000004  0.438750000000011
    endloop
  endfacet
  facet normal  0.000000000000069 -0.000000000000069 -1.000000000000000
    outer loop
      vertex  0.957124999999989  0.000000000000000  0.000000000000043
      vertex  1.000000000000000  0.042875000000020  0.000000000000025
      vertex  1.000000000000000  0.000000000000012  0.000000000000000
    endloop
  endfacet
  facet normal -0.000000000000000 -0.000000000000000 -1.000000000000000
    outer loop
      vertex  0.957124999999989  0.000000000000000  0.000000000000043
      vertex  0.930468355544203  0.069531644455797  0.000000000000000
      vertex  1.000000000000000  0.042875000000020  0.000000000000025
    endloop
  endfacet
  facet normal -0.000000000000604 -0.707106781186852  0.707106781186243
    outer loop
      vertex  0.499999999999996  0.438749999999995  0.438750000000036
      vertex  0.625015051433204  0.374984948566799  0.374984948566796
      vertex  0.500000000000000  0.500000000000004  0.500000000000000
    endloop
  endfacet
  facet normal -0.000000000000604 -0.707106781186852  0.707106781186243
    outer loop
      vertex  0.499999999999996  0.438749999999995  0.438750000000036
      vertex  0.620420010750601  0.332111792356262  0.332111792356294
      vertex  0.625015051433204  0.374984948566799  0.374984948566796
    endloop
  endfacet
  facet normal -0.000000000000608 -0.707106781186852  0.707106781186243
    outer loop
      vertex  0.620420010750601  0.332111792356262  0.332111792356294
      vertex  1.000000000000000  0.000000000000012  0.000000000000000
      vertex  0.625015051433204  0.374984948566799  0.374984948566796
    endloop
  endfacet
  facet normal -0.000000000000609 -0.707106781186853  0.707106781186242
    outer loop
      vertex  0.620420010750601  0.332111792356262  0.332111792356294
      vertex  0.957124999999989  0.000000000000000  0.000000000000043
      vertex  1.000000000000000  0.000000000000012  0.000000000000000
    endloop
  endfacet
  facet normal  0.374246190342816  0.773593977927401 -0.511363027924730
    outer loop
      vertex  0.542253079348882  0.457746920651118  0.358415999999979
      vertex  0.667888207643752  0.379579989249400  0.332111792356275
      vertex  0.644285130804865  0.355714869195135  0.278734302680129
    endloop
  endfacet
  facet normal  0.379900151490912  0.778649241534067 -0.499380850209140
    outer loop
      vertex  0.542253079348882  0.457746920651118  0.358415999999979
      vertex  0.561250000000025  0.500000000000004  0.438750000000011
      vertex  0.667888207643752  0.379579989249400  0.332111792356275
    endloop
  endfacet
  facet normal  0.308152688372353  0.803790709724869 -0.508883499053451
    outer loop
      vertex  0.644285130804865  0.355714869195135  0.278734302680129
      vertex  1.000000000000000  0.042875000000020  0.000000000000025
      vertex  0.930468355544203  0.069531644455797  0.000000000000000
    endloop
  endfacet
  facet normal  0.316670185143439  0.805850276090307 -0.500325220597958
    outer loop
      vertex  0.644285130804865  0.355714869195135  0.278734302680129
      vertex  0.667888207643752  0.379579989249400  0.332111792356275
      vertex  1.000000000000000  0.042875000000020  0.000000000000025
    endloop
  endfacet
  facet normal  0.707106781186753  0.000000000000410  0.707106781186343
    outer loop
      vertex  0.561250000000025  0.500000000000004  0.438750000000011
      vertex  0.625015051433204  0.374984948566799  0.374984948566796
      vertex  0.667888207643752  0.379579989249400  0.332111792356275
    endloop
  endfacet
  facet normal  0.707106781186752  0.000000000000409  0.707106781186343
    outer loop
      vertex  0.561250000000025  0.500000000000004  0.438750000000011
      vertex  0.500000000000000  0.500000000000004  0.500000000000000
      vertex  0.625015051433204  0.374984948566799  0.374984948566796
    endloop
  endfacet
  facet normal  0.707106781186753  0.000000000000411  0.707106781186342
    outer loop
      vertex  0.667888207643752  0.379579989249400  0.332111792356275
      vertex  1.000000000000000  0.000000000000012  0.000000000000000
      vertex  1.000000000000000  0.042875000000020  0.000000000000025
    endloop
  endfacet
  facet normal  0.707106781186753  0.000000000000410  0.707106781186342
    outer loop
      vertex  0.667888207643752  0.379579989249400  0.332111792356275
      vertex  0.625015051433204  0.374984948566799  0.374984948566796
      vertex  1.000000000000000  0.000000000000012  0.000000000000000
    endloop
  endfacet
  facet normal -0.773593977927397 -0.374246190342792 -0.511363027924754
    outer loop
      vertex  0.542253079348882  0.457746920651118  0.358415999999979
      vertex  0.644285130804865  0.355714869195135  0.278734302680129
      vertex  0.620420010750601  0.332111792356262  0.332111792356294
    endloop
  endfacet
  facet normal -0.778649241534070 -0.379900151490954 -0.499380850209105
    outer loop
      vertex  0.620420010750601  0.332111792356262  0.332111792356294
      vertex  0.499999999999996  0.438749999999995  0.438750000000036
      vertex  0.521127811574959  0.448249032170117  0.398580581789096
    endloop
  endfacet
  facet normal -0.778649241534041 -0.379900151490864 -0.499380850209218
    outer loop
      vertex  0.620420010750601  0.332111792356262  0.332111792356294
      vertex  0.521127811574959  0.448249032170117  0.398580581789096
      vertex  0.542253079348882  0.457746920651118  0.358415999999979
    endloop
  endfacet
  facet normal -0.803790709724864 -0.308152688372325 -0.508883499053475
    outer loop
      vertex  0.644285130804865  0.355714869195135  0.278734302680129
      vertex  0.930468355544203  0.069531644455797  0.000000000000000
      vertex  0.957124999999989  0.000000000000000  0.000000000000043
    endloop
  endfacet
  facet normal -0.805850276090302 -0.316670185143409 -0.500325220597985
    outer loop
      vertex  0.644285130804865  0.355714869195135  0.278734302680129
      vertex  0.957124999999989  0.000000000000000  0.000000000000043
      vertex  0.620420010750601  0.332111792356262  0.332111792356294
    endloop
  endfacet
  facet normal -0.288397469668941 -0.539657095190292  0.790946976161695
    outer loop
      vertex  0.358415999999988  0.542253079348879  0.457746920651127
      vertex  0.469376843745074  0.499999999999985  0.469376843745041
      vertex  0.398585418210846  0.551752111518981  0.478874732226077
    endloop
  endfacet
  facet normal -0.364504359287290 -0.856897394161573  0.364504359287605
    outer loop
      vertex  0.358415999999988  0.542253079348879  0.457746920651127
      vertex  0.438749999999987  0.500000000000004  0.438750000000023
      vertex  0.469376843745074  0.499999999999985  0.469376843745041
    endloop
  endfacet
  facet normal -0.364504359287340 -0.364504359287709  0.856897394161508
    outer loop
      vertex  0.398585418210846  0.551752111518981  0.478874732226077
      vertex  0.500000000000000  0.500000000000004  0.500000000000000
      vertex  0.438749999999967  0.561249999999984  0.500000000000004
    endloop
  endfacet
  facet normal -0.476357543673328 -0.739031109744826  0.476357543673704
    outer loop
      vertex  0.398585418210846  0.551752111518981  0.478874732226077
      vertex  0.469376843745074  0.499999999999985  0.469376843745041
      vertex  0.500000000000000  0.500000000000004  0.500000000000000
    endloop
  endfacet
  facet normal -1.000000000000000  0.000000000000069  0.000000000000026
    outer loop
      vertex  0.000000000000000  0.930468355544207  0.069531644455797
      vertex  0.000000000000003  1.000000000000000  0.000000000000012
      vertex  0.000000000000000  0.957124999999989  0.000000000000039
    endloop
  endfacet
  facet normal -1.000000000000000 -0.000000000000026 -0.000000000000069
    outer loop
      vertex  0.000000000000000  0.930468355544207  0.069531644455797
      vertex  0.000000000000000  0.999999999999966  0.042875000000026
      vertex  0.000000000000003  1.000000000000000  0.000000000000012
    endloop
  endfacet
  facet normal -0.511363027924647 -0.773593977927410 -0.374246190342911
    outer loop
      vertex  0.358415999999988  0.542253079348879  0.457746920651127
      vertex  0.278734302680124  0.644285130804858  0.355714869195137
      vertex  0.332111792356237  0.620420010750611  0.332111792356279
    endloop
  endfacet
  facet normal -0.499380850209053 -0.778649241534077 -0.379900151491008
    outer loop
      vertex  0.358415999999988  0.542253079348879  0.457746920651127
      vertex  0.332111792356237  0.620420010750611  0.332111792356279
      vertex  0.438749999999987  0.500000000000004  0.438750000000023
    endloop
  endfacet
  facet normal -0.508883499053365 -0.803790709724884 -0.308152688372454
    outer loop
      vertex  0.278734302680124  0.644285130804858  0.355714869195137
      vertex  0.000000000000000  0.930468355544207  0.069531644455797
      vertex  0.000000000000000  0.957124999999989  0.000000000000039
    endloop
  endfacet
  facet normal -0.500325220597874 -0.805850276090321 -0.316670185143538
    outer loop
      vertex  0.278734302680124  0.644285130804858  0.355714869195137
      vertex  0.000000000000000  0.957124999999989  0.000000000000039
      vertex  0.332111792356237  0.620420010750611  0.332111792356279
    endloop
  endfacet
  facet normal  0.707106781186243  0.707106781186852  0.000000000000603
    outer loop
      vertex  0.438749999999967  0.561249999999984  0.500000000000004
      vertex  0.374984948566788  0.625015051433216  0.374984948566797
      vertex  0.332111792356243  0.667888207643720  0.379579989249401
    endloop
  endfacet
  facet normal  0.707106781186243  0.707106781186852  0.000000000000603
    outer loop
      vertex  0.438749999999967  0.561249999999984  0.500000000000004
      vertex  0.500000000000000  0.500000000000004  0.500000000000000
      vertex  0.374984948566788  0.625015051433216  0.374984948566797
    endloop
  endfacet
  facet normal  0.707106781186243  0.707106781186852  0.000000000000609
    outer loop
      vertex  0.332111792356243  0.667888207643720  0.379579989249401
      vertex  0.000000000000003  1.000000000000000  0.000000000000012
      vertex  0.000000000000000  0.999999999999966  0.042875000000026
    endloop
  endfacet
  facet normal  0.707106781186243  0.707106781186852  0.000000000000608
    outer loop
      vertex  0.332111792356243  0.667888207643720  0.379579989249401
      vertex  0.374984948566788  0.625015051433216  0.374984948566797
      vertex  0.000000000000003  1.000000000000000  0.000000000000012
    endloop
  endfacet
  facet normal  0.707106781186343 -0.000000000000410 -0.707106781186753
    outer loop
      vertex  0.500000000000000  0.500000000000004  0.500000000000000
      vertex  0.332111792356237  0.620420010750611  0.332111792356279
      vertex  0.374984948566788  0.625015051433216  0.374984948566797
    endloop
  endfacet
  facet normal  0.707106781186343 -0.000000000000410 -0.707106781186753
    outer loop
      vertex  0.500000000000000  0.500000000000004  0.500000000000000
      vertex  0.438749999999987  0.500000000000004  0.438750000000023
      vertex  0.332111792356237  0.620420010750611  0.332111792356279
    endloop
  endfacet
  facet normal  0.707106781186342 -0.000000000000410 -0.707106781186753
    outer loop
      vertex  0.374984948566788  0.625015051433216  0.374984948566797
      vertex  0.000000000000000  0.957124999999989  0.000000000000039
      vertex  0.000000000000003  1.000000000000000  0.000000000000012
    endloop
  endfacet
  facet normal  0.707106781186343 -0.000000000000411 -0.707106781186753
    outer loop
      vertex  0.374984948566788  0.625015051433216  0.374984948566797
      vertex  0.332111792356237  0.620420010750611  0.332111792356279
      vertex  0.000000000000000  0.957124999999989  0.000000000000039
    endloop
  endfacet
  facet normal  0.510214064571463 -0.367731865668686 -0.777466966041191
    outer loop
      vertex  0.438749999999967  0.561249999999984  0.500000000000004
      vertex  0.278734302680124  0.644285130804858  0.355714869195137
      vertex  0.332111792356243  0.667888207643720  0.379579989249401
    endloop
  endfacet
  facet normal  0.499279942964507 -0.385864361168942 -0.775775891178015
    outer loop
      vertex  0.278734302680124  0.644285130804858  0.355714869195137
      vertex  0.438749999999967  0.561249999999984  0.500000000000004
      vertex  0.398585418210846  0.551752111518981  0.478874732226077
    endloop
  endfacet
  facet normal  0.499279942964613 -0.385864361168805 -0.775775891178015
    outer loop
      vertex  0.278734302680124  0.644285130804858  0.355714869195137
      vertex  0.398585418210846  0.551752111518981  0.478874732226077
      vertex  0.358415999999988  0.542253079348879  0.457746920651127
    endloop
  endfacet
  facet normal -0.507303389677452  0.308486361628788  0.804661068718252
    outer loop
      vertex  0.332111792356243  0.667888207643720  0.379579989249401
      vertex  0.000000000000000  0.999999999999966  0.042875000000026
      vertex  0.000000000000000  0.930468355544207  0.069531644455797
    endloop
  endfacet
  facet normal -0.500551791932862  0.317757993055215  0.805281169183983
    outer loop
      vertex  0.332111792356243  0.667888207643720  0.379579989249401
      vertex  0.000000000000000  0.930468355544207  0.069531644455797
      vertex  0.278734302680124  0.644285130804858  0.355714869195137
    endloop
  endfacet
  facet normal  0.790946976161698  0.288397469668940  0.539657095190288
    outer loop
      vertex  0.457746920651127  0.641584000000013  0.457746920651121
      vertex  0.469376843745074  0.530623156254959  0.499999999999985
      vertex  0.478874732226077  0.601414581789154  0.448247888481019
    endloop
  endfacet
  facet normal  0.364504359287604  0.364504359287290  0.856897394161574
    outer loop
      vertex  0.457746920651127  0.641584000000013  0.457746920651121
      vertex  0.438749999999967  0.561249999999984  0.500000000000004
      vertex  0.469376843745074  0.530623156254959  0.499999999999985
    endloop
  endfacet
  facet normal  0.856897394161508  0.364504359287340  0.364504359287709
    outer loop
      vertex  0.478874732226077  0.601414581789154  0.448247888481019
      vertex  0.500000000000000  0.500000000000004  0.500000000000000
      vertex  0.500000000000004  0.561250000000033  0.438750000000016
    endloop
  endfacet
  facet normal  0.476357543673707  0.476357543673328  0.739031109744824
    outer loop
      vertex  0.478874732226077  0.601414581789154  0.448247888481019
      vertex  0.469376843745074  0.530623156254959  0.499999999999985
      vertex  0.500000000000000  0.500000000000004  0.500000000000000
    endloop
  endfacet
  facet normal  0.000000000000026  1.000000000000000 -0.000000000000067
    outer loop
      vertex  0.069531644455797  1.000000000000000  0.069531644455793
      vertex  0.000000000000003  1.000000000000000  0.000000000000012
      vertex  0.000000000000000  0.999999999999966  0.042875000000026
    endloop
  endfacet
  facet normal -0.000000000000067  1.000000000000000  0.000000000000026
    outer loop
      vertex  0.069531644455797  1.000000000000000  0.069531644455793
      vertex  0.042875000000026  1.000000000000000  0.000000000000034
      vertex  0.000000000000003  1.000000000000000  0.000000000000012
    endloop
  endfacet
  facet normal -0.374246190342912  0.511363027924646  0.773593977927410
    outer loop
      vertex  0.457746920651127  0.641584000000013  0.457746920651121
      vertex  0.355714869195137  0.721265697319876  0.355714869195142
      vertex  0.332111792356243  0.667888207643720  0.379579989249401
    endloop
  endfacet
  facet normal -0.379900151491008  0.499380850209053  0.778649241534076
    outer loop
      vertex  0.457746920651127  0.641584000000013  0.457746920651121
      vertex  0.332111792356243  0.667888207643720  0.379579989249401
      vertex  0.438749999999967  0.561249999999984  0.500000000000004
    endloop
  endfacet
  facet normal -0.308152688372454  0.508883499053366  0.803790709724884
    outer loop
      vertex  0.355714869195137  0.721265697319876  0.355714869195142
      vertex  0.069531644455797  1.000000000000000  0.069531644455793
      vertex  0.000000000000000  0.999999999999966  0.042875000000026
    endloop
  endfacet
  facet normal -0.316670185143539  0.500325220597873  0.805850276090321
    outer loop
      vertex  0.355714869195137  0.721265697319876  0.355714869195142
      vertex  0.000000000000000  0.999999999999966  0.042875000000026
      vertex  0.332111792356243  0.667888207643720  0.379579989249401
    endloop
  endfacet
  facet normal  0.000000000000605 -0.707106781186243 -0.707106781186852
    outer loop
      vertex  0.500000000000004  0.561250000000033  0.438750000000016
      vertex  0.374984948566788  0.625015051433216  0.374984948566797
      vertex  0.379579989249401  0.667888207643757  0.332111792356280
    endloop
  endfacet
  facet normal  0.000000000000605 -0.707106781186242 -0.707106781186853
    outer loop
      vertex  0.500000000000004  0.561250000000033  0.438750000000016
      vertex  0.500000000000000  0.500000000000004  0.500000000000000
      vertex  0.374984948566788  0.625015051433216  0.374984948566797
    endloop
  endfacet
  facet normal  0.000000000000609 -0.707106781186243 -0.707106781186853
    outer loop
      vertex  0.379579989249401  0.667888207643757  0.332111792356280
      vertex  0.000000000000003  1.000000000000000  0.000000000000012
      vertex  0.042875000000026  1.000000000000000  0.000000000000034
    endloop
  endfacet
  facet normal  0.000000000000608 -0.707106781186243 -0.707106781186852
    outer loop
      vertex  0.379579989249401  0.667888207643757  0.332111792356280
      vertex  0.374984948566788  0.625015051433216  0.374984948566797
      vertex  0.000000000000003  1.000000000000000  0.000000000000012
    endloop
  endfacet
  facet normal -0.707106781186753 -0.707106781186343  0.000000000000410
    outer loop
      vertex  0.500000000000000  0.500000000000004  0.500000000000000
      vertex  0.332111792356243  0.667888207643720  0.379579989249401
      vertex  0.374984948566788  0.625015051433216  0.374984948566797
    endloop
  endfacet
  facet normal -0.707106781186753 -0.707106781186342  0.000000000000411
    outer loop
      vertex  0.500000000000000  0.500000000000004  0.500000000000000
      vertex  0.438749999999967  0.561249999999984  0.500000000000004
      vertex  0.332111792356243  0.667888207643720  0.379579989249401
    endloop
  endfacet
  facet normal -0.707106781186752 -0.707106781186343  0.000000000000409
    outer loop
      vertex  0.374984948566788  0.625015051433216  0.374984948566797
      vertex  0.000000000000000  0.999999999999966  0.042875000000026
      vertex  0.000000000000003  1.000000000000000  0.000000000000012
    endloop
  endfacet
  facet normal -0.707106781186753 -0.707106781186342  0.000000000000410
    outer loop
      vertex  0.374984948566788  0.625015051433216  0.374984948566797
      vertex  0.332111792356243  0.667888207643720  0.379579989249401
      vertex  0.000000000000000  0.999999999999966  0.042875000000026
    endloop
  endfacet
  facet normal -0.777466966041191 -0.510214064571462  0.367731865668687
    outer loop
      vertex  0.500000000000004  0.561250000000033  0.438750000000016
      vertex  0.355714869195137  0.721265697319876  0.355714869195142
      vertex  0.379579989249401  0.667888207643757  0.332111792356280
    endloop
  endfacet
  facet normal -0.775775891178015 -0.499279942964506  0.385864361168944
    outer loop
      vertex  0.355714869195137  0.721265697319876  0.355714869195142
      vertex  0.500000000000004  0.561250000000033  0.438750000000016
      vertex  0.478874732226077  0.601414581789154  0.448247888481019
    endloop
  endfacet
  facet normal -0.775775891178014 -0.499279942964614  0.385864361168803
    outer loop
      vertex  0.355714869195137  0.721265697319876  0.355714869195142
      vertex  0.478874732226077  0.601414581789154  0.448247888481019
      vertex  0.457746920651127  0.641584000000013  0.457746920651121
    endloop
  endfacet
  facet normal  0.804661068718252  0.507303389677452 -0.308486361628788
    outer loop
      vertex  0.379579989249401  0.667888207643757  0.332111792356280
      vertex  0.042875000000026  1.000000000000000  0.000000000000034
      vertex  0.069531644455797  1.000000000000000  0.069531644455793
    endloop
  endfacet
  facet normal  0.805281169183983  0.500551791932861 -0.317757993055216
    outer loop
      vertex  0.379579989249401  0.667888207643757  0.332111792356280
      vertex  0.069531644455797  1.000000000000000  0.069531644455793
      vertex  0.355714869195137  0.721265697319876  0.355714869195142
    endloop
  endfacet
  facet normal  0.476357543673737 -0.739031109744719 -0.476357543673460
    outer loop
      vertex  0.438749999999987  0.500000000000004  0.438750000000023
      vertex  0.478874732226069  0.551752111518965  0.398585418210881
      vertex  0.469376843745074  0.499999999999985  0.469376843745041
    endloop
  endfacet
  facet normal  0.692741676520918 -0.692741676520954 -0.200544107921241
    outer loop
      vertex  0.438749999999987  0.500000000000004  0.438750000000023
      vertex  0.457746920651118  0.542253079348869  0.358416000000028
      vertex  0.478874732226069  0.551752111518965  0.398585418210881
    endloop
  endfacet
  facet normal  0.577350269189746 -0.577350269189720 -0.577350269189411
    outer loop
      vertex  0.469376843745074  0.499999999999985  0.469376843745041
      vertex  0.500000000000004  0.561250000000033  0.438750000000016
      vertex  0.500000000000000  0.500000000000004  0.500000000000000
    endloop
  endfacet
  facet normal  0.790946976161692 -0.539657095190226 -0.288397469669072
    outer loop
      vertex  0.469376843745074  0.499999999999985  0.469376843745041
      vertex  0.478874732226069  0.551752111518965  0.398585418210881
      vertex  0.500000000000004  0.561250000000033  0.438750000000016
    endloop
  endfacet
  facet normal -0.000000000000000 -0.000000000000000 -1.000000000000000
    outer loop
      vertex  0.000000000000000  0.957124999999989  0.000000000000039
      vertex  0.042875000000026  1.000000000000000  0.000000000000034
      vertex  0.069531644455764  0.930468355544228  0.000000000000000
    endloop
  endfacet
  facet normal -0.000000000000000 -0.000000000000000 -1.000000000000000
    outer loop
      vertex  0.000000000000000  0.957124999999989  0.000000000000039
      vertex  0.000000000000003  1.000000000000000  0.000000000000012
      vertex  0.042875000000026  1.000000000000000  0.000000000000034
    endloop
  endfacet
  facet normal  0.367731865668683  0.777466966041193  0.510214064571462
    outer loop
      vertex  0.438749999999987  0.500000000000004  0.438750000000023
      vertex  0.355714869195125  0.644285130804856  0.278734302680150
      vertex  0.332111792356237  0.620420010750611  0.332111792356279
    endloop
  endfacet
  facet normal  0.385864361168849  0.775775891178027  0.499279942964561
    outer loop
      vertex  0.438749999999987  0.500000000000004  0.438750000000023
      vertex  0.457746920651118  0.542253079348869  0.358416000000028
      vertex  0.355714869195125  0.644285130804856  0.278734302680150
    endloop
  endfacet
  facet normal -0.308486361628787 -0.804661068718252 -0.507303389677452
    outer loop
      vertex  0.332111792356237  0.620420010750611  0.332111792356279
      vertex  0.000000000000000  0.957124999999989  0.000000000000039
      vertex  0.069531644455764  0.930468355544228  0.000000000000000
    endloop
  endfacet
  facet normal -0.317757993055212 -0.805281169183984 -0.500551791932863
    outer loop
      vertex  0.332111792356237  0.620420010750611  0.332111792356279
      vertex  0.069531644455764  0.930468355544228  0.000000000000000
      vertex  0.355714869195125  0.644285130804856  0.278734302680150
    endloop
  endfacet
  facet normal  0.000000000000428  0.707106781186759  0.707106781186336
    outer loop
      vertex  0.500000000000000  0.500000000000004  0.500000000000000
      vertex  0.379579989249401  0.667888207643757  0.332111792356280
      vertex  0.374984948566788  0.625015051433216  0.374984948566797
    endloop
  endfacet
  facet normal  0.000000000000430  0.707106781186759  0.707106781186336
    outer loop
      vertex  0.500000000000000  0.500000000000004  0.500000000000000
      vertex  0.500000000000004  0.561250000000033  0.438750000000016
      vertex  0.379579989249401  0.667888207643757  0.332111792356280
    endloop
  endfacet
  facet normal  0.000000000000425  0.707106781186760  0.707106781186335
    outer loop
      vertex  0.374984948566788  0.625015051433216  0.374984948566797
      vertex  0.042875000000026  1.000000000000000  0.000000000000034
      vertex  0.000000000000003  1.000000000000000  0.000000000000012
    endloop
  endfacet
  facet normal  0.000000000000424  0.707106781186759  0.707106781186336
    outer loop
      vertex  0.374984948566788  0.625015051433216  0.374984948566797
      vertex  0.379579989249401  0.667888207643757  0.332111792356280
      vertex  0.042875000000026  1.000000000000000  0.000000000000034
    endloop
  endfacet
  facet normal -0.777466966041205 -0.367731865668680  0.510214064571446
    outer loop
      vertex  0.500000000000004  0.561250000000033  0.438750000000016
      vertex  0.379579989249401  0.667888207643757  0.332111792356280
      vertex  0.355714869195125  0.644285130804856  0.278734302680150
    endloop
  endfacet
  facet normal -0.775775891178070 -0.385864361169015  0.499279942964364
    outer loop
      vertex  0.355714869195125  0.644285130804856  0.278734302680150
      vertex  0.457746920651118  0.542253079348869  0.358416000000028
      vertex  0.478874732226069  0.551752111518965  0.398585418210881
    endloop
  endfacet
  facet normal -0.775775891178070 -0.385864361168537  0.499279942964733
    outer loop
      vertex  0.355714869195125  0.644285130804856  0.278734302680150
      vertex  0.478874732226069  0.551752111518965  0.398585418210881
      vertex  0.500000000000004  0.561250000000033  0.438750000000016
    endloop
  endfacet
  facet normal  0.804661068718255  0.308486361628800 -0.507303389677440
    outer loop
      vertex  0.379579989249401  0.667888207643757  0.332111792356280
      vertex  0.069531644455764  0.930468355544228  0.000000000000000
      vertex  0.042875000000026  1.000000000000000  0.000000000000034
    endloop
  endfacet
  facet normal  0.805281169183987  0.317757993055224 -0.500551791932851
    outer loop
      vertex  0.379579989249401  0.667888207643757  0.332111792356280
      vertex  0.355714869195125  0.644285130804856  0.278734302680150
      vertex  0.069531644455764  0.930468355544228  0.000000000000000
    endloop
  endfacet
  facet normal -0.707106781186753 -0.000000000000410  0.707106781186343
    outer loop
      vertex  0.500000000000000  0.500000000000004  0.500000000000000
      vertex  0.332111792356237  0.620420010750611  0.332111792356279
      vertex  0.438749999999987  0.500000000000004  0.438750000000023
    endloop
  endfacet
  facet normal -0.707106781186753 -0.000000000000410  0.707106781186342
    outer loop
      vertex  0.500000000000000  0.500000000000004  0.500000000000000
      vertex  0.374984948566788  0.625015051433216  0.374984948566797
      vertex  0.332111792356237  0.620420010750611  0.332111792356279
    endloop
  endfacet
  facet normal -0.707106781186753 -0.000000000000410  0.707106781186343
    outer loop
      vertex  0.374984948566788  0.625015051433216  0.374984948566797
      vertex  0.000000000000000  0.957124999999989  0.000000000000039
      vertex  0.332111792356237  0.620420010750611  0.332111792356279
    endloop
  endfacet
  facet normal -0.707106781186753 -0.000000000000410  0.707106781186342
    outer loop
      vertex  0.374984948566788  0.625015051433216  0.374984948566797
      vertex  0.000000000000003  1.000000000000000  0.000000000000012
      vertex  0.000000000000000  0.957124999999989  0.000000000000039
    endloop
  endfacet
  facet normal  0.288387392721153 -0.539677267433283  0.790936886695292
    outer loop
      vertex  0.561250000000049  0.561249999999980  0.499999999999988
      vertex  0.530626843745080  0.500000000000004  0.469373156254938
      vertex  0.601419418210904  0.551750967829882  0.478872188425040
    endloop
  endfacet
  facet normal  0.577350269189289 -0.577350269189858  0.577350269189730
    outer loop
      vertex  0.561250000000049  0.561249999999980  0.499999999999988
      vertex  0.500000000000000  0.500000000000004  0.500000000000000
      vertex  0.530626843745080  0.500000000000004  0.469373156254938
    endloop
  endfacet
  facet normal  0.200544107921117 -0.692741676520998  0.692741676520910
    outer loop
      vertex  0.601419418210904  0.551750967829882  0.478872188425040
      vertex  0.561250000000025  0.500000000000004  0.438750000000011
      vertex  0.641584000000021  0.542253079348882  0.457746920651118
    endloop
  endfacet
  facet normal  0.476344364940715 -0.739048098555221  0.476344364941099
    outer loop
      vertex  0.601419418210904  0.551750967829882  0.478872188425040
      vertex  0.530626843745080  0.500000000000004  0.469373156254938
      vertex  0.561250000000025  0.500000000000004  0.438750000000011
    endloop
  endfacet
  facet normal  1.000000000000000  0.000000000000067 -0.000000000000067
    outer loop
      vertex  1.000000000000000  0.999999999999952  0.042875000000026
      vertex  1.000000000000000  0.957124999999980  0.000000000000039
      vertex  0.999999999999997  0.999999999999991  0.000000000000012
    endloop
  endfacet
  facet normal  1.000000000000000 -0.000000000000000 -0.000000000000000
    outer loop
      vertex  1.000000000000000  0.999999999999952  0.042875000000026
      vertex  1.000000000000000  0.930468355544203  0.069531644455797
      vertex  1.000000000000000  0.957124999999980  0.000000000000039
    endloop
  endfacet
  facet normal -0.707106781186242  0.707106781186853  0.000000000000604
    outer loop
      vertex  0.561250000000049  0.561249999999980  0.499999999999988
      vertex  0.625015051433212  0.625015051433216  0.374984948566797
      vertex  0.500000000000000  0.500000000000004  0.500000000000000
    endloop
  endfacet
  facet normal -0.707106781186243  0.707106781186852  0.000000000000604
    outer loop
      vertex  0.561250000000049  0.561249999999980  0.499999999999988
      vertex  0.667888207643758  0.667888207643720  0.379579989249395
      vertex  0.625015051433212  0.625015051433216  0.374984948566797
    endloop
  endfacet
  facet normal -0.707106781186243  0.707106781186852  0.000000000000608
    outer loop
      vertex  0.667888207643758  0.667888207643720  0.379579989249395
      vertex  0.999999999999997  0.999999999999991  0.000000000000012
      vertex  0.625015051433212  0.625015051433216  0.374984948566797
    endloop
  endfacet
  facet normal -0.707106781186244  0.707106781186851  0.000000000000608
    outer loop
      vertex  0.667888207643758  0.667888207643720  0.379579989249395
      vertex  1.000000000000000  0.999999999999952  0.042875000000026
      vertex  0.999999999999997  0.999999999999991  0.000000000000012
    endloop
  endfacet
  facet normal  0.511363027924732 -0.773593977927401 -0.374246190342814
    outer loop
      vertex  0.641584000000021  0.542253079348882  0.457746920651118
      vertex  0.667888207643763  0.620420010750611  0.332111792356279
      vertex  0.721265697319871  0.644285130804865  0.355714869195135
    endloop
  endfacet
  facet normal  0.499380850209140 -0.778649241534068 -0.379900151490911
    outer loop
      vertex  0.641584000000021  0.542253079348882  0.457746920651118
      vertex  0.561250000000025  0.500000000000004  0.438750000000011
      vertex  0.667888207643763  0.620420010750611  0.332111792356279
    endloop
  endfacet
  facet normal  0.508883499053451 -0.803790709724869 -0.308152688372353
    outer loop
      vertex  0.721265697319871  0.644285130804865  0.355714869195135
      vertex  1.000000000000000  0.957124999999980  0.000000000000039
      vertex  1.000000000000000  0.930468355544203  0.069531644455797
    endloop
  endfacet
  facet normal  0.500325220597959 -0.805850276090307 -0.316670185143438
    outer loop
      vertex  0.721265697319871  0.644285130804865  0.355714869195135
      vertex  0.667888207643763  0.620420010750611  0.332111792356279
      vertex  1.000000000000000  0.957124999999980  0.000000000000039
    endloop
  endfacet
  facet normal -0.707106781186342 -0.000000000000411 -0.707106781186753
    outer loop
      vertex  0.561250000000025  0.500000000000004  0.438750000000011
      vertex  0.625015051433212  0.625015051433216  0.374984948566797
      vertex  0.667888207643763  0.620420010750611  0.332111792356279
    endloop
  endfacet
  facet normal -0.707106781186342 -0.000000000000411 -0.707106781186753
    outer loop
      vertex  0.561250000000025  0.500000000000004  0.438750000000011
      vertex  0.500000000000000  0.500000000000004  0.500000000000000
      vertex  0.625015051433212  0.625015051433216  0.374984948566797
    endloop
  endfacet
  facet normal -0.707106781186343 -0.000000000000408 -0.707106781186752
    outer loop
      vertex  0.667888207643763  0.620420010750611  0.332111792356279
      vertex  0.999999999999997  0.999999999999991  0.000000000000012
      vertex  1.000000000000000  0.957124999999980  0.000000000000039
    endloop
  endfacet
  facet normal -0.707106781186343 -0.000000000000410 -0.707106781186753
    outer loop
      vertex  0.667888207643763  0.620420010750611  0.332111792356279
      vertex  0.625015051433212  0.625015051433216  0.374984948566797
      vertex  0.999999999999997  0.999999999999991  0.000000000000012
    endloop
  endfacet
  facet normal  0.511363027924751  0.374246190342796  0.773593977927397
    outer loop
      vertex  0.641584000000021  0.542253079348882  0.457746920651118
      vertex  0.721265697319871  0.644285130804865  0.355714869195135
      vertex  0.667888207643758  0.667888207643720  0.379579989249395
    endloop
  endfacet
  facet normal  0.499380850209110  0.379900151490949  0.778649241534068
    outer loop
      vertex  0.667888207643758  0.667888207643720  0.379579989249395
      vertex  0.561250000000049  0.561249999999980  0.499999999999988
      vertex  0.601419418210904  0.551750967829882  0.478872188425040
    endloop
  endfacet
  facet normal  0.499380850209213  0.379900151490868  0.778649241534042
    outer loop
      vertex  0.667888207643758  0.667888207643720  0.379579989249395
      vertex  0.601419418210904  0.551750967829882  0.478872188425040
      vertex  0.641584000000021  0.542253079348882  0.457746920651118
    endloop
  endfacet
  facet normal  0.508883499053475  0.308152688372325  0.803790709724864
    outer loop
      vertex  0.721265697319871  0.644285130804865  0.355714869195135
      vertex  1.000000000000000  0.930468355544203  0.069531644455797
      vertex  1.000000000000000  0.999999999999952  0.042875000000026
    endloop
  endfacet
  facet normal  0.500325220597981  0.316670185143413  0.805850276090303
    outer loop
      vertex  0.721265697319871  0.644285130804865  0.355714869195135
      vertex  1.000000000000000  0.999999999999952  0.042875000000026
      vertex  0.667888207643758  0.667888207643720  0.379579989249395
    endloop
  endfacet
  facet normal -0.790936886695292  0.288387392721153  0.539677267433281
    outer loop
      vertex  0.500000000000004  0.561250000000033  0.438750000000016
      vertex  0.530626843745060  0.530626843745094  0.499999999999985
      vertex  0.521127811574959  0.601419418210904  0.448249032170117
    endloop
  endfacet
  facet normal -0.577350269189731  0.577350269189288  0.577350269189858
    outer loop
      vertex  0.500000000000004  0.561250000000033  0.438750000000016
      vertex  0.500000000000000  0.500000000000004  0.500000000000000
      vertex  0.530626843745060  0.530626843745094  0.499999999999985
    endloop
  endfacet
  facet normal -0.692741676520910  0.200544107921117  0.692741676520998
    outer loop
      vertex  0.521127811574959  0.601419418210904  0.448249032170117
      vertex  0.561250000000049  0.561249999999980  0.499999999999988
      vertex  0.542253079348882  0.641584000000021  0.457746920651118
    endloop
  endfacet
  facet normal -0.476344364941099  0.476344364940715  0.739048098555221
    outer loop
      vertex  0.521127811574959  0.601419418210904  0.448249032170117
      vertex  0.530626843745060  0.530626843745094  0.499999999999985
      vertex  0.561250000000049  0.561249999999980  0.499999999999988
    endloop
  endfacet
  facet normal  0.000000000000067  1.000000000000000 -0.000000000000067
    outer loop
      vertex  0.957124999999974  1.000000000000000  0.000000000000048
      vertex  1.000000000000000  0.999999999999952  0.042875000000026
      vertex  0.999999999999997  0.999999999999991  0.000000000000012
    endloop
  endfacet
  facet normal -0.000000000000000  1.000000000000000  0.000000000000000
    outer loop
      vertex  0.957124999999974  1.000000000000000  0.000000000000048
      vertex  0.930468355544203  1.000000000000000  0.069531644455797
      vertex  1.000000000000000  0.999999999999952  0.042875000000026
    endloop
  endfacet
  facet normal -0.000000000000605 -0.707106781186242 -0.707106781186853
    outer loop
      vertex  0.500000000000004  0.561250000000033  0.438750000000016
      vertex  0.625015051433212  0.625015051433216  0.374984948566797
      vertex  0.500000000000000  0.500000000000004  0.500000000000000
    endloop
  endfacet
  facet normal -0.000000000000605 -0.707106781186242 -0.707106781186853
    outer loop
      vertex  0.500000000000004  0.561250000000033  0.438750000000016
      vertex  0.620420010750605  0.667888207643758  0.332111792356280
      vertex  0.625015051433212  0.625015051433216  0.374984948566797
    endloop
  endfacet
  facet normal -0.000000000000609 -0.707106781186243 -0.707106781186852
    outer loop
      vertex  0.620420010750605  0.667888207643758  0.332111792356280
      vertex  0.999999999999997  0.999999999999991  0.000000000000012
      vertex  0.625015051433212  0.625015051433216  0.374984948566797
    endloop
  endfacet
  facet normal -0.000000000000608 -0.707106781186243 -0.707106781186852
    outer loop
      vertex  0.620420010750605  0.667888207643758  0.332111792356280
      vertex  0.957124999999974  1.000000000000000  0.000000000000048
      vertex  0.999999999999997  0.999999999999991  0.000000000000012
    endloop
  endfacet
  facet normal  0.374246190342816  0.511363027924730  0.773593977927401
    outer loop
      vertex  0.542253079348882  0.641584000000021  0.457746920651118
      vertex  0.667888207643758  0.667888207643720  0.379579989249395
      vertex  0.644285130804865  0.721265697319871  0.355714869195135
    endloop
  endfacet
  facet normal  0.379900151490912  0.499380850209140  0.778649241534067
    outer loop
      vertex  0.542253079348882  0.641584000000021  0.457746920651118
      vertex  0.561250000000049  0.561249999999980  0.499999999999988
      vertex  0.667888207643758  0.667888207643720  0.379579989249395
    endloop
  endfacet
  facet normal  0.308152688372354  0.508883499053450  0.803790709724869
    outer loop
      vertex  0.644285130804865  0.721265697319871  0.355714869195135
      vertex  1.000000000000000  0.999999999999952  0.042875000000026
      vertex  0.930468355544203  1.000000000000000  0.069531644455797
    endloop
  endfacet
  facet normal  0.316670185143440  0.500325220597958  0.805850276090307
    outer loop
      vertex  0.644285130804865  0.721265697319871  0.355714869195135
      vertex  0.667888207643758  0.667888207643720  0.379579989249395
      vertex  1.000000000000000  0.999999999999952  0.042875000000026
    endloop
  endfacet
  facet normal  0.707106781186753 -0.707106781186343  0.000000000000410
    outer loop
      vertex  0.561250000000049  0.561249999999980  0.499999999999988
      vertex  0.625015051433212  0.625015051433216  0.374984948566797
      vertex  0.667888207643758  0.667888207643720  0.379579989249395
    endloop
  endfacet
  facet normal  0.707106781186753 -0.707106781186342  0.000000000000410
    outer loop
      vertex  0.561250000000049  0.561249999999980  0.499999999999988
      vertex  0.500000000000000  0.500000000000004  0.500000000000000
      vertex  0.625015051433212  0.625015051433216  0.374984948566797
    endloop
  endfacet
  facet normal  0.707106781186752 -0.707106781186343  0.000000000000411
    outer loop
      vertex  0.667888207643758  0.667888207643720  0.379579989249395
      vertex  0.999999999999997  0.999999999999991  0.000000000000012
      vertex  1.000000000000000  0.999999999999952  0.042875000000026
    endloop
  endfacet
  facet normal  0.707106781186753 -0.707106781186343  0.000000000000410
    outer loop
      vertex  0.667888207643758  0.667888207643720  0.379579989249395
      vertex  0.625015051433212  0.625015051433216  0.374984948566797
      vertex  0.999999999999997  0.999999999999991  0.000000000000012
    endloop
  endfacet
  facet normal -0.773593977927397  0.511363027924754 -0.374246190342793
    outer loop
      vertex  0.542253079348882  0.641584000000021  0.457746920651118
      vertex  0.644285130804865  0.721265697319871  0.355714869195135
      vertex  0.620420010750605  0.667888207643758  0.332111792356280
    endloop
  endfacet
  facet normal -0.778649241534069  0.499380850209106 -0.379900151490953
    outer loop
      vertex  0.620420010750605  0.667888207643758  0.332111792356280
      vertex  0.500000000000004  0.561250000000033  0.438750000000016
      vertex  0.521127811574959  0.601419418210904  0.448249032170117
    endloop
  endfacet
  facet normal -0.778649241534041  0.499380850209218 -0.379900151490864
    outer loop
      vertex  0.620420010750605  0.667888207643758  0.332111792356280
      vertex  0.521127811574959  0.601419418210904  0.448249032170117
      vertex  0.542253079348882  0.641584000000021  0.457746920651118
    endloop
  endfacet
  facet normal -0.803790709724864  0.508883499053475 -0.308152688372325
    outer loop
      vertex  0.644285130804865  0.721265697319871  0.355714869195135
      vertex  0.930468355544203  1.000000000000000  0.069531644455797
      vertex  0.957124999999974  1.000000000000000  0.000000000000048
    endloop
  endfacet
  facet normal -0.805850276090303  0.500325220597984 -0.316670185143409
    outer loop
      vertex  0.644285130804865  0.721265697319871  0.355714869195135
      vertex  0.957124999999974  1.000000000000000  0.000000000000048
      vertex  0.620420010750605  0.667888207643758  0.332111792356280
    endloop
  endfacet
  facet normal -0.476344364941040 -0.739048098555231 -0.476344364940759
    outer loop
      vertex  0.500000000000000  0.500000000000004  0.500000000000000
      vertex  0.521127811574959  0.551750967829860  0.398580581789122
      vertex  0.530626843745080  0.500000000000004  0.469373156254938
    endloop
  endfacet
  facet normal -0.856897394161451 -0.364504359287776 -0.364504359287406
    outer loop
      vertex  0.500000000000000  0.500000000000004  0.500000000000000
      vertex  0.500000000000004  0.561250000000033  0.438750000000016
      vertex  0.521127811574959  0.551750967829860  0.398580581789122
    endloop
  endfacet
  facet normal -0.364504359287535 -0.856897394161587 -0.364504359287329
    outer loop
      vertex  0.530626843745080  0.500000000000004  0.469373156254938
      vertex  0.542253079348889  0.542253079348858  0.358416000000004
      vertex  0.561250000000025  0.500000000000004  0.438750000000011
    endloop
  endfacet
  facet normal -0.790936886695220 -0.539677267433356 -0.288387392721213
    outer loop
      vertex  0.530626843745080  0.500000000000004  0.469373156254938
      vertex  0.521127811574959  0.551750967829860  0.398580581789122
      vertex  0.542253079348889  0.542253079348858  0.358416000000004
    endloop
  endfacet
  facet normal -0.000000000000000  0.000000000000000 -1.000000000000000
    outer loop
      vertex  0.999999999999997  0.999999999999991  0.000000000000012
      vertex  0.930468355544225  0.930468355544203  0.000000000000000
      vertex  0.957124999999974  1.000000000000000  0.000000000000048
    endloop
  endfacet
  facet normal  0.000000000000000 -0.000000000000000 -1.000000000000000
    outer loop
      vertex  0.999999999999997  0.999999999999991  0.000000000000012
      vertex  1.000000000000000  0.957124999999980  0.000000000000039
      vertex  0.930468355544225  0.930468355544203  0.000000000000000
    endloop
  endfacet
  facet normal -0.000000000000429  0.707106781186760  0.707106781186335
    outer loop
      vertex  0.500000000000000  0.500000000000004  0.500000000000000
      vertex  0.620420010750605  0.667888207643758  0.332111792356280
      vertex  0.500000000000004  0.561250000000033  0.438750000000016
    endloop
  endfacet
  facet normal -0.000000000000429  0.707106781186759  0.707106781186336
    outer loop
      vertex  0.500000000000000  0.500000000000004  0.500000000000000
      vertex  0.625015051433212  0.625015051433216  0.374984948566797
      vertex  0.620420010750605  0.667888207643758  0.332111792356280
    endloop
  endfacet
  facet normal -0.000000000000425  0.707106781186760  0.707106781186335
    outer loop
      vertex  0.625015051433212  0.625015051433216  0.374984948566797
      vertex  0.957124999999974  1.000000000000000  0.000000000000048
      vertex  0.620420010750605  0.667888207643758  0.332111792356280
    endloop
  endfacet
  facet normal -0.000000000000425  0.707106781186760  0.707106781186336
    outer loop
      vertex  0.625015051433212  0.625015051433216  0.374984948566797
      vertex  0.999999999999997  0.999999999999991  0.000000000000012
      vertex  0.957124999999974  1.000000000000000  0.000000000000048
    endloop
  endfacet
  facet normal -0.367731865668779  0.777466966041203  0.510214064571378
    outer loop
      vertex  0.561250000000025  0.500000000000004  0.438750000000011
      vertex  0.667888207643763  0.620420010750611  0.332111792356279
      vertex  0.644285130804873  0.644285130804849  0.278734302680146
    endloop
  endfacet
  facet normal -0.385864361168947  0.775775891178034  0.499279942964473
    outer loop
      vertex  0.561250000000025  0.500000000000004  0.438750000000011
      vertex  0.644285130804873  0.644285130804849  0.278734302680146
      vertex  0.542253079348889  0.542253079348858  0.358416000000004
    endloop
  endfacet
  facet normal  0.308486361628887 -0.804661068718267 -0.507303389677368
    outer loop
      vertex  0.667888207643763  0.620420010750611  0.332111792356279
      vertex  0.930468355544225  0.930468355544203  0.000000000000000
      vertex  1.000000000000000  0.957124999999980  0.000000000000039
    endloop
  endfacet
  facet normal  0.317757993055312 -0.805281169183997 -0.500551791932777
    outer loop
      vertex  0.667888207643763  0.620420010750611  0.332111792356279
      vertex  0.644285130804873  0.644285130804849  0.278734302680146
      vertex  0.930468355544225  0.930468355544203  0.000000000000000
    endloop
  endfacet
  facet normal -0.773593977927394  0.374246190342711 -0.511363027924819
    outer loop
      vertex  0.542253079348889  0.542253079348858  0.358416000000004
      vertex  0.620420010750605  0.667888207643758  0.332111792356280
      vertex  0.644285130804873  0.644285130804849  0.278734302680146
    endloop
  endfacet
  facet normal -0.778649241534135  0.379900151490890 -0.499380850209052
    outer loop
      vertex  0.620420010750605  0.667888207643758  0.332111792356280
      vertex  0.542253079348889  0.542253079348858  0.358416000000004
      vertex  0.521127811574959  0.551750967829860  0.398580581789122
    endloop
  endfacet
  facet normal -0.778649241534043  0.379900151490606 -0.499380850209411
    outer loop
      vertex  0.620420010750605  0.667888207643758  0.332111792356280
      vertex  0.521127811574959  0.551750967829860  0.398580581789122
      vertex  0.500000000000004  0.561250000000033  0.438750000000016
    endloop
  endfacet
  facet normal -0.803790709724853  0.308152688372250 -0.508883499053538
    outer loop
      vertex  0.644285130804873  0.644285130804849  0.278734302680146
      vertex  0.957124999999974  1.000000000000000  0.000000000000048
      vertex  0.930468355544225  0.930468355544203  0.000000000000000
    endloop
  endfacet
  facet normal -0.805850276090293  0.316670185143335 -0.500325220598048
    outer loop
      vertex  0.644285130804873  0.644285130804849  0.278734302680146
      vertex  0.620420010750605  0.667888207643758  0.332111792356280
      vertex  0.957124999999974  1.000000000000000  0.000000000000048
    endloop
  endfacet
  facet normal  0.707106781186752 -0.000000000000409  0.707106781186343
    outer loop
      vertex  0.561250000000025  0.500000000000004  0.438750000000011
      vertex  0.625015051433212  0.625015051433216  0.374984948566797
      vertex  0.500000000000000  0.500000000000004  0.500000000000000
    endloop
  endfacet
  facet normal  0.707106781186752 -0.000000000000409  0.707106781186343
    outer loop
      vertex  0.561250000000025  0.500000000000004  0.438750000000011
      vertex  0.667888207643763  0.620420010750611  0.332111792356279
      vertex  0.625015051433212  0.625015051433216  0.374984948566797
    endloop
  endfacet
  facet normal  0.707106781186752 -0.000000000000410  0.707106781186343
    outer loop
      vertex  0.667888207643763  0.620420010750611  0.332111792356279
      vertex  0.999999999999997  0.999999999999991  0.000000000000012
      vertex  0.625015051433212  0.625015051433216  0.374984948566797
    endloop
  endfacet
  facet normal  0.707106781186753 -0.000000000000410  0.707106781186343
    outer loop
      vertex  0.667888207643763  0.620420010750611  0.332111792356279
      vertex  1.000000000000000  0.957124999999980  0.000000000000039
      vertex  0.999999999999997  0.999999999999991  0.000000000000012
    endloop
  endfacet
  facet normal -0.476344364940761  0.739048098555232 -0.476344364941036
    outer loop
      vertex  0.500000000000000  0.500000000000004  0.500000000000000
      vertex  0.398580581789122  0.448249032170140  0.521127811574959
      vertex  0.469373156254920  0.500000000000004  0.530626843745062
    endloop
  endfacet
  facet normal -0.364504359287407  0.364504359287778 -0.856897394161450
    outer loop
      vertex  0.500000000000000  0.500000000000004  0.500000000000000
      vertex  0.438749999999995  0.438750000000036  0.499999999999996
      vertex  0.398580581789122  0.448249032170140  0.521127811574959
    endloop
  endfacet
  facet normal -0.364504359287327  0.856897394161586 -0.364504359287539
    outer loop
      vertex  0.469373156254920  0.500000000000004  0.530626843745062
      vertex  0.358416000000004  0.457746920651142  0.542253079348889
      vertex  0.438749999999975  0.500000000000004  0.561249999999989
    endloop
  endfacet
  facet normal -0.288387392721211  0.539677267433353 -0.790936886695222
    outer loop
      vertex  0.469373156254920  0.500000000000004  0.530626843745062
      vertex  0.398580581789122  0.448249032170140  0.521127811574959
      vertex  0.358416000000004  0.457746920651142  0.542253079348889
    endloop
  endfacet
  facet normal -1.000000000000000 -0.000000000000000 -0.000000000000000
    outer loop
      vertex  0.000000000000000  0.000000000000012  1.000000000000000
      vertex  0.000000000000000  0.069531644455797  0.930468355544225
      vertex  0.000000000000000  0.000000000000043  0.957124999999989
    endloop
  endfacet
  facet normal -1.000000000000000  0.000000000000000  0.000000000000000
    outer loop
      vertex  0.000000000000000  0.000000000000012  1.000000000000000
      vertex  0.000000000000000  0.042875000000020  0.999999999999975
      vertex  0.000000000000000  0.069531644455797  0.930468355544225
    endloop
  endfacet
  facet normal  0.707106781186335 -0.707106781186760 -0.000000000000429
    outer loop
      vertex  0.500000000000000  0.500000000000004  0.500000000000000
      vertex  0.332111792356262  0.332111792356294  0.620420010750601
      vertex  0.438749999999995  0.438750000000036  0.499999999999996
    endloop
  endfacet
  facet normal  0.707106781186335 -0.707106781186760 -0.000000000000431
    outer loop
      vertex  0.500000000000000  0.500000000000004  0.500000000000000
      vertex  0.374984948566796  0.374984948566799  0.625015051433204
      vertex  0.332111792356262  0.332111792356294  0.620420010750601
    endloop
  endfacet
  facet normal  0.707106781186335 -0.707106781186760 -0.000000000000427
    outer loop
      vertex  0.374984948566796  0.374984948566799  0.625015051433204
      vertex  0.000000000000000  0.000000000000043  0.957124999999989
      vertex  0.332111792356262  0.332111792356294  0.620420010750601
    endloop
  endfacet
  facet normal  0.707106781186335 -0.707106781186760 -0.000000000000425
    outer loop
      vertex  0.374984948566796  0.374984948566799  0.625015051433204
      vertex  0.000000000000000  0.000000000000012  1.000000000000000
      vertex  0.000000000000000  0.000000000000043  0.957124999999989
    endloop
  endfacet
  facet normal  0.510214064571376 -0.777466966041203 -0.367731865668781
    outer loop
      vertex  0.438749999999975  0.500000000000004  0.561249999999989
      vertex  0.332111792356248  0.379579989249400  0.667888207643725
      vertex  0.278734302680146  0.355714869195151  0.644285130804873
    endloop
  endfacet
  facet normal  0.499279942964473 -0.775775891178034 -0.385864361168948
    outer loop
      vertex  0.438749999999975  0.500000000000004  0.561249999999989
      vertex  0.278734302680146  0.355714869195151  0.644285130804873
      vertex  0.358416000000004  0.457746920651142  0.542253079348889
    endloop
  endfacet
  facet normal -0.507303389677367  0.804661068718267  0.308486361628888
    outer loop
      vertex  0.332111792356248  0.379579989249400  0.667888207643725
      vertex  0.000000000000000  0.069531644455797  0.930468355544225
      vertex  0.000000000000000  0.042875000000020  0.999999999999975
    endloop
  endfacet
  facet normal -0.500551791932775  0.805281169183998  0.317757993055314
    outer loop
      vertex  0.332111792356248  0.379579989249400  0.667888207643725
      vertex  0.278734302680146  0.355714869195151  0.644285130804873
      vertex  0.000000000000000  0.069531644455797  0.930468355544225
    endloop
  endfacet
  facet normal -0.511363027924818 -0.374246190342710 -0.773593977927394
    outer loop
      vertex  0.358416000000004  0.457746920651142  0.542253079348889
      vertex  0.332111792356262  0.332111792356294  0.620420010750601
      vertex  0.278734302680146  0.355714869195151  0.644285130804873
    endloop
  endfacet
  facet normal -0.499380850209054 -0.379900151490889 -0.778649241534134
    outer loop
      vertex  0.332111792356262  0.332111792356294  0.620420010750601
      vertex  0.358416000000004  0.457746920651142  0.542253079348889
      vertex  0.398580581789122  0.448249032170140  0.521127811574959
    endloop
  endfacet
  facet normal -0.499380850209409 -0.379900151490608 -0.778649241534043
    outer loop
      vertex  0.332111792356262  0.332111792356294  0.620420010750601
      vertex  0.398580581789122  0.448249032170140  0.521127811574959
      vertex  0.438749999999995  0.438750000000036  0.499999999999996
    endloop
  endfacet
  facet normal -0.508883499053537 -0.308152688372250 -0.803790709724853
    outer loop
      vertex  0.278734302680146  0.355714869195151  0.644285130804873
      vertex  0.000000000000000  0.000000000000043  0.957124999999989
      vertex  0.000000000000000  0.069531644455797  0.930468355544225
    endloop
  endfacet
  facet normal -0.500325220598048 -0.316670185143335 -0.805850276090293
    outer loop
      vertex  0.278734302680146  0.355714869195151  0.644285130804873
      vertex  0.332111792356262  0.332111792356294  0.620420010750601
      vertex  0.000000000000000  0.000000000000043  0.957124999999989
    endloop
  endfacet
  facet normal  0.707106781186343  0.000000000000408  0.707106781186752
    outer loop
      vertex  0.438749999999975  0.500000000000004  0.561249999999989
      vertex  0.374984948566796  0.374984948566799  0.625015051433204
      vertex  0.500000000000000  0.500000000000004  0.500000000000000
    endloop
  endfacet
  facet normal  0.707106781186343  0.000000000000409  0.707106781186752
    outer loop
      vertex  0.438749999999975  0.500000000000004  0.561249999999989
      vertex  0.332111792356248  0.379579989249400  0.667888207643725
      vertex  0.374984948566796  0.374984948566799  0.625015051433204
    endloop
  endfacet
  facet normal  0.707106781186343  0.000000000000410  0.707106781186752
    outer loop
      vertex  0.332111792356248  0.379579989249400  0.667888207643725
      vertex  0.000000000000000  0.000000000000012  1.000000000000000
      vertex  0.374984948566796  0.374984948566799  0.625015051433204
    endloop
  endfacet
  facet normal  0.707106781186342  0.000000000000410  0.707106781186753
    outer loop
      vertex  0.332111792356248  0.379579989249400  0.667888207643725
      vertex  0.000000000000000  0.042875000000020  0.999999999999975
      vertex  0.000000000000000  0.000000000000012  1.000000000000000
    endloop
  endfacet
  facet normal  0.790946976161696 -0.288397469668941 -0.539657095190290
    outer loop
      vertex  0.457746920651127  0.358415999999988  0.542253079348879
      vertex  0.469376843745059  0.469376843745081  0.499999999999998
      vertex  0.478874732226077  0.398585418210846  0.551752111518981
    endloop
  endfacet
  facet normal  0.364504359287605 -0.364504359287290 -0.856897394161573
    outer loop
      vertex  0.457746920651127  0.358415999999988  0.542253079348879
      vertex  0.438749999999995  0.438750000000036  0.499999999999996
      vertex  0.469376843745059  0.469376843745081  0.499999999999998
    endloop
  endfacet
  facet normal  0.856897394161507 -0.364504359287341 -0.364504359287709
    outer loop
      vertex  0.478874732226077  0.398585418210846  0.551752111518981
      vertex  0.500000000000000  0.500000000000004  0.500000000000000
      vertex  0.500000000000004  0.438749999999967  0.561249999999984
    endloop
  endfacet
  facet normal  0.476357543673705 -0.476357543673328 -0.739031109744825
    outer loop
      vertex  0.478874732226077  0.398585418210846  0.551752111518981
      vertex  0.469376843745059  0.469376843745081  0.499999999999998
      vertex  0.500000000000000  0.500000000000004  0.500000000000000
    endloop
  endfacet
  facet normal  0.000000000000026 -1.000000000000000  0.000000000000069
    outer loop
      vertex  0.069531644455798  0.000000000000000  0.930468355544207
      vertex  0.000000000000000  0.000000000000012  1.000000000000000
      vertex  0.000000000000000  0.000000000000043  0.957124999999989
    endloop
  endfacet
  facet normal -0.000000000000069 -1.000000000000000 -0.000000000000026
    outer loop
      vertex  0.069531644455798  0.000000000000000  0.930468355544207
      vertex  0.042875000000026  0.000000000000000  0.999999999999966
      vertex  0.000000000000000  0.000000000000012  1.000000000000000
    endloop
  endfacet
  facet normal -0.374246190342911 -0.511363027924648 -0.773593977927410
    outer loop
      vertex  0.457746920651127  0.358415999999988  0.542253079348879
      vertex  0.355714869195137  0.278734302680124  0.644285130804858
      vertex  0.332111792356262  0.332111792356294  0.620420010750601
    endloop
  endfacet
  facet normal -0.379900151491008 -0.499380850209053 -0.778649241534077
    outer loop
      vertex  0.457746920651127  0.358415999999988  0.542253079348879
      vertex  0.332111792356262  0.332111792356294  0.620420010750601
      vertex  0.438749999999995  0.438750000000036  0.499999999999996
    endloop
  endfacet
  facet normal -0.308152688372454 -0.508883499053366 -0.803790709724884
    outer loop
      vertex  0.355714869195137  0.278734302680124  0.644285130804858
      vertex  0.069531644455798  0.000000000000000  0.930468355544207
      vertex  0.000000000000000  0.000000000000043  0.957124999999989
    endloop
  endfacet
  facet normal -0.316670185143538 -0.500325220597874 -0.805850276090321
    outer loop
      vertex  0.355714869195137  0.278734302680124  0.644285130804858
      vertex  0.000000000000000  0.000000000000043  0.957124999999989
      vertex  0.332111792356262  0.332111792356294  0.620420010750601
    endloop
  endfacet
  facet normal  0.000000000000603  0.707106781186243  0.707106781186852
    outer loop
      vertex  0.500000000000004  0.438749999999967  0.561249999999984
      vertex  0.374984948566796  0.374984948566799  0.625015051433204
      vertex  0.379579989249401  0.332111792356243  0.667888207643720
    endloop
  endfacet
  facet normal  0.000000000000603  0.707106781186243  0.707106781186852
    outer loop
      vertex  0.500000000000004  0.438749999999967  0.561249999999984
      vertex  0.500000000000000  0.500000000000004  0.500000000000000
      vertex  0.374984948566796  0.374984948566799  0.625015051433204
    endloop
  endfacet
  facet normal  0.000000000000609  0.707106781186243  0.707106781186852
    outer loop
      vertex  0.379579989249401  0.332111792356243  0.667888207643720
      vertex  0.000000000000000  0.000000000000012  1.000000000000000
      vertex  0.042875000000026  0.000000000000000  0.999999999999966
    endloop
  endfacet
  facet normal  0.000000000000608  0.707106781186243  0.707106781186852
    outer loop
      vertex  0.379579989249401  0.332111792356243  0.667888207643720
      vertex  0.374984948566796  0.374984948566799  0.625015051433204
      vertex  0.000000000000000  0.000000000000012  1.000000000000000
    endloop
  endfacet
  facet normal -0.707106781186753  0.707106781186343 -0.000000000000410
    outer loop
      vertex  0.500000000000000  0.500000000000004  0.500000000000000
      vertex  0.332111792356262  0.332111792356294  0.620420010750601
      vertex  0.374984948566796  0.374984948566799  0.625015051433204
    endloop
  endfacet
  facet normal -0.707106781186753  0.707106781186343 -0.000000000000410
    outer loop
      vertex  0.500000000000000  0.500000000000004  0.500000000000000
      vertex  0.438749999999995  0.438750000000036  0.499999999999996
      vertex  0.332111792356262  0.332111792356294  0.620420010750601
    endloop
  endfacet
  facet normal -0.707106781186753  0.707106781186342 -0.000000000000410
    outer loop
      vertex  0.374984948566796  0.374984948566799  0.625015051433204
      vertex  0.000000000000000  0.000000000000043  0.957124999999989
      vertex  0.000000000000000  0.000000000000012  1.000000000000000
    endloop
  endfacet
  facet normal -0.707106781186753  0.707106781186343 -0.000000000000411
    outer loop
      vertex  0.374984948566796  0.374984948566799  0.625015051433204
      vertex  0.332111792356262  0.332111792356294  0.620420010750601
      vertex  0.000000000000000  0.000000000000043  0.957124999999989
    endloop
  endfacet
  facet normal -0.777466966041191  0.510214064571462 -0.367731865668687
    outer loop
      vertex  0.500000000000004  0.438749999999967  0.561249999999984
      vertex  0.355714869195137  0.278734302680124  0.644285130804858
      vertex  0.379579989249401  0.332111792356243  0.667888207643720
    endloop
  endfacet
  facet normal -0.775775891178015  0.499279942964506 -0.385864361168943
    outer loop
      vertex  0.355714869195137  0.278734302680124  0.644285130804858
      vertex  0.500000000000004  0.438749999999967  0.561249999999984
      vertex  0.478874732226077  0.398585418210846  0.551752111518981
    endloop
  endfacet
  facet normal -0.775775891178015  0.499279942964614 -0.385864361168803
    outer loop
      vertex  0.355714869195137  0.278734302680124  0.644285130804858
      vertex  0.478874732226077  0.398585418210846  0.551752111518981
      vertex  0.457746920651127  0.358415999999988  0.542253079348879
    endloop
  endfacet
  facet normal  0.804661068718252 -0.507303389677452  0.308486361628788
    outer loop
      vertex  0.379579989249401  0.332111792356243  0.667888207643720
      vertex  0.042875000000026  0.000000000000000  0.999999999999966
      vertex  0.069531644455798  0.000000000000000  0.930468355544207
    endloop
  endfacet
  facet normal  0.805281169183983 -0.500551791932861  0.317757993055216
    outer loop
      vertex  0.379579989249401  0.332111792356243  0.667888207643720
      vertex  0.069531644455798  0.000000000000000  0.930468355544207
      vertex  0.355714869195137  0.278734302680124  0.644285130804858
    endloop
  endfacet
  facet normal  0.476357543673739  0.739031109744718  0.476357543673460
    outer loop
      vertex  0.438749999999975  0.500000000000004  0.561249999999989
      vertex  0.478874732226069  0.448247888481035  0.601414581789119
      vertex  0.469373156254920  0.500000000000004  0.530626843745062
    endloop
  endfacet
  facet normal  0.692741676520920  0.692741676520952  0.200544107921238
    outer loop
      vertex  0.438749999999975  0.500000000000004  0.561249999999989
      vertex  0.457746920651118  0.457746920651131  0.641583999999973
      vertex  0.478874732226069  0.448247888481035  0.601414581789119
    endloop
  endfacet
  facet normal  0.577350269189744  0.577350269189721  0.577350269189412
    outer loop
      vertex  0.469373156254920  0.500000000000004  0.530626843745062
      vertex  0.500000000000004  0.438749999999967  0.561249999999984
      vertex  0.500000000000000  0.500000000000004  0.500000000000000
    endloop
  endfacet
  facet normal  0.790946976161691  0.539657095190227  0.288397469669073
    outer loop
      vertex  0.469373156254920  0.500000000000004  0.530626843745062
      vertex  0.478874732226069  0.448247888481035  0.601414581789119
      vertex  0.500000000000004  0.438749999999967  0.561249999999984
    endloop
  endfacet
  facet normal  0.000000000000000 -0.000000000000000  1.000000000000000
    outer loop
      vertex  0.000000000000000  0.042875000000020  0.999999999999975
      vertex  0.042875000000026  0.000000000000000  0.999999999999966
      vertex  0.069531644455764  0.069531644455772  1.000000000000000
    endloop
  endfacet
  facet normal -0.000000000000000 -0.000000000000000  1.000000000000000
    outer loop
      vertex  0.000000000000000  0.042875000000020  0.999999999999975
      vertex  0.000000000000000  0.000000000000012  1.000000000000000
      vertex  0.042875000000026  0.000000000000000  0.999999999999966
    endloop
  endfacet
  facet normal  0.367731865668685 -0.777466966041193 -0.510214064571461
    outer loop
      vertex  0.438749999999975  0.500000000000004  0.561249999999989
      vertex  0.355714869195125  0.355714869195144  0.721265697319850
      vertex  0.332111792356248  0.379579989249400  0.667888207643725
    endloop
  endfacet
  facet normal  0.385864361168849 -0.775775891178027 -0.499279942964561
    outer loop
      vertex  0.438749999999975  0.500000000000004  0.561249999999989
      vertex  0.457746920651118  0.457746920651131  0.641583999999973
      vertex  0.355714869195125  0.355714869195144  0.721265697319850
    endloop
  endfacet
  facet normal -0.308486361628787  0.804661068718252  0.507303389677452
    outer loop
      vertex  0.332111792356248  0.379579989249400  0.667888207643725
      vertex  0.000000000000000  0.042875000000020  0.999999999999975
      vertex  0.069531644455764  0.069531644455772  1.000000000000000
    endloop
  endfacet
  facet normal -0.317757993055214  0.805281169183984  0.500551791932861
    outer loop
      vertex  0.332111792356248  0.379579989249400  0.667888207643725
      vertex  0.069531644455764  0.069531644455772  1.000000000000000
      vertex  0.355714869195125  0.355714869195144  0.721265697319850
    endloop
  endfacet
  facet normal  0.000000000000433 -0.707106781186761 -0.707106781186334
    outer loop
      vertex  0.500000000000000  0.500000000000004  0.500000000000000
      vertex  0.379579989249401  0.332111792356243  0.667888207643720
      vertex  0.374984948566796  0.374984948566799  0.625015051433204
    endloop
  endfacet
  facet normal  0.000000000000430 -0.707106781186760 -0.707106781186335
    outer loop
      vertex  0.500000000000000  0.500000000000004  0.500000000000000
      vertex  0.500000000000004  0.438749999999967  0.561249999999984
      vertex  0.379579989249401  0.332111792356243  0.667888207643720
    endloop
  endfacet
  facet normal  0.000000000000425 -0.707106781186760 -0.707106781186335
    outer loop
      vertex  0.374984948566796  0.374984948566799  0.625015051433204
      vertex  0.042875000000026  0.000000000000000  0.999999999999966
      vertex  0.000000000000000  0.000000000000012  1.000000000000000
    endloop
  endfacet
  facet normal  0.000000000000428 -0.707106781186761 -0.707106781186334
    outer loop
      vertex  0.374984948566796  0.374984948566799  0.625015051433204
      vertex  0.379579989249401  0.332111792356243  0.667888207643720
      vertex  0.042875000000026  0.000000000000000  0.999999999999966
    endloop
  endfacet
  facet normal -0.777466966041205  0.367731865668682 -0.510214064571445
    outer loop
      vertex  0.500000000000004  0.438749999999967  0.561249999999984
      vertex  0.379579989249401  0.332111792356243  0.667888207643720
      vertex  0.355714869195125  0.355714869195144  0.721265697319850
    endloop
  endfacet
  facet normal -0.775775891178070  0.385864361169015 -0.499279942964364
    outer loop
      vertex  0.355714869195125  0.355714869195144  0.721265697319850
      vertex  0.457746920651118  0.457746920651131  0.641583999999973
      vertex  0.478874732226069  0.448247888481035  0.601414581789119
    endloop
  endfacet
  facet normal -0.775775891178070  0.385864361168537 -0.499279942964733
    outer loop
      vertex  0.355714869195125  0.355714869195144  0.721265697319850
      vertex  0.478874732226069  0.448247888481035  0.601414581789119
      vertex  0.500000000000004  0.438749999999967  0.561249999999984
    endloop
  endfacet
  facet normal  0.804661068718256 -0.308486361628801  0.507303389677439
    outer loop
      vertex  0.379579989249401  0.332111792356243  0.667888207643720
      vertex  0.069531644455764  0.069531644455772  1.000000000000000
      vertex  0.042875000000026  0.000000000000000  0.999999999999966
    endloop
  endfacet
  facet normal  0.805281169183987 -0.317757993055225  0.500551791932850
    outer loop
      vertex  0.379579989249401  0.332111792356243  0.667888207643720
      vertex  0.355714869195125  0.355714869195144  0.721265697319850
      vertex  0.069531644455764  0.069531644455772  1.000000000000000
    endloop
  endfacet
  facet normal -0.707106781186753  0.000000000000412 -0.707106781186342
    outer loop
      vertex  0.500000000000000  0.500000000000004  0.500000000000000
      vertex  0.332111792356248  0.379579989249400  0.667888207643725
      vertex  0.438749999999975  0.500000000000004  0.561249999999989
    endloop
  endfacet
  facet normal -0.707106781186753  0.000000000000411 -0.707106781186343
    outer loop
      vertex  0.500000000000000  0.500000000000004  0.500000000000000
      vertex  0.374984948566796  0.374984948566799  0.625015051433204
      vertex  0.332111792356248  0.379579989249400  0.667888207643725
    endloop
  endfacet
  facet normal -0.707106781186753  0.000000000000410 -0.707106781186342
    outer loop
      vertex  0.374984948566796  0.374984948566799  0.625015051433204
      vertex  0.000000000000000  0.042875000000020  0.999999999999975
      vertex  0.332111792356248  0.379579989249400  0.667888207643725
    endloop
  endfacet
  facet normal -0.707106781186752  0.000000000000409 -0.707106781186343
    outer loop
      vertex  0.374984948566796  0.374984948566799  0.625015051433204
      vertex  0.000000000000000  0.000000000000012  1.000000000000000
      vertex  0.000000000000000  0.042875000000020  0.999999999999975
    endloop
  endfacet
  facet normal  0.476357543673460  0.739031109744718 -0.476357543673738
    outer loop
      vertex  0.561250000000013  0.500000000000004  0.561249999999977
      vertex  0.601414581789119  0.448247888481035  0.521125267773931
      vertex  0.530623156254945  0.500000000000004  0.530623156254928
    endloop
  endfacet
  facet normal  0.200544107921239  0.692741676520953 -0.692741676520919
    outer loop
      vertex  0.561250000000013  0.500000000000004  0.561249999999977
      vertex  0.641583999999973  0.457746920651131  0.542253079348882
      vertex  0.601414581789119  0.448247888481035  0.521125267773931
    endloop
  endfacet
  facet normal  0.577350269189411  0.577350269189722 -0.577350269189744
    outer loop
      vertex  0.530623156254945  0.500000000000004  0.530623156254928
      vertex  0.561250000000021  0.438750000000040  0.499999999999995
      vertex  0.500000000000000  0.500000000000004  0.500000000000000
    endloop
  endfacet
  facet normal  0.288397469669075  0.539657095190228 -0.790946976161690
    outer loop
      vertex  0.530623156254945  0.500000000000004  0.530623156254928
      vertex  0.601414581789119  0.448247888481035  0.521125267773931
      vertex  0.561250000000021  0.438750000000040  0.499999999999995
    endloop
  endfacet
  facet normal  1.000000000000000 -0.000000000000000 -0.000000000000000
    outer loop
      vertex  1.000000000000000  0.042875000000012  0.999999999999975
      vertex  1.000000000000000  0.000000000000029  0.957125000000000
      vertex  1.000000000000000  0.069531644455772  0.930468355544236
    endloop
  endfacet
  facet normal  1.000000000000000 -0.000000000000000 -0.000000000000000
    outer loop
      vertex  1.000000000000000  0.042875000000012  0.999999999999975
      vertex  1.000000000000000  0.000000000000003  1.000000000000000
      vertex  1.000000000000000  0.000000000000029  0.957125000000000
    endloop
  endfacet
  facet normal -0.510214064571461 -0.777466966041193 -0.367731865668685
    outer loop
      vertex  0.561250000000013  0.500000000000004  0.561249999999977
      vertex  0.721265697319850  0.355714869195144  0.644285130804875
      vertex  0.667888207643752  0.379579989249400  0.667888207643725
    endloop
  endfacet
  facet normal -0.499279942964560 -0.775775891178026 -0.385864361168850
    outer loop
      vertex  0.561250000000013  0.500000000000004  0.561249999999977
      vertex  0.641583999999973  0.457746920651131  0.542253079348882
      vertex  0.721265697319850  0.355714869195144  0.644285130804875
    endloop
  endfacet
  facet normal  0.507303389677453  0.804661068718252  0.308486361628787
    outer loop
      vertex  0.667888207643752  0.379579989249400  0.667888207643725
      vertex  1.000000000000000  0.042875000000012  0.999999999999975
      vertex  1.000000000000000  0.069531644455772  0.930468355544236
    endloop
  endfacet
  facet normal  0.500551791932862  0.805281169183983  0.317757993055214
    outer loop
      vertex  0.667888207643752  0.379579989249400  0.667888207643725
      vertex  1.000000000000000  0.069531644455772  0.930468355544236
      vertex  0.721265697319850  0.355714869195144  0.644285130804875
    endloop
  endfacet
  facet normal -0.707106781186335 -0.707106781186761 -0.000000000000432
    outer loop
      vertex  0.500000000000000  0.500000000000004  0.500000000000000
      vertex  0.667888207643738  0.332111792356294  0.620420010750608
      vertex  0.625015051433204  0.374984948566799  0.625015051433204
    endloop
  endfacet
  facet normal -0.707106781186335 -0.707106781186760 -0.000000000000431
    outer loop
      vertex  0.500000000000000  0.500000000000004  0.500000000000000
      vertex  0.561250000000021  0.438750000000040  0.499999999999995
      vertex  0.667888207643738  0.332111792356294  0.620420010750608
    endloop
  endfacet
  facet normal -0.707106781186336 -0.707106781186759 -0.000000000000424
    outer loop
      vertex  0.625015051433204  0.374984948566799  0.625015051433204
      vertex  1.000000000000000  0.000000000000029  0.957125000000000
      vertex  1.000000000000000  0.000000000000003  1.000000000000000
    endloop
  endfacet
  facet normal -0.707106781186334 -0.707106781186761 -0.000000000000427
    outer loop
      vertex  0.625015051433204  0.374984948566799  0.625015051433204
      vertex  0.667888207643738  0.332111792356294  0.620420010750608
      vertex  1.000000000000000  0.000000000000029  0.957125000000000
    endloop
  endfacet
  facet normal -0.510214064571446  0.367731865668679  0.777466966041205
    outer loop
      vertex  0.561250000000021  0.438750000000040  0.499999999999995
      vertex  0.667888207643738  0.332111792356294  0.620420010750608
      vertex  0.721265697319850  0.355714869195144  0.644285130804875
    endloop
  endfacet
  facet normal -0.499279942964363  0.385864361169015  0.775775891178071
    outer loop
      vertex  0.721265697319850  0.355714869195144  0.644285130804875
      vertex  0.641583999999973  0.457746920651131  0.542253079348882
      vertex  0.601414581789119  0.448247888481035  0.521125267773931
    endloop
  endfacet
  facet normal -0.499279942964735  0.385864361168534  0.775775891178071
    outer loop
      vertex  0.721265697319850  0.355714869195144  0.644285130804875
      vertex  0.601414581789119  0.448247888481035  0.521125267773931
      vertex  0.561250000000021  0.438750000000040  0.499999999999995
    endloop
  endfacet
  facet normal  0.507303389677440 -0.308486361628800 -0.804661068718255
    outer loop
      vertex  0.667888207643738  0.332111792356294  0.620420010750608
      vertex  1.000000000000000  0.069531644455772  0.930468355544236
      vertex  1.000000000000000  0.000000000000029  0.957125000000000
    endloop
  endfacet
  facet normal  0.500551791932851 -0.317757993055223 -0.805281169183986
    outer loop
      vertex  0.667888207643738  0.332111792356294  0.620420010750608
      vertex  0.721265697319850  0.355714869195144  0.644285130804875
      vertex  1.000000000000000  0.069531644455772  0.930468355544236
    endloop
  endfacet
  facet normal -0.707106781186343  0.000000000000410  0.707106781186753
    outer loop
      vertex  0.500000000000000  0.500000000000004  0.500000000000000
      vertex  0.667888207643752  0.379579989249400  0.667888207643725
      vertex  0.561250000000013  0.500000000000004  0.561249999999977
    endloop
  endfacet
  facet normal -0.707106781186343  0.000000000000410  0.707106781186753
    outer loop
      vertex  0.500000000000000  0.500000000000004  0.500000000000000
      vertex  0.625015051433204  0.374984948566799  0.625015051433204
      vertex  0.667888207643752  0.379579989249400  0.667888207643725
    endloop
  endfacet
  facet normal -0.707106781186342  0.000000000000410  0.707106781186753
    outer loop
      vertex  0.625015051433204  0.374984948566799  0.625015051433204
      vertex  1.000000000000000  0.042875000000012  0.999999999999975
      vertex  0.667888207643752  0.379579989249400  0.667888207643725
    endloop
  endfacet
  facet normal -0.707106781186342  0.000000000000410  0.707106781186753
    outer loop
      vertex  0.625015051433204  0.374984948566799  0.625015051433204
      vertex  1.000000000000000  0.000000000000003  1.000000000000000
      vertex  1.000000000000000  0.042875000000012  0.999999999999975
    endloop
  endfacet
  facet normal -0.790936886695295 -0.288387392721151 -0.539677267433279
    outer loop
      vertex  0.500000000000004  0.438749999999967  0.561249999999984
      vertex  0.530626843745062  0.469373156254920  0.500000000000004
      vertex  0.521127811574959  0.398580581789096  0.551750967829882
    endloop
  endfacet
  facet normal -0.577350269189734 -0.577350269189288 -0.577350269189855
    outer loop
      vertex  0.500000000000004  0.438749999999967  0.561249999999984
      vertex  0.500000000000000  0.500000000000004  0.500000000000000
      vertex  0.530626843745062  0.469373156254920  0.500000000000004
    endloop
  endfacet
  facet normal -0.692741676520906 -0.200544107921119 -0.692741676521001
    outer loop
      vertex  0.521127811574959  0.398580581789096  0.551750967829882
      vertex  0.561250000000021  0.438750000000040  0.499999999999995
      vertex  0.542253079348882  0.358415999999979  0.542253079348882
    endloop
  endfacet
  facet normal -0.476344364941093 -0.476344364940718 -0.739048098555223
    outer loop
      vertex  0.521127811574959  0.398580581789096  0.551750967829882
      vertex  0.530626843745062  0.469373156254920  0.500000000000004
      vertex  0.561250000000021  0.438750000000040  0.499999999999995
    endloop
  endfacet
  facet normal  0.000000000000069 -1.000000000000000  0.000000000000069
    outer loop
      vertex  0.957124999999974  0.000000000000000  0.999999999999952
      vertex  1.000000000000000  0.000000000000029  0.957125000000000
      vertex  1.000000000000000  0.000000000000003  1.000000000000000
    endloop
  endfacet
  facet normal -0.000000000000000 -1.000000000000000  0.000000000000000
    outer loop
      vertex  0.957124999999974  0.000000000000000  0.999999999999952
      vertex  0.930468355544203  0.000000000000000  0.930468355544203
      vertex  1.000000000000000  0.000000000000029  0.957125000000000
    endloop
  endfacet
  facet normal -0.000000000000603  0.707106781186243  0.707106781186852
    outer loop
      vertex  0.500000000000004  0.438749999999967  0.561249999999984
      vertex  0.625015051433204  0.374984948566799  0.625015051433204
      vertex  0.500000000000000  0.500000000000004  0.500000000000000
    endloop
  endfacet
  facet normal -0.000000000000603  0.707106781186243  0.707106781186852
    outer loop
      vertex  0.500000000000004  0.438749999999967  0.561249999999984
      vertex  0.620420010750605  0.332111792356242  0.667888207643720
      vertex  0.625015051433204  0.374984948566799  0.625015051433204
    endloop
  endfacet
  facet normal -0.000000000000608  0.707106781186243  0.707106781186852
    outer loop
      vertex  0.620420010750605  0.332111792356242  0.667888207643720
      vertex  1.000000000000000  0.000000000000003  1.000000000000000
      vertex  0.625015051433204  0.374984948566799  0.625015051433204
    endloop
  endfacet
  facet normal -0.000000000000609  0.707106781186242  0.707106781186853
    outer loop
      vertex  0.620420010750605  0.332111792356242  0.667888207643720
      vertex  0.957124999999974  0.000000000000000  0.999999999999952
      vertex  1.000000000000000  0.000000000000003  1.000000000000000
    endloop
  endfacet
  facet normal  0.374246190342815 -0.511363027924731 -0.773593977927401
    outer loop
      vertex  0.542253079348882  0.358415999999979  0.542253079348882
      vertex  0.667888207643738  0.332111792356294  0.620420010750608
      vertex  0.644285130804865  0.278734302680129  0.644285130804865
    endloop
  endfacet
  facet normal  0.379900151490912 -0.499380850209140 -0.778649241534068
    outer loop
      vertex  0.542253079348882  0.358415999999979  0.542253079348882
      vertex  0.561250000000021  0.438750000000040  0.499999999999995
      vertex  0.667888207643738  0.332111792356294  0.620420010750608
    endloop
  endfacet
  facet normal  0.308152688372353 -0.508883499053451 -0.803790709724869
    outer loop
      vertex  0.644285130804865  0.278734302680129  0.644285130804865
      vertex  1.000000000000000  0.000000000000029  0.957125000000000
      vertex  0.930468355544203  0.000000000000000  0.930468355544203
    endloop
  endfacet
  facet normal  0.316670185143438 -0.500325220597959 -0.805850276090307
    outer loop
      vertex  0.644285130804865  0.278734302680129  0.644285130804865
      vertex  0.667888207643738  0.332111792356294  0.620420010750608
      vertex  1.000000000000000  0.000000000000029  0.957125000000000
    endloop
  endfacet
  facet normal  0.707106781186753  0.707106781186342 -0.000000000000409
    outer loop
      vertex  0.561250000000021  0.438750000000040  0.499999999999995
      vertex  0.625015051433204  0.374984948566799  0.625015051433204
      vertex  0.667888207643738  0.332111792356294  0.620420010750608
    endloop
  endfacet
  facet normal  0.707106781186752  0.707106781186343 -0.000000000000409
    outer loop
      vertex  0.561250000000021  0.438750000000040  0.499999999999995
      vertex  0.500000000000000  0.500000000000004  0.500000000000000
      vertex  0.625015051433204  0.374984948566799  0.625015051433204
    endloop
  endfacet
  facet normal  0.707106781186753  0.707106781186342 -0.000000000000411
    outer loop
      vertex  0.667888207643738  0.332111792356294  0.620420010750608
      vertex  1.000000000000000  0.000000000000003  1.000000000000000
      vertex  1.000000000000000  0.000000000000029  0.957125000000000
    endloop
  endfacet
  facet normal  0.707106781186753  0.707106781186343 -0.000000000000410
    outer loop
      vertex  0.667888207643738  0.332111792356294  0.620420010750608
      vertex  0.625015051433204  0.374984948566799  0.625015051433204
      vertex  1.000000000000000  0.000000000000003  1.000000000000000
    endloop
  endfacet
  facet normal -0.773593977927397 -0.511363027924753  0.374246190342794
    outer loop
      vertex  0.542253079348882  0.358415999999979  0.542253079348882
      vertex  0.644285130804865  0.278734302680129  0.644285130804865
      vertex  0.620420010750605  0.332111792356242  0.667888207643720
    endloop
  endfacet
  facet normal -0.778649241534069 -0.499380850209106  0.379900151490953
    outer loop
      vertex  0.620420010750605  0.332111792356242  0.667888207643720
      vertex  0.500000000000004  0.438749999999967  0.561249999999984
      vertex  0.521127811574959  0.398580581789096  0.551750967829882
    endloop
  endfacet
  facet normal -0.778649241534041 -0.499380850209217  0.379900151490865
    outer loop
      vertex  0.620420010750605  0.332111792356242  0.667888207643720
      vertex  0.521127811574959  0.398580581789096  0.551750967829882
      vertex  0.542253079348882  0.358415999999979  0.542253079348882
    endloop
  endfacet
  facet normal -0.803790709724864 -0.508883499053475  0.308152688372325
    outer loop
      vertex  0.644285130804865  0.278734302680129  0.644285130804865
      vertex  0.930468355544203  0.000000000000000  0.930468355544203
      vertex  0.957124999999974  0.000000000000000  0.999999999999952
    endloop
  endfacet
  facet normal -0.805850276090303 -0.500325220597984  0.316670185143410
    outer loop
      vertex  0.644285130804865  0.278734302680129  0.644285130804865
      vertex  0.957124999999974  0.000000000000000  0.999999999999952
      vertex  0.620420010750605  0.332111792356242  0.667888207643720
    endloop
  endfacet
  facet normal -0.476344364941035  0.739048098555232  0.476344364940762
    outer loop
      vertex  0.500000000000000  0.500000000000004  0.500000000000000
      vertex  0.521127811574959  0.448249032170140  0.601419418210878
      vertex  0.530623156254945  0.500000000000004  0.530623156254928
    endloop
  endfacet
  facet normal -0.856897394161448  0.364504359287781  0.364504359287408
    outer loop
      vertex  0.500000000000000  0.500000000000004  0.500000000000000
      vertex  0.500000000000004  0.438749999999967  0.561249999999984
      vertex  0.521127811574959  0.448249032170140  0.601419418210878
    endloop
  endfacet
  facet normal -0.364504359287540  0.856897394161586  0.364504359287326
    outer loop
      vertex  0.530623156254945  0.500000000000004  0.530623156254928
      vertex  0.542253079348889  0.457746920651142  0.641583999999996
      vertex  0.561250000000013  0.500000000000004  0.561249999999977
    endloop
  endfacet
  facet normal -0.790936886695224  0.539677267433352  0.288387392721210
    outer loop
      vertex  0.530623156254945  0.500000000000004  0.530623156254928
      vertex  0.521127811574959  0.448249032170140  0.601419418210878
      vertex  0.542253079348889  0.457746920651142  0.641583999999996
    endloop
  endfacet
  facet normal -0.000000000000000 -0.000000000000000  1.000000000000000
    outer loop
      vertex  1.000000000000000  0.000000000000003  1.000000000000000
      vertex  0.930468355544225  0.069531644455797  1.000000000000000
      vertex  0.957124999999974  0.000000000000000  0.999999999999952
    endloop
  endfacet
  facet normal -0.000000000000000 -0.000000000000000  1.000000000000000
    outer loop
      vertex  1.000000000000000  0.000000000000003  1.000000000000000
      vertex  1.000000000000000  0.042875000000012  0.999999999999975
      vertex  0.930468355544225  0.069531644455797  1.000000000000000
    endloop
  endfacet
  facet normal -0.000000000000431 -0.707106781186760 -0.707106781186335
    outer loop
      vertex  0.500000000000000  0.500000000000004  0.500000000000000
      vertex  0.620420010750605  0.332111792356242  0.667888207643720
      vertex  0.500000000000004  0.438749999999967  0.561249999999984
    endloop
  endfacet
  facet normal -0.000000000000432 -0.707106781186761 -0.707106781186335
    outer loop
      vertex  0.500000000000000  0.500000000000004  0.500000000000000
      vertex  0.625015051433204  0.374984948566799  0.625015051433204
      vertex  0.620420010750605  0.332111792356242  0.667888207643720
    endloop
  endfacet
  facet normal -0.000000000000427 -0.707106781186761 -0.707106781186334
    outer loop
      vertex  0.625015051433204  0.374984948566799  0.625015051433204
      vertex  0.957124999999974  0.000000000000000  0.999999999999952
      vertex  0.620420010750605  0.332111792356242  0.667888207643720
    endloop
  endfacet
  facet normal -0.000000000000425 -0.707106781186760 -0.707106781186335
    outer loop
      vertex  0.625015051433204  0.374984948566799  0.625015051433204
      vertex  1.000000000000000  0.000000000000003  1.000000000000000
      vertex  0.957124999999974  0.000000000000000  0.999999999999952
    endloop
  endfacet
  facet normal -0.367731865668781 -0.777466966041203 -0.510214064571377
    outer loop
      vertex  0.561250000000013  0.500000000000004  0.561249999999977
      vertex  0.667888207643752  0.379579989249400  0.667888207643725
      vertex  0.644285130804873  0.355714869195151  0.721265697319854
    endloop
  endfacet
  facet normal -0.385864361168949 -0.775775891178034 -0.499279942964473
    outer loop
      vertex  0.561250000000013  0.500000000000004  0.561249999999977
      vertex  0.644285130804873  0.355714869195151  0.721265697319854
      vertex  0.542253079348889  0.457746920651142  0.641583999999996
    endloop
  endfacet
  facet normal  0.308486361628887  0.804661068718268  0.507303389677367
    outer loop
      vertex  0.667888207643752  0.379579989249400  0.667888207643725
      vertex  0.930468355544225  0.069531644455797  1.000000000000000
      vertex  1.000000000000000  0.042875000000012  0.999999999999975
    endloop
  endfacet
  facet normal  0.317757993055314  0.805281169183997  0.500551791932776
    outer loop
      vertex  0.667888207643752  0.379579989249400  0.667888207643725
      vertex  0.644285130804873  0.355714869195151  0.721265697319854
      vertex  0.930468355544225  0.069531644455797  1.000000000000000
    endloop
  endfacet
  facet normal -0.773593977927394 -0.374246190342710  0.511363027924819
    outer loop
      vertex  0.542253079348889  0.457746920651142  0.641583999999996
      vertex  0.620420010750605  0.332111792356242  0.667888207643720
      vertex  0.644285130804873  0.355714869195151  0.721265697319854
    endloop
  endfacet
  facet normal -0.778649241534135 -0.379900151490889  0.499380850209052
    outer loop
      vertex  0.620420010750605  0.332111792356242  0.667888207643720
      vertex  0.542253079348889  0.457746920651142  0.641583999999996
      vertex  0.521127811574959  0.448249032170140  0.601419418210878
    endloop
  endfacet
  facet normal -0.778649241534043 -0.379900151490605  0.499380850209411
    outer loop
      vertex  0.620420010750605  0.332111792356242  0.667888207643720
      vertex  0.521127811574959  0.448249032170140  0.601419418210878
      vertex  0.500000000000004  0.438749999999967  0.561249999999984
    endloop
  endfacet
  facet normal -0.803790709724853 -0.308152688372250  0.508883499053537
    outer loop
      vertex  0.644285130804873  0.355714869195151  0.721265697319854
      vertex  0.957124999999974  0.000000000000000  0.999999999999952
      vertex  0.930468355544225  0.069531644455797  1.000000000000000
    endloop
  endfacet
  facet normal -0.805850276090293 -0.316670185143334  0.500325220598049
    outer loop
      vertex  0.644285130804873  0.355714869195151  0.721265697319854
      vertex  0.620420010750605  0.332111792356242  0.667888207643720
      vertex  0.957124999999974  0.000000000000000  0.999999999999952
    endloop
  endfacet
  facet normal  0.707106781186753  0.000000000000410 -0.707106781186343
    outer loop
      vertex  0.561250000000013  0.500000000000004  0.561249999999977
      vertex  0.625015051433204  0.374984948566799  0.625015051433204
      vertex  0.500000000000000  0.500000000000004  0.500000000000000
    endloop
  endfacet
  facet normal  0.707106781186753  0.000000000000410 -0.707106781186342
    outer loop
      vertex  0.561250000000013  0.500000000000004  0.561249999999977
      vertex  0.667888207643752  0.379579989249400  0.667888207643725
      vertex  0.625015051433204  0.374984948566799  0.625015051433204
    endloop
  endfacet
  facet normal  0.707106781186753  0.000000000000410 -0.707106781186343
    outer loop
      vertex  0.667888207643752  0.379579989249400  0.667888207643725
      vertex  1.000000000000000  0.000000000000003  1.000000000000000
      vertex  0.625015051433204  0.374984948566799  0.625015051433204
    endloop
  endfacet
  facet normal  0.707106781186753  0.000000000000410 -0.707106781186342
    outer loop
      vertex  0.667888207643752  0.379579989249400  0.667888207643725
      vertex  1.000000000000000  0.042875000000012  0.999999999999975
      vertex  1.000000000000000  0.000000000000003  1.000000000000000
    endloop
  endfacet
  facet normal -0.288387392721151 -0.539677267433279 -0.790936886695295
    outer loop
      vertex  0.438749999999967  0.561249999999984  0.500000000000004
      vertex  0.469373156254920  0.500000000000004  0.530626843745062
      vertex  0.398580581789096  0.551750967829882  0.521127811574959
    endloop
  endfacet
  facet normal -0.577350269189288 -0.577350269189855 -0.577350269189734
    outer loop
      vertex  0.438749999999967  0.561249999999984  0.500000000000004
      vertex  0.500000000000000  0.500000000000004  0.500000000000000
      vertex  0.469373156254920  0.500000000000004  0.530626843745062
    endloop
  endfacet
  facet normal -0.200544107921119 -0.692741676521001 -0.692741676520906
    outer loop
      vertex  0.398580581789096  0.551750967829882  0.521127811574959
      vertex  0.438749999999975  0.500000000000004  0.561249999999989
      vertex  0.358415999999979  0.542253079348882  0.542253079348882
    endloop
  endfacet
  facet normal -0.476344364940719 -0.739048098555224 -0.476344364941092
    outer loop
      vertex  0.398580581789096  0.551750967829882  0.521127811574959
      vertex  0.469373156254920  0.500000000000004  0.530626843745062
      vertex  0.438749999999975  0.500000000000004  0.561249999999989
    endloop
  endfacet
  facet normal -1.000000000000000  0.000000000000069  0.000000000000069
    outer loop
      vertex  0.000000000000000  0.999999999999952  0.957124999999974
      vertex  0.000000000000000  0.957124999999980  0.999999999999961
      vertex  0.000000000000003  0.999999999999991  0.999999999999989
    endloop
  endfacet
  facet normal -1.000000000000000  0.000000000000000 -0.000000000000000
    outer loop
      vertex  0.000000000000000  0.999999999999952  0.957124999999974
      vertex  0.000000000000000  0.930468355544203  0.930468355544203
      vertex  0.000000000000000  0.957124999999980  0.999999999999961
    endloop
  endfacet
  facet normal  0.707106781186243  0.707106781186852 -0.000000000000603
    outer loop
      vertex  0.438749999999967  0.561249999999984  0.500000000000004
      vertex  0.374984948566788  0.625015051433216  0.625015051433203
      vertex  0.500000000000000  0.500000000000004  0.500000000000000
    endloop
  endfacet
  facet normal  0.707106781186243  0.707106781186852 -0.000000000000603
    outer loop
      vertex  0.438749999999967  0.561249999999984  0.500000000000004
      vertex  0.332111792356242  0.667888207643720  0.620420010750605
      vertex  0.374984948566788  0.625015051433216  0.625015051433203
    endloop
  endfacet
  facet normal  0.707106781186243  0.707106781186852 -0.000000000000608
    outer loop
      vertex  0.332111792356242  0.667888207643720  0.620420010750605
      vertex  0.000000000000003  0.999999999999991  0.999999999999989
      vertex  0.374984948566788  0.625015051433216  0.625015051433203
    endloop
  endfacet
  facet normal  0.707106781186242  0.707106781186853 -0.000000000000609
    outer loop
      vertex  0.332111792356242  0.667888207643720  0.620420010750605
      vertex  0.000000000000000  0.999999999999952  0.957124999999974
      vertex  0.000000000000003  0.999999999999991  0.999999999999989
    endloop
  endfacet
  facet normal -0.511363027924731 -0.773593977927401  0.374246190342815
    outer loop
      vertex  0.358415999999979  0.542253079348882  0.542253079348882
      vertex  0.332111792356237  0.620420010750611  0.667888207643720
      vertex  0.278734302680129  0.644285130804865  0.644285130804865
    endloop
  endfacet
  facet normal -0.499380850209140 -0.778649241534068  0.379900151490912
    outer loop
      vertex  0.358415999999979  0.542253079348882  0.542253079348882
      vertex  0.438749999999975  0.500000000000004  0.561249999999989
      vertex  0.332111792356237  0.620420010750611  0.667888207643720
    endloop
  endfacet
  facet normal -0.508883499053451 -0.803790709724869  0.308152688372353
    outer loop
      vertex  0.278734302680129  0.644285130804865  0.644285130804865
      vertex  0.000000000000000  0.957124999999980  0.999999999999961
      vertex  0.000000000000000  0.930468355544203  0.930468355544203
    endloop
  endfacet
  facet normal -0.500325220597959 -0.805850276090307  0.316670185143438
    outer loop
      vertex  0.278734302680129  0.644285130804865  0.644285130804865
      vertex  0.332111792356237  0.620420010750611  0.667888207643720
      vertex  0.000000000000000  0.957124999999980  0.999999999999961
    endloop
  endfacet
  facet normal  0.707106781186343 -0.000000000000409  0.707106781186752
    outer loop
      vertex  0.438749999999975  0.500000000000004  0.561249999999989
      vertex  0.374984948566788  0.625015051433216  0.625015051433203
      vertex  0.332111792356237  0.620420010750611  0.667888207643720
    endloop
  endfacet
  facet normal  0.707106781186343 -0.000000000000409  0.707106781186752
    outer loop
      vertex  0.438749999999975  0.500000000000004  0.561249999999989
      vertex  0.500000000000000  0.500000000000004  0.500000000000000
      vertex  0.374984948566788  0.625015051433216  0.625015051433203
    endloop
  endfacet
  facet normal  0.707106781186342 -0.000000000000411  0.707106781186753
    outer loop
      vertex  0.332111792356237  0.620420010750611  0.667888207643720
      vertex  0.000000000000003  0.999999999999991  0.999999999999989
      vertex  0.000000000000000  0.957124999999980  0.999999999999961
    endloop
  endfacet
  facet normal  0.707106781186343 -0.000000000000410  0.707106781186752
    outer loop
      vertex  0.332111792356237  0.620420010750611  0.667888207643720
      vertex  0.374984948566788  0.625015051433216  0.625015051433203
      vertex  0.000000000000003  0.999999999999991  0.999999999999989
    endloop
  endfacet
  facet normal -0.511363027924753  0.374246190342794 -0.773593977927397
    outer loop
      vertex  0.358415999999979  0.542253079348882  0.542253079348882
      vertex  0.278734302680129  0.644285130804865  0.644285130804865
      vertex  0.332111792356242  0.667888207643720  0.620420010750605
    endloop
  endfacet
  facet normal -0.499380850209106  0.379900151490953 -0.778649241534069
    outer loop
      vertex  0.332111792356242  0.667888207643720  0.620420010750605
      vertex  0.438749999999967  0.561249999999984  0.500000000000004
      vertex  0.398580581789096  0.551750967829882  0.521127811574959
    endloop
  endfacet
  facet normal -0.499380850209217  0.379900151490865 -0.778649241534041
    outer loop
      vertex  0.332111792356242  0.667888207643720  0.620420010750605
      vertex  0.398580581789096  0.551750967829882  0.521127811574959
      vertex  0.358415999999979  0.542253079348882  0.542253079348882
    endloop
  endfacet
  facet normal -0.508883499053475  0.308152688372325 -0.803790709724864
    outer loop
      vertex  0.278734302680129  0.644285130804865  0.644285130804865
      vertex  0.000000000000000  0.930468355544203  0.930468355544203
      vertex  0.000000000000000  0.999999999999952  0.957124999999974
    endloop
  endfacet
  facet normal -0.500325220597984  0.316670185143410 -0.805850276090303
    outer loop
      vertex  0.278734302680129  0.644285130804865  0.644285130804865
      vertex  0.000000000000000  0.999999999999952  0.957124999999974
      vertex  0.332111792356242  0.667888207643720  0.620420010750605
    endloop
  endfacet
  facet normal  0.476357543673738  0.476357543673460 -0.739031109744719
    outer loop
      vertex  0.438749999999967  0.561249999999984  0.500000000000004
      vertex  0.478874732226069  0.601414581789119  0.551752111518965
      vertex  0.469376843745074  0.530623156254959  0.499999999999985
    endloop
  endfacet
  facet normal  0.692741676520918  0.200544107921240 -0.692741676520953
    outer loop
      vertex  0.438749999999967  0.561249999999984  0.500000000000004
      vertex  0.457746920651118  0.641583999999973  0.542253079348869
      vertex  0.478874732226069  0.601414581789119  0.551752111518965
    endloop
  endfacet
  facet normal  0.577350269189745  0.577350269189412 -0.577350269189721
    outer loop
      vertex  0.469376843745074  0.530623156254959  0.499999999999985
      vertex  0.499999999999996  0.561250000000005  0.561249999999964
      vertex  0.500000000000000  0.500000000000004  0.500000000000000
    endloop
  endfacet
  facet normal  0.790946976161692  0.288397469669073 -0.539657095190226
    outer loop
      vertex  0.469376843745074  0.530623156254959  0.499999999999985
      vertex  0.478874732226069  0.601414581789119  0.551752111518965
      vertex  0.499999999999996  0.561250000000005  0.561249999999964
    endloop
  endfacet
  facet normal  0.000000000000000  1.000000000000000  0.000000000000000
    outer loop
      vertex  0.000000000000000  0.999999999999952  0.957124999999974
      vertex  0.042875000000000  1.000000000000000  0.999999999999971
      vertex  0.069531644455764  1.000000000000000  0.930468355544228
    endloop
  endfacet
  facet normal -0.000000000000000  1.000000000000000  0.000000000000000
    outer loop
      vertex  0.000000000000000  0.999999999999952  0.957124999999974
      vertex  0.000000000000003  0.999999999999991  0.999999999999989
      vertex  0.042875000000000  1.000000000000000  0.999999999999971
    endloop
  endfacet
  facet normal  0.367731865668683 -0.510214064571462  0.777466966041193
    outer loop
      vertex  0.438749999999967  0.561249999999984  0.500000000000004
      vertex  0.355714869195125  0.721265697319850  0.644285130804856
      vertex  0.332111792356242  0.667888207643720  0.620420010750605
    endloop
  endfacet
  facet normal  0.385864361168849 -0.499279942964561  0.775775891178027
    outer loop
      vertex  0.438749999999967  0.561249999999984  0.500000000000004
      vertex  0.457746920651118  0.641583999999973  0.542253079348869
      vertex  0.355714869195125  0.721265697319850  0.644285130804856
    endloop
  endfacet
  facet normal -0.308486361628786  0.507303389677454 -0.804661068718252
    outer loop
      vertex  0.332111792356242  0.667888207643720  0.620420010750605
      vertex  0.000000000000000  0.999999999999952  0.957124999999974
      vertex  0.069531644455764  1.000000000000000  0.930468355544228
    endloop
  endfacet
  facet normal -0.317757993055213  0.500551791932863 -0.805281169183984
    outer loop
      vertex  0.332111792356242  0.667888207643720  0.620420010750605
      vertex  0.069531644455764  1.000000000000000  0.930468355544228
      vertex  0.355714869195125  0.721265697319850  0.644285130804856
    endloop
  endfacet
  facet normal  0.000000000000430 -0.707106781186335  0.707106781186760
    outer loop
      vertex  0.500000000000000  0.500000000000004  0.500000000000000
      vertex  0.379579989249392  0.667888207643738  0.667888207643706
      vertex  0.374984948566788  0.625015051433216  0.625015051433203
    endloop
  endfacet
  facet normal  0.000000000000430 -0.707106781186336  0.707106781186759
    outer loop
      vertex  0.500000000000000  0.500000000000004  0.500000000000000
      vertex  0.499999999999996  0.561250000000005  0.561249999999964
      vertex  0.379579989249392  0.667888207643738  0.667888207643706
    endloop
  endfacet
  facet normal  0.000000000000425 -0.707106781186335  0.707106781186760
    outer loop
      vertex  0.374984948566788  0.625015051433216  0.625015051433203
      vertex  0.042875000000000  1.000000000000000  0.999999999999971
      vertex  0.000000000000003  0.999999999999991  0.999999999999989
    endloop
  endfacet
  facet normal  0.000000000000426 -0.707106781186335  0.707106781186760
    outer loop
      vertex  0.374984948566788  0.625015051433216  0.625015051433203
      vertex  0.379579989249392  0.667888207643738  0.667888207643706
      vertex  0.042875000000000  1.000000000000000  0.999999999999971
    endloop
  endfacet
  facet normal -0.777466966041205 -0.510214064571445 -0.367731865668681
    outer loop
      vertex  0.499999999999996  0.561250000000005  0.561249999999964
      vertex  0.379579989249392  0.667888207643738  0.667888207643706
      vertex  0.355714869195125  0.721265697319850  0.644285130804856
    endloop
  endfacet
  facet normal -0.775775891178070 -0.499279942964363 -0.385864361169017
    outer loop
      vertex  0.355714869195125  0.721265697319850  0.644285130804856
      vertex  0.457746920651118  0.641583999999973  0.542253079348869
      vertex  0.478874732226069  0.601414581789119  0.551752111518965
    endloop
  endfacet
  facet normal -0.775775891178071 -0.499279942964734 -0.385864361168536
    outer loop
      vertex  0.355714869195125  0.721265697319850  0.644285130804856
      vertex  0.478874732226069  0.601414581789119  0.551752111518965
      vertex  0.499999999999996  0.561250000000005  0.561249999999964
    endloop
  endfacet
  facet normal  0.804661068718256  0.507303389677439  0.308486361628800
    outer loop
      vertex  0.379579989249392  0.667888207643738  0.667888207643706
      vertex  0.069531644455764  1.000000000000000  0.930468355544228
      vertex  0.042875000000000  1.000000000000000  0.999999999999971
    endloop
  endfacet
  facet normal  0.805281169183987  0.500551791932850  0.317757993055224
    outer loop
      vertex  0.379579989249392  0.667888207643738  0.667888207643706
      vertex  0.355714869195125  0.721265697319850  0.644285130804856
      vertex  0.069531644455764  1.000000000000000  0.930468355544228
    endloop
  endfacet
  facet normal -0.707106781186753 -0.707106781186342 -0.000000000000412
    outer loop
      vertex  0.500000000000000  0.500000000000004  0.500000000000000
      vertex  0.332111792356242  0.667888207643720  0.620420010750605
      vertex  0.438749999999967  0.561249999999984  0.500000000000004
    endloop
  endfacet
  facet normal -0.707106781186753 -0.707106781186343 -0.000000000000411
    outer loop
      vertex  0.500000000000000  0.500000000000004  0.500000000000000
      vertex  0.374984948566788  0.625015051433216  0.625015051433203
      vertex  0.332111792356242  0.667888207643720  0.620420010750605
    endloop
  endfacet
  facet normal -0.707106781186753 -0.707106781186342 -0.000000000000410
    outer loop
      vertex  0.374984948566788  0.625015051433216  0.625015051433203
      vertex  0.000000000000000  0.999999999999952  0.957124999999974
      vertex  0.332111792356242  0.667888207643720  0.620420010750605
    endloop
  endfacet
  facet normal -0.707106781186752 -0.707106781186343 -0.000000000000409
    outer loop
      vertex  0.374984948566788  0.625015051433216  0.625015051433203
      vertex  0.000000000000003  0.999999999999991  0.999999999999989
      vertex  0.000000000000000  0.999999999999952  0.957124999999974
    endloop
  endfacet
  facet normal  0.790946976161695 -0.539657095190291  0.288397469668941
    outer loop
      vertex  0.457746920651127  0.542253079348879  0.641584000000013
      vertex  0.469373156254920  0.500000000000004  0.530626843745062
      vertex  0.478874732226077  0.551752111518981  0.601414581789154
    endloop
  endfacet
  facet normal  0.364504359287606 -0.856897394161573  0.364504359287290
    outer loop
      vertex  0.457746920651127  0.542253079348879  0.641584000000013
      vertex  0.438749999999975  0.500000000000004  0.561249999999989
      vertex  0.469373156254920  0.500000000000004  0.530626843745062
    endloop
  endfacet
  facet normal  0.856897394161508 -0.364504359287709  0.364504359287340
    outer loop
      vertex  0.478874732226077  0.551752111518981  0.601414581789154
      vertex  0.500000000000000  0.500000000000004  0.500000000000000
      vertex  0.499999999999996  0.561250000000005  0.561249999999964
    endloop
  endfacet
  facet normal  0.476357543673705 -0.739031109744825  0.476357543673328
    outer loop
      vertex  0.478874732226077  0.551752111518981  0.601414581789154
      vertex  0.469373156254920  0.500000000000004  0.530626843745062
      vertex  0.500000000000000  0.500000000000004  0.500000000000000
    endloop
  endfacet
  facet normal  0.000000000000026  0.000000000000067  1.000000000000000
    outer loop
      vertex  0.069531644455798  0.930468355544207  1.000000000000000
      vertex  0.000000000000003  0.999999999999991  0.999999999999989
      vertex  0.000000000000000  0.957124999999980  0.999999999999961
    endloop
  endfacet
  facet normal -0.000000000000067 -0.000000000000026  1.000000000000000
    outer loop
      vertex  0.069531644455798  0.930468355544207  1.000000000000000
      vertex  0.042875000000000  1.000000000000000  0.999999999999971
      vertex  0.000000000000003  0.999999999999991  0.999999999999989
    endloop
  endfacet
  facet normal -0.374246190342911 -0.773593977927410  0.511363027924648
    outer loop
      vertex  0.457746920651127  0.542253079348879  0.641584000000013
      vertex  0.355714869195137  0.644285130804858  0.721265697319876
      vertex  0.332111792356237  0.620420010750611  0.667888207643720
    endloop
  endfacet
  facet normal -0.379900151491008 -0.778649241534076  0.499380850209053
    outer loop
      vertex  0.457746920651127  0.542253079348879  0.641584000000013
      vertex  0.332111792356237  0.620420010750611  0.667888207643720
      vertex  0.438749999999975  0.500000000000004  0.561249999999989
    endloop
  endfacet
  facet normal -0.308152688372454 -0.803790709724884  0.508883499053365
    outer loop
      vertex  0.355714869195137  0.644285130804858  0.721265697319876
      vertex  0.069531644455798  0.930468355544207  1.000000000000000
      vertex  0.000000000000000  0.957124999999980  0.999999999999961
    endloop
  endfacet
  facet normal -0.316670185143538 -0.805850276090321  0.500325220597874
    outer loop
      vertex  0.355714869195137  0.644285130804858  0.721265697319876
      vertex  0.000000000000000  0.957124999999980  0.999999999999961
      vertex  0.332111792356237  0.620420010750611  0.667888207643720
    endloop
  endfacet
  facet normal  0.000000000000603  0.707106781186851 -0.707106781186244
    outer loop
      vertex  0.499999999999996  0.561250000000005  0.561249999999964
      vertex  0.374984948566788  0.625015051433216  0.625015051433203
      vertex  0.379579989249392  0.667888207643738  0.667888207643706
    endloop
  endfacet
  facet normal  0.000000000000604  0.707106781186853 -0.707106781186242
    outer loop
      vertex  0.499999999999996  0.561250000000005  0.561249999999964
      vertex  0.500000000000000  0.500000000000004  0.500000000000000
      vertex  0.374984948566788  0.625015051433216  0.625015051433203
    endloop
  endfacet
  facet normal  0.000000000000608  0.707106781186852 -0.707106781186244
    outer loop
      vertex  0.379579989249392  0.667888207643738  0.667888207643706
      vertex  0.000000000000003  0.999999999999991  0.999999999999989
      vertex  0.042875000000000  1.000000000000000  0.999999999999971
    endloop
  endfacet
  facet normal  0.000000000000606  0.707106781186851 -0.707106781186244
    outer loop
      vertex  0.379579989249392  0.667888207643738  0.667888207643706
      vertex  0.374984948566788  0.625015051433216  0.625015051433203
      vertex  0.000000000000003  0.999999999999991  0.999999999999989
    endloop
  endfacet
  facet normal -0.707106781186753 -0.000000000000411 -0.707106781186343
    outer loop
      vertex  0.500000000000000  0.500000000000004  0.500000000000000
      vertex  0.332111792356237  0.620420010750611  0.667888207643720
      vertex  0.374984948566788  0.625015051433216  0.625015051433203
    endloop
  endfacet
  facet normal -0.707106781186753 -0.000000000000411 -0.707106781186342
    outer loop
      vertex  0.500000000000000  0.500000000000004  0.500000000000000
      vertex  0.438749999999975  0.500000000000004  0.561249999999989
      vertex  0.332111792356237  0.620420010750611  0.667888207643720
    endloop
  endfacet
  facet normal -0.707106781186752 -0.000000000000408 -0.707106781186343
    outer loop
      vertex  0.374984948566788  0.625015051433216  0.625015051433203
      vertex  0.000000000000000  0.957124999999980  0.999999999999961
      vertex  0.000000000000003  0.999999999999991  0.999999999999989
    endloop
  endfacet
  facet normal -0.707106781186753 -0.000000000000410 -0.707106781186342
    outer loop
      vertex  0.374984948566788  0.625015051433216  0.625015051433203
      vertex  0.332111792356237  0.620420010750611  0.667888207643720
      vertex  0.000000000000000  0.957124999999980  0.999999999999961
    endloop
  endfacet
  facet normal -0.777466966041191 -0.367731865668688 -0.510214064571461
    outer loop
      vertex  0.499999999999996  0.561250000000005  0.561249999999964
      vertex  0.355714869195137  0.644285130804858  0.721265697319876
      vertex  0.379579989249392  0.667888207643738  0.667888207643706
    endloop
  endfacet
  facet normal -0.775775891178015 -0.385864361168943 -0.499279942964507
    outer loop
      vertex  0.355714869195137  0.644285130804858  0.721265697319876
      vertex  0.499999999999996  0.561250000000005  0.561249999999964
      vertex  0.478874732226077  0.551752111518981  0.601414581789154
    endloop
  endfacet
  facet normal -0.775775891178015 -0.385864361168805 -0.499279942964613
    outer loop
      vertex  0.355714869195137  0.644285130804858  0.721265697319876
      vertex  0.478874732226077  0.551752111518981  0.601414581789154
      vertex  0.457746920651127  0.542253079348879  0.641584000000013
    endloop
  endfacet
  facet normal  0.804661068718252  0.308486361628789  0.507303389677451
    outer loop
      vertex  0.379579989249392  0.667888207643738  0.667888207643706
      vertex  0.042875000000000  1.000000000000000  0.999999999999971
      vertex  0.069531644455798  0.930468355544207  1.000000000000000
    endloop
  endfacet
  facet normal  0.805281169183984  0.317757993055217  0.500551791932860
    outer loop
      vertex  0.379579989249392  0.667888207643738  0.667888207643706
      vertex  0.069531644455798  0.930468355544207  1.000000000000000
      vertex  0.355714869195137  0.644285130804858  0.721265697319876
    endloop
  endfacet
  facet normal  0.288397469668942 -0.539657095190290 -0.790946976161695
    outer loop
      vertex  0.641584000000013  0.542253079348879  0.542253079348873
      vertex  0.530623156254945  0.500000000000004  0.530623156254928
      vertex  0.601414581789154  0.551752111518981  0.521125267773923
    endloop
  endfacet
  facet normal  0.364504359287291 -0.856897394161574 -0.364504359287603
    outer loop
      vertex  0.641584000000013  0.542253079348879  0.542253079348873
      vertex  0.561250000000013  0.500000000000004  0.561249999999977
      vertex  0.530623156254945  0.500000000000004  0.530623156254928
    endloop
  endfacet
  facet normal  0.364504359287341 -0.364504359287710 -0.856897394161507
    outer loop
      vertex  0.601414581789154  0.551752111518981  0.521125267773923
      vertex  0.500000000000000  0.500000000000004  0.500000000000000
      vertex  0.561250000000049  0.561249999999980  0.499999999999988
    endloop
  endfacet
  facet normal  0.476357543673327 -0.739031109744824 -0.476357543673707
    outer loop
      vertex  0.601414581789154  0.551752111518981  0.521125267773923
      vertex  0.530623156254945  0.500000000000004  0.530623156254928
      vertex  0.500000000000000  0.500000000000004  0.500000000000000
    endloop
  endfacet
  facet normal  1.000000000000000  0.000000000000067 -0.000000000000026
    outer loop
      vertex  1.000000000000000  0.930468355544207  0.930468355544203
      vertex  0.999999999999997  1.000000000000000  0.999999999999989
      vertex  1.000000000000000  0.957124999999989  0.999999999999961
    endloop
  endfacet
  facet normal  1.000000000000000 -0.000000000000026  0.000000000000067
    outer loop
      vertex  1.000000000000000  0.930468355544207  0.930468355544203
      vertex  1.000000000000000  0.999999999999966  0.957124999999974
      vertex  0.999999999999997  1.000000000000000  0.999999999999989
    endloop
  endfacet
  facet normal  0.511363027924647 -0.773593977927410  0.374246190342912
    outer loop
      vertex  0.641584000000013  0.542253079348879  0.542253079348873
      vertex  0.721265697319876  0.644285130804858  0.644285130804863
      vertex  0.667888207643763  0.620420010750611  0.667888207643720
    endloop
  endfacet
  facet normal  0.499380850209053 -0.778649241534076  0.379900151491009
    outer loop
      vertex  0.641584000000013  0.542253079348879  0.542253079348873
      vertex  0.667888207643763  0.620420010750611  0.667888207643720
      vertex  0.561250000000013  0.500000000000004  0.561249999999977
    endloop
  endfacet
  facet normal  0.508883499053364 -0.803790709724884  0.308152688372455
    outer loop
      vertex  0.721265697319876  0.644285130804858  0.644285130804863
      vertex  1.000000000000000  0.930468355544207  0.930468355544203
      vertex  1.000000000000000  0.957124999999989  0.999999999999961
    endloop
  endfacet
  facet normal  0.500325220597874 -0.805850276090321  0.316670185143538
    outer loop
      vertex  0.721265697319876  0.644285130804858  0.644285130804863
      vertex  1.000000000000000  0.957124999999989  0.999999999999961
      vertex  0.667888207643763  0.620420010750611  0.667888207643720
    endloop
  endfacet
  facet normal -0.707106781186244  0.707106781186851 -0.000000000000603
    outer loop
      vertex  0.561250000000049  0.561249999999980  0.499999999999988
      vertex  0.625015051433212  0.625015051433216  0.625015051433203
      vertex  0.667888207643757  0.667888207643720  0.620420010750599
    endloop
  endfacet
  facet normal -0.707106781186243  0.707106781186853 -0.000000000000604
    outer loop
      vertex  0.561250000000049  0.561249999999980  0.499999999999988
      vertex  0.500000000000000  0.500000000000004  0.500000000000000
      vertex  0.625015051433212  0.625015051433216  0.625015051433203
    endloop
  endfacet
  facet normal -0.707106781186243  0.707106781186852 -0.000000000000608
    outer loop
      vertex  0.667888207643757  0.667888207643720  0.620420010750599
      vertex  0.999999999999997  1.000000000000000  0.999999999999989
      vertex  1.000000000000000  0.999999999999966  0.957124999999974
    endloop
  endfacet
  facet normal -0.707106781186244  0.707106781186851 -0.000000000000606
    outer loop
      vertex  0.667888207643757  0.667888207643720  0.620420010750599
      vertex  0.625015051433212  0.625015051433216  0.625015051433203
      vertex  0.999999999999997  1.000000000000000  0.999999999999989
    endloop
  endfacet
  facet normal -0.707106781186343 -0.000000000000408  0.707106781186752
    outer loop
      vertex  0.500000000000000  0.500000000000004  0.500000000000000
      vertex  0.667888207643763  0.620420010750611  0.667888207643720
      vertex  0.625015051433212  0.625015051433216  0.625015051433203
    endloop
  endfacet
  facet normal -0.707106781186342 -0.000000000000411  0.707106781186753
    outer loop
      vertex  0.500000000000000  0.500000000000004  0.500000000000000
      vertex  0.561250000000013  0.500000000000004  0.561249999999977
      vertex  0.667888207643763  0.620420010750611  0.667888207643720
    endloop
  endfacet
  facet normal -0.707106781186342 -0.000000000000410  0.707106781186753
    outer loop
      vertex  0.625015051433212  0.625015051433216  0.625015051433203
      vertex  1.000000000000000  0.957124999999989  0.999999999999961
      vertex  0.999999999999997  1.000000000000000  0.999999999999989
    endloop
  endfacet
  facet normal -0.707106781186343 -0.000000000000408  0.707106781186752
    outer loop
      vertex  0.625015051433212  0.625015051433216  0.625015051433203
      vertex  0.667888207643763  0.620420010750611  0.667888207643720
      vertex  1.000000000000000  0.957124999999989  0.999999999999961
    endloop
  endfacet
  facet normal -0.510214064571462 -0.367731865668687  0.777466966041191
    outer loop
      vertex  0.561250000000049  0.561249999999980  0.499999999999988
      vertex  0.721265697319876  0.644285130804858  0.644285130804863
      vertex  0.667888207643757  0.667888207643720  0.620420010750599
    endloop
  endfacet
  facet normal -0.499279942964507 -0.385864361168941  0.775775891178015
    outer loop
      vertex  0.721265697319876  0.644285130804858  0.644285130804863
      vertex  0.561250000000049  0.561249999999980  0.499999999999988
      vertex  0.601414581789154  0.551752111518981  0.521125267773923
    endloop
  endfacet
  facet normal -0.499279942964613 -0.385864361168804  0.775775891178015
    outer loop
      vertex  0.721265697319876  0.644285130804858  0.644285130804863
      vertex  0.601414581789154  0.551752111518981  0.521125267773923
      vertex  0.641584000000013  0.542253079348879  0.542253079348873
    endloop
  endfacet
  facet normal  0.507303389677452  0.308486361628788 -0.804661068718252
    outer loop
      vertex  0.667888207643757  0.667888207643720  0.620420010750599
      vertex  1.000000000000000  0.999999999999966  0.957124999999974
      vertex  1.000000000000000  0.930468355544207  0.930468355544203
    endloop
  endfacet
  facet normal  0.500551791932861  0.317757993055216 -0.805281169183983
    outer loop
      vertex  0.667888207643757  0.667888207643720  0.620420010750599
      vertex  1.000000000000000  0.930468355544207  0.930468355544203
      vertex  0.721265697319876  0.644285130804858  0.644285130804863
    endloop
  endfacet
  facet normal -0.476344364941039  0.476344364940760 -0.739048098555231
    outer loop
      vertex  0.500000000000000  0.500000000000004  0.500000000000000
      vertex  0.521127811574959  0.601419418210878  0.551750967829860
      vertex  0.530626843745060  0.530626843745094  0.499999999999985
    endloop
  endfacet
  facet normal -0.856897394161450  0.364504359287407 -0.364504359287778
    outer loop
      vertex  0.500000000000000  0.500000000000004  0.500000000000000
      vertex  0.499999999999996  0.561250000000005  0.561249999999964
      vertex  0.521127811574959  0.601419418210878  0.551750967829860
    endloop
  endfacet
  facet normal -0.364504359287536  0.364504359287328 -0.856897394161587
    outer loop
      vertex  0.530626843745060  0.530626843745094  0.499999999999985
      vertex  0.542253079348889  0.641583999999996  0.542253079348858
      vertex  0.561250000000049  0.561249999999980  0.499999999999988
    endloop
  endfacet
  facet normal -0.790936886695221  0.288387392721211 -0.539677267433354
    outer loop
      vertex  0.530626843745060  0.530626843745094  0.499999999999985
      vertex  0.521127811574959  0.601419418210878  0.551750967829860
      vertex  0.542253079348889  0.641583999999996  0.542253079348858
    endloop
  endfacet
  facet normal  0.000000000000000  1.000000000000000 -0.000000000000000
    outer loop
      vertex  0.999999999999997  1.000000000000000  0.999999999999989
      vertex  0.930468355544225  1.000000000000000  0.930468355544203
      vertex  0.957124999999989  1.000000000000000  0.999999999999957
    endloop
  endfacet
  facet normal -0.000000000000000  1.000000000000000  0.000000000000000
    outer loop
      vertex  0.999999999999997  1.000000000000000  0.999999999999989
      vertex  1.000000000000000  0.999999999999966  0.957124999999974
      vertex  0.930468355544225  1.000000000000000  0.930468355544203
    endloop
  endfacet
  facet normal -0.000000000000430 -0.707106781186335  0.707106781186760
    outer loop
      vertex  0.500000000000000  0.500000000000004  0.500000000000000
      vertex  0.620420010750601  0.667888207643738  0.667888207643706
      vertex  0.499999999999996  0.561250000000005  0.561249999999964
    endloop
  endfacet
  facet normal -0.000000000000430 -0.707106781186335  0.707106781186760
    outer loop
      vertex  0.500000000000000  0.500000000000004  0.500000000000000
      vertex  0.625015051433212  0.625015051433216  0.625015051433203
      vertex  0.620420010750601  0.667888207643738  0.667888207643706
    endloop
  endfacet
  facet normal -0.000000000000426 -0.707106781186335  0.707106781186760
    outer loop
      vertex  0.625015051433212  0.625015051433216  0.625015051433203
      vertex  0.957124999999989  1.000000000000000  0.999999999999957
      vertex  0.620420010750601  0.667888207643738  0.667888207643706
    endloop
  endfacet
  facet normal -0.000000000000425 -0.707106781186336  0.707106781186760
    outer loop
      vertex  0.625015051433212  0.625015051433216  0.625015051433203
      vertex  0.999999999999997  1.000000000000000  0.999999999999989
      vertex  0.957124999999989  1.000000000000000  0.999999999999957
    endloop
  endfacet
  facet normal -0.367731865668779 -0.510214064571378  0.777466966041203
    outer loop
      vertex  0.561250000000049  0.561249999999980  0.499999999999988
      vertex  0.667888207643757  0.667888207643720  0.620420010750599
      vertex  0.644285130804873  0.721265697319854  0.644285130804849
    endloop
  endfacet
  facet normal -0.385864361168948 -0.499279942964473  0.775775891178034
    outer loop
      vertex  0.561250000000049  0.561249999999980  0.499999999999988
      vertex  0.644285130804873  0.721265697319854  0.644285130804849
      vertex  0.542253079348889  0.641583999999996  0.542253079348858
    endloop
  endfacet
  facet normal  0.308486361628887  0.507303389677368 -0.804661068718267
    outer loop
      vertex  0.667888207643757  0.667888207643720  0.620420010750599
      vertex  0.930468355544225  1.000000000000000  0.930468355544203
      vertex  1.000000000000000  0.999999999999966  0.957124999999974
    endloop
  endfacet
  facet normal  0.317757993055313  0.500551791932777 -0.805281169183997
    outer loop
      vertex  0.667888207643757  0.667888207643720  0.620420010750599
      vertex  0.644285130804873  0.721265697319854  0.644285130804849
      vertex  0.930468355544225  1.000000000000000  0.930468355544203
    endloop
  endfacet
  facet normal -0.773593977927393  0.511363027924819  0.374246190342710
    outer loop
      vertex  0.542253079348889  0.641583999999996  0.542253079348858
      vertex  0.620420010750601  0.667888207643738  0.667888207643706
      vertex  0.644285130804873  0.721265697319854  0.644285130804849
    endloop
  endfacet
  facet normal -0.778649241534136  0.499380850209050  0.379900151490891
    outer loop
      vertex  0.620420010750601  0.667888207643738  0.667888207643706
      vertex  0.542253079348889  0.641583999999996  0.542253079348858
      vertex  0.521127811574959  0.601419418210878  0.551750967829860
    endloop
  endfacet
  facet normal -0.778649241534043  0.499380850209413  0.379900151490603
    outer loop
      vertex  0.620420010750601  0.667888207643738  0.667888207643706
      vertex  0.521127811574959  0.601419418210878  0.551750967829860
      vertex  0.499999999999996  0.561250000000005  0.561249999999964
    endloop
  endfacet
  facet normal -0.803790709724853  0.508883499053537  0.308152688372250
    outer loop
      vertex  0.644285130804873  0.721265697319854  0.644285130804849
      vertex  0.957124999999989  1.000000000000000  0.999999999999957
      vertex  0.930468355544225  1.000000000000000  0.930468355544203
    endloop
  endfacet
  facet normal -0.805850276090293  0.500325220598049  0.316670185143334
    outer loop
      vertex  0.644285130804873  0.721265697319854  0.644285130804849
      vertex  0.620420010750601  0.667888207643738  0.667888207643706
      vertex  0.957124999999989  1.000000000000000  0.999999999999957
    endloop
  endfacet
  facet normal  0.707106781186753 -0.707106781186342 -0.000000000000410
    outer loop
      vertex  0.561250000000049  0.561249999999980  0.499999999999988
      vertex  0.625015051433212  0.625015051433216  0.625015051433203
      vertex  0.500000000000000  0.500000000000004  0.500000000000000
    endloop
  endfacet
  facet normal  0.707106781186753 -0.707106781186342 -0.000000000000410
    outer loop
      vertex  0.561250000000049  0.561249999999980  0.499999999999988
      vertex  0.667888207643757  0.667888207643720  0.620420010750599
      vertex  0.625015051433212  0.625015051433216  0.625015051433203
    endloop
  endfacet
  facet normal  0.707106781186753 -0.707106781186343 -0.000000000000410
    outer loop
      vertex  0.667888207643757  0.667888207643720  0.620420010750599
      vertex  0.999999999999997  1.000000000000000  0.999999999999989
      vertex  0.625015051433212  0.625015051433216  0.625015051433203
    endloop
  endfacet
  facet normal  0.707106781186753 -0.707106781186342 -0.000000000000410
    outer loop
      vertex  0.667888207643757  0.667888207643720  0.620420010750599
      vertex  1.000000000000000  0.999999999999966  0.957124999999974
      vertex  0.999999999999997  1.000000000000000  0.999999999999989
    endloop
  endfacet
  facet normal -0.790936886695294 -0.539677267433280  0.288387392721151
    outer loop
      vertex  0.499999999999996  0.561250000000005  0.561249999999964
      vertex  0.530623156254945  0.500000000000004  0.530623156254928
      vertex  0.521127811574959  0.551750967829882  0.601419418210904
    endloop
  endfacet
  facet normal -0.577350269189733 -0.577350269189857  0.577350269189287
    outer loop
      vertex  0.499999999999996  0.561250000000005  0.561249999999964
      vertex  0.500000000000000  0.500000000000004  0.500000000000000
      vertex  0.530623156254945  0.500000000000004  0.530623156254928
    endloop
  endfacet
  facet normal -0.692741676520907 -0.692741676521000  0.200544107921119
    outer loop
      vertex  0.521127811574959  0.551750967829882  0.601419418210904
      vertex  0.561250000000013  0.500000000000004  0.561249999999977
      vertex  0.542253079348882  0.542253079348882  0.641584000000021
    endloop
  endfacet
  facet normal -0.476344364941095 -0.739048098555222  0.476344364940717
    outer loop
      vertex  0.521127811574959  0.551750967829882  0.601419418210904
      vertex  0.530623156254945  0.500000000000004  0.530623156254928
      vertex  0.561250000000013  0.500000000000004  0.561249999999977
    endloop
  endfacet
  facet normal  0.000000000000067  0.000000000000067  1.000000000000000
    outer loop
      vertex  0.957124999999989  1.000000000000000  0.999999999999957
      vertex  1.000000000000000  0.957124999999989  0.999999999999961
      vertex  0.999999999999997  1.000000000000000  0.999999999999989
    endloop
  endfacet
  facet normal -0.000000000000000 -0.000000000000000  1.000000000000000
    outer loop
      vertex  0.957124999999989  1.000000000000000  0.999999999999957
      vertex  0.930468355544203  0.930468355544203  1.000000000000000
      vertex  1.000000000000000  0.957124999999989  0.999999999999961
    endloop
  endfacet
  facet normal -0.000000000000604  0.707106781186853 -0.707106781186242
    outer loop
      vertex  0.499999999999996  0.561250000000005  0.561249999999964
      vertex  0.625015051433212  0.625015051433216  0.625015051433203
      vertex  0.500000000000000  0.500000000000004  0.500000000000000
    endloop
  endfacet
  facet normal -0.000000000000604  0.707106781186852 -0.707106781186243
    outer loop
      vertex  0.499999999999996  0.561250000000005  0.561249999999964
      vertex  0.620420010750601  0.667888207643738  0.667888207643706
      vertex  0.625015051433212  0.625015051433216  0.625015051433203
    endloop
  endfacet
  facet normal -0.000000000000608  0.707106781186852 -0.707106781186243
    outer loop
      vertex  0.620420010750601  0.667888207643738  0.667888207643706
      vertex  0.999999999999997  1.000000000000000  0.999999999999989
      vertex  0.625015051433212  0.625015051433216  0.625015051433203
    endloop
  endfacet
  facet normal -0.000000000000608  0.707106781186852 -0.707106781186243
    outer loop
      vertex  0.620420010750601  0.667888207643738  0.667888207643706
      vertex  0.957124999999989  1.000000000000000  0.999999999999957
      vertex  0.999999999999997  1.000000000000000  0.999999999999989
    endloop
  endfacet
  facet normal  0.374246190342815 -0.773593977927401  0.511363027924731
    outer loop
      vertex  0.542253079348882  0.542253079348882  0.641584000000021
      vertex  0.667888207643763  0.620420010750611  0.667888207643720
      vertex  0.644285130804865  0.644285130804865  0.721265697319871
    endloop
  endfacet
  facet normal  0.379900151490911 -0.778649241534067  0.499380850209141
    outer loop
      vertex  0.542253079348882  0.542253079348882  0.641584000000021
      vertex  0.561250000000013  0.500000000000004  0.561249999999977
      vertex  0.667888207643763  0.620420010750611  0.667888207643720
    endloop
  endfacet
  facet normal  0.308152688372353 -0.803790709724869  0.508883499053451
    outer loop
      vertex  0.644285130804865  0.644285130804865  0.721265697319871
      vertex  1.000000000000000  0.957124999999989  0.999999999999961
      vertex  0.930468355544203  0.930468355544203  1.000000000000000
    endloop
  endfacet
  facet normal  0.316670185143438 -0.805850276090307  0.500325220597959
    outer loop
      vertex  0.644285130804865  0.644285130804865  0.721265697319871
      vertex  0.667888207643763  0.620420010750611  0.667888207643720
      vertex  1.000000000000000  0.957124999999989  0.999999999999961
    endloop
  endfacet
  facet normal  0.707106781186753 -0.000000000000410 -0.707106781186342
    outer loop
      vertex  0.561250000000013  0.500000000000004  0.561249999999977
      vertex  0.625015051433212  0.625015051433216  0.625015051433203
      vertex  0.667888207643763  0.620420010750611  0.667888207643720
    endloop
  endfacet
  facet normal  0.707106781186753 -0.000000000000410 -0.707106781186343
    outer loop
      vertex  0.561250000000013  0.500000000000004  0.561249999999977
      vertex  0.500000000000000  0.500000000000004  0.500000000000000
      vertex  0.625015051433212  0.625015051433216  0.625015051433203
    endloop
  endfacet
  facet normal  0.707106781186753 -0.000000000000410 -0.707106781186343
    outer loop
      vertex  0.667888207643763  0.620420010750611  0.667888207643720
      vertex  0.999999999999997  1.000000000000000  0.999999999999989
      vertex  1.000000000000000  0.957124999999989  0.999999999999961
    endloop
  endfacet
  facet normal  0.707106781186753 -0.000000000000410 -0.707106781186343
    outer loop
      vertex  0.667888207643763  0.620420010750611  0.667888207643720
      vertex  0.625015051433212  0.625015051433216  0.625015051433203
      vertex  0.999999999999997  1.000000000000000  0.999999999999989
    endloop
  endfacet
  facet normal -0.773593977927397  0.374246190342794  0.511363027924753
    outer loop
      vertex  0.542253079348882  0.542253079348882  0.641584000000021
      vertex  0.644285130804865  0.644285130804865  0.721265697319871
      vertex  0.620420010750601  0.667888207643738  0.667888207643706
    endloop
  endfacet
  facet normal -0.778649241534069  0.379900151490951  0.499380850209108
    outer loop
      vertex  0.620420010750601  0.667888207643738  0.667888207643706
      vertex  0.499999999999996  0.561250000000005  0.561249999999964
      vertex  0.521127811574959  0.551750967829882  0.601419418210904
    endloop
  endfacet
  facet normal -0.778649241534041  0.379900151490866  0.499380850209216
    outer loop
      vertex  0.620420010750601  0.667888207643738  0.667888207643706
      vertex  0.521127811574959  0.551750967829882  0.601419418210904
      vertex  0.542253079348882  0.542253079348882  0.641584000000021
    endloop
  endfacet
  facet normal -0.803790709724864  0.308152688372325  0.508883499053475
    outer loop
      vertex  0.644285130804865  0.644285130804865  0.721265697319871
      vertex  0.930468355544203  0.930468355544203  1.000000000000000
      vertex  0.957124999999989  1.000000000000000  0.999999999999957
    endloop
  endfacet
  facet normal -0.805850276090303  0.316670185143410  0.500325220597984
    outer loop
      vertex  0.644285130804865  0.644285130804865  0.721265697319871
      vertex  0.957124999999989  1.000000000000000  0.999999999999957
      vertex  0.620420010750601  0.667888207643738  0.667888207643706
    endloop
  endfacet
endsolid

