solid irit2stl
  facet normal -0.000000000000000 -0.000000000000000  1.000000000000000
    outer loop
      vertex  0.250000000000000  0.499999999999975  0.500000000000000
      vertex  0.499999999999975  0.250000000000000  0.500000000000000
      vertex  0.499999999999975  0.499999999999975  0.500000000000000
    endloop
  endfacet
  facet normal -0.000000000000000 -0.000000000000000  1.000000000000000
    outer loop
      vertex  0.250000000000000  0.499999999999975  0.500000000000000
      vertex  0.250000000000000  0.250000000000000  0.500000000000000
      vertex  0.499999999999975  0.250000000000000  0.500000000000000
    endloop
  endfacet
  facet normal -0.649017862397587  0.000000000000000 -0.760773168749310
    outer loop
      vertex  0.250000000000000  0.499999999999975  0.493750000000000
      vertex  0.499999999999975  0.468744355542643  0.280474253345945
      vertex  0.250000000000000  0.468744355542643  0.493750000000000
    endloop
  endfacet
  facet normal -0.572416361723350 -0.572416361720150 -0.587093704332169
    outer loop
      vertex  0.499999999999975  0.468744355542643  0.280474253345945
      vertex  0.250000000000000  0.499999999999975  0.493750000000000
      vertex  0.312492474736462  0.500000000000025  0.432819837131956
    endloop
  endfacet
  facet normal -0.572416361722759 -0.572416361721845 -0.587093704331093
    outer loop
      vertex  0.499999999999975  0.468744355542643  0.280474253345945
      vertex  0.312492474736462  0.500000000000025  0.432819837131956
      vertex  0.374992474509930  0.500000000000025  0.371882337352831
    endloop
  endfacet
  facet normal -0.572416361722760 -0.572416361721843 -0.587093704331095
    outer loop
      vertex  0.499999999999975  0.468744355542643  0.280474253345945
      vertex  0.374992474509930  0.500000000000025  0.371882337352831
      vertex  0.437492474283398  0.500000000000025  0.310944837573705
    endloop
  endfacet
  facet normal -0.572416361722767 -0.572416361722309 -0.587093704330633
    outer loop
      vertex  0.499999999999975  0.468744355542643  0.280474253345945
      vertex  0.437492474283398  0.500000000000025  0.310944837573705
      vertex  0.499999999999975  0.499999999999975  0.250000000000049
    endloop
  endfacet
  facet normal -0.590254104643026  0.000000000000000 -0.807217499780610
    outer loop
      vertex  0.250000000000000  0.468744355542643  0.493750000000000
      vertex  0.499999999999975  0.437492474283398  0.310944837573705
      vertex  0.250000000000000  0.437492474283398  0.493750000000000
    endloop
  endfacet
  facet normal -0.521270271379347 -0.595752825354249 -0.611028538824932
    outer loop
      vertex  0.250000000000000  0.468744355542643  0.493750000000000
      vertex  0.499999999999975  0.468744355542643  0.280474253345945
      vertex  0.499999999999975  0.437492474283398  0.310944837573705
    endloop
  endfacet
  facet normal -0.520347326761222  0.000000000000000 -0.853954717495284
    outer loop
      vertex  0.250000000000000  0.437492474283398  0.493750000000000
      vertex  0.499999999999975  0.406240593024153  0.341415421801466
      vertex  0.250000000000000  0.406240593024153  0.493750000000000
    endloop
  endfacet
  facet normal -0.463829410273761 -0.618464037085336 -0.634322089318355
    outer loop
      vertex  0.250000000000000  0.437492474283398  0.493750000000000
      vertex  0.499999999999975  0.437492474283398  0.310944837573705
      vertex  0.499999999999975  0.406240593024153  0.341415421801466
    endloop
  endfacet
  facet normal -0.438180931134351  0.000000000000000 -0.898886795759195
    outer loop
      vertex  0.250000000000000  0.406240593024153  0.493750000000000
      vertex  0.499999999999975  0.374992474509930  0.371882337352831
      vertex  0.250000000000000  0.374992474509930  0.493750000000000
    endloop
  endfacet
  facet normal -0.399884922721516 -0.639854398561545 -0.656260921601653
    outer loop
      vertex  0.250000000000000  0.406240593024153  0.493750000000000
      vertex  0.499999999999975  0.406240593024153  0.341415421801466
      vertex  0.499999999999975  0.374992474509930  0.371882337352831
    endloop
  endfacet
  facet normal -0.343361728236524  0.000000000000002 -0.939203238698860
    outer loop
      vertex  0.250000000000000  0.374992474509930  0.493750000000000
      vertex  0.499999999999975  0.343740593250685  0.402352921580591
      vertex  0.250000000000000  0.343740593250685  0.493750000000000
    endloop
  endfacet
  facet normal -0.329533630428796 -0.659106941679484 -0.676007119671335
    outer loop
      vertex  0.250000000000000  0.374992474509930  0.493750000000000
      vertex  0.499999999999975  0.374992474509930  0.371882337352831
      vertex  0.499999999999975  0.343740593250685  0.402352921580591
    endloop
  endfacet
  facet normal -0.236789475780870 -0.000000000000002 -0.971560983242648
    outer loop
      vertex  0.250000000000000  0.343740593250685  0.493750000000000
      vertex  0.499999999999975  0.312492474736462  0.432819837131956
      vertex  0.250000000000000  0.312492474736462  0.493750000000000
    endloop
  endfacet
  facet normal -0.253229497604667 -0.675346423633797 -0.692662998598834
    outer loop
      vertex  0.250000000000000  0.343740593250685  0.493750000000000
      vertex  0.499999999999975  0.343740593250685  0.402352921580591
      vertex  0.499999999999975  0.312492474736462  0.432819837131956
    endloop
  endfacet
  facet normal -0.120958294657896  0.000000000000002 -0.992657589984307
    outer loop
      vertex  0.250000000000000  0.312492474736462  0.493750000000000
      vertex  0.499999999999975  0.281244356222239  0.463286752683320
      vertex  0.250000000000000  0.281244356222239  0.493750000000000
    endloop
  endfacet
  facet normal -0.171906234380840 -0.687707740435034 -0.705341272241132
    outer loop
      vertex  0.250000000000000  0.312492474736462  0.493750000000000
      vertex  0.499999999999975  0.312492474736462  0.432819837131956
      vertex  0.499999999999975  0.281244356222239  0.463286752683320
    endloop
  endfacet
  facet normal -0.000000000000000 -0.000000000000002 -1.000000000000000
    outer loop
      vertex  0.250000000000000  0.281244356222239  0.493750000000000
      vertex  0.499999999999975  0.250000000000000  0.493750000000000
      vertex  0.250000000000000  0.250000000000000  0.493750000000000
    endloop
  endfacet
  facet normal -0.086916580104992 -0.695458241216052 -0.713290503811405
    outer loop
      vertex  0.250000000000000  0.281244356222239  0.493750000000000
      vertex  0.499999999999975  0.281244356222239  0.463286752683320
      vertex  0.499999999999975  0.250000000000000  0.493750000000000
    endloop
  endfacet
  facet normal -0.000000000000000  1.000000000000000 -0.000000000000000
    outer loop
      vertex  0.250000000000000  0.499999999999975  0.500000000000000
      vertex  0.499999999999975  0.499999999999975  0.250000000000049
      vertex  0.250000000000000  0.499999999999975  0.493750000000000
    endloop
  endfacet
  facet normal  0.000000000000000  1.000000000000000  0.000000000000000
    outer loop
      vertex  0.250000000000000  0.499999999999975  0.500000000000000
      vertex  0.499999999999975  0.499999999999975  0.500000000000000
      vertex  0.499999999999975  0.499999999999975  0.250000000000049
    endloop
  endfacet
  facet normal -0.000000000000000 -1.000000000000000  0.000000000000000
    outer loop
      vertex  0.250000000000000  0.250000000000000  0.500000000000000
      vertex  0.499999999999975  0.250000000000000  0.493750000000000
      vertex  0.499999999999975  0.250000000000000  0.500000000000000
    endloop
  endfacet
  facet normal -0.000000000000000 -1.000000000000000  0.000000000000000
    outer loop
      vertex  0.250000000000000  0.250000000000000  0.500000000000000
      vertex  0.250000000000000  0.250000000000000  0.493750000000000
      vertex  0.499999999999975  0.250000000000000  0.493750000000000
    endloop
  endfacet
  facet normal  1.000000000000000 -0.000000000000000 -0.000000000000000
    outer loop
      vertex  0.499999999999975  0.250000000000000  0.500000000000000
      vertex  0.499999999999975  0.499999999999975  0.250000000000049
      vertex  0.499999999999975  0.499999999999975  0.500000000000000
    endloop
  endfacet
  facet normal  1.000000000000000 -0.000000000000000 -0.000000000000000
    outer loop
      vertex  0.499999999999975  0.250000000000000  0.500000000000000
      vertex  0.499999999999975  0.250000000000000  0.493750000000000
      vertex  0.499999999999975  0.499999999999975  0.250000000000049
    endloop
  endfacet
  facet normal -1.000000000000000 -0.000000000000000  0.000000000000000
    outer loop
      vertex  0.250000000000000  0.499999999999975  0.500000000000000
      vertex  0.250000000000000  0.499999999999975  0.493750000000000
      vertex  0.250000000000000  0.468744355542643  0.493750000000000
    endloop
  endfacet
  facet normal -1.000000000000000 -0.000000000000000  0.000000000000000
    outer loop
      vertex  0.250000000000000  0.499999999999975  0.500000000000000
      vertex  0.250000000000000  0.468744355542643  0.493750000000000
      vertex  0.250000000000000  0.437492474283398  0.493750000000000
    endloop
  endfacet
  facet normal -1.000000000000000  0.000000000000000 -0.000000000000000
    outer loop
      vertex  0.250000000000000  0.499999999999975  0.500000000000000
      vertex  0.250000000000000  0.437492474283398  0.493750000000000
      vertex  0.250000000000000  0.406240593024153  0.493750000000000
    endloop
  endfacet
  facet normal -1.000000000000000  0.000000000000000 -0.000000000000000
    outer loop
      vertex  0.250000000000000  0.499999999999975  0.500000000000000
      vertex  0.250000000000000  0.406240593024153  0.493750000000000
      vertex  0.250000000000000  0.374992474509930  0.493750000000000
    endloop
  endfacet
  facet normal -1.000000000000000  0.000000000000000 -0.000000000000000
    outer loop
      vertex  0.250000000000000  0.499999999999975  0.500000000000000
      vertex  0.250000000000000  0.374992474509930  0.493750000000000
      vertex  0.250000000000000  0.343740593250685  0.493750000000000
    endloop
  endfacet
  facet normal -1.000000000000000  0.000000000000000 -0.000000000000000
    outer loop
      vertex  0.250000000000000  0.499999999999975  0.500000000000000
      vertex  0.250000000000000  0.343740593250685  0.493750000000000
      vertex  0.250000000000000  0.312492474736462  0.493750000000000
    endloop
  endfacet
  facet normal -1.000000000000000 -0.000000000000000  0.000000000000000
    outer loop
      vertex  0.250000000000000  0.499999999999975  0.500000000000000
      vertex  0.250000000000000  0.312492474736462  0.493750000000000
      vertex  0.250000000000000  0.281244356222239  0.493750000000000
    endloop
  endfacet
  facet normal -1.000000000000000 -0.000000000000000 -0.000000000000000
    outer loop
      vertex  0.250000000000000  0.499999999999975  0.500000000000000
      vertex  0.250000000000000  0.250000000000000  0.493750000000000
      vertex  0.250000000000000  0.250000000000000  0.500000000000000
    endloop
  endfacet
  facet normal -1.000000000000000  0.000000000000000 -0.000000000000000
    outer loop
      vertex  0.250000000000000  0.499999999999975  0.500000000000000
      vertex  0.250000000000000  0.281244356222239  0.493750000000000
      vertex  0.250000000000000  0.250000000000000  0.493750000000000
    endloop
  endfacet
  facet normal -0.000000000000000 -0.000000000000000  1.000000000000000
    outer loop
      vertex  0.750000000000000  0.499999999999975  0.500000000000000
      vertex  0.499999999999975  0.250000000000000  0.500000000000000
      vertex  0.750000000000000  0.250000000000000  0.500000000000000
    endloop
  endfacet
  facet normal -0.000000000000000 -0.000000000000000  1.000000000000000
    outer loop
      vertex  0.750000000000000  0.499999999999975  0.500000000000000
      vertex  0.499999999999975  0.499999999999975  0.500000000000000
      vertex  0.499999999999975  0.250000000000000  0.500000000000000
    endloop
  endfacet
  facet normal  0.649017862397587 -0.000000000000000 -0.760773168749310
    outer loop
      vertex  0.750000000000000  0.499999999999975  0.493750000000000
      vertex  0.750000000000000  0.468744355542643  0.493750000000000
      vertex  0.499999999999975  0.468744355542643  0.280474253345945
    endloop
  endfacet
  facet normal  0.572416361722459 -0.572416361722459 -0.587093704330786
    outer loop
      vertex  0.750000000000000  0.499999999999975  0.493750000000000
      vertex  0.499999999999975  0.468744355542643  0.280474253345945
      vertex  0.499999999999975  0.499999999999975  0.250000000000049
    endloop
  endfacet
  facet normal  0.590254104643026 -0.000000000000000 -0.807217499780610
    outer loop
      vertex  0.750000000000000  0.468744355542643  0.493750000000000
      vertex  0.750000000000000  0.437492474283398  0.493750000000000
      vertex  0.499999999999975  0.437492474283398  0.310944837573705
    endloop
  endfacet
  facet normal  0.521270271379347 -0.595752825354249 -0.611028538824932
    outer loop
      vertex  0.750000000000000  0.468744355542643  0.493750000000000
      vertex  0.499999999999975  0.437492474283398  0.310944837573705
      vertex  0.499999999999975  0.468744355542643  0.280474253345945
    endloop
  endfacet
  facet normal  0.520347326761222 -0.000000000000000 -0.853954717495284
    outer loop
      vertex  0.750000000000000  0.437492474283398  0.493750000000000
      vertex  0.750000000000000  0.406240593024153  0.493750000000000
      vertex  0.499999999999975  0.406240593024153  0.341415421801466
    endloop
  endfacet
  facet normal  0.463829410273761 -0.618464037085336 -0.634322089318355
    outer loop
      vertex  0.750000000000000  0.437492474283398  0.493750000000000
      vertex  0.499999999999975  0.406240593024153  0.341415421801466
      vertex  0.499999999999975  0.437492474283398  0.310944837573705
    endloop
  endfacet
  facet normal  0.438180931134351 -0.000000000000000 -0.898886795759195
    outer loop
      vertex  0.750000000000000  0.406240593024153  0.493750000000000
      vertex  0.750000000000000  0.374992474509930  0.493750000000000
      vertex  0.499999999999975  0.374992474509930  0.371882337352831
    endloop
  endfacet
  facet normal  0.399884922721516 -0.639854398561545 -0.656260921601653
    outer loop
      vertex  0.750000000000000  0.406240593024153  0.493750000000000
      vertex  0.499999999999975  0.374992474509930  0.371882337352831
      vertex  0.499999999999975  0.406240593024153  0.341415421801466
    endloop
  endfacet
  facet normal  0.343361728236524  0.000000000000002 -0.939203238698860
    outer loop
      vertex  0.750000000000000  0.374992474509930  0.493750000000000
      vertex  0.750000000000000  0.343740593250685  0.493750000000000
      vertex  0.499999999999975  0.343740593250685  0.402352921580591
    endloop
  endfacet
  facet normal  0.329533630428796 -0.659106941679485 -0.676007119671334
    outer loop
      vertex  0.750000000000000  0.374992474509930  0.493750000000000
      vertex  0.499999999999975  0.343740593250685  0.402352921580591
      vertex  0.499999999999975  0.374992474509930  0.371882337352831
    endloop
  endfacet
  facet normal  0.236789475780870 -0.000000000000002 -0.971560983242648
    outer loop
      vertex  0.750000000000000  0.343740593250685  0.493750000000000
      vertex  0.750000000000000  0.312492474736462  0.493750000000000
      vertex  0.499999999999975  0.312492474736462  0.432819837131956
    endloop
  endfacet
  facet normal  0.253229497604667 -0.675346423633796 -0.692662998598834
    outer loop
      vertex  0.750000000000000  0.343740593250685  0.493750000000000
      vertex  0.499999999999975  0.312492474736462  0.432819837131956
      vertex  0.499999999999975  0.343740593250685  0.402352921580591
    endloop
  endfacet
  facet normal  0.120958294657896  0.000000000000002 -0.992657589984307
    outer loop
      vertex  0.750000000000000  0.312492474736462  0.493750000000000
      vertex  0.750000000000000  0.281244356222239  0.493750000000000
      vertex  0.499999999999975  0.281244356222239  0.463286752683320
    endloop
  endfacet
  facet normal  0.171906234380840 -0.687707740435034 -0.705341272241132
    outer loop
      vertex  0.750000000000000  0.312492474736462  0.493750000000000
      vertex  0.499999999999975  0.281244356222239  0.463286752683320
      vertex  0.499999999999975  0.312492474736462  0.432819837131956
    endloop
  endfacet
  facet normal -0.000000000000000 -0.000000000000002 -1.000000000000000
    outer loop
      vertex  0.750000000000000  0.281244356222239  0.493750000000000
      vertex  0.750000000000000  0.250000000000000  0.493750000000000
      vertex  0.499999999999975  0.250000000000000  0.493750000000000
    endloop
  endfacet
  facet normal  0.086916580104992 -0.695458241216052 -0.713290503811405
    outer loop
      vertex  0.750000000000000  0.281244356222239  0.493750000000000
      vertex  0.499999999999975  0.250000000000000  0.493750000000000
      vertex  0.499999999999975  0.281244356222239  0.463286752683320
    endloop
  endfacet
  facet normal -0.000000000000000  1.000000000000000 -0.000000000000000
    outer loop
      vertex  0.750000000000000  0.499999999999975  0.500000000000000
      vertex  0.499999999999975  0.499999999999975  0.250000000000049
      vertex  0.499999999999975  0.499999999999975  0.500000000000000
    endloop
  endfacet
  facet normal -0.000000000000000  1.000000000000000  0.000000000000000
    outer loop
      vertex  0.750000000000000  0.499999999999975  0.500000000000000
      vertex  0.750000000000000  0.499999999999975  0.493750000000000
      vertex  0.499999999999975  0.499999999999975  0.250000000000049
    endloop
  endfacet
  facet normal -0.000000000000000 -1.000000000000000 -0.000000000000000
    outer loop
      vertex  0.750000000000000  0.250000000000000  0.500000000000000
      vertex  0.499999999999975  0.250000000000000  0.493750000000000
      vertex  0.750000000000000  0.250000000000000  0.493750000000000
    endloop
  endfacet
  facet normal  0.000000000000000 -1.000000000000000 -0.000000000000000
    outer loop
      vertex  0.750000000000000  0.250000000000000  0.500000000000000
      vertex  0.499999999999975  0.250000000000000  0.500000000000000
      vertex  0.499999999999975  0.250000000000000  0.493750000000000
    endloop
  endfacet
  facet normal -1.000000000000000 -0.000000000000000  0.000000000000000
    outer loop
      vertex  0.499999999999975  0.250000000000000  0.500000000000000
      vertex  0.499999999999975  0.499999999999975  0.250000000000049
      vertex  0.499999999999975  0.250000000000000  0.493750000000000
    endloop
  endfacet
  facet normal -1.000000000000000 -0.000000000000000 -0.000000000000000
    outer loop
      vertex  0.499999999999975  0.250000000000000  0.500000000000000
      vertex  0.499999999999975  0.499999999999975  0.500000000000000
      vertex  0.499999999999975  0.499999999999975  0.250000000000049
    endloop
  endfacet
  facet normal  1.000000000000000 -0.000000000000000 -0.000000000000000
    outer loop
      vertex  0.750000000000000  0.250000000000000  0.500000000000000
      vertex  0.750000000000000  0.250000000000000  0.493750000000000
      vertex  0.750000000000000  0.281244356222239  0.493750000000000
    endloop
  endfacet
  facet normal  1.000000000000000  0.000000000000000  0.000000000000000
    outer loop
      vertex  0.750000000000000  0.250000000000000  0.500000000000000
      vertex  0.750000000000000  0.281244356222239  0.493750000000000
      vertex  0.750000000000000  0.312492474736462  0.493750000000000
    endloop
  endfacet
  facet normal  1.000000000000000 -0.000000000000000 -0.000000000000000
    outer loop
      vertex  0.750000000000000  0.250000000000000  0.500000000000000
      vertex  0.750000000000000  0.312492474736462  0.493750000000000
      vertex  0.750000000000000  0.343740593250685  0.493750000000000
    endloop
  endfacet
  facet normal  1.000000000000000  0.000000000000000  0.000000000000000
    outer loop
      vertex  0.750000000000000  0.250000000000000  0.500000000000000
      vertex  0.750000000000000  0.343740593250685  0.493750000000000
      vertex  0.750000000000000  0.374992474509930  0.493750000000000
    endloop
  endfacet
  facet normal  1.000000000000000  0.000000000000000  0.000000000000000
    outer loop
      vertex  0.750000000000000  0.250000000000000  0.500000000000000
      vertex  0.750000000000000  0.374992474509930  0.493750000000000
      vertex  0.750000000000000  0.406240593024153  0.493750000000000
    endloop
  endfacet
  facet normal  1.000000000000000 -0.000000000000000 -0.000000000000000
    outer loop
      vertex  0.750000000000000  0.250000000000000  0.500000000000000
      vertex  0.750000000000000  0.406240593024153  0.493750000000000
      vertex  0.750000000000000  0.437492474283398  0.493750000000000
    endloop
  endfacet
  facet normal  1.000000000000000  0.000000000000000  0.000000000000000
    outer loop
      vertex  0.750000000000000  0.250000000000000  0.500000000000000
      vertex  0.750000000000000  0.437492474283398  0.493750000000000
      vertex  0.750000000000000  0.468744355542643  0.493750000000000
    endloop
  endfacet
  facet normal  1.000000000000000 -0.000000000000000 -0.000000000000000
    outer loop
      vertex  0.750000000000000  0.250000000000000  0.500000000000000
      vertex  0.750000000000000  0.499999999999975  0.493750000000000
      vertex  0.750000000000000  0.499999999999975  0.500000000000000
    endloop
  endfacet
  facet normal  1.000000000000000 -0.000000000000000 -0.000000000000000
    outer loop
      vertex  0.750000000000000  0.250000000000000  0.500000000000000
      vertex  0.750000000000000  0.468744355542643  0.493750000000000
      vertex  0.750000000000000  0.499999999999975  0.493750000000000
    endloop
  endfacet
  facet normal  0.000000000000000  0.000000000000000  1.000000000000000
    outer loop
      vertex  0.250000000000000  0.499999999999975  0.500000000000000
      vertex  0.499999999999975  0.750000000000000  0.500000000000000
      vertex  0.250000000000000  0.750000000000000  0.500000000000000
    endloop
  endfacet
  facet normal  0.000000000000000 -0.000000000000000  1.000000000000000
    outer loop
      vertex  0.250000000000000  0.499999999999975  0.500000000000000
      vertex  0.499999999999975  0.499999999999975  0.500000000000000
      vertex  0.499999999999975  0.750000000000000  0.500000000000000
    endloop
  endfacet
  facet normal -0.366166385443255  0.549260600490874 -0.751155756764085
    outer loop
      vertex  0.437492474283398  0.500000000000025  0.310944837573705
      vertex  0.437492474283398  0.625007525490070  0.402352921580582
      vertex  0.499999999999975  0.625007525490070  0.371882337352831
    endloop
  endfacet
  facet normal -0.572416361721530  0.572416361722444 -0.587093704331708
    outer loop
      vertex  0.437492474283398  0.500000000000025  0.310944837573705
      vertex  0.499999999999975  0.625007525490070  0.371882337352831
      vertex  0.500000000000025  0.593759406975847  0.341415421801466
    endloop
  endfacet
  facet normal -0.572416361722152  0.572416361722609 -0.587093704330941
    outer loop
      vertex  0.437492474283398  0.500000000000025  0.310944837573705
      vertex  0.500000000000025  0.593759406975847  0.341415421801466
      vertex  0.500000000000025  0.562507525716602  0.310944837573705
    endloop
  endfacet
  facet normal -0.572416361722153  0.572416361722610 -0.587093704330939
    outer loop
      vertex  0.437492474283398  0.500000000000025  0.310944837573705
      vertex  0.500000000000025  0.562507525716602  0.310944837573705
      vertex  0.500000000000025  0.531255644457358  0.280474253345945
    endloop
  endfacet
  facet normal -0.572416361722160  0.572416361723074 -0.587093704330479
    outer loop
      vertex  0.437492474283398  0.500000000000025  0.310944837573705
      vertex  0.500000000000025  0.531255644457358  0.280474253345945
      vertex  0.499999999999975  0.499999999999975  0.250000000000049
    endloop
  endfacet
  facet normal -0.000000000000000  0.590254104643027 -0.807217499780610
    outer loop
      vertex  0.437492474283398  0.625007525490070  0.402352921580582
      vertex  0.437492474283398  0.750000000000000  0.493750000000000
      vertex  0.499999999999975  0.750000000000000  0.493750000000000
    endloop
  endfacet
  facet normal -0.329533630427970  0.659106941679416 -0.676007119671804
    outer loop
      vertex  0.437492474283398  0.625007525490070  0.402352921580582
      vertex  0.499999999999975  0.750000000000000  0.493750000000000
      vertex  0.500000000000025  0.718755643777761  0.463286752683320
    endloop
  endfacet
  facet normal -0.329533630428560  0.659106941679542 -0.676007119671394
    outer loop
      vertex  0.437492474283398  0.625007525490070  0.402352921580582
      vertex  0.500000000000025  0.718755643777761  0.463286752683320
      vertex  0.500000000000025  0.687507525263538  0.432819837131956
    endloop
  endfacet
  facet normal -0.329533630428563  0.659106941679543 -0.676007119671391
    outer loop
      vertex  0.437492474283398  0.625007525490070  0.402352921580582
      vertex  0.500000000000025  0.687507525263538  0.432819837131956
      vertex  0.500000000000025  0.656259406749315  0.402352921580591
    endloop
  endfacet
  facet normal -0.329533630428682  0.659106941679782 -0.676007119671101
    outer loop
      vertex  0.437492474283398  0.625007525490070  0.402352921580582
      vertex  0.500000000000025  0.656259406749315  0.402352921580591
      vertex  0.499999999999975  0.625007525490070  0.371882337352831
    endloop
  endfacet
  facet normal -0.401342254176045  0.401342254176045 -0.823315729247160
    outer loop
      vertex  0.374992474509930  0.500000000000025  0.371882337352831
      vertex  0.374992474509930  0.625007525490070  0.432819837131950
      vertex  0.437492474283398  0.625007525490070  0.402352921580582
    endloop
  endfacet
  facet normal -0.618464037085335  0.463829410273761 -0.634322089318356
    outer loop
      vertex  0.374992474509930  0.500000000000025  0.371882337352831
      vertex  0.437492474283398  0.625007525490070  0.402352921580582
      vertex  0.437492474283398  0.500000000000025  0.310944837573705
    endloop
  endfacet
  facet normal -0.000000000000000  0.438180931134351 -0.898886795759196
    outer loop
      vertex  0.374992474509930  0.625007525490070  0.432819837131950
      vertex  0.374992474509930  0.750000000000000  0.493750000000000
      vertex  0.437492474283398  0.750000000000000  0.493750000000000
    endloop
  endfacet
  facet normal -0.366166385443256  0.549260600490874 -0.751155756764085
    outer loop
      vertex  0.374992474509930  0.625007525490070  0.432819837131950
      vertex  0.437492474283398  0.750000000000000  0.493750000000000
      vertex  0.437492474283398  0.625007525490070  0.402352921580582
    endloop
  endfacet
  facet normal -0.428029694448551  0.214001962691414 -0.878062492442595
    outer loop
      vertex  0.312492474736462  0.500000000000025  0.432819837131956
      vertex  0.312492474736462  0.625007525490070  0.463286752683317
      vertex  0.374992474509930  0.625007525490070  0.432819837131950
    endloop
  endfacet
  facet normal -0.659106941679485  0.329533630428796 -0.676007119671334
    outer loop
      vertex  0.312492474736462  0.500000000000025  0.432819837131956
      vertex  0.374992474509930  0.625007525490070  0.432819837131950
      vertex  0.374992474509930  0.500000000000025  0.371882337352831
    endloop
  endfacet
  facet normal -0.000000000000000  0.236789475780870 -0.971560983242648
    outer loop
      vertex  0.312492474736462  0.625007525490070  0.463286752683317
      vertex  0.312492474736462  0.750000000000000  0.493750000000000
      vertex  0.374992474509930  0.750000000000000  0.493750000000000
    endloop
  endfacet
  facet normal -0.401342254176045  0.401342254176045 -0.823315729247160
    outer loop
      vertex  0.312492474736462  0.625007525490070  0.463286752683317
      vertex  0.374992474509930  0.750000000000000  0.493750000000000
      vertex  0.374992474509930  0.625007525490070  0.432819837131950
    endloop
  endfacet
  facet normal -0.438180931134351 -0.000000000000000 -0.898886795759196
    outer loop
      vertex  0.250000000000000  0.499999999999975  0.493750000000000
      vertex  0.250000000000000  0.625007525490070  0.493750000000000
      vertex  0.312492474736462  0.625007525490070  0.463286752683317
    endloop
  endfacet
  facet normal -0.687707740435035  0.171906234380840 -0.705341272241132
    outer loop
      vertex  0.250000000000000  0.499999999999975  0.493750000000000
      vertex  0.312492474736462  0.625007525490070  0.463286752683317
      vertex  0.312492474736462  0.500000000000025  0.432819837131956
    endloop
  endfacet
  facet normal  0.000000000000000 -0.000000000000000 -1.000000000000000
    outer loop
      vertex  0.250000000000000  0.625007525490070  0.493750000000000
      vertex  0.250000000000000  0.750000000000000  0.493750000000000
      vertex  0.312492474736462  0.750000000000000  0.493750000000000
    endloop
  endfacet
  facet normal -0.428029694448551  0.214001962691414 -0.878062492442595
    outer loop
      vertex  0.250000000000000  0.625007525490070  0.493750000000000
      vertex  0.312492474736462  0.750000000000000  0.493750000000000
      vertex  0.312492474736462  0.625007525490070  0.463286752683317
    endloop
  endfacet
  facet normal -0.000000000000000 -1.000000000000000  0.000000000000000
    outer loop
      vertex  0.250000000000000  0.499999999999975  0.500000000000000
      vertex  0.499999999999975  0.499999999999975  0.250000000000049
      vertex  0.499999999999975  0.499999999999975  0.500000000000000
    endloop
  endfacet
  facet normal -0.000000000000000 -1.000000000000000 -0.000000000000000
    outer loop
      vertex  0.250000000000000  0.499999999999975  0.500000000000000
      vertex  0.250000000000000  0.499999999999975  0.493750000000000
      vertex  0.499999999999975  0.499999999999975  0.250000000000049
    endloop
  endfacet
  facet normal -0.000000000000000  1.000000000000000 -0.000000000000000
    outer loop
      vertex  0.499999999999975  0.750000000000000  0.500000000000000
      vertex  0.499999999999975  0.750000000000000  0.493750000000000
      vertex  0.437492474283398  0.750000000000000  0.493750000000000
    endloop
  endfacet
  facet normal -0.000000000000000  1.000000000000000  0.000000000000000
    outer loop
      vertex  0.499999999999975  0.750000000000000  0.500000000000000
      vertex  0.437492474283398  0.750000000000000  0.493750000000000
      vertex  0.374992474509930  0.750000000000000  0.493750000000000
    endloop
  endfacet
  facet normal -0.000000000000000  1.000000000000000  0.000000000000000
    outer loop
      vertex  0.499999999999975  0.750000000000000  0.500000000000000
      vertex  0.374992474509930  0.750000000000000  0.493750000000000
      vertex  0.312492474736462  0.750000000000000  0.493750000000000
    endloop
  endfacet
  facet normal -0.000000000000000  1.000000000000000 -0.000000000000000
    outer loop
      vertex  0.499999999999975  0.750000000000000  0.500000000000000
      vertex  0.250000000000000  0.750000000000000  0.493750000000000
      vertex  0.250000000000000  0.750000000000000  0.500000000000000
    endloop
  endfacet
  facet normal -0.000000000000000  1.000000000000000 -0.000000000000000
    outer loop
      vertex  0.499999999999975  0.750000000000000  0.500000000000000
      vertex  0.312492474736462  0.750000000000000  0.493750000000000
      vertex  0.250000000000000  0.750000000000000  0.493750000000000
    endloop
  endfacet
  facet normal  1.000000000000000 -0.000000000000000 -0.000000000000000
    outer loop
      vertex  0.499999999999975  0.750000000000000  0.500000000000000
      vertex  0.499999999999975  0.499999999999975  0.250000000000049
      vertex  0.499999999999975  0.750000000000000  0.493750000000000
    endloop
  endfacet
  facet normal  1.000000000000000 -0.000000000000000 -0.000000000000000
    outer loop
      vertex  0.499999999999975  0.750000000000000  0.500000000000000
      vertex  0.499999999999975  0.499999999999975  0.500000000000000
      vertex  0.499999999999975  0.499999999999975  0.250000000000049
    endloop
  endfacet
  facet normal -1.000000000000000 -0.000000000000000  0.000000000000000
    outer loop
      vertex  0.250000000000000  0.750000000000000  0.500000000000000
      vertex  0.250000000000000  0.750000000000000  0.493750000000000
      vertex  0.250000000000000  0.625007525490070  0.493750000000000
    endloop
  endfacet
  facet normal -1.000000000000000 -0.000000000000000 -0.000000000000000
    outer loop
      vertex  0.250000000000000  0.750000000000000  0.500000000000000
      vertex  0.250000000000000  0.499999999999975  0.493750000000000
      vertex  0.250000000000000  0.499999999999975  0.500000000000000
    endloop
  endfacet
  facet normal -1.000000000000000 -0.000000000000000  0.000000000000000
    outer loop
      vertex  0.250000000000000  0.750000000000000  0.500000000000000
      vertex  0.250000000000000  0.625007525490070  0.493750000000000
      vertex  0.250000000000000  0.499999999999975  0.493750000000000
    endloop
  endfacet
  facet normal -0.000000000000000 -0.000000000000000  1.000000000000000
    outer loop
      vertex  0.750000000000000  0.499999999999975  0.500000000000000
      vertex  0.499999999999975  0.750000000000000  0.500000000000000
      vertex  0.499999999999975  0.499999999999975  0.500000000000000
    endloop
  endfacet
  facet normal  0.000000000000000  0.000000000000000  1.000000000000000
    outer loop
      vertex  0.750000000000000  0.499999999999975  0.500000000000000
      vertex  0.750000000000000  0.750000000000000  0.500000000000000
      vertex  0.499999999999975  0.750000000000000  0.500000000000000
    endloop
  endfacet
  facet normal  0.649017862397587 -0.000000000000000 -0.760773168749310
    outer loop
      vertex  0.750000000000000  0.499999999999975  0.493750000000000
      vertex  0.500000000000025  0.531255644457358  0.280474253345945
      vertex  0.750000000000000  0.531255644457358  0.493750000000000
    endloop
  endfacet
  facet normal  0.572416361722460  0.572416361722459 -0.587093704330787
    outer loop
      vertex  0.750000000000000  0.499999999999975  0.493750000000000
      vertex  0.499999999999975  0.499999999999975  0.250000000000049
      vertex  0.500000000000025  0.531255644457358  0.280474253345945
    endloop
  endfacet
  facet normal  0.590254104643026 -0.000000000000000 -0.807217499780610
    outer loop
      vertex  0.750000000000000  0.531255644457358  0.493750000000000
      vertex  0.500000000000025  0.562507525716602  0.310944837573705
      vertex  0.750000000000000  0.562507525716602  0.493750000000000
    endloop
  endfacet
  facet normal  0.521270271379346  0.595752825354250 -0.611028538824931
    outer loop
      vertex  0.750000000000000  0.531255644457358  0.493750000000000
      vertex  0.500000000000025  0.531255644457358  0.280474253345945
      vertex  0.500000000000025  0.562507525716602  0.310944837573705
    endloop
  endfacet
  facet normal  0.520347326761222 -0.000000000000000 -0.853954717495284
    outer loop
      vertex  0.750000000000000  0.562507525716602  0.493750000000000
      vertex  0.500000000000025  0.593759406975847  0.341415421801466
      vertex  0.750000000000000  0.593759406975847  0.493750000000000
    endloop
  endfacet
  facet normal  0.463829410273761  0.618464037085334 -0.634322089318356
    outer loop
      vertex  0.750000000000000  0.562507525716602  0.493750000000000
      vertex  0.500000000000025  0.562507525716602  0.310944837573705
      vertex  0.500000000000025  0.593759406975847  0.341415421801466
    endloop
  endfacet
  facet normal  0.438180931134351 -0.000000000000000 -0.898886795759195
    outer loop
      vertex  0.750000000000000  0.593759406975847  0.493750000000000
      vertex  0.499999999999975  0.625007525490070  0.371882337352831
      vertex  0.750000000000000  0.625007525490070  0.493750000000000
    endloop
  endfacet
  facet normal  0.399884922721515  0.639854398561547 -0.656260921601651
    outer loop
      vertex  0.750000000000000  0.593759406975847  0.493750000000000
      vertex  0.500000000000025  0.593759406975847  0.341415421801466
      vertex  0.499999999999975  0.625007525490070  0.371882337352831
    endloop
  endfacet
  facet normal  0.343361728236524 -0.000000000000002 -0.939203238698860
    outer loop
      vertex  0.750000000000000  0.625007525490070  0.493750000000000
      vertex  0.500000000000025  0.656259406749315  0.402352921580591
      vertex  0.750000000000000  0.656259406749315  0.493750000000000
    endloop
  endfacet
  facet normal  0.329533630428796  0.659106941679485 -0.676007119671334
    outer loop
      vertex  0.750000000000000  0.625007525490070  0.493750000000000
      vertex  0.499999999999975  0.625007525490070  0.371882337352831
      vertex  0.500000000000025  0.656259406749315  0.402352921580591
    endloop
  endfacet
  facet normal  0.236789475780870  0.000000000000002 -0.971560983242648
    outer loop
      vertex  0.750000000000000  0.656259406749315  0.493750000000000
      vertex  0.500000000000025  0.687507525263538  0.432819837131956
      vertex  0.750000000000000  0.687507525263538  0.493750000000000
    endloop
  endfacet
  facet normal  0.253229497604667  0.675346423633797 -0.692662998598834
    outer loop
      vertex  0.750000000000000  0.656259406749315  0.493750000000000
      vertex  0.500000000000025  0.656259406749315  0.402352921580591
      vertex  0.500000000000025  0.687507525263538  0.432819837131956
    endloop
  endfacet
  facet normal  0.120958294657896 -0.000000000000002 -0.992657589984307
    outer loop
      vertex  0.750000000000000  0.687507525263538  0.493750000000000
      vertex  0.500000000000025  0.718755643777761  0.463286752683320
      vertex  0.750000000000000  0.718755643777761  0.493750000000000
    endloop
  endfacet
  facet normal  0.171906234380840  0.687707740435034 -0.705341272241132
    outer loop
      vertex  0.750000000000000  0.687507525263538  0.493750000000000
      vertex  0.500000000000025  0.687507525263538  0.432819837131956
      vertex  0.500000000000025  0.718755643777761  0.463286752683320
    endloop
  endfacet
  facet normal -0.000000000000000  0.000000000000002 -1.000000000000000
    outer loop
      vertex  0.750000000000000  0.718755643777761  0.493750000000000
      vertex  0.499999999999975  0.750000000000000  0.493750000000000
      vertex  0.750000000000000  0.750000000000000  0.493750000000000
    endloop
  endfacet
  facet normal  0.086916580104992  0.695458241216051 -0.713290503811406
    outer loop
      vertex  0.750000000000000  0.718755643777761  0.493750000000000
      vertex  0.500000000000025  0.718755643777761  0.463286752683320
      vertex  0.499999999999975  0.750000000000000  0.493750000000000
    endloop
  endfacet
  facet normal -0.000000000000000 -1.000000000000000 -0.000000000000000
    outer loop
      vertex  0.750000000000000  0.499999999999975  0.500000000000000
      vertex  0.499999999999975  0.499999999999975  0.250000000000049
      vertex  0.750000000000000  0.499999999999975  0.493750000000000
    endloop
  endfacet
  facet normal  0.000000000000000 -1.000000000000000 -0.000000000000000
    outer loop
      vertex  0.750000000000000  0.499999999999975  0.500000000000000
      vertex  0.499999999999975  0.499999999999975  0.500000000000000
      vertex  0.499999999999975  0.499999999999975  0.250000000000049
    endloop
  endfacet
  facet normal -0.000000000000000  1.000000000000000 -0.000000000000000
    outer loop
      vertex  0.750000000000000  0.750000000000000  0.500000000000000
      vertex  0.499999999999975  0.750000000000000  0.493750000000000
      vertex  0.499999999999975  0.750000000000000  0.500000000000000
    endloop
  endfacet
  facet normal -0.000000000000000  1.000000000000000 -0.000000000000000
    outer loop
      vertex  0.750000000000000  0.750000000000000  0.500000000000000
      vertex  0.750000000000000  0.750000000000000  0.493750000000000
      vertex  0.499999999999975  0.750000000000000  0.493750000000000
    endloop
  endfacet
  facet normal -1.000000000000000 -0.000000000000000 -0.000000000000000
    outer loop
      vertex  0.499999999999975  0.750000000000000  0.500000000000000
      vertex  0.499999999999975  0.499999999999975  0.250000000000049
      vertex  0.499999999999975  0.499999999999975  0.500000000000000
    endloop
  endfacet
  facet normal -1.000000000000000 -0.000000000000000 -0.000000000000000
    outer loop
      vertex  0.499999999999975  0.750000000000000  0.500000000000000
      vertex  0.499999999999975  0.750000000000000  0.493750000000000
      vertex  0.499999999999975  0.499999999999975  0.250000000000049
    endloop
  endfacet
  facet normal  1.000000000000000 -0.000000000000000 -0.000000000000000
    outer loop
      vertex  0.750000000000000  0.499999999999975  0.500000000000000
      vertex  0.750000000000000  0.499999999999975  0.493750000000000
      vertex  0.750000000000000  0.531255644457358  0.493750000000000
    endloop
  endfacet
  facet normal  1.000000000000000 -0.000000000000000 -0.000000000000000
    outer loop
      vertex  0.750000000000000  0.499999999999975  0.500000000000000
      vertex  0.750000000000000  0.531255644457358  0.493750000000000
      vertex  0.750000000000000  0.562507525716602  0.493750000000000
    endloop
  endfacet
  facet normal  1.000000000000000 -0.000000000000000 -0.000000000000000
    outer loop
      vertex  0.750000000000000  0.499999999999975  0.500000000000000
      vertex  0.750000000000000  0.562507525716602  0.493750000000000
      vertex  0.750000000000000  0.593759406975847  0.493750000000000
    endloop
  endfacet
  facet normal  1.000000000000000 -0.000000000000000 -0.000000000000000
    outer loop
      vertex  0.750000000000000  0.499999999999975  0.500000000000000
      vertex  0.750000000000000  0.593759406975847  0.493750000000000
      vertex  0.750000000000000  0.625007525490070  0.493750000000000
    endloop
  endfacet
  facet normal  1.000000000000000  0.000000000000000  0.000000000000000
    outer loop
      vertex  0.750000000000000  0.499999999999975  0.500000000000000
      vertex  0.750000000000000  0.625007525490070  0.493750000000000
      vertex  0.750000000000000  0.656259406749315  0.493750000000000
    endloop
  endfacet
  facet normal  1.000000000000000 -0.000000000000000 -0.000000000000000
    outer loop
      vertex  0.750000000000000  0.499999999999975  0.500000000000000
      vertex  0.750000000000000  0.656259406749315  0.493750000000000
      vertex  0.750000000000000  0.687507525263538  0.493750000000000
    endloop
  endfacet
  facet normal  1.000000000000000  0.000000000000000  0.000000000000000
    outer loop
      vertex  0.750000000000000  0.499999999999975  0.500000000000000
      vertex  0.750000000000000  0.687507525263538  0.493750000000000
      vertex  0.750000000000000  0.718755643777761  0.493750000000000
    endloop
  endfacet
  facet normal  1.000000000000000 -0.000000000000000 -0.000000000000000
    outer loop
      vertex  0.750000000000000  0.499999999999975  0.500000000000000
      vertex  0.750000000000000  0.750000000000000  0.493750000000000
      vertex  0.750000000000000  0.750000000000000  0.500000000000000
    endloop
  endfacet
  facet normal  1.000000000000000  0.000000000000000  0.000000000000000
    outer loop
      vertex  0.750000000000000  0.499999999999975  0.500000000000000
      vertex  0.750000000000000  0.718755643777761  0.493750000000000
      vertex  0.750000000000000  0.750000000000000  0.493750000000000
    endloop
  endfacet
  facet normal -0.000000000000000  0.000000000000000 -1.000000000000000
    outer loop
      vertex  0.250000000000000  0.499999999999975  0.500000000000000
      vertex  0.499999999999975  0.250000000000000  0.500000000000000
      vertex  0.250000000000000  0.250000000000000  0.500000000000000
    endloop
  endfacet
  facet normal -0.000000000000000 -0.000000000000000 -1.000000000000000
    outer loop
      vertex  0.250000000000000  0.499999999999975  0.500000000000000
      vertex  0.499999999999975  0.499999999999975  0.500000000000000
      vertex  0.499999999999975  0.250000000000000  0.500000000000000
    endloop
  endfacet
  facet normal -0.649017862397587 -0.000000000000000  0.760773168749310
    outer loop
      vertex  0.250000000000000  0.499999999999975  0.506250000000000
      vertex  0.250000000000000  0.468744355542643  0.506250000000000
      vertex  0.499999999999975  0.468744355542643  0.719525746654055
    endloop
  endfacet
  facet normal -0.572416361722767 -0.572416361722309  0.587093704330633
    outer loop
      vertex  0.499999999999975  0.468744355542643  0.719525746654055
      vertex  0.499999999999975  0.499999999999975  0.749999999999951
      vertex  0.437492474283398  0.500000000000025  0.689055162426294
    endloop
  endfacet
  facet normal -0.572416361722760 -0.572416361721842  0.587093704331096
    outer loop
      vertex  0.499999999999975  0.468744355542643  0.719525746654055
      vertex  0.437492474283398  0.500000000000025  0.689055162426294
      vertex  0.374992474509930  0.500000000000025  0.628117662647169
    endloop
  endfacet
  facet normal -0.572416361722759 -0.572416361721846  0.587093704331093
    outer loop
      vertex  0.499999999999975  0.468744355542643  0.719525746654055
      vertex  0.374992474509930  0.500000000000025  0.628117662647169
      vertex  0.312492474736462  0.500000000000025  0.567180162868044
    endloop
  endfacet
  facet normal -0.572416361723350 -0.572416361720151  0.587093704332169
    outer loop
      vertex  0.499999999999975  0.468744355542643  0.719525746654055
      vertex  0.312492474736462  0.500000000000025  0.567180162868044
      vertex  0.250000000000000  0.499999999999975  0.506250000000000
    endloop
  endfacet
  facet normal -0.590254104643026 -0.000000000000000  0.807217499780610
    outer loop
      vertex  0.250000000000000  0.468744355542643  0.506250000000000
      vertex  0.250000000000000  0.437492474283398  0.506250000000000
      vertex  0.499999999999975  0.437492474283398  0.689055162426295
    endloop
  endfacet
  facet normal -0.521270271379347 -0.595752825354248  0.611028538824932
    outer loop
      vertex  0.250000000000000  0.468744355542643  0.506250000000000
      vertex  0.499999999999975  0.437492474283398  0.689055162426295
      vertex  0.499999999999975  0.468744355542643  0.719525746654055
    endloop
  endfacet
  facet normal -0.520347326761222 -0.000000000000000  0.853954717495284
    outer loop
      vertex  0.250000000000000  0.437492474283398  0.506250000000000
      vertex  0.250000000000000  0.406240593024153  0.506250000000000
      vertex  0.499999999999975  0.406240593024153  0.658584578198534
    endloop
  endfacet
  facet normal -0.463829410273761 -0.618464037085336  0.634322089318355
    outer loop
      vertex  0.250000000000000  0.437492474283398  0.506250000000000
      vertex  0.499999999999975  0.406240593024153  0.658584578198534
      vertex  0.499999999999975  0.437492474283398  0.689055162426295
    endloop
  endfacet
  facet normal -0.438180931134351 -0.000000000000000  0.898886795759195
    outer loop
      vertex  0.250000000000000  0.406240593024153  0.506250000000000
      vertex  0.250000000000000  0.374992474509930  0.506250000000000
      vertex  0.499999999999975  0.374992474509930  0.628117662647169
    endloop
  endfacet
  facet normal -0.399884922721516 -0.639854398561545  0.656260921601653
    outer loop
      vertex  0.250000000000000  0.406240593024153  0.506250000000000
      vertex  0.499999999999975  0.374992474509930  0.628117662647169
      vertex  0.499999999999975  0.406240593024153  0.658584578198534
    endloop
  endfacet
  facet normal -0.343361728236524 -0.000000000000000  0.939203238698860
    outer loop
      vertex  0.250000000000000  0.374992474509930  0.506250000000000
      vertex  0.250000000000000  0.343740593250685  0.506250000000000
      vertex  0.499999999999975  0.343740593250685  0.597647078419409
    endloop
  endfacet
  facet normal -0.329533630428796 -0.659106941679486  0.676007119671334
    outer loop
      vertex  0.250000000000000  0.374992474509930  0.506250000000000
      vertex  0.499999999999975  0.343740593250685  0.597647078419409
      vertex  0.499999999999975  0.374992474509930  0.628117662647169
    endloop
  endfacet
  facet normal -0.236789475780870 -0.000000000000000  0.971560983242648
    outer loop
      vertex  0.250000000000000  0.343740593250685  0.506250000000000
      vertex  0.250000000000000  0.312492474736462  0.506250000000000
      vertex  0.499999999999975  0.312492474736462  0.567180162868044
    endloop
  endfacet
  facet normal -0.253229497604668 -0.675346423633796  0.692662998598835
    outer loop
      vertex  0.250000000000000  0.343740593250685  0.506250000000000
      vertex  0.499999999999975  0.312492474736462  0.567180162868044
      vertex  0.499999999999975  0.343740593250685  0.597647078419409
    endloop
  endfacet
  facet normal -0.120958294657896 -0.000000000000000  0.992657589984307
    outer loop
      vertex  0.250000000000000  0.312492474736462  0.506250000000000
      vertex  0.250000000000000  0.281244356222239  0.506250000000000
      vertex  0.499999999999975  0.281244356222239  0.536713247316680
    endloop
  endfacet
  facet normal -0.171906234380840 -0.687707740435034  0.705341272241132
    outer loop
      vertex  0.250000000000000  0.312492474736462  0.506250000000000
      vertex  0.499999999999975  0.281244356222239  0.536713247316680
      vertex  0.499999999999975  0.312492474736462  0.567180162868044
    endloop
  endfacet
  facet normal -0.000000000000000 -0.000000000000000  1.000000000000000
    outer loop
      vertex  0.250000000000000  0.281244356222239  0.506250000000000
      vertex  0.250000000000000  0.250000000000000  0.506250000000000
      vertex  0.499999999999975  0.250000000000000  0.506250000000000
    endloop
  endfacet
  facet normal -0.086916580104992 -0.695458241216052  0.713290503811405
    outer loop
      vertex  0.250000000000000  0.281244356222239  0.506250000000000
      vertex  0.499999999999975  0.250000000000000  0.506250000000000
      vertex  0.499999999999975  0.281244356222239  0.536713247316680
    endloop
  endfacet
  facet normal -0.000000000000000  1.000000000000000  0.000000000000000
    outer loop
      vertex  0.250000000000000  0.499999999999975  0.500000000000000
      vertex  0.499999999999975  0.499999999999975  0.749999999999951
      vertex  0.499999999999975  0.499999999999975  0.500000000000000
    endloop
  endfacet
  facet normal -0.000000000000000  1.000000000000000 -0.000000000000000
    outer loop
      vertex  0.250000000000000  0.499999999999975  0.500000000000000
      vertex  0.250000000000000  0.499999999999975  0.506250000000000
      vertex  0.499999999999975  0.499999999999975  0.749999999999951
    endloop
  endfacet
  facet normal -0.000000000000000 -1.000000000000000 -0.000000000000000
    outer loop
      vertex  0.250000000000000  0.250000000000000  0.500000000000000
      vertex  0.499999999999975  0.250000000000000  0.506250000000000
      vertex  0.250000000000000  0.250000000000000  0.506250000000000
    endloop
  endfacet
  facet normal -0.000000000000000 -1.000000000000000  0.000000000000000
    outer loop
      vertex  0.250000000000000  0.250000000000000  0.500000000000000
      vertex  0.499999999999975  0.250000000000000  0.500000000000000
      vertex  0.499999999999975  0.250000000000000  0.506250000000000
    endloop
  endfacet
  facet normal  1.000000000000000 -0.000000000000000  0.000000000000000
    outer loop
      vertex  0.499999999999975  0.250000000000000  0.500000000000000
      vertex  0.499999999999975  0.499999999999975  0.749999999999951
      vertex  0.499999999999975  0.250000000000000  0.506250000000000
    endloop
  endfacet
  facet normal  1.000000000000000  0.000000000000000 -0.000000000000000
    outer loop
      vertex  0.499999999999975  0.250000000000000  0.500000000000000
      vertex  0.499999999999975  0.499999999999975  0.500000000000000
      vertex  0.499999999999975  0.499999999999975  0.749999999999951
    endloop
  endfacet
  facet normal -1.000000000000000  0.000000000000000 -0.000000000000000
    outer loop
      vertex  0.250000000000000  0.250000000000000  0.500000000000000
      vertex  0.250000000000000  0.250000000000000  0.506250000000000
      vertex  0.250000000000000  0.281244356222239  0.506250000000000
    endloop
  endfacet
  facet normal -1.000000000000000 -0.000000000000000  0.000000000000000
    outer loop
      vertex  0.250000000000000  0.250000000000000  0.500000000000000
      vertex  0.250000000000000  0.281244356222239  0.506250000000000
      vertex  0.250000000000000  0.312492474736462  0.506250000000000
    endloop
  endfacet
  facet normal -1.000000000000000  0.000000000000000 -0.000000000000000
    outer loop
      vertex  0.250000000000000  0.250000000000000  0.500000000000000
      vertex  0.250000000000000  0.312492474736462  0.506250000000000
      vertex  0.250000000000000  0.343740593250685  0.506250000000000
    endloop
  endfacet
  facet normal -1.000000000000000 -0.000000000000000  0.000000000000000
    outer loop
      vertex  0.250000000000000  0.250000000000000  0.500000000000000
      vertex  0.250000000000000  0.343740593250685  0.506250000000000
      vertex  0.250000000000000  0.374992474509930  0.506250000000000
    endloop
  endfacet
  facet normal -1.000000000000000 -0.000000000000000  0.000000000000000
    outer loop
      vertex  0.250000000000000  0.250000000000000  0.500000000000000
      vertex  0.250000000000000  0.374992474509930  0.506250000000000
      vertex  0.250000000000000  0.406240593024153  0.506250000000000
    endloop
  endfacet
  facet normal -1.000000000000000  0.000000000000000 -0.000000000000000
    outer loop
      vertex  0.250000000000000  0.250000000000000  0.500000000000000
      vertex  0.250000000000000  0.406240593024153  0.506250000000000
      vertex  0.250000000000000  0.437492474283398  0.506250000000000
    endloop
  endfacet
  facet normal -1.000000000000000 -0.000000000000000  0.000000000000000
    outer loop
      vertex  0.250000000000000  0.250000000000000  0.500000000000000
      vertex  0.250000000000000  0.437492474283398  0.506250000000000
      vertex  0.250000000000000  0.468744355542643  0.506250000000000
    endloop
  endfacet
  facet normal -1.000000000000000 -0.000000000000000 -0.000000000000000
    outer loop
      vertex  0.250000000000000  0.250000000000000  0.500000000000000
      vertex  0.250000000000000  0.499999999999975  0.506250000000000
      vertex  0.250000000000000  0.499999999999975  0.500000000000000
    endloop
  endfacet
  facet normal -1.000000000000000  0.000000000000000 -0.000000000000000
    outer loop
      vertex  0.250000000000000  0.250000000000000  0.500000000000000
      vertex  0.250000000000000  0.468744355542643  0.506250000000000
      vertex  0.250000000000000  0.499999999999975  0.506250000000000
    endloop
  endfacet
  facet normal -0.000000000000000 -0.000000000000000 -1.000000000000000
    outer loop
      vertex  0.750000000000000  0.499999999999975  0.500000000000000
      vertex  0.499999999999975  0.250000000000000  0.500000000000000
      vertex  0.499999999999975  0.499999999999975  0.500000000000000
    endloop
  endfacet
  facet normal -0.000000000000000  0.000000000000000 -1.000000000000000
    outer loop
      vertex  0.750000000000000  0.499999999999975  0.500000000000000
      vertex  0.750000000000000  0.250000000000000  0.500000000000000
      vertex  0.499999999999975  0.250000000000000  0.500000000000000
    endloop
  endfacet
  facet normal  0.649017862397587 -0.000000000000000  0.760773168749310
    outer loop
      vertex  0.750000000000000  0.499999999999975  0.506250000000000
      vertex  0.499999999999975  0.468744355542643  0.719525746654055
      vertex  0.750000000000000  0.468744355542643  0.506250000000000
    endloop
  endfacet
  facet normal  0.572416361722460 -0.572416361722459  0.587093704330787
    outer loop
      vertex  0.750000000000000  0.499999999999975  0.506250000000000
      vertex  0.499999999999975  0.499999999999975  0.749999999999951
      vertex  0.499999999999975  0.468744355542643  0.719525746654055
    endloop
  endfacet
  facet normal  0.590254104643026 -0.000000000000000  0.807217499780610
    outer loop
      vertex  0.750000000000000  0.468744355542643  0.506250000000000
      vertex  0.499999999999975  0.437492474283398  0.689055162426295
      vertex  0.750000000000000  0.437492474283398  0.506250000000000
    endloop
  endfacet
  facet normal  0.521270271379347 -0.595752825354248  0.611028538824932
    outer loop
      vertex  0.750000000000000  0.468744355542643  0.506250000000000
      vertex  0.499999999999975  0.468744355542643  0.719525746654055
      vertex  0.499999999999975  0.437492474283398  0.689055162426295
    endloop
  endfacet
  facet normal  0.520347326761222 -0.000000000000000  0.853954717495284
    outer loop
      vertex  0.750000000000000  0.437492474283398  0.506250000000000
      vertex  0.499999999999975  0.406240593024153  0.658584578198534
      vertex  0.750000000000000  0.406240593024153  0.506250000000000
    endloop
  endfacet
  facet normal  0.463829410273761 -0.618464037085336  0.634322089318355
    outer loop
      vertex  0.750000000000000  0.437492474283398  0.506250000000000
      vertex  0.499999999999975  0.437492474283398  0.689055162426295
      vertex  0.499999999999975  0.406240593024153  0.658584578198534
    endloop
  endfacet
  facet normal  0.438180931134351 -0.000000000000000  0.898886795759195
    outer loop
      vertex  0.750000000000000  0.406240593024153  0.506250000000000
      vertex  0.499999999999975  0.374992474509930  0.628117662647169
      vertex  0.750000000000000  0.374992474509930  0.506250000000000
    endloop
  endfacet
  facet normal  0.399884922721516 -0.639854398561545  0.656260921601653
    outer loop
      vertex  0.750000000000000  0.406240593024153  0.506250000000000
      vertex  0.499999999999975  0.406240593024153  0.658584578198534
      vertex  0.499999999999975  0.374992474509930  0.628117662647169
    endloop
  endfacet
  facet normal  0.343361728236524 -0.000000000000000  0.939203238698860
    outer loop
      vertex  0.750000000000000  0.374992474509930  0.506250000000000
      vertex  0.499999999999975  0.343740593250685  0.597647078419409
      vertex  0.750000000000000  0.343740593250685  0.506250000000000
    endloop
  endfacet
  facet normal  0.329533630428796 -0.659106941679486  0.676007119671333
    outer loop
      vertex  0.750000000000000  0.374992474509930  0.506250000000000
      vertex  0.499999999999975  0.374992474509930  0.628117662647169
      vertex  0.499999999999975  0.343740593250685  0.597647078419409
    endloop
  endfacet
  facet normal  0.236789475780870 -0.000000000000000  0.971560983242648
    outer loop
      vertex  0.750000000000000  0.343740593250685  0.506250000000000
      vertex  0.499999999999975  0.312492474736462  0.567180162868044
      vertex  0.750000000000000  0.312492474736462  0.506250000000000
    endloop
  endfacet
  facet normal  0.253229497604668 -0.675346423633795  0.692662998598835
    outer loop
      vertex  0.750000000000000  0.343740593250685  0.506250000000000
      vertex  0.499999999999975  0.343740593250685  0.597647078419409
      vertex  0.499999999999975  0.312492474736462  0.567180162868044
    endloop
  endfacet
  facet normal  0.120958294657896 -0.000000000000000  0.992657589984307
    outer loop
      vertex  0.750000000000000  0.312492474736462  0.506250000000000
      vertex  0.499999999999975  0.281244356222239  0.536713247316680
      vertex  0.750000000000000  0.281244356222239  0.506250000000000
    endloop
  endfacet
  facet normal  0.171906234380840 -0.687707740435034  0.705341272241132
    outer loop
      vertex  0.750000000000000  0.312492474736462  0.506250000000000
      vertex  0.499999999999975  0.312492474736462  0.567180162868044
      vertex  0.499999999999975  0.281244356222239  0.536713247316680
    endloop
  endfacet
  facet normal -0.000000000000000 -0.000000000000000  1.000000000000000
    outer loop
      vertex  0.750000000000000  0.281244356222239  0.506250000000000
      vertex  0.499999999999975  0.250000000000000  0.506250000000000
      vertex  0.750000000000000  0.250000000000000  0.506250000000000
    endloop
  endfacet
  facet normal  0.086916580104992 -0.695458241216052  0.713290503811405
    outer loop
      vertex  0.750000000000000  0.281244356222239  0.506250000000000
      vertex  0.499999999999975  0.281244356222239  0.536713247316680
      vertex  0.499999999999975  0.250000000000000  0.506250000000000
    endloop
  endfacet
  facet normal -0.000000000000000  1.000000000000000 -0.000000000000000
    outer loop
      vertex  0.750000000000000  0.499999999999975  0.500000000000000
      vertex  0.499999999999975  0.499999999999975  0.749999999999951
      vertex  0.750000000000000  0.499999999999975  0.506250000000000
    endloop
  endfacet
  facet normal -0.000000000000000  1.000000000000000 -0.000000000000000
    outer loop
      vertex  0.750000000000000  0.499999999999975  0.500000000000000
      vertex  0.499999999999975  0.499999999999975  0.500000000000000
      vertex  0.499999999999975  0.499999999999975  0.749999999999951
    endloop
  endfacet
  facet normal  0.000000000000000 -1.000000000000000 -0.000000000000000
    outer loop
      vertex  0.750000000000000  0.250000000000000  0.500000000000000
      vertex  0.499999999999975  0.250000000000000  0.506250000000000
      vertex  0.499999999999975  0.250000000000000  0.500000000000000
    endloop
  endfacet
  facet normal -0.000000000000000 -1.000000000000000 -0.000000000000000
    outer loop
      vertex  0.750000000000000  0.250000000000000  0.500000000000000
      vertex  0.750000000000000  0.250000000000000  0.506250000000000
      vertex  0.499999999999975  0.250000000000000  0.506250000000000
    endloop
  endfacet
  facet normal -1.000000000000000 -0.000000000000000 -0.000000000000000
    outer loop
      vertex  0.499999999999975  0.250000000000000  0.500000000000000
      vertex  0.499999999999975  0.499999999999975  0.749999999999951
      vertex  0.499999999999975  0.499999999999975  0.500000000000000
    endloop
  endfacet
  facet normal -1.000000000000000 -0.000000000000000 -0.000000000000000
    outer loop
      vertex  0.499999999999975  0.250000000000000  0.500000000000000
      vertex  0.499999999999975  0.250000000000000  0.506250000000000
      vertex  0.499999999999975  0.499999999999975  0.749999999999951
    endloop
  endfacet
  facet normal  1.000000000000000  0.000000000000000  0.000000000000000
    outer loop
      vertex  0.750000000000000  0.499999999999975  0.500000000000000
      vertex  0.750000000000000  0.499999999999975  0.506250000000000
      vertex  0.750000000000000  0.468744355542643  0.506250000000000
    endloop
  endfacet
  facet normal  1.000000000000000  0.000000000000000  0.000000000000000
    outer loop
      vertex  0.750000000000000  0.499999999999975  0.500000000000000
      vertex  0.750000000000000  0.468744355542643  0.506250000000000
      vertex  0.750000000000000  0.437492474283398  0.506250000000000
    endloop
  endfacet
  facet normal  1.000000000000000 -0.000000000000000 -0.000000000000000
    outer loop
      vertex  0.750000000000000  0.499999999999975  0.500000000000000
      vertex  0.750000000000000  0.437492474283398  0.506250000000000
      vertex  0.750000000000000  0.406240593024153  0.506250000000000
    endloop
  endfacet
  facet normal  1.000000000000000 -0.000000000000000 -0.000000000000000
    outer loop
      vertex  0.750000000000000  0.499999999999975  0.500000000000000
      vertex  0.750000000000000  0.406240593024153  0.506250000000000
      vertex  0.750000000000000  0.374992474509930  0.506250000000000
    endloop
  endfacet
  facet normal  1.000000000000000 -0.000000000000000 -0.000000000000000
    outer loop
      vertex  0.750000000000000  0.499999999999975  0.500000000000000
      vertex  0.750000000000000  0.374992474509930  0.506250000000000
      vertex  0.750000000000000  0.343740593250685  0.506250000000000
    endloop
  endfacet
  facet normal  1.000000000000000 -0.000000000000000 -0.000000000000000
    outer loop
      vertex  0.750000000000000  0.499999999999975  0.500000000000000
      vertex  0.750000000000000  0.343740593250685  0.506250000000000
      vertex  0.750000000000000  0.312492474736462  0.506250000000000
    endloop
  endfacet
  facet normal  1.000000000000000  0.000000000000000  0.000000000000000
    outer loop
      vertex  0.750000000000000  0.499999999999975  0.500000000000000
      vertex  0.750000000000000  0.312492474736462  0.506250000000000
      vertex  0.750000000000000  0.281244356222239  0.506250000000000
    endloop
  endfacet
  facet normal  1.000000000000000 -0.000000000000000 -0.000000000000000
    outer loop
      vertex  0.750000000000000  0.499999999999975  0.500000000000000
      vertex  0.750000000000000  0.250000000000000  0.506250000000000
      vertex  0.750000000000000  0.250000000000000  0.500000000000000
    endloop
  endfacet
  facet normal  1.000000000000000 -0.000000000000000 -0.000000000000000
    outer loop
      vertex  0.750000000000000  0.499999999999975  0.500000000000000
      vertex  0.750000000000000  0.281244356222239  0.506250000000000
      vertex  0.750000000000000  0.250000000000000  0.506250000000000
    endloop
  endfacet
  facet normal -0.000000000000000 -0.000000000000000 -1.000000000000000
    outer loop
      vertex  0.250000000000000  0.499999999999975  0.500000000000000
      vertex  0.499999999999975  0.750000000000000  0.500000000000000
      vertex  0.499999999999975  0.499999999999975  0.500000000000000
    endloop
  endfacet
  facet normal  0.000000000000000 -0.000000000000000 -1.000000000000000
    outer loop
      vertex  0.250000000000000  0.499999999999975  0.500000000000000
      vertex  0.250000000000000  0.750000000000000  0.500000000000000
      vertex  0.499999999999975  0.750000000000000  0.500000000000000
    endloop
  endfacet
  facet normal -0.366166385443256  0.549260600490874  0.751155756764085
    outer loop
      vertex  0.437492474283398  0.500000000000025  0.689055162426294
      vertex  0.499999999999975  0.625007525490070  0.628117662647169
      vertex  0.437492474283398  0.625007525490070  0.597647078419418
    endloop
  endfacet
  facet normal -0.572416361722160  0.572416361723073  0.587093704330480
    outer loop
      vertex  0.437492474283398  0.500000000000025  0.689055162426294
      vertex  0.499999999999975  0.499999999999975  0.749999999999951
      vertex  0.500000000000025  0.531255644457358  0.719525746654055
    endloop
  endfacet
  facet normal -0.572416361722153  0.572416361722610  0.587093704330939
    outer loop
      vertex  0.437492474283398  0.500000000000025  0.689055162426294
      vertex  0.500000000000025  0.531255644457358  0.719525746654055
      vertex  0.500000000000025  0.562507525716602  0.689055162426295
    endloop
  endfacet
  facet normal -0.572416361722152  0.572416361722609  0.587093704330941
    outer loop
      vertex  0.437492474283398  0.500000000000025  0.689055162426294
      vertex  0.500000000000025  0.562507525716602  0.689055162426295
      vertex  0.500000000000025  0.593759406975847  0.658584578198534
    endloop
  endfacet
  facet normal -0.572416361721530  0.572416361722444  0.587093704331707
    outer loop
      vertex  0.437492474283398  0.500000000000025  0.689055162426294
      vertex  0.500000000000025  0.593759406975847  0.658584578198534
      vertex  0.499999999999975  0.625007525490070  0.628117662647169
    endloop
  endfacet
  facet normal  0.000000000000000  0.590254104643026  0.807217499780611
    outer loop
      vertex  0.437492474283398  0.625007525490070  0.597647078419418
      vertex  0.499999999999975  0.750000000000000  0.506250000000000
      vertex  0.437492474283398  0.750000000000000  0.506250000000000
    endloop
  endfacet
  facet normal -0.329533630428682  0.659106941679783  0.676007119671099
    outer loop
      vertex  0.437492474283398  0.625007525490070  0.597647078419418
      vertex  0.499999999999975  0.625007525490070  0.628117662647169
      vertex  0.500000000000025  0.656259406749315  0.597647078419409
    endloop
  endfacet
  facet normal -0.329533630428562  0.659106941679542  0.676007119671393
    outer loop
      vertex  0.437492474283398  0.625007525490070  0.597647078419418
      vertex  0.500000000000025  0.656259406749315  0.597647078419409
      vertex  0.500000000000025  0.687507525263538  0.567180162868044
    endloop
  endfacet
  facet normal -0.329533630428561  0.659106941679542  0.676007119671393
    outer loop
      vertex  0.437492474283398  0.625007525490070  0.597647078419418
      vertex  0.500000000000025  0.687507525263538  0.567180162868044
      vertex  0.500000000000025  0.718755643777761  0.536713247316680
    endloop
  endfacet
  facet normal -0.329533630427971  0.659106941679415  0.676007119671804
    outer loop
      vertex  0.437492474283398  0.625007525490070  0.597647078419418
      vertex  0.500000000000025  0.718755643777761  0.536713247316680
      vertex  0.499999999999975  0.750000000000000  0.506250000000000
    endloop
  endfacet
  facet normal -0.401342254176044  0.401342254176045  0.823315729247160
    outer loop
      vertex  0.374992474509930  0.500000000000025  0.628117662647169
      vertex  0.437492474283398  0.625007525490070  0.597647078419418
      vertex  0.374992474509930  0.625007525490070  0.567180162868050
    endloop
  endfacet
  facet normal -0.618464037085334  0.463829410273761  0.634322089318357
    outer loop
      vertex  0.374992474509930  0.500000000000025  0.628117662647169
      vertex  0.437492474283398  0.500000000000025  0.689055162426294
      vertex  0.437492474283398  0.625007525490070  0.597647078419418
    endloop
  endfacet
  facet normal  0.000000000000000  0.438180931134351  0.898886795759196
    outer loop
      vertex  0.374992474509930  0.625007525490070  0.567180162868050
      vertex  0.437492474283398  0.750000000000000  0.506250000000000
      vertex  0.374992474509930  0.750000000000000  0.506250000000000
    endloop
  endfacet
  facet normal -0.366166385443255  0.549260600490874  0.751155756764086
    outer loop
      vertex  0.374992474509930  0.625007525490070  0.567180162868050
      vertex  0.437492474283398  0.625007525490070  0.597647078419418
      vertex  0.437492474283398  0.750000000000000  0.506250000000000
    endloop
  endfacet
  facet normal -0.428029694448551  0.214001962691414  0.878062492442595
    outer loop
      vertex  0.312492474736462  0.500000000000025  0.567180162868044
      vertex  0.374992474509930  0.625007525490070  0.567180162868050
      vertex  0.312492474736462  0.625007525490070  0.536713247316683
    endloop
  endfacet
  facet normal -0.659106941679485  0.329533630428796  0.676007119671334
    outer loop
      vertex  0.312492474736462  0.500000000000025  0.567180162868044
      vertex  0.374992474509930  0.500000000000025  0.628117662647169
      vertex  0.374992474509930  0.625007525490070  0.567180162868050
    endloop
  endfacet
  facet normal  0.000000000000000  0.236789475780870  0.971560983242648
    outer loop
      vertex  0.312492474736462  0.625007525490070  0.536713247316683
      vertex  0.374992474509930  0.750000000000000  0.506250000000000
      vertex  0.312492474736462  0.750000000000000  0.506250000000000
    endloop
  endfacet
  facet normal -0.401342254176045  0.401342254176045  0.823315729247160
    outer loop
      vertex  0.312492474736462  0.625007525490070  0.536713247316683
      vertex  0.374992474509930  0.625007525490070  0.567180162868050
      vertex  0.374992474509930  0.750000000000000  0.506250000000000
    endloop
  endfacet
  facet normal -0.438180931134351 -0.000000000000000  0.898886795759196
    outer loop
      vertex  0.250000000000000  0.499999999999975  0.506250000000000
      vertex  0.312492474736462  0.625007525490070  0.536713247316683
      vertex  0.250000000000000  0.625007525490070  0.506250000000000
    endloop
  endfacet
  facet normal -0.687707740435035  0.171906234380840  0.705341272241132
    outer loop
      vertex  0.250000000000000  0.499999999999975  0.506250000000000
      vertex  0.312492474736462  0.500000000000025  0.567180162868044
      vertex  0.312492474736462  0.625007525490070  0.536713247316683
    endloop
  endfacet
  facet normal  0.000000000000000  0.000000000000000  1.000000000000000
    outer loop
      vertex  0.250000000000000  0.625007525490070  0.506250000000000
      vertex  0.312492474736462  0.750000000000000  0.506250000000000
      vertex  0.250000000000000  0.750000000000000  0.506250000000000
    endloop
  endfacet
  facet normal -0.428029694448551  0.214001962691414  0.878062492442595
    outer loop
      vertex  0.250000000000000  0.625007525490070  0.506250000000000
      vertex  0.312492474736462  0.625007525490070  0.536713247316683
      vertex  0.312492474736462  0.750000000000000  0.506250000000000
    endloop
  endfacet
  facet normal -0.000000000000000 -1.000000000000000 -0.000000000000000
    outer loop
      vertex  0.250000000000000  0.499999999999975  0.500000000000000
      vertex  0.499999999999975  0.499999999999975  0.749999999999951
      vertex  0.250000000000000  0.499999999999975  0.506250000000000
    endloop
  endfacet
  facet normal -0.000000000000000 -1.000000000000000  0.000000000000000
    outer loop
      vertex  0.250000000000000  0.499999999999975  0.500000000000000
      vertex  0.499999999999975  0.499999999999975  0.500000000000000
      vertex  0.499999999999975  0.499999999999975  0.749999999999951
    endloop
  endfacet
  facet normal -0.000000000000000  1.000000000000000  0.000000000000000
    outer loop
      vertex  0.250000000000000  0.750000000000000  0.500000000000000
      vertex  0.250000000000000  0.750000000000000  0.506250000000000
      vertex  0.312492474736462  0.750000000000000  0.506250000000000
    endloop
  endfacet
  facet normal -0.000000000000000  1.000000000000000  0.000000000000000
    outer loop
      vertex  0.250000000000000  0.750000000000000  0.500000000000000
      vertex  0.312492474736462  0.750000000000000  0.506250000000000
      vertex  0.374992474509930  0.750000000000000  0.506250000000000
    endloop
  endfacet
  facet normal -0.000000000000000  1.000000000000000  0.000000000000000
    outer loop
      vertex  0.250000000000000  0.750000000000000  0.500000000000000
      vertex  0.374992474509930  0.750000000000000  0.506250000000000
      vertex  0.437492474283398  0.750000000000000  0.506250000000000
    endloop
  endfacet
  facet normal  0.000000000000000  1.000000000000000  0.000000000000000
    outer loop
      vertex  0.250000000000000  0.750000000000000  0.500000000000000
      vertex  0.499999999999975  0.750000000000000  0.506250000000000
      vertex  0.499999999999975  0.750000000000000  0.500000000000000
    endloop
  endfacet
  facet normal  0.000000000000000  1.000000000000000 -0.000000000000000
    outer loop
      vertex  0.250000000000000  0.750000000000000  0.500000000000000
      vertex  0.437492474283398  0.750000000000000  0.506250000000000
      vertex  0.499999999999975  0.750000000000000  0.506250000000000
    endloop
  endfacet
  facet normal  1.000000000000000 -0.000000000000000 -0.000000000000000
    outer loop
      vertex  0.499999999999975  0.750000000000000  0.500000000000000
      vertex  0.499999999999975  0.499999999999975  0.749999999999951
      vertex  0.499999999999975  0.499999999999975  0.500000000000000
    endloop
  endfacet
  facet normal  1.000000000000000 -0.000000000000000 -0.000000000000000
    outer loop
      vertex  0.499999999999975  0.750000000000000  0.500000000000000
      vertex  0.499999999999975  0.750000000000000  0.506250000000000
      vertex  0.499999999999975  0.499999999999975  0.749999999999951
    endloop
  endfacet
  facet normal -1.000000000000000  0.000000000000000 -0.000000000000000
    outer loop
      vertex  0.250000000000000  0.499999999999975  0.500000000000000
      vertex  0.250000000000000  0.499999999999975  0.506250000000000
      vertex  0.250000000000000  0.625007525490070  0.506250000000000
    endloop
  endfacet
  facet normal -1.000000000000000 -0.000000000000000 -0.000000000000000
    outer loop
      vertex  0.250000000000000  0.499999999999975  0.500000000000000
      vertex  0.250000000000000  0.750000000000000  0.506250000000000
      vertex  0.250000000000000  0.750000000000000  0.500000000000000
    endloop
  endfacet
  facet normal -1.000000000000000  0.000000000000000 -0.000000000000000
    outer loop
      vertex  0.250000000000000  0.499999999999975  0.500000000000000
      vertex  0.250000000000000  0.625007525490070  0.506250000000000
      vertex  0.250000000000000  0.750000000000000  0.506250000000000
    endloop
  endfacet
  facet normal  0.000000000000000 -0.000000000000000 -1.000000000000000
    outer loop
      vertex  0.750000000000000  0.499999999999975  0.500000000000000
      vertex  0.499999999999975  0.750000000000000  0.500000000000000
      vertex  0.750000000000000  0.750000000000000  0.500000000000000
    endloop
  endfacet
  facet normal  0.000000000000000 -0.000000000000000 -1.000000000000000
    outer loop
      vertex  0.750000000000000  0.499999999999975  0.500000000000000
      vertex  0.499999999999975  0.499999999999975  0.500000000000000
      vertex  0.499999999999975  0.750000000000000  0.500000000000000
    endloop
  endfacet
  facet normal  0.649017862397587 -0.000000000000000  0.760773168749310
    outer loop
      vertex  0.750000000000000  0.499999999999975  0.506250000000000
      vertex  0.750000000000000  0.531255644457358  0.506250000000000
      vertex  0.500000000000025  0.531255644457358  0.719525746654055
    endloop
  endfacet
  facet normal  0.572416361722460  0.572416361722458  0.587093704330787
    outer loop
      vertex  0.750000000000000  0.499999999999975  0.506250000000000
      vertex  0.500000000000025  0.531255644457358  0.719525746654055
      vertex  0.499999999999975  0.499999999999975  0.749999999999951
    endloop
  endfacet
  facet normal  0.590254104643026 -0.000000000000000  0.807217499780610
    outer loop
      vertex  0.750000000000000  0.531255644457358  0.506250000000000
      vertex  0.750000000000000  0.562507525716602  0.506250000000000
      vertex  0.500000000000025  0.562507525716602  0.689055162426295
    endloop
  endfacet
  facet normal  0.521270271379347  0.595752825354250  0.611028538824932
    outer loop
      vertex  0.750000000000000  0.531255644457358  0.506250000000000
      vertex  0.500000000000025  0.562507525716602  0.689055162426295
      vertex  0.500000000000025  0.531255644457358  0.719525746654055
    endloop
  endfacet
  facet normal  0.520347326761222 -0.000000000000000  0.853954717495284
    outer loop
      vertex  0.750000000000000  0.562507525716602  0.506250000000000
      vertex  0.750000000000000  0.593759406975847  0.506250000000000
      vertex  0.500000000000025  0.593759406975847  0.658584578198534
    endloop
  endfacet
  facet normal  0.463829410273761  0.618464037085334  0.634322089318356
    outer loop
      vertex  0.750000000000000  0.562507525716602  0.506250000000000
      vertex  0.500000000000025  0.593759406975847  0.658584578198534
      vertex  0.500000000000025  0.562507525716602  0.689055162426295
    endloop
  endfacet
  facet normal  0.438180931134351 -0.000000000000000  0.898886795759195
    outer loop
      vertex  0.750000000000000  0.593759406975847  0.506250000000000
      vertex  0.750000000000000  0.625007525490070  0.506250000000000
      vertex  0.499999999999975  0.625007525490070  0.628117662647169
    endloop
  endfacet
  facet normal  0.399884922721515  0.639854398561547  0.656260921601651
    outer loop
      vertex  0.750000000000000  0.593759406975847  0.506250000000000
      vertex  0.499999999999975  0.625007525490070  0.628117662647169
      vertex  0.500000000000025  0.593759406975847  0.658584578198534
    endloop
  endfacet
  facet normal  0.343361728236524 -0.000000000000000  0.939203238698860
    outer loop
      vertex  0.750000000000000  0.625007525490070  0.506250000000000
      vertex  0.750000000000000  0.656259406749315  0.506250000000000
      vertex  0.500000000000025  0.656259406749315  0.597647078419409
    endloop
  endfacet
  facet normal  0.329533630428796  0.659106941679486  0.676007119671333
    outer loop
      vertex  0.750000000000000  0.625007525490070  0.506250000000000
      vertex  0.500000000000025  0.656259406749315  0.597647078419409
      vertex  0.499999999999975  0.625007525490070  0.628117662647169
    endloop
  endfacet
  facet normal  0.236789475780870 -0.000000000000000  0.971560983242648
    outer loop
      vertex  0.750000000000000  0.656259406749315  0.506250000000000
      vertex  0.750000000000000  0.687507525263538  0.506250000000000
      vertex  0.500000000000025  0.687507525263538  0.567180162868044
    endloop
  endfacet
  facet normal  0.253229497604668  0.675346423633795  0.692662998598835
    outer loop
      vertex  0.750000000000000  0.656259406749315  0.506250000000000
      vertex  0.500000000000025  0.687507525263538  0.567180162868044
      vertex  0.500000000000025  0.656259406749315  0.597647078419409
    endloop
  endfacet
  facet normal  0.120958294657896 -0.000000000000000  0.992657589984307
    outer loop
      vertex  0.750000000000000  0.687507525263538  0.506250000000000
      vertex  0.750000000000000  0.718755643777761  0.506250000000000
      vertex  0.500000000000025  0.718755643777761  0.536713247316680
    endloop
  endfacet
  facet normal  0.171906234380840  0.687707740435034  0.705341272241132
    outer loop
      vertex  0.750000000000000  0.687507525263538  0.506250000000000
      vertex  0.500000000000025  0.718755643777761  0.536713247316680
      vertex  0.500000000000025  0.687507525263538  0.567180162868044
    endloop
  endfacet
  facet normal  0.000000000000000  0.000000000000000  1.000000000000000
    outer loop
      vertex  0.750000000000000  0.718755643777761  0.506250000000000
      vertex  0.750000000000000  0.750000000000000  0.506250000000000
      vertex  0.499999999999975  0.750000000000000  0.506250000000000
    endloop
  endfacet
  facet normal  0.086916580104992  0.695458241216051  0.713290503811406
    outer loop
      vertex  0.750000000000000  0.718755643777761  0.506250000000000
      vertex  0.499999999999975  0.750000000000000  0.506250000000000
      vertex  0.500000000000025  0.718755643777761  0.536713247316680
    endloop
  endfacet
  facet normal -0.000000000000000 -1.000000000000000 -0.000000000000000
    outer loop
      vertex  0.750000000000000  0.499999999999975  0.500000000000000
      vertex  0.499999999999975  0.499999999999975  0.749999999999951
      vertex  0.499999999999975  0.499999999999975  0.500000000000000
    endloop
  endfacet
  facet normal -0.000000000000000 -1.000000000000000  0.000000000000000
    outer loop
      vertex  0.750000000000000  0.499999999999975  0.500000000000000
      vertex  0.750000000000000  0.499999999999975  0.506250000000000
      vertex  0.499999999999975  0.499999999999975  0.749999999999951
    endloop
  endfacet
  facet normal -0.000000000000000  1.000000000000000 -0.000000000000000
    outer loop
      vertex  0.750000000000000  0.750000000000000  0.500000000000000
      vertex  0.499999999999975  0.750000000000000  0.506250000000000
      vertex  0.750000000000000  0.750000000000000  0.506250000000000
    endloop
  endfacet
  facet normal -0.000000000000000  1.000000000000000 -0.000000000000000
    outer loop
      vertex  0.750000000000000  0.750000000000000  0.500000000000000
      vertex  0.499999999999975  0.750000000000000  0.500000000000000
      vertex  0.499999999999975  0.750000000000000  0.506250000000000
    endloop
  endfacet
  facet normal -1.000000000000000 -0.000000000000000 -0.000000000000000
    outer loop
      vertex  0.499999999999975  0.750000000000000  0.500000000000000
      vertex  0.499999999999975  0.499999999999975  0.749999999999951
      vertex  0.499999999999975  0.750000000000000  0.506250000000000
    endloop
  endfacet
  facet normal -1.000000000000000  0.000000000000000 -0.000000000000000
    outer loop
      vertex  0.499999999999975  0.750000000000000  0.500000000000000
      vertex  0.499999999999975  0.499999999999975  0.500000000000000
      vertex  0.499999999999975  0.499999999999975  0.749999999999951
    endloop
  endfacet
  facet normal  1.000000000000000  0.000000000000000  0.000000000000000
    outer loop
      vertex  0.750000000000000  0.750000000000000  0.500000000000000
      vertex  0.750000000000000  0.750000000000000  0.506250000000000
      vertex  0.750000000000000  0.718755643777761  0.506250000000000
    endloop
  endfacet
  facet normal  1.000000000000000  0.000000000000000  0.000000000000000
    outer loop
      vertex  0.750000000000000  0.750000000000000  0.500000000000000
      vertex  0.750000000000000  0.718755643777761  0.506250000000000
      vertex  0.750000000000000  0.687507525263538  0.506250000000000
    endloop
  endfacet
  facet normal  1.000000000000000 -0.000000000000000 -0.000000000000000
    outer loop
      vertex  0.750000000000000  0.750000000000000  0.500000000000000
      vertex  0.750000000000000  0.687507525263538  0.506250000000000
      vertex  0.750000000000000  0.656259406749315  0.506250000000000
    endloop
  endfacet
  facet normal  1.000000000000000 -0.000000000000000 -0.000000000000000
    outer loop
      vertex  0.750000000000000  0.750000000000000  0.500000000000000
      vertex  0.750000000000000  0.656259406749315  0.506250000000000
      vertex  0.750000000000000  0.625007525490070  0.506250000000000
    endloop
  endfacet
  facet normal  1.000000000000000  0.000000000000000  0.000000000000000
    outer loop
      vertex  0.750000000000000  0.750000000000000  0.500000000000000
      vertex  0.750000000000000  0.625007525490070  0.506250000000000
      vertex  0.750000000000000  0.593759406975847  0.506250000000000
    endloop
  endfacet
  facet normal  1.000000000000000  0.000000000000000  0.000000000000000
    outer loop
      vertex  0.750000000000000  0.750000000000000  0.500000000000000
      vertex  0.750000000000000  0.593759406975847  0.506250000000000
      vertex  0.750000000000000  0.562507525716602  0.506250000000000
    endloop
  endfacet
  facet normal  1.000000000000000  0.000000000000000  0.000000000000000
    outer loop
      vertex  0.750000000000000  0.750000000000000  0.500000000000000
      vertex  0.750000000000000  0.562507525716602  0.506250000000000
      vertex  0.750000000000000  0.531255644457358  0.506250000000000
    endloop
  endfacet
  facet normal  1.000000000000000 -0.000000000000000 -0.000000000000000
    outer loop
      vertex  0.750000000000000  0.750000000000000  0.500000000000000
      vertex  0.750000000000000  0.499999999999975  0.506250000000000
      vertex  0.750000000000000  0.499999999999975  0.500000000000000
    endloop
  endfacet
  facet normal  1.000000000000000 -0.000000000000000 -0.000000000000000
    outer loop
      vertex  0.750000000000000  0.750000000000000  0.500000000000000
      vertex  0.750000000000000  0.531255644457358  0.506250000000000
      vertex  0.750000000000000  0.499999999999975  0.506250000000000
    endloop
  endfacet
  facet normal -0.658494984175250  0.000000000000000 -0.752585115329846
    outer loop
      vertex  0.000000000000000  0.249999999999975  0.250000000000000
      vertex  0.249999999999975  0.218744355542643  0.031255644457379
      vertex  0.000000000000000  0.218744355542643  0.250000000000000
    endloop
  endfacet
  facet normal -0.577350269189607 -0.577350269189607 -0.577350269189664
    outer loop
      vertex  0.000000000000000  0.249999999999975  0.250000000000000
      vertex  0.249999999999975  0.249999999999975  0.000000000000050
      vertex  0.249999999999975  0.218744355542643  0.031255644457379
    endloop
  endfacet
  facet normal -0.599984586998340  0.000000000000000 -0.800011559519256
    outer loop
      vertex  0.000000000000000  0.218744355542643  0.250000000000000
      vertex  0.249999999999975  0.187492474283398  0.062507525716621
      vertex  0.000000000000000  0.187492474283398  0.250000000000000
    endloop
  endfacet
  facet normal -0.526142401514500 -0.601321117760088 -0.601321117760148
    outer loop
      vertex  0.000000000000000  0.218744355542643  0.250000000000000
      vertex  0.249999999999975  0.218744355542643  0.031255644457379
      vertex  0.249999999999975  0.187492474283398  0.062507525716621
    endloop
  endfacet
  facet normal -0.529975994056079  0.000000000000000 -0.848012644790318
    outer loop
      vertex  0.000000000000000  0.187492474283398  0.250000000000000
      vertex  0.249999999999975  0.156240593024153  0.093759406975863
      vertex  0.000000000000000  0.156240593024153  0.250000000000000
    endloop
  endfacet
  facet normal -0.468506608311620 -0.624700551451760 -0.624700551451821
    outer loop
      vertex  0.000000000000000  0.187492474283398  0.250000000000000
      vertex  0.249999999999975  0.187492474283398  0.062507525716621
      vertex  0.249999999999975  0.156240593024153  0.093759406975863
    endloop
  endfacet
  facet normal -0.447192055901513  0.000000000000000 -0.894437960474945
    outer loop
      vertex  0.000000000000000  0.156240593024153  0.250000000000000
      vertex  0.249999999999975  0.124992474509930  0.125007525490083
      vertex  0.000000000000000  0.124992474509930  0.250000000000000
    endloop
  endfacet
  facet normal -0.404205681658539 -0.646768029093458 -0.646768029093523
    outer loop
      vertex  0.000000000000000  0.156240593024153  0.250000000000000
      vertex  0.249999999999975  0.156240593024153  0.093759406975863
      vertex  0.249999999999975  0.124992474509930  0.125007525490083
    endloop
  endfacet
  facet normal -0.351092553339288  0.000000000000000 -0.936340760081339
    outer loop
      vertex  0.000000000000000  0.124992474509930  0.250000000000000
      vertex  0.249999999999975  0.093740593250685  0.156259406749324
      vertex  0.000000000000000  0.093740593250685  0.250000000000000
    endloop
  endfacet
  facet normal -0.333315494955677 -0.666671126126805 -0.666671126126871
    outer loop
      vertex  0.000000000000000  0.124992474509930  0.250000000000000
      vertex  0.249999999999975  0.124992474509930  0.125007525490083
      vertex  0.249999999999975  0.093740593250685  0.156259406749324
    endloop
  endfacet
  facet normal -0.242508140215471  0.000000000000000 -0.970149370936885
    outer loop
      vertex  0.000000000000000  0.093740593250685  0.250000000000000
      vertex  0.249999999999975  0.062492474736462  0.187507525263544
      vertex  0.000000000000000  0.062492474736462  0.250000000000000
    endloop
  endfacet
  facet normal -0.256283269019687 -0.683490631252722 -0.683490631252790
    outer loop
      vertex  0.000000000000000  0.093740593250685  0.250000000000000
      vertex  0.249999999999975  0.093740593250685  0.156259406749324
      vertex  0.249999999999975  0.062492474736462  0.187507525263544
    endloop
  endfacet
  facet normal -0.124012678341469  0.000000000000000 -0.992280633495674
    outer loop
      vertex  0.000000000000000  0.062492474736462  0.250000000000000
      vertex  0.249999999999975  0.031244356222239  0.218755643777765
      vertex  0.000000000000000  0.031244356222239  0.250000000000000
    endloop
  endfacet
  facet normal -0.174057331302614 -0.696313164251444 -0.696313164251513
    outer loop
      vertex  0.000000000000000  0.062492474736462  0.250000000000000
      vertex  0.249999999999975  0.062492474736462  0.187507525263544
      vertex  0.249999999999975  0.031244356222239  0.218755643777765
    endloop
  endfacet
  facet normal -0.000000000000000  0.000000000000000 -1.000000000000000
    outer loop
      vertex  0.000000000000000  0.031244356222239  0.250000000000000
      vertex  0.249999999999975  0.000000000000000  0.250000000000000
      vertex  0.000000000000000  0.000000000000000  0.250000000000000
    endloop
  endfacet
  facet normal -0.088029312841584 -0.704361711083354 -0.704361711083424
    outer loop
      vertex  0.000000000000000  0.031244356222239  0.250000000000000
      vertex  0.249999999999975  0.031244356222239  0.218755643777765
      vertex  0.249999999999975  0.000000000000000  0.250000000000000
    endloop
  endfacet
  facet normal  0.649017862397587 -0.000000000000000  0.760773168749310
    outer loop
      vertex  0.250000000000000  0.499999999999975  0.493750000000000
      vertex  0.250000000000000  0.468744355542643  0.493750000000000
      vertex  0.499999999999975  0.468744355542643  0.280474253345945
    endloop
  endfacet
  facet normal  0.572416361722767  0.572416361722309  0.587093704330633
    outer loop
      vertex  0.499999999999975  0.468744355542643  0.280474253345945
      vertex  0.499999999999975  0.499999999999975  0.250000000000049
      vertex  0.437492474283398  0.500000000000025  0.310944837573705
    endloop
  endfacet
  facet normal  0.572416361722760  0.572416361721843  0.587093704331095
    outer loop
      vertex  0.499999999999975  0.468744355542643  0.280474253345945
      vertex  0.437492474283398  0.500000000000025  0.310944837573705
      vertex  0.374992474509930  0.500000000000025  0.371882337352831
    endloop
  endfacet
  facet normal  0.572416361722759  0.572416361721845  0.587093704331093
    outer loop
      vertex  0.499999999999975  0.468744355542643  0.280474253345945
      vertex  0.374992474509930  0.500000000000025  0.371882337352831
      vertex  0.312492474736462  0.500000000000025  0.432819837131956
    endloop
  endfacet
  facet normal  0.572416361723350  0.572416361720150  0.587093704332169
    outer loop
      vertex  0.499999999999975  0.468744355542643  0.280474253345945
      vertex  0.312492474736462  0.500000000000025  0.432819837131956
      vertex  0.250000000000000  0.499999999999975  0.493750000000000
    endloop
  endfacet
  facet normal  0.590254104643026 -0.000000000000000  0.807217499780610
    outer loop
      vertex  0.250000000000000  0.468744355542643  0.493750000000000
      vertex  0.250000000000000  0.437492474283398  0.493750000000000
      vertex  0.499999999999975  0.437492474283398  0.310944837573705
    endloop
  endfacet
  facet normal  0.521270271379347  0.595752825354249  0.611028538824932
    outer loop
      vertex  0.250000000000000  0.468744355542643  0.493750000000000
      vertex  0.499999999999975  0.437492474283398  0.310944837573705
      vertex  0.499999999999975  0.468744355542643  0.280474253345945
    endloop
  endfacet
  facet normal  0.520347326761222 -0.000000000000000  0.853954717495284
    outer loop
      vertex  0.250000000000000  0.437492474283398  0.493750000000000
      vertex  0.250000000000000  0.406240593024153  0.493750000000000
      vertex  0.499999999999975  0.406240593024153  0.341415421801466
    endloop
  endfacet
  facet normal  0.463829410273761  0.618464037085336  0.634322089318355
    outer loop
      vertex  0.250000000000000  0.437492474283398  0.493750000000000
      vertex  0.499999999999975  0.406240593024153  0.341415421801466
      vertex  0.499999999999975  0.437492474283398  0.310944837573705
    endloop
  endfacet
  facet normal  0.438180931134351 -0.000000000000000  0.898886795759195
    outer loop
      vertex  0.250000000000000  0.406240593024153  0.493750000000000
      vertex  0.250000000000000  0.374992474509930  0.493750000000000
      vertex  0.499999999999975  0.374992474509930  0.371882337352831
    endloop
  endfacet
  facet normal  0.399884922721516  0.639854398561545  0.656260921601653
    outer loop
      vertex  0.250000000000000  0.406240593024153  0.493750000000000
      vertex  0.499999999999975  0.374992474509930  0.371882337352831
      vertex  0.499999999999975  0.406240593024153  0.341415421801466
    endloop
  endfacet
  facet normal  0.343361728236524 -0.000000000000002  0.939203238698860
    outer loop
      vertex  0.250000000000000  0.374992474509930  0.493750000000000
      vertex  0.250000000000000  0.343740593250685  0.493750000000000
      vertex  0.499999999999975  0.343740593250685  0.402352921580591
    endloop
  endfacet
  facet normal  0.329533630428796  0.659106941679484  0.676007119671335
    outer loop
      vertex  0.250000000000000  0.374992474509930  0.493750000000000
      vertex  0.499999999999975  0.343740593250685  0.402352921580591
      vertex  0.499999999999975  0.374992474509930  0.371882337352831
    endloop
  endfacet
  facet normal  0.236789475780870  0.000000000000002  0.971560983242648
    outer loop
      vertex  0.250000000000000  0.343740593250685  0.493750000000000
      vertex  0.250000000000000  0.312492474736462  0.493750000000000
      vertex  0.499999999999975  0.312492474736462  0.432819837131956
    endloop
  endfacet
  facet normal  0.253229497604667  0.675346423633797  0.692662998598834
    outer loop
      vertex  0.250000000000000  0.343740593250685  0.493750000000000
      vertex  0.499999999999975  0.312492474736462  0.432819837131956
      vertex  0.499999999999975  0.343740593250685  0.402352921580591
    endloop
  endfacet
  facet normal  0.120958294657896 -0.000000000000002  0.992657589984307
    outer loop
      vertex  0.250000000000000  0.312492474736462  0.493750000000000
      vertex  0.250000000000000  0.281244356222239  0.493750000000000
      vertex  0.499999999999975  0.281244356222239  0.463286752683320
    endloop
  endfacet
  facet normal  0.171906234380840  0.687707740435034  0.705341272241132
    outer loop
      vertex  0.250000000000000  0.312492474736462  0.493750000000000
      vertex  0.499999999999975  0.281244356222239  0.463286752683320
      vertex  0.499999999999975  0.312492474736462  0.432819837131956
    endloop
  endfacet
  facet normal -0.000000000000000  0.000000000000002  1.000000000000000
    outer loop
      vertex  0.250000000000000  0.281244356222239  0.493750000000000
      vertex  0.250000000000000  0.250000000000000  0.493750000000000
      vertex  0.499999999999975  0.250000000000000  0.493750000000000
    endloop
  endfacet
  facet normal  0.086916580104992  0.695458241216052  0.713290503811405
    outer loop
      vertex  0.250000000000000  0.281244356222239  0.493750000000000
      vertex  0.499999999999975  0.250000000000000  0.493750000000000
      vertex  0.499999999999975  0.281244356222239  0.463286752683320
    endloop
  endfacet
  facet normal  0.148470063795950  0.977693450166898  0.148567014027924
    outer loop
      vertex  0.000000000000000  0.249999999999975  0.250000000000000
      vertex  0.037717377314663  0.245054523498361  0.244852548948835
      vertex  0.245054523498340  0.245054523498361  0.037650704565163
    endloop
  endfacet
  facet normal  0.147870296185446  0.977889948313233  0.147870296185446
    outer loop
      vertex  0.000000000000000  0.249999999999975  0.250000000000000
      vertex  0.245054523498340  0.245054523498361  0.037650704565163
      vertex  0.249999999999975  0.249999999999975  0.000000000000050
    endloop
  endfacet
  facet normal -0.218388532920028  0.950963408807673 -0.219032061118752
    outer loop
      vertex  0.037717377314663  0.245054523498361  0.244852548948835
      vertex  0.080909204030977  0.257778334325439  0.257030121642104
      vertex  0.257778334325421  0.257778334325439  0.080680642545055
    endloop
  endfacet
  facet normal -0.217077519891567  0.951679115510389 -0.217219270459807
    outer loop
      vertex  0.037717377314663  0.245054523498361  0.244852548948835
      vertex  0.257778334325421  0.257778334325439  0.080680642545055
      vertex  0.245054523498340  0.245054523498361  0.037650704565163
    endloop
  endfacet
  facet normal -0.362113048021540  0.856975644672246 -0.366697265998996
    outer loop
      vertex  0.080909204030977  0.257778334325439  0.257030121642104
      vertex  0.169072377046004  0.321572377399393  0.319056506878071
      vertex  0.321572377399378  0.321572377399393  0.168462965361463
    endloop
  endfacet
  facet normal -0.361062807085714  0.859358983433536 -0.362126755337774
    outer loop
      vertex  0.080909204030977  0.257778334325439  0.257030121642104
      vertex  0.321572377399378  0.321572377399393  0.168462965361463
      vertex  0.257778334325421  0.257778334325439  0.080680642545055
    endloop
  endfacet
  facet normal -0.445534744781824  0.770674809197607 -0.455586577568333
    outer loop
      vertex  0.169072377046004  0.321572377399393  0.319056506878071
      vertex  0.235200772647290  0.412081642706218  0.407493512921910
      vertex  0.412081642706201  0.412081642706218  0.234515253292074
    endloop
  endfacet
  facet normal -0.445008139635201  0.773879669391872 -0.450641778977875
    outer loop
      vertex  0.169072377046004  0.321572377399393  0.319056506878071
      vertex  0.412081642706201  0.412081642706218  0.234515253292074
      vertex  0.321572377399378  0.321572377399393  0.168462965361463
    endloop
  endfacet
  facet normal -0.539824532116308  0.634068788173102 -0.553666186785957
    outer loop
      vertex  0.235200772647290  0.412081642706218  0.407493512921910
      vertex  0.250000000000000  0.499999999999975  0.493750000000000
      vertex  0.499999999999975  0.499999999999975  0.250000000000049
    endloop
  endfacet
  facet normal -0.539299668883572  0.636427577397202 -0.551466958094860
    outer loop
      vertex  0.235200772647290  0.412081642706218  0.407493512921910
      vertex  0.499999999999975  0.499999999999975  0.250000000000049
      vertex  0.412081642706201  0.412081642706218  0.234515253292074
    endloop
  endfacet
  facet normal  0.000000000000000  0.135220807838995  0.990815488941998
    outer loop
      vertex  0.000000000000000  0.000000000000000  0.250000000000000
      vertex  0.245054523498340  0.037717377314663  0.244852548948835
      vertex  0.037717377314663  0.037717377314663  0.244852548948835
    endloop
  endfacet
  facet normal -0.000000000000000  0.135220807838995  0.990815488941998
    outer loop
      vertex  0.000000000000000  0.000000000000000  0.250000000000000
      vertex  0.249999999999975  0.000000000000000  0.250000000000000
      vertex  0.245054523498340  0.037717377314663  0.244852548948835
    endloop
  endfacet
  facet normal -0.000000000000000 -0.271362375615297  0.962477252250890
    outer loop
      vertex  0.037717377314663  0.037717377314663  0.244852548948835
      vertex  0.257778334325421  0.080909204030977  0.257030121642104
      vertex  0.080909204030977  0.080909204030977  0.257030121642104
    endloop
  endfacet
  facet normal -0.000000000000000 -0.271362375615297  0.962477252250890
    outer loop
      vertex  0.037717377314663  0.037717377314663  0.244852548948835
      vertex  0.245054523498340  0.037717377314663  0.244852548948835
      vertex  0.257778334325421  0.080909204030977  0.257030121642104
    endloop
  endfacet
  facet normal -0.000000000000000 -0.575404269888002  0.817869137573154
    outer loop
      vertex  0.080909204030977  0.080909204030977  0.257030121642104
      vertex  0.321572377399378  0.169072377046004  0.319056506878071
      vertex  0.169072377046004  0.169072377046004  0.319056506878071
    endloop
  endfacet
  facet normal -0.000000000000000 -0.575404269888002  0.817869137573154
    outer loop
      vertex  0.080909204030977  0.080909204030977  0.257030121642104
      vertex  0.257778334325421  0.080909204030977  0.257030121642104
      vertex  0.321572377399378  0.169072377046004  0.319056506878071
    endloop
  endfacet
  facet normal -0.000000000000000 -0.800865733557374  0.598843950302254
    outer loop
      vertex  0.169072377046004  0.169072377046004  0.319056506878071
      vertex  0.412081642706201  0.235200772647290  0.407493512921910
      vertex  0.235200772647290  0.235200772647290  0.407493512921910
    endloop
  endfacet
  facet normal -0.000000000000000 -0.800865733557374  0.598843950302254
    outer loop
      vertex  0.169072377046004  0.169072377046004  0.319056506878071
      vertex  0.321572377399378  0.169072377046004  0.319056506878071
      vertex  0.412081642706201  0.235200772647290  0.407493512921910
    endloop
  endfacet
  facet normal -0.000000000000000 -0.985598647530856  0.169101466538134
    outer loop
      vertex  0.235200772647290  0.235200772647290  0.407493512921910
      vertex  0.499999999999975  0.250000000000000  0.493750000000000
      vertex  0.250000000000000  0.250000000000000  0.493750000000000
    endloop
  endfacet
  facet normal -0.000000000000000 -0.985598647530856  0.169101466538134
    outer loop
      vertex  0.235200772647290  0.235200772647290  0.407493512921910
      vertex  0.412081642706201  0.235200772647290  0.407493512921910
      vertex  0.499999999999975  0.250000000000000  0.493750000000000
    endloop
  endfacet
  facet normal  0.977693450166898  0.148470063795950  0.148567014027924
    outer loop
      vertex  0.249999999999975  0.000000000000000  0.250000000000000
      vertex  0.245054523498340  0.245054523498361  0.037650704565163
      vertex  0.245054523498340  0.037717377314663  0.244852548948835
    endloop
  endfacet
  facet normal  0.977889948314170  0.147870296182577  0.147870296182113
    outer loop
      vertex  0.245054523498340  0.245054523498361  0.037650704565163
      vertex  0.249999999999975  0.000000000000000  0.250000000000000
      vertex  0.249999999999975  0.031244356222239  0.218755643777765
    endloop
  endfacet
  facet normal  0.977889948313335  0.147870296185100  0.147870296185115
    outer loop
      vertex  0.245054523498340  0.245054523498361  0.037650704565163
      vertex  0.249999999999975  0.031244356222239  0.218755643777765
      vertex  0.249999999999975  0.062492474736462  0.187507525263544
    endloop
  endfacet
  facet normal  0.977889948313336  0.147870296185096  0.147870296185110
    outer loop
      vertex  0.245054523498340  0.245054523498361  0.037650704565163
      vertex  0.249999999999975  0.062492474736462  0.187507525263544
      vertex  0.249999999999975  0.093740593250685  0.156259406749324
    endloop
  endfacet
  facet normal  0.977889948313335  0.147870296185099  0.147870296185114
    outer loop
      vertex  0.245054523498340  0.245054523498361  0.037650704565163
      vertex  0.249999999999975  0.093740593250685  0.156259406749324
      vertex  0.249999999999975  0.124992474509930  0.125007525490083
    endloop
  endfacet
  facet normal  0.977889948313334  0.147870296185102  0.147870296185118
    outer loop
      vertex  0.245054523498340  0.245054523498361  0.037650704565163
      vertex  0.249999999999975  0.124992474509930  0.125007525490083
      vertex  0.249999999999975  0.156240593024153  0.093759406975863
    endloop
  endfacet
  facet normal  0.977889948313336  0.147870296185099  0.147870296185113
    outer loop
      vertex  0.245054523498340  0.245054523498361  0.037650704565163
      vertex  0.249999999999975  0.156240593024153  0.093759406975863
      vertex  0.249999999999975  0.187492474283398  0.062507525716621
    endloop
  endfacet
  facet normal  0.977889948313335  0.147870296185100  0.147870296185116
    outer loop
      vertex  0.245054523498340  0.245054523498361  0.037650704565163
      vertex  0.249999999999975  0.187492474283398  0.062507525716621
      vertex  0.249999999999975  0.218744355542643  0.031255644457379
    endloop
  endfacet
  facet normal  0.977889948313303  0.147870296185025  0.147870296185400
    outer loop
      vertex  0.245054523498340  0.245054523498361  0.037650704565163
      vertex  0.249999999999975  0.218744355542643  0.031255644457379
      vertex  0.249999999999975  0.249999999999975  0.000000000000050
    endloop
  endfacet
  facet normal  0.950963408807673 -0.218388532920028 -0.219032061118752
    outer loop
      vertex  0.245054523498340  0.037717377314663  0.244852548948835
      vertex  0.257778334325421  0.257778334325439  0.080680642545055
      vertex  0.257778334325421  0.080909204030977  0.257030121642104
    endloop
  endfacet
  facet normal  0.951679115510389 -0.217077519891567 -0.217219270459807
    outer loop
      vertex  0.245054523498340  0.037717377314663  0.244852548948835
      vertex  0.245054523498340  0.245054523498361  0.037650704565163
      vertex  0.257778334325421  0.257778334325439  0.080680642545055
    endloop
  endfacet
  facet normal  0.856975644672246 -0.362113048021540 -0.366697265998996
    outer loop
      vertex  0.257778334325421  0.080909204030977  0.257030121642104
      vertex  0.321572377399378  0.321572377399393  0.168462965361463
      vertex  0.321572377399378  0.169072377046004  0.319056506878071
    endloop
  endfacet
  facet normal  0.859358983433536 -0.361062807085714 -0.362126755337774
    outer loop
      vertex  0.257778334325421  0.080909204030977  0.257030121642104
      vertex  0.257778334325421  0.257778334325439  0.080680642545055
      vertex  0.321572377399378  0.321572377399393  0.168462965361463
    endloop
  endfacet
  facet normal  0.770674809197607 -0.445534744781824 -0.455586577568333
    outer loop
      vertex  0.321572377399378  0.169072377046004  0.319056506878071
      vertex  0.412081642706201  0.412081642706218  0.234515253292074
      vertex  0.412081642706201  0.235200772647290  0.407493512921910
    endloop
  endfacet
  facet normal  0.773879669391872 -0.445008139635201 -0.450641778977875
    outer loop
      vertex  0.321572377399378  0.169072377046004  0.319056506878071
      vertex  0.321572377399378  0.321572377399393  0.168462965361463
      vertex  0.412081642706201  0.412081642706218  0.234515253292074
    endloop
  endfacet
  facet normal  0.634068788173102 -0.539824532116308 -0.553666186785957
    outer loop
      vertex  0.412081642706201  0.235200772647290  0.407493512921910
      vertex  0.499999999999975  0.499999999999975  0.250000000000049
      vertex  0.499999999999975  0.250000000000000  0.493750000000000
    endloop
  endfacet
  facet normal  0.636427577397202 -0.539299668883572 -0.551466958094860
    outer loop
      vertex  0.412081642706201  0.235200772647290  0.407493512921910
      vertex  0.412081642706201  0.412081642706218  0.234515253292074
      vertex  0.499999999999975  0.499999999999975  0.250000000000049
    endloop
  endfacet
  facet normal  0.135220807839029  0.000000000000263  0.990815488941993
    outer loop
      vertex  0.037717377314663  0.245054523498361  0.244852548948835
      vertex  0.000000000000000  0.249999999999975  0.250000000000000
      vertex  0.000000000000000  0.218744355542643  0.250000000000000
    endloop
  endfacet
  facet normal  0.135220807839209  0.000000000000000  0.990815488941968
    outer loop
      vertex  0.037717377314663  0.245054523498361  0.244852548948835
      vertex  0.000000000000000  0.218744355542643  0.250000000000000
      vertex  0.000000000000000  0.187492474283398  0.250000000000000
    endloop
  endfacet
  facet normal  0.135220807839209  0.000000000000000  0.990815488941968
    outer loop
      vertex  0.037717377314663  0.245054523498361  0.244852548948835
      vertex  0.000000000000000  0.187492474283398  0.250000000000000
      vertex  0.000000000000000  0.156240593024153  0.250000000000000
    endloop
  endfacet
  facet normal  0.135220807839209 -0.000000000000000  0.990815488941968
    outer loop
      vertex  0.037717377314663  0.245054523498361  0.244852548948835
      vertex  0.000000000000000  0.156240593024153  0.250000000000000
      vertex  0.000000000000000  0.124992474509930  0.250000000000000
    endloop
  endfacet
  facet normal  0.135220807839209  0.000000000000000  0.990815488941968
    outer loop
      vertex  0.037717377314663  0.245054523498361  0.244852548948835
      vertex  0.000000000000000  0.124992474509930  0.250000000000000
      vertex  0.000000000000000  0.093740593250685  0.250000000000000
    endloop
  endfacet
  facet normal  0.135220807839209 -0.000000000000000  0.990815488941968
    outer loop
      vertex  0.037717377314663  0.245054523498361  0.244852548948835
      vertex  0.000000000000000  0.093740593250685  0.250000000000000
      vertex  0.000000000000000  0.062492474736462  0.250000000000000
    endloop
  endfacet
  facet normal  0.135220807839209  0.000000000000000  0.990815488941968
    outer loop
      vertex  0.037717377314663  0.245054523498361  0.244852548948835
      vertex  0.000000000000000  0.062492474736462  0.250000000000000
      vertex  0.000000000000000  0.031244356222239  0.250000000000000
    endloop
  endfacet
  facet normal  0.135220807838995 -0.000000000000000  0.990815488941998
    outer loop
      vertex  0.037717377314663  0.245054523498361  0.244852548948835
      vertex  0.000000000000000  0.000000000000000  0.250000000000000
      vertex  0.037717377314663  0.037717377314663  0.244852548948835
    endloop
  endfacet
  facet normal  0.135220807840675 -0.000000000000263  0.990815488941768
    outer loop
      vertex  0.037717377314663  0.245054523498361  0.244852548948835
      vertex  0.000000000000000  0.031244356222239  0.250000000000000
      vertex  0.000000000000000  0.000000000000000  0.250000000000000
    endloop
  endfacet
  facet normal -0.271362375615297 -0.000000000000000  0.962477252250890
    outer loop
      vertex  0.037717377314663  0.037717377314663  0.244852548948835
      vertex  0.080909204030977  0.257778334325439  0.257030121642104
      vertex  0.037717377314663  0.245054523498361  0.244852548948835
    endloop
  endfacet
  facet normal -0.271362375615297 -0.000000000000000  0.962477252250890
    outer loop
      vertex  0.037717377314663  0.037717377314663  0.244852548948835
      vertex  0.080909204030977  0.080909204030977  0.257030121642104
      vertex  0.080909204030977  0.257778334325439  0.257030121642104
    endloop
  endfacet
  facet normal -0.575404269888002 -0.000000000000000  0.817869137573154
    outer loop
      vertex  0.080909204030977  0.080909204030977  0.257030121642104
      vertex  0.169072377046004  0.321572377399393  0.319056506878071
      vertex  0.080909204030977  0.257778334325439  0.257030121642104
    endloop
  endfacet
  facet normal -0.575404269888002 -0.000000000000000  0.817869137573154
    outer loop
      vertex  0.080909204030977  0.080909204030977  0.257030121642104
      vertex  0.169072377046004  0.169072377046004  0.319056506878071
      vertex  0.169072377046004  0.321572377399393  0.319056506878071
    endloop
  endfacet
  facet normal -0.800865733557374 -0.000000000000000  0.598843950302254
    outer loop
      vertex  0.169072377046004  0.169072377046004  0.319056506878071
      vertex  0.235200772647290  0.412081642706218  0.407493512921910
      vertex  0.169072377046004  0.321572377399393  0.319056506878071
    endloop
  endfacet
  facet normal -0.800865733557374 -0.000000000000000  0.598843950302254
    outer loop
      vertex  0.169072377046004  0.169072377046004  0.319056506878071
      vertex  0.235200772647290  0.235200772647290  0.407493512921910
      vertex  0.235200772647290  0.412081642706218  0.407493512921910
    endloop
  endfacet
  facet normal -0.985598647530856  0.000000000000000  0.169101466538134
    outer loop
      vertex  0.235200772647290  0.235200772647290  0.407493512921910
      vertex  0.250000000000000  0.250000000000000  0.493750000000000
      vertex  0.250000000000000  0.281244356222239  0.493750000000000
    endloop
  endfacet
  facet normal -0.985598647530856 -0.000000000000000  0.169101466538134
    outer loop
      vertex  0.235200772647290  0.235200772647290  0.407493512921910
      vertex  0.250000000000000  0.281244356222239  0.493750000000000
      vertex  0.250000000000000  0.312492474736462  0.493750000000000
    endloop
  endfacet
  facet normal -0.985598647530856  0.000000000000000  0.169101466538134
    outer loop
      vertex  0.235200772647290  0.235200772647290  0.407493512921910
      vertex  0.250000000000000  0.312492474736462  0.493750000000000
      vertex  0.250000000000000  0.343740593250685  0.493750000000000
    endloop
  endfacet
  facet normal -0.985598647530856 -0.000000000000000  0.169101466538134
    outer loop
      vertex  0.235200772647290  0.235200772647290  0.407493512921910
      vertex  0.250000000000000  0.343740593250685  0.493750000000000
      vertex  0.250000000000000  0.374992474509930  0.493750000000000
    endloop
  endfacet
  facet normal -0.985598647530856 -0.000000000000000  0.169101466538134
    outer loop
      vertex  0.235200772647290  0.235200772647290  0.407493512921910
      vertex  0.250000000000000  0.374992474509930  0.493750000000000
      vertex  0.250000000000000  0.406240593024153  0.493750000000000
    endloop
  endfacet
  facet normal -0.985598647530856 -0.000000000000000  0.169101466538134
    outer loop
      vertex  0.235200772647290  0.235200772647290  0.407493512921910
      vertex  0.250000000000000  0.406240593024153  0.493750000000000
      vertex  0.250000000000000  0.437492474283398  0.493750000000000
    endloop
  endfacet
  facet normal -0.985598647530856 -0.000000000000000  0.169101466538134
    outer loop
      vertex  0.235200772647290  0.235200772647290  0.407493512921910
      vertex  0.250000000000000  0.437492474283398  0.493750000000000
      vertex  0.250000000000000  0.468744355542643  0.493750000000000
    endloop
  endfacet
  facet normal -0.985598647530856 -0.000000000000000  0.169101466538134
    outer loop
      vertex  0.235200772647290  0.235200772647290  0.407493512921910
      vertex  0.250000000000000  0.499999999999975  0.493750000000000
      vertex  0.235200772647290  0.412081642706218  0.407493512921910
    endloop
  endfacet
  facet normal -0.985598647530856 -0.000000000000000  0.169101466538134
    outer loop
      vertex  0.235200772647290  0.235200772647290  0.407493512921910
      vertex  0.250000000000000  0.468744355542643  0.493750000000000
      vertex  0.250000000000000  0.499999999999975  0.493750000000000
    endloop
  endfacet
  facet normal  0.658494984175250 -0.000000000000000 -0.752585115329846
    outer loop
      vertex  1.000000000000000  0.249999999999975  0.250000000000000
      vertex  1.000000000000000  0.218744355542643  0.250000000000000
      vertex  0.750000000000025  0.218744355542643  0.031255644457379
    endloop
  endfacet
  facet normal  0.577350269189607 -0.577350269189607 -0.577350269189664
    outer loop
      vertex  1.000000000000000  0.249999999999975  0.250000000000000
      vertex  0.750000000000025  0.218744355542643  0.031255644457379
      vertex  0.750000000000025  0.249999999999975  0.000000000000050
    endloop
  endfacet
  facet normal  0.599984586998340 -0.000000000000000 -0.800011559519256
    outer loop
      vertex  1.000000000000000  0.218744355542643  0.250000000000000
      vertex  1.000000000000000  0.187492474283398  0.250000000000000
      vertex  0.750000000000025  0.187492474283398  0.062507525716621
    endloop
  endfacet
  facet normal  0.526142401514500 -0.601321117760088 -0.601321117760148
    outer loop
      vertex  1.000000000000000  0.218744355542643  0.250000000000000
      vertex  0.750000000000025  0.187492474283398  0.062507525716621
      vertex  0.750000000000025  0.218744355542643  0.031255644457379
    endloop
  endfacet
  facet normal  0.529975994056079 -0.000000000000000 -0.848012644790318
    outer loop
      vertex  1.000000000000000  0.187492474283398  0.250000000000000
      vertex  1.000000000000000  0.156240593024153  0.250000000000000
      vertex  0.750000000000025  0.156240593024153  0.093759406975863
    endloop
  endfacet
  facet normal  0.468506608311620 -0.624700551451759 -0.624700551451822
    outer loop
      vertex  1.000000000000000  0.187492474283398  0.250000000000000
      vertex  0.750000000000025  0.156240593024153  0.093759406975863
      vertex  0.750000000000025  0.187492474283398  0.062507525716621
    endloop
  endfacet
  facet normal  0.447192055901512 -0.000000000000000 -0.894437960474945
    outer loop
      vertex  1.000000000000000  0.156240593024153  0.250000000000000
      vertex  1.000000000000000  0.124992474509930  0.250000000000000
      vertex  0.750000000000025  0.124992474509930  0.125007525490083
    endloop
  endfacet
  facet normal  0.404205681658538 -0.646768029093459 -0.646768029093522
    outer loop
      vertex  1.000000000000000  0.156240593024153  0.250000000000000
      vertex  0.750000000000025  0.124992474509930  0.125007525490083
      vertex  0.750000000000025  0.156240593024153  0.093759406975863
    endloop
  endfacet
  facet normal  0.351092553339288 -0.000000000000000 -0.936340760081339
    outer loop
      vertex  1.000000000000000  0.124992474509930  0.250000000000000
      vertex  1.000000000000000  0.093740593250685  0.250000000000000
      vertex  0.750000000000025  0.093740593250685  0.156259406749324
    endloop
  endfacet
  facet normal  0.333315494955676 -0.666671126126805 -0.666671126126871
    outer loop
      vertex  1.000000000000000  0.124992474509930  0.250000000000000
      vertex  0.750000000000025  0.093740593250685  0.156259406749324
      vertex  0.750000000000025  0.124992474509930  0.125007525490083
    endloop
  endfacet
  facet normal  0.242508140215470 -0.000000000000000 -0.970149370936885
    outer loop
      vertex  1.000000000000000  0.093740593250685  0.250000000000000
      vertex  1.000000000000000  0.062492474736462  0.250000000000000
      vertex  0.750000000000025  0.062492474736462  0.187507525263544
    endloop
  endfacet
  facet normal  0.256283269019687 -0.683490631252722 -0.683490631252791
    outer loop
      vertex  1.000000000000000  0.093740593250685  0.250000000000000
      vertex  0.750000000000025  0.062492474736462  0.187507525263544
      vertex  0.750000000000025  0.093740593250685  0.156259406749324
    endloop
  endfacet
  facet normal  0.124012678341469 -0.000000000000000 -0.992280633495674
    outer loop
      vertex  1.000000000000000  0.062492474736462  0.250000000000000
      vertex  1.000000000000000  0.031244356222239  0.250000000000000
      vertex  0.750000000000025  0.031244356222239  0.218755643777765
    endloop
  endfacet
  facet normal  0.174057331302614 -0.696313164251444 -0.696313164251513
    outer loop
      vertex  1.000000000000000  0.062492474736462  0.250000000000000
      vertex  0.750000000000025  0.031244356222239  0.218755643777765
      vertex  0.750000000000025  0.062492474736462  0.187507525263544
    endloop
  endfacet
  facet normal -0.000000000000000  0.000000000000000 -1.000000000000000
    outer loop
      vertex  1.000000000000000  0.031244356222239  0.250000000000000
      vertex  1.000000000000000  0.000000000000000  0.250000000000000
      vertex  0.750000000000025  0.000000000000000  0.250000000000000
    endloop
  endfacet
  facet normal  0.088029312841584 -0.704361711083354 -0.704361711083424
    outer loop
      vertex  1.000000000000000  0.031244356222239  0.250000000000000
      vertex  0.750000000000025  0.000000000000000  0.250000000000000
      vertex  0.750000000000025  0.031244356222239  0.218755643777765
    endloop
  endfacet
  facet normal -0.649017862397587 -0.000000000000000  0.760773168749310
    outer loop
      vertex  0.750000000000000  0.499999999999975  0.493750000000000
      vertex  0.499999999999975  0.468744355542643  0.280474253345945
      vertex  0.750000000000000  0.468744355542643  0.493750000000000
    endloop
  endfacet
  facet normal -0.572416361722459  0.572416361722459  0.587093704330786
    outer loop
      vertex  0.750000000000000  0.499999999999975  0.493750000000000
      vertex  0.499999999999975  0.499999999999975  0.250000000000049
      vertex  0.499999999999975  0.468744355542643  0.280474253345945
    endloop
  endfacet
  facet normal -0.590254104643026 -0.000000000000000  0.807217499780610
    outer loop
      vertex  0.750000000000000  0.468744355542643  0.493750000000000
      vertex  0.499999999999975  0.437492474283398  0.310944837573705
      vertex  0.750000000000000  0.437492474283398  0.493750000000000
    endloop
  endfacet
  facet normal -0.521270271379347  0.595752825354249  0.611028538824932
    outer loop
      vertex  0.750000000000000  0.468744355542643  0.493750000000000
      vertex  0.499999999999975  0.468744355542643  0.280474253345945
      vertex  0.499999999999975  0.437492474283398  0.310944837573705
    endloop
  endfacet
  facet normal -0.520347326761222 -0.000000000000000  0.853954717495284
    outer loop
      vertex  0.750000000000000  0.437492474283398  0.493750000000000
      vertex  0.499999999999975  0.406240593024153  0.341415421801466
      vertex  0.750000000000000  0.406240593024153  0.493750000000000
    endloop
  endfacet
  facet normal -0.463829410273761  0.618464037085336  0.634322089318355
    outer loop
      vertex  0.750000000000000  0.437492474283398  0.493750000000000
      vertex  0.499999999999975  0.437492474283398  0.310944837573705
      vertex  0.499999999999975  0.406240593024153  0.341415421801466
    endloop
  endfacet
  facet normal -0.438180931134351 -0.000000000000000  0.898886795759195
    outer loop
      vertex  0.750000000000000  0.406240593024153  0.493750000000000
      vertex  0.499999999999975  0.374992474509930  0.371882337352831
      vertex  0.750000000000000  0.374992474509930  0.493750000000000
    endloop
  endfacet
  facet normal -0.399884922721516  0.639854398561545  0.656260921601653
    outer loop
      vertex  0.750000000000000  0.406240593024153  0.493750000000000
      vertex  0.499999999999975  0.406240593024153  0.341415421801466
      vertex  0.499999999999975  0.374992474509930  0.371882337352831
    endloop
  endfacet
  facet normal -0.343361728236524 -0.000000000000002  0.939203238698860
    outer loop
      vertex  0.750000000000000  0.374992474509930  0.493750000000000
      vertex  0.499999999999975  0.343740593250685  0.402352921580591
      vertex  0.750000000000000  0.343740593250685  0.493750000000000
    endloop
  endfacet
  facet normal -0.329533630428796  0.659106941679485  0.676007119671334
    outer loop
      vertex  0.750000000000000  0.374992474509930  0.493750000000000
      vertex  0.499999999999975  0.374992474509930  0.371882337352831
      vertex  0.499999999999975  0.343740593250685  0.402352921580591
    endloop
  endfacet
  facet normal -0.236789475780870  0.000000000000002  0.971560983242648
    outer loop
      vertex  0.750000000000000  0.343740593250685  0.493750000000000
      vertex  0.499999999999975  0.312492474736462  0.432819837131956
      vertex  0.750000000000000  0.312492474736462  0.493750000000000
    endloop
  endfacet
  facet normal -0.253229497604667  0.675346423633797  0.692662998598834
    outer loop
      vertex  0.750000000000000  0.343740593250685  0.493750000000000
      vertex  0.499999999999975  0.343740593250685  0.402352921580591
      vertex  0.499999999999975  0.312492474736462  0.432819837131956
    endloop
  endfacet
  facet normal -0.120958294657896 -0.000000000000002  0.992657589984307
    outer loop
      vertex  0.750000000000000  0.312492474736462  0.493750000000000
      vertex  0.499999999999975  0.281244356222239  0.463286752683320
      vertex  0.750000000000000  0.281244356222239  0.493750000000000
    endloop
  endfacet
  facet normal -0.171906234380840  0.687707740435034  0.705341272241132
    outer loop
      vertex  0.750000000000000  0.312492474736462  0.493750000000000
      vertex  0.499999999999975  0.312492474736462  0.432819837131956
      vertex  0.499999999999975  0.281244356222239  0.463286752683320
    endloop
  endfacet
  facet normal -0.000000000000000  0.000000000000002  1.000000000000000
    outer loop
      vertex  0.750000000000000  0.281244356222239  0.493750000000000
      vertex  0.499999999999975  0.250000000000000  0.493750000000000
      vertex  0.750000000000000  0.250000000000000  0.493750000000000
    endloop
  endfacet
  facet normal -0.086916580104992  0.695458241216052  0.713290503811405
    outer loop
      vertex  0.750000000000000  0.281244356222239  0.493750000000000
      vertex  0.499999999999975  0.281244356222239  0.463286752683320
      vertex  0.499999999999975  0.250000000000000  0.493750000000000
    endloop
  endfacet
  facet normal -0.148470063795949  0.977693450166898  0.148567014027923
    outer loop
      vertex  1.000000000000000  0.249999999999975  0.250000000000000
      vertex  0.754945476501660  0.245054523498361  0.037650704565163
      vertex  0.962282622685337  0.245054523498361  0.244852548948835
    endloop
  endfacet
  facet normal -0.147870296185446  0.977889948313233  0.147870296185446
    outer loop
      vertex  1.000000000000000  0.249999999999975  0.250000000000000
      vertex  0.750000000000025  0.249999999999975  0.000000000000050
      vertex  0.754945476501660  0.245054523498361  0.037650704565163
    endloop
  endfacet
  facet normal  0.218388532920028  0.950963408807673 -0.219032061118752
    outer loop
      vertex  0.962282622685337  0.245054523498361  0.244852548948835
      vertex  0.742221665674579  0.257778334325439  0.080680642545055
      vertex  0.919090795969023  0.257778334325439  0.257030121642104
    endloop
  endfacet
  facet normal  0.217077519891567  0.951679115510389 -0.217219270459807
    outer loop
      vertex  0.962282622685337  0.245054523498361  0.244852548948835
      vertex  0.754945476501660  0.245054523498361  0.037650704565163
      vertex  0.742221665674579  0.257778334325439  0.080680642545055
    endloop
  endfacet
  facet normal  0.362113048021540  0.856975644672246 -0.366697265998995
    outer loop
      vertex  0.919090795969023  0.257778334325439  0.257030121642104
      vertex  0.678427622600622  0.321572377399393  0.168462965361463
      vertex  0.830927622953996  0.321572377399393  0.319056506878071
    endloop
  endfacet
  facet normal  0.361062807085714  0.859358983433536 -0.362126755337773
    outer loop
      vertex  0.919090795969023  0.257778334325439  0.257030121642104
      vertex  0.742221665674579  0.257778334325439  0.080680642545055
      vertex  0.678427622600622  0.321572377399393  0.168462965361463
    endloop
  endfacet
  facet normal  0.445534744781824  0.770674809197607 -0.455586577568334
    outer loop
      vertex  0.830927622953996  0.321572377399393  0.319056506878071
      vertex  0.587918357293799  0.412081642706218  0.234515253292074
      vertex  0.764799227352710  0.412081642706218  0.407493512921910
    endloop
  endfacet
  facet normal  0.445008139635202  0.773879669391872 -0.450641778977875
    outer loop
      vertex  0.830927622953996  0.321572377399393  0.319056506878071
      vertex  0.678427622600622  0.321572377399393  0.168462965361463
      vertex  0.587918357293799  0.412081642706218  0.234515253292074
    endloop
  endfacet
  facet normal  0.539824532116308  0.634068788173103 -0.553666186785957
    outer loop
      vertex  0.764799227352710  0.412081642706218  0.407493512921910
      vertex  0.499999999999975  0.499999999999975  0.250000000000049
      vertex  0.750000000000000  0.499999999999975  0.493750000000000
    endloop
  endfacet
  facet normal  0.539299668883572  0.636427577397202 -0.551466958094860
    outer loop
      vertex  0.764799227352710  0.412081642706218  0.407493512921910
      vertex  0.587918357293799  0.412081642706218  0.234515253292074
      vertex  0.499999999999975  0.499999999999975  0.250000000000049
    endloop
  endfacet
  facet normal -0.000000000000000  0.135220807838995  0.990815488941998
    outer loop
      vertex  1.000000000000000  0.000000000000000  0.250000000000000
      vertex  0.754945476501660  0.037717377314663  0.244852548948835
      vertex  0.750000000000025  0.000000000000000  0.250000000000000
    endloop
  endfacet
  facet normal  0.000000000000000  0.135220807838995  0.990815488941998
    outer loop
      vertex  1.000000000000000  0.000000000000000  0.250000000000000
      vertex  0.962282622685337  0.037717377314663  0.244852548948835
      vertex  0.754945476501660  0.037717377314663  0.244852548948835
    endloop
  endfacet
  facet normal -0.000000000000000 -0.271362375615297  0.962477252250890
    outer loop
      vertex  0.962282622685337  0.037717377314663  0.244852548948835
      vertex  0.742221665674579  0.080909204030977  0.257030121642104
      vertex  0.754945476501660  0.037717377314663  0.244852548948835
    endloop
  endfacet
  facet normal -0.000000000000000 -0.271362375615296  0.962477252250890
    outer loop
      vertex  0.962282622685337  0.037717377314663  0.244852548948835
      vertex  0.919090795969023  0.080909204030977  0.257030121642104
      vertex  0.742221665674579  0.080909204030977  0.257030121642104
    endloop
  endfacet
  facet normal -0.000000000000000 -0.575404269888002  0.817869137573154
    outer loop
      vertex  0.919090795969023  0.080909204030977  0.257030121642104
      vertex  0.678427622600622  0.169072377046004  0.319056506878071
      vertex  0.742221665674579  0.080909204030977  0.257030121642104
    endloop
  endfacet
  facet normal -0.000000000000000 -0.575404269888002  0.817869137573154
    outer loop
      vertex  0.919090795969023  0.080909204030977  0.257030121642104
      vertex  0.830927622953996  0.169072377046004  0.319056506878071
      vertex  0.678427622600622  0.169072377046004  0.319056506878071
    endloop
  endfacet
  facet normal -0.000000000000000 -0.800865733557374  0.598843950302254
    outer loop
      vertex  0.830927622953996  0.169072377046004  0.319056506878071
      vertex  0.587918357293799  0.235200772647290  0.407493512921910
      vertex  0.678427622600622  0.169072377046004  0.319056506878071
    endloop
  endfacet
  facet normal -0.000000000000000 -0.800865733557374  0.598843950302254
    outer loop
      vertex  0.830927622953996  0.169072377046004  0.319056506878071
      vertex  0.764799227352710  0.235200772647290  0.407493512921910
      vertex  0.587918357293799  0.235200772647290  0.407493512921910
    endloop
  endfacet
  facet normal -0.000000000000000 -0.985598647530856  0.169101466538134
    outer loop
      vertex  0.764799227352710  0.235200772647290  0.407493512921910
      vertex  0.499999999999975  0.250000000000000  0.493750000000000
      vertex  0.587918357293799  0.235200772647290  0.407493512921910
    endloop
  endfacet
  facet normal -0.000000000000000 -0.985598647530856  0.169101466538134
    outer loop
      vertex  0.764799227352710  0.235200772647290  0.407493512921910
      vertex  0.750000000000000  0.250000000000000  0.493750000000000
      vertex  0.499999999999975  0.250000000000000  0.493750000000000
    endloop
  endfacet
  facet normal -0.977693450166898  0.148470063795951  0.148567014027925
    outer loop
      vertex  0.750000000000025  0.000000000000000  0.250000000000000
      vertex  0.754945476501660  0.037717377314663  0.244852548948835
      vertex  0.754945476501660  0.245054523498361  0.037650704565163
    endloop
  endfacet
  facet normal -0.977889948313303  0.147870296185027  0.147870296185401
    outer loop
      vertex  0.754945476501660  0.245054523498361  0.037650704565163
      vertex  0.750000000000025  0.249999999999975  0.000000000000050
      vertex  0.750000000000025  0.218744355542643  0.031255644457379
    endloop
  endfacet
  facet normal -0.977889948313335  0.147870296185102  0.147870296185117
    outer loop
      vertex  0.754945476501660  0.245054523498361  0.037650704565163
      vertex  0.750000000000025  0.218744355542643  0.031255644457379
      vertex  0.750000000000025  0.187492474283398  0.062507525716621
    endloop
  endfacet
  facet normal -0.977889948313335  0.147870296185102  0.147870296185117
    outer loop
      vertex  0.754945476501660  0.245054523498361  0.037650704565163
      vertex  0.750000000000025  0.187492474283398  0.062507525716621
      vertex  0.750000000000025  0.156240593024153  0.093759406975863
    endloop
  endfacet
  facet normal -0.977889948313337  0.147870296185097  0.147870296185108
    outer loop
      vertex  0.754945476501660  0.245054523498361  0.037650704565163
      vertex  0.750000000000025  0.156240593024153  0.093759406975863
      vertex  0.750000000000025  0.124992474509930  0.125007525490083
    endloop
  endfacet
  facet normal -0.977889948313334  0.147870296185105  0.147870296185119
    outer loop
      vertex  0.754945476501660  0.245054523498361  0.037650704565163
      vertex  0.750000000000025  0.124992474509930  0.125007525490083
      vertex  0.750000000000025  0.093740593250685  0.156259406749324
    endloop
  endfacet
  facet normal -0.977889948313329  0.147870296185117  0.147870296185135
    outer loop
      vertex  0.754945476501660  0.245054523498361  0.037650704565163
      vertex  0.750000000000025  0.093740593250685  0.156259406749324
      vertex  0.750000000000025  0.062492474736462  0.187507525263544
    endloop
  endfacet
  facet normal -0.977889948313335  0.147870296185101  0.147870296185116
    outer loop
      vertex  0.754945476501660  0.245054523498361  0.037650704565163
      vertex  0.750000000000025  0.062492474736462  0.187507525263544
      vertex  0.750000000000025  0.031244356222239  0.218755643777765
    endloop
  endfacet
  facet normal -0.977889948314168  0.147870296182583  0.147870296182120
    outer loop
      vertex  0.754945476501660  0.245054523498361  0.037650704565163
      vertex  0.750000000000025  0.031244356222239  0.218755643777765
      vertex  0.750000000000025  0.000000000000000  0.250000000000000
    endloop
  endfacet
  facet normal -0.950963408807673 -0.218388532920029 -0.219032061118752
    outer loop
      vertex  0.754945476501660  0.037717377314663  0.244852548948835
      vertex  0.742221665674579  0.080909204030977  0.257030121642104
      vertex  0.742221665674579  0.257778334325439  0.080680642545055
    endloop
  endfacet
  facet normal -0.951679115510388 -0.217077519891567 -0.217219270459808
    outer loop
      vertex  0.754945476501660  0.037717377314663  0.244852548948835
      vertex  0.742221665674579  0.257778334325439  0.080680642545055
      vertex  0.754945476501660  0.245054523498361  0.037650704565163
    endloop
  endfacet
  facet normal -0.856975644672245 -0.362113048021541 -0.366697265998996
    outer loop
      vertex  0.742221665674579  0.080909204030977  0.257030121642104
      vertex  0.678427622600622  0.169072377046004  0.319056506878071
      vertex  0.678427622600622  0.321572377399393  0.168462965361463
    endloop
  endfacet
  facet normal -0.859358983433536 -0.361062807085715 -0.362126755337774
    outer loop
      vertex  0.742221665674579  0.080909204030977  0.257030121642104
      vertex  0.678427622600622  0.321572377399393  0.168462965361463
      vertex  0.742221665674579  0.257778334325439  0.080680642545055
    endloop
  endfacet
  facet normal -0.770674809197608 -0.445534744781823 -0.455586577568333
    outer loop
      vertex  0.678427622600622  0.169072377046004  0.319056506878071
      vertex  0.587918357293799  0.235200772647290  0.407493512921910
      vertex  0.587918357293799  0.412081642706218  0.234515253292074
    endloop
  endfacet
  facet normal -0.773879669391873 -0.445008139635200 -0.450641778977874
    outer loop
      vertex  0.678427622600622  0.169072377046004  0.319056506878071
      vertex  0.587918357293799  0.412081642706218  0.234515253292074
      vertex  0.678427622600622  0.321572377399393  0.168462965361463
    endloop
  endfacet
  facet normal -0.634068788173102 -0.539824532116308 -0.553666186785957
    outer loop
      vertex  0.587918357293799  0.235200772647290  0.407493512921910
      vertex  0.499999999999975  0.250000000000000  0.493750000000000
      vertex  0.499999999999975  0.499999999999975  0.250000000000049
    endloop
  endfacet
  facet normal -0.636427577397202 -0.539299668883572 -0.551466958094860
    outer loop
      vertex  0.587918357293799  0.235200772647290  0.407493512921910
      vertex  0.499999999999975  0.499999999999975  0.250000000000049
      vertex  0.587918357293799  0.412081642706218  0.234515253292074
    endloop
  endfacet
  facet normal -0.135220807839253 -0.000000000000263  0.990815488941962
    outer loop
      vertex  0.962282622685337  0.037717377314663  0.244852548948835
      vertex  1.000000000000000  0.000000000000000  0.250000000000000
      vertex  1.000000000000000  0.031244356222239  0.250000000000000
    endloop
  endfacet
  facet normal -0.135220807839209 -0.000000000000000  0.990815488941968
    outer loop
      vertex  0.962282622685337  0.037717377314663  0.244852548948835
      vertex  1.000000000000000  0.031244356222239  0.250000000000000
      vertex  1.000000000000000  0.062492474736462  0.250000000000000
    endloop
  endfacet
  facet normal -0.135220807839209 -0.000000000000000  0.990815488941968
    outer loop
      vertex  0.962282622685337  0.037717377314663  0.244852548948835
      vertex  1.000000000000000  0.062492474736462  0.250000000000000
      vertex  1.000000000000000  0.093740593250685  0.250000000000000
    endloop
  endfacet
  facet normal -0.135220807839209 -0.000000000000000  0.990815488941968
    outer loop
      vertex  0.962282622685337  0.037717377314663  0.244852548948835
      vertex  1.000000000000000  0.093740593250685  0.250000000000000
      vertex  1.000000000000000  0.124992474509930  0.250000000000000
    endloop
  endfacet
  facet normal -0.135220807839209 -0.000000000000000  0.990815488941968
    outer loop
      vertex  0.962282622685337  0.037717377314663  0.244852548948835
      vertex  1.000000000000000  0.124992474509930  0.250000000000000
      vertex  1.000000000000000  0.156240593024153  0.250000000000000
    endloop
  endfacet
  facet normal -0.135220807839209 -0.000000000000000  0.990815488941968
    outer loop
      vertex  0.962282622685337  0.037717377314663  0.244852548948835
      vertex  1.000000000000000  0.156240593024153  0.250000000000000
      vertex  1.000000000000000  0.187492474283398  0.250000000000000
    endloop
  endfacet
  facet normal -0.135220807839209 -0.000000000000000  0.990815488941968
    outer loop
      vertex  0.962282622685337  0.037717377314663  0.244852548948835
      vertex  1.000000000000000  0.187492474283398  0.250000000000000
      vertex  1.000000000000000  0.218744355542643  0.250000000000000
    endloop
  endfacet
  facet normal -0.135220807838995 -0.000000000000000  0.990815488941998
    outer loop
      vertex  0.962282622685337  0.037717377314663  0.244852548948835
      vertex  1.000000000000000  0.249999999999975  0.250000000000000
      vertex  0.962282622685337  0.245054523498361  0.244852548948835
    endloop
  endfacet
  facet normal -0.135220807840450  0.000000000000263  0.990815488941799
    outer loop
      vertex  0.962282622685337  0.037717377314663  0.244852548948835
      vertex  1.000000000000000  0.218744355542643  0.250000000000000
      vertex  1.000000000000000  0.249999999999975  0.250000000000000
    endloop
  endfacet
  facet normal  0.271362375615297 -0.000000000000000  0.962477252250890
    outer loop
      vertex  0.962282622685337  0.037717377314663  0.244852548948835
      vertex  0.919090795969023  0.257778334325439  0.257030121642104
      vertex  0.919090795969023  0.080909204030977  0.257030121642104
    endloop
  endfacet
  facet normal  0.271362375615297 -0.000000000000000  0.962477252250890
    outer loop
      vertex  0.962282622685337  0.037717377314663  0.244852548948835
      vertex  0.962282622685337  0.245054523498361  0.244852548948835
      vertex  0.919090795969023  0.257778334325439  0.257030121642104
    endloop
  endfacet
  facet normal  0.575404269888001  0.000000000000000  0.817869137573155
    outer loop
      vertex  0.919090795969023  0.080909204030977  0.257030121642104
      vertex  0.830927622953996  0.321572377399393  0.319056506878071
      vertex  0.830927622953996  0.169072377046004  0.319056506878071
    endloop
  endfacet
  facet normal  0.575404269888001 -0.000000000000000  0.817869137573155
    outer loop
      vertex  0.919090795969023  0.080909204030977  0.257030121642104
      vertex  0.919090795969023  0.257778334325439  0.257030121642104
      vertex  0.830927622953996  0.321572377399393  0.319056506878071
    endloop
  endfacet
  facet normal  0.800865733557376  0.000000000000000  0.598843950302252
    outer loop
      vertex  0.830927622953996  0.169072377046004  0.319056506878071
      vertex  0.764799227352710  0.412081642706218  0.407493512921910
      vertex  0.764799227352710  0.235200772647290  0.407493512921910
    endloop
  endfacet
  facet normal  0.800865733557376 -0.000000000000000  0.598843950302252
    outer loop
      vertex  0.830927622953996  0.169072377046004  0.319056506878071
      vertex  0.830927622953996  0.321572377399393  0.319056506878071
      vertex  0.764799227352710  0.412081642706218  0.407493512921910
    endloop
  endfacet
  facet normal  0.985598647530856 -0.000000000000000  0.169101466538135
    outer loop
      vertex  0.764799227352710  0.412081642706218  0.407493512921910
      vertex  0.750000000000000  0.499999999999975  0.493750000000000
      vertex  0.750000000000000  0.468744355542643  0.493750000000000
    endloop
  endfacet
  facet normal  0.985598647530856  0.000000000000000  0.169101466538135
    outer loop
      vertex  0.764799227352710  0.412081642706218  0.407493512921910
      vertex  0.750000000000000  0.468744355542643  0.493750000000000
      vertex  0.750000000000000  0.437492474283398  0.493750000000000
    endloop
  endfacet
  facet normal  0.985598647530856  0.000000000000000  0.169101466538135
    outer loop
      vertex  0.764799227352710  0.412081642706218  0.407493512921910
      vertex  0.750000000000000  0.437492474283398  0.493750000000000
      vertex  0.750000000000000  0.406240593024153  0.493750000000000
    endloop
  endfacet
  facet normal  0.985598647530856  0.000000000000000  0.169101466538135
    outer loop
      vertex  0.764799227352710  0.412081642706218  0.407493512921910
      vertex  0.750000000000000  0.406240593024153  0.493750000000000
      vertex  0.750000000000000  0.374992474509930  0.493750000000000
    endloop
  endfacet
  facet normal  0.985598647530856 -0.000000000000000  0.169101466538135
    outer loop
      vertex  0.764799227352710  0.412081642706218  0.407493512921910
      vertex  0.750000000000000  0.374992474509930  0.493750000000000
      vertex  0.750000000000000  0.343740593250685  0.493750000000000
    endloop
  endfacet
  facet normal  0.985598647530856  0.000000000000000  0.169101466538135
    outer loop
      vertex  0.764799227352710  0.412081642706218  0.407493512921910
      vertex  0.750000000000000  0.343740593250685  0.493750000000000
      vertex  0.750000000000000  0.312492474736462  0.493750000000000
    endloop
  endfacet
  facet normal  0.985598647530856 -0.000000000000000  0.169101466538135
    outer loop
      vertex  0.764799227352710  0.412081642706218  0.407493512921910
      vertex  0.750000000000000  0.312492474736462  0.493750000000000
      vertex  0.750000000000000  0.281244356222239  0.493750000000000
    endloop
  endfacet
  facet normal  0.985598647530856 -0.000000000000000  0.169101466538135
    outer loop
      vertex  0.764799227352710  0.412081642706218  0.407493512921910
      vertex  0.750000000000000  0.250000000000000  0.493750000000000
      vertex  0.764799227352710  0.235200772647290  0.407493512921910
    endloop
  endfacet
  facet normal  0.985598647530856  0.000000000000000  0.169101466538135
    outer loop
      vertex  0.764799227352710  0.412081642706218  0.407493512921910
      vertex  0.750000000000000  0.281244356222239  0.493750000000000
      vertex  0.750000000000000  0.250000000000000  0.493750000000000
    endloop
  endfacet
  facet normal -0.658494984175250 -0.000000000000000 -0.752585115329846
    outer loop
      vertex  0.000000000000000  0.750000000000025  0.250000000000000
      vertex  0.000000000000000  0.781255644457358  0.250000000000000
      vertex  0.249999999999975  0.781255644457358  0.031255644457379
    endloop
  endfacet
  facet normal -0.577350269189607  0.577350269189605 -0.577350269189665
    outer loop
      vertex  0.000000000000000  0.750000000000025  0.250000000000000
      vertex  0.249999999999975  0.781255644457358  0.031255644457379
      vertex  0.249999999999975  0.750000000000025  0.000000000000050
    endloop
  endfacet
  facet normal -0.599984586998340 -0.000000000000000 -0.800011559519256
    outer loop
      vertex  0.000000000000000  0.781255644457358  0.250000000000000
      vertex  0.000000000000000  0.812507525716602  0.250000000000000
      vertex  0.249999999999975  0.812507525716602  0.062507525716621
    endloop
  endfacet
  facet normal -0.526142401514499  0.601321117760089 -0.601321117760147
    outer loop
      vertex  0.000000000000000  0.781255644457358  0.250000000000000
      vertex  0.249999999999975  0.812507525716602  0.062507525716621
      vertex  0.249999999999975  0.781255644457358  0.031255644457379
    endloop
  endfacet
  facet normal -0.529975994056079 -0.000000000000000 -0.848012644790318
    outer loop
      vertex  0.000000000000000  0.812507525716602  0.250000000000000
      vertex  0.000000000000000  0.843759406975847  0.250000000000000
      vertex  0.249999999999975  0.843759406975847  0.093759406975863
    endloop
  endfacet
  facet normal -0.468506608311621  0.624700551451758 -0.624700551451822
    outer loop
      vertex  0.000000000000000  0.812507525716602  0.250000000000000
      vertex  0.249999999999975  0.843759406975847  0.093759406975863
      vertex  0.249999999999975  0.812507525716602  0.062507525716621
    endloop
  endfacet
  facet normal -0.447192055901513 -0.000000000000000 -0.894437960474945
    outer loop
      vertex  0.000000000000000  0.843759406975847  0.250000000000000
      vertex  0.000000000000000  0.875007525490070  0.250000000000000
      vertex  0.249999999999975  0.875007525490070  0.125007525490083
    endloop
  endfacet
  facet normal -0.404205681658538  0.646768029093459 -0.646768029093522
    outer loop
      vertex  0.000000000000000  0.843759406975847  0.250000000000000
      vertex  0.249999999999975  0.875007525490070  0.125007525490083
      vertex  0.249999999999975  0.843759406975847  0.093759406975863
    endloop
  endfacet
  facet normal -0.351092553339288 -0.000000000000000 -0.936340760081339
    outer loop
      vertex  0.000000000000000  0.875007525490070  0.250000000000000
      vertex  0.000000000000000  0.906259406749315  0.250000000000000
      vertex  0.249999999999975  0.906259406749315  0.156259406749324
    endloop
  endfacet
  facet normal -0.333315494955677  0.666671126126805 -0.666671126126871
    outer loop
      vertex  0.000000000000000  0.875007525490070  0.250000000000000
      vertex  0.249999999999975  0.906259406749315  0.156259406749324
      vertex  0.249999999999975  0.875007525490070  0.125007525490083
    endloop
  endfacet
  facet normal -0.242508140215471 -0.000000000000000 -0.970149370936885
    outer loop
      vertex  0.000000000000000  0.906259406749315  0.250000000000000
      vertex  0.000000000000000  0.937507525263538  0.250000000000000
      vertex  0.249999999999975  0.937507525263538  0.187507525263544
    endloop
  endfacet
  facet normal -0.256283269019688  0.683490631252721 -0.683490631252791
    outer loop
      vertex  0.000000000000000  0.906259406749315  0.250000000000000
      vertex  0.249999999999975  0.937507525263538  0.187507525263544
      vertex  0.249999999999975  0.906259406749315  0.156259406749324
    endloop
  endfacet
  facet normal -0.124012678341469 -0.000000000000000 -0.992280633495674
    outer loop
      vertex  0.000000000000000  0.937507525263538  0.250000000000000
      vertex  0.000000000000000  0.968755643777761  0.250000000000000
      vertex  0.249999999999975  0.968755643777761  0.218755643777765
    endloop
  endfacet
  facet normal -0.174057331302614  0.696313164251445 -0.696313164251512
    outer loop
      vertex  0.000000000000000  0.937507525263538  0.250000000000000
      vertex  0.249999999999975  0.968755643777761  0.218755643777765
      vertex  0.249999999999975  0.937507525263538  0.187507525263544
    endloop
  endfacet
  facet normal  0.000000000000000 -0.000000000000000 -1.000000000000000
    outer loop
      vertex  0.000000000000000  0.968755643777761  0.250000000000000
      vertex  0.000000000000000  1.000000000000000  0.250000000000000
      vertex  0.249999999999975  1.000000000000000  0.250000000000000
    endloop
  endfacet
  facet normal -0.088029312841584  0.704361711083353 -0.704361711083425
    outer loop
      vertex  0.000000000000000  0.968755643777761  0.250000000000000
      vertex  0.249999999999975  1.000000000000000  0.250000000000000
      vertex  0.249999999999975  0.968755643777761  0.218755643777765
    endloop
  endfacet
  facet normal  0.366166385443255 -0.549260600490874  0.751155756764085
    outer loop
      vertex  0.437492474283398  0.500000000000025  0.310944837573705
      vertex  0.499999999999975  0.625007525490070  0.371882337352831
      vertex  0.437492474283398  0.625007525490070  0.402352921580582
    endloop
  endfacet
  facet normal  0.572416361722160 -0.572416361723074  0.587093704330479
    outer loop
      vertex  0.437492474283398  0.500000000000025  0.310944837573705
      vertex  0.499999999999975  0.499999999999975  0.250000000000049
      vertex  0.500000000000025  0.531255644457358  0.280474253345945
    endloop
  endfacet
  facet normal  0.572416361722153 -0.572416361722610  0.587093704330939
    outer loop
      vertex  0.437492474283398  0.500000000000025  0.310944837573705
      vertex  0.500000000000025  0.531255644457358  0.280474253345945
      vertex  0.500000000000025  0.562507525716602  0.310944837573705
    endloop
  endfacet
  facet normal  0.572416361722152 -0.572416361722609  0.587093704330941
    outer loop
      vertex  0.437492474283398  0.500000000000025  0.310944837573705
      vertex  0.500000000000025  0.562507525716602  0.310944837573705
      vertex  0.500000000000025  0.593759406975847  0.341415421801466
    endloop
  endfacet
  facet normal  0.572416361721530 -0.572416361722444  0.587093704331708
    outer loop
      vertex  0.437492474283398  0.500000000000025  0.310944837573705
      vertex  0.500000000000025  0.593759406975847  0.341415421801466
      vertex  0.499999999999975  0.625007525490070  0.371882337352831
    endloop
  endfacet
  facet normal -0.000000000000000 -0.590254104643027  0.807217499780610
    outer loop
      vertex  0.437492474283398  0.625007525490070  0.402352921580582
      vertex  0.499999999999975  0.750000000000000  0.493750000000000
      vertex  0.437492474283398  0.750000000000000  0.493750000000000
    endloop
  endfacet
  facet normal  0.329533630428682 -0.659106941679782  0.676007119671101
    outer loop
      vertex  0.437492474283398  0.625007525490070  0.402352921580582
      vertex  0.499999999999975  0.625007525490070  0.371882337352831
      vertex  0.500000000000025  0.656259406749315  0.402352921580591
    endloop
  endfacet
  facet normal  0.329533630428563 -0.659106941679543  0.676007119671391
    outer loop
      vertex  0.437492474283398  0.625007525490070  0.402352921580582
      vertex  0.500000000000025  0.656259406749315  0.402352921580591
      vertex  0.500000000000025  0.687507525263538  0.432819837131956
    endloop
  endfacet
  facet normal  0.329533630428560 -0.659106941679542  0.676007119671394
    outer loop
      vertex  0.437492474283398  0.625007525490070  0.402352921580582
      vertex  0.500000000000025  0.687507525263538  0.432819837131956
      vertex  0.500000000000025  0.718755643777761  0.463286752683320
    endloop
  endfacet
  facet normal  0.329533630427970 -0.659106941679416  0.676007119671804
    outer loop
      vertex  0.437492474283398  0.625007525490070  0.402352921580582
      vertex  0.500000000000025  0.718755643777761  0.463286752683320
      vertex  0.499999999999975  0.750000000000000  0.493750000000000
    endloop
  endfacet
  facet normal  0.401342254176045 -0.401342254176045  0.823315729247160
    outer loop
      vertex  0.374992474509930  0.500000000000025  0.371882337352831
      vertex  0.437492474283398  0.625007525490070  0.402352921580582
      vertex  0.374992474509930  0.625007525490070  0.432819837131950
    endloop
  endfacet
  facet normal  0.618464037085335 -0.463829410273761  0.634322089318356
    outer loop
      vertex  0.374992474509930  0.500000000000025  0.371882337352831
      vertex  0.437492474283398  0.500000000000025  0.310944837573705
      vertex  0.437492474283398  0.625007525490070  0.402352921580582
    endloop
  endfacet
  facet normal -0.000000000000000 -0.438180931134351  0.898886795759196
    outer loop
      vertex  0.374992474509930  0.625007525490070  0.432819837131950
      vertex  0.437492474283398  0.750000000000000  0.493750000000000
      vertex  0.374992474509930  0.750000000000000  0.493750000000000
    endloop
  endfacet
  facet normal  0.366166385443256 -0.549260600490874  0.751155756764085
    outer loop
      vertex  0.374992474509930  0.625007525490070  0.432819837131950
      vertex  0.437492474283398  0.625007525490070  0.402352921580582
      vertex  0.437492474283398  0.750000000000000  0.493750000000000
    endloop
  endfacet
  facet normal  0.428029694448551 -0.214001962691414  0.878062492442595
    outer loop
      vertex  0.312492474736462  0.500000000000025  0.432819837131956
      vertex  0.374992474509930  0.625007525490070  0.432819837131950
      vertex  0.312492474736462  0.625007525490070  0.463286752683317
    endloop
  endfacet
  facet normal  0.659106941679485 -0.329533630428796  0.676007119671334
    outer loop
      vertex  0.312492474736462  0.500000000000025  0.432819837131956
      vertex  0.374992474509930  0.500000000000025  0.371882337352831
      vertex  0.374992474509930  0.625007525490070  0.432819837131950
    endloop
  endfacet
  facet normal -0.000000000000000 -0.236789475780870  0.971560983242648
    outer loop
      vertex  0.312492474736462  0.625007525490070  0.463286752683317
      vertex  0.374992474509930  0.750000000000000  0.493750000000000
      vertex  0.312492474736462  0.750000000000000  0.493750000000000
    endloop
  endfacet
  facet normal  0.401342254176045 -0.401342254176045  0.823315729247160
    outer loop
      vertex  0.312492474736462  0.625007525490070  0.463286752683317
      vertex  0.374992474509930  0.625007525490070  0.432819837131950
      vertex  0.374992474509930  0.750000000000000  0.493750000000000
    endloop
  endfacet
  facet normal  0.438180931134351  0.000000000000000  0.898886795759196
    outer loop
      vertex  0.250000000000000  0.499999999999975  0.493750000000000
      vertex  0.312492474736462  0.625007525490070  0.463286752683317
      vertex  0.250000000000000  0.625007525490070  0.493750000000000
    endloop
  endfacet
  facet normal  0.687707740435035 -0.171906234380840  0.705341272241132
    outer loop
      vertex  0.250000000000000  0.499999999999975  0.493750000000000
      vertex  0.312492474736462  0.500000000000025  0.432819837131956
      vertex  0.312492474736462  0.625007525490070  0.463286752683317
    endloop
  endfacet
  facet normal  0.000000000000000  0.000000000000000  1.000000000000000
    outer loop
      vertex  0.250000000000000  0.625007525490070  0.493750000000000
      vertex  0.312492474736462  0.750000000000000  0.493750000000000
      vertex  0.250000000000000  0.750000000000000  0.493750000000000
    endloop
  endfacet
  facet normal  0.428029694448551 -0.214001962691414  0.878062492442595
    outer loop
      vertex  0.250000000000000  0.625007525490070  0.493750000000000
      vertex  0.312492474736462  0.625007525490070  0.463286752683317
      vertex  0.312492474736462  0.750000000000000  0.493750000000000
    endloop
  endfacet
  facet normal  0.148470063795951 -0.977693450166898  0.148567014027925
    outer loop
      vertex  0.000000000000000  0.750000000000025  0.250000000000000
      vertex  0.245054523498340  0.754945476501639  0.037650704565163
      vertex  0.037717377314663  0.754945476501639  0.244852548948835
    endloop
  endfacet
  facet normal  0.147870296185447 -0.977889948313233  0.147870296185447
    outer loop
      vertex  0.000000000000000  0.750000000000025  0.250000000000000
      vertex  0.249999999999975  0.750000000000025  0.000000000000050
      vertex  0.245054523498340  0.754945476501639  0.037650704565163
    endloop
  endfacet
  facet normal -0.218388532920029 -0.950963408807673 -0.219032061118752
    outer loop
      vertex  0.037717377314663  0.754945476501639  0.244852548948835
      vertex  0.257778334325421  0.742221665674561  0.080680642545055
      vertex  0.080909204030977  0.742221665674561  0.257030121642104
    endloop
  endfacet
  facet normal -0.217077519891567 -0.951679115510388 -0.217219270459808
    outer loop
      vertex  0.037717377314663  0.754945476501639  0.244852548948835
      vertex  0.245054523498340  0.754945476501639  0.037650704565163
      vertex  0.257778334325421  0.742221665674561  0.080680642545055
    endloop
  endfacet
  facet normal -0.362113048021541 -0.856975644672245 -0.366697265998996
    outer loop
      vertex  0.080909204030977  0.742221665674561  0.257030121642104
      vertex  0.321572377399378  0.678427622600607  0.168462965361463
      vertex  0.169072377046004  0.678427622600607  0.319056506878071
    endloop
  endfacet
  facet normal -0.361062807085715 -0.859358983433536 -0.362126755337774
    outer loop
      vertex  0.080909204030977  0.742221665674561  0.257030121642104
      vertex  0.257778334325421  0.742221665674561  0.080680642545055
      vertex  0.321572377399378  0.678427622600607  0.168462965361463
    endloop
  endfacet
  facet normal -0.445534744781823 -0.770674809197608 -0.455586577568333
    outer loop
      vertex  0.169072377046004  0.678427622600607  0.319056506878071
      vertex  0.412081642706201  0.587918357293782  0.234515253292074
      vertex  0.235200772647290  0.587918357293782  0.407493512921910
    endloop
  endfacet
  facet normal -0.445008139635200 -0.773879669391873 -0.450641778977874
    outer loop
      vertex  0.169072377046004  0.678427622600607  0.319056506878071
      vertex  0.321572377399378  0.678427622600607  0.168462965361463
      vertex  0.412081642706201  0.587918357293782  0.234515253292074
    endloop
  endfacet
  facet normal -0.539824532116308 -0.634068788173102 -0.553666186785957
    outer loop
      vertex  0.235200772647290  0.587918357293782  0.407493512921910
      vertex  0.499999999999975  0.499999999999975  0.250000000000049
      vertex  0.250000000000000  0.499999999999975  0.493750000000000
    endloop
  endfacet
  facet normal -0.539299668883572 -0.636427577397202 -0.551466958094860
    outer loop
      vertex  0.235200772647290  0.587918357293782  0.407493512921910
      vertex  0.412081642706201  0.587918357293782  0.234515253292074
      vertex  0.499999999999975  0.499999999999975  0.250000000000049
    endloop
  endfacet
  facet normal -0.000000000000000 -0.135220807838995  0.990815488941997
    outer loop
      vertex  0.000000000000000  1.000000000000000  0.250000000000000
      vertex  0.245054523498340  0.962282622685337  0.244852548948835
      vertex  0.249999999999975  1.000000000000000  0.250000000000000
    endloop
  endfacet
  facet normal -0.000000000000000 -0.135220807838995  0.990815488941998
    outer loop
      vertex  0.000000000000000  1.000000000000000  0.250000000000000
      vertex  0.037717377314663  0.962282622685337  0.244852548948835
      vertex  0.245054523498340  0.962282622685337  0.244852548948835
    endloop
  endfacet
  facet normal -0.000000000000000  0.271362375615297  0.962477252250890
    outer loop
      vertex  0.037717377314663  0.962282622685337  0.244852548948835
      vertex  0.257778334325421  0.919090795969023  0.257030121642104
      vertex  0.245054523498340  0.962282622685337  0.244852548948835
    endloop
  endfacet
  facet normal -0.000000000000000  0.271362375615297  0.962477252250890
    outer loop
      vertex  0.037717377314663  0.962282622685337  0.244852548948835
      vertex  0.080909204030977  0.919090795969023  0.257030121642104
      vertex  0.257778334325421  0.919090795969023  0.257030121642104
    endloop
  endfacet
  facet normal  0.000000000000000  0.575404269888001  0.817869137573155
    outer loop
      vertex  0.080909204030977  0.919090795969023  0.257030121642104
      vertex  0.321572377399378  0.830927622953996  0.319056506878071
      vertex  0.257778334325421  0.919090795969023  0.257030121642104
    endloop
  endfacet
  facet normal -0.000000000000000  0.575404269888001  0.817869137573155
    outer loop
      vertex  0.080909204030977  0.919090795969023  0.257030121642104
      vertex  0.169072377046004  0.830927622953996  0.319056506878071
      vertex  0.321572377399378  0.830927622953996  0.319056506878071
    endloop
  endfacet
  facet normal  0.000000000000000  0.800865733557376  0.598843950302252
    outer loop
      vertex  0.169072377046004  0.830927622953996  0.319056506878071
      vertex  0.412081642706201  0.764799227352710  0.407493512921910
      vertex  0.321572377399378  0.830927622953996  0.319056506878071
    endloop
  endfacet
  facet normal -0.000000000000000  0.800865733557376  0.598843950302252
    outer loop
      vertex  0.169072377046004  0.830927622953996  0.319056506878071
      vertex  0.235200772647290  0.764799227352710  0.407493512921910
      vertex  0.412081642706201  0.764799227352710  0.407493512921910
    endloop
  endfacet
  facet normal -0.000000000000000  0.985598647530856  0.169101466538135
    outer loop
      vertex  0.235200772647290  0.764799227352710  0.407493512921910
      vertex  0.250000000000000  0.750000000000000  0.493750000000000
      vertex  0.312492474736462  0.750000000000000  0.493750000000000
    endloop
  endfacet
  facet normal -0.000000000000000  0.985598647530856  0.169101466538135
    outer loop
      vertex  0.235200772647290  0.764799227352710  0.407493512921910
      vertex  0.312492474736462  0.750000000000000  0.493750000000000
      vertex  0.374992474509930  0.750000000000000  0.493750000000000
    endloop
  endfacet
  facet normal -0.000000000000000  0.985598647530856  0.169101466538135
    outer loop
      vertex  0.235200772647290  0.764799227352710  0.407493512921910
      vertex  0.374992474509930  0.750000000000000  0.493750000000000
      vertex  0.437492474283398  0.750000000000000  0.493750000000000
    endloop
  endfacet
  facet normal  0.000000000000000  0.985598647530856  0.169101466538135
    outer loop
      vertex  0.235200772647290  0.764799227352710  0.407493512921910
      vertex  0.499999999999975  0.750000000000000  0.493750000000000
      vertex  0.412081642706201  0.764799227352710  0.407493512921910
    endloop
  endfacet
  facet normal -0.000000000000000  0.985598647530856  0.169101466538135
    outer loop
      vertex  0.235200772647290  0.764799227352710  0.407493512921910
      vertex  0.437492474283398  0.750000000000000  0.493750000000000
      vertex  0.499999999999975  0.750000000000000  0.493750000000000
    endloop
  endfacet
  facet normal  0.977693450166898 -0.148470063795949  0.148567014027923
    outer loop
      vertex  0.249999999999975  1.000000000000000  0.250000000000000
      vertex  0.245054523498340  0.962282622685337  0.244852548948835
      vertex  0.245054523498340  0.754945476501639  0.037650704565163
    endloop
  endfacet
  facet normal  0.977889948313303 -0.147870296185025  0.147870296185400
    outer loop
      vertex  0.245054523498340  0.754945476501639  0.037650704565163
      vertex  0.249999999999975  0.750000000000025  0.000000000000050
      vertex  0.249999999999975  0.781255644457358  0.031255644457379
    endloop
  endfacet
  facet normal  0.977889948313335 -0.147870296185100  0.147870296185115
    outer loop
      vertex  0.245054523498340  0.754945476501639  0.037650704565163
      vertex  0.249999999999975  0.781255644457358  0.031255644457379
      vertex  0.249999999999975  0.812507525716602  0.062507525716621
    endloop
  endfacet
  facet normal  0.977889948313335 -0.147870296185099  0.147870296185114
    outer loop
      vertex  0.245054523498340  0.754945476501639  0.037650704565163
      vertex  0.249999999999975  0.812507525716602  0.062507525716621
      vertex  0.249999999999975  0.843759406975847  0.093759406975863
    endloop
  endfacet
  facet normal  0.977889948313335 -0.147870296185101  0.147870296185116
    outer loop
      vertex  0.245054523498340  0.754945476501639  0.037650704565163
      vertex  0.249999999999975  0.843759406975847  0.093759406975863
      vertex  0.249999999999975  0.875007525490070  0.125007525490083
    endloop
  endfacet
  facet normal  0.977889948313335 -0.147870296185099  0.147870296185114
    outer loop
      vertex  0.245054523498340  0.754945476501639  0.037650704565163
      vertex  0.249999999999975  0.875007525490070  0.125007525490083
      vertex  0.249999999999975  0.906259406749315  0.156259406749324
    endloop
  endfacet
  facet normal  0.977889948313336 -0.147870296185098  0.147870296185112
    outer loop
      vertex  0.245054523498340  0.754945476501639  0.037650704565163
      vertex  0.249999999999975  0.906259406749315  0.156259406749324
      vertex  0.249999999999975  0.937507525263538  0.187507525263544
    endloop
  endfacet
  facet normal  0.977889948313336 -0.147870296185097  0.147870296185111
    outer loop
      vertex  0.245054523498340  0.754945476501639  0.037650704565163
      vertex  0.249999999999975  0.937507525263538  0.187507525263544
      vertex  0.249999999999975  0.968755643777761  0.218755643777765
    endloop
  endfacet
  facet normal  0.977889948314170 -0.147870296182580  0.147870296182117
    outer loop
      vertex  0.245054523498340  0.754945476501639  0.037650704565163
      vertex  0.249999999999975  0.968755643777761  0.218755643777765
      vertex  0.249999999999975  1.000000000000000  0.250000000000000
    endloop
  endfacet
  facet normal  0.950963408807673  0.218388532920028 -0.219032061118752
    outer loop
      vertex  0.245054523498340  0.962282622685337  0.244852548948835
      vertex  0.257778334325421  0.919090795969023  0.257030121642104
      vertex  0.257778334325421  0.742221665674561  0.080680642545055
    endloop
  endfacet
  facet normal  0.951679115510389  0.217077519891567 -0.217219270459807
    outer loop
      vertex  0.245054523498340  0.962282622685337  0.244852548948835
      vertex  0.257778334325421  0.742221665674561  0.080680642545055
      vertex  0.245054523498340  0.754945476501639  0.037650704565163
    endloop
  endfacet
  facet normal  0.856975644672246  0.362113048021540 -0.366697265998995
    outer loop
      vertex  0.257778334325421  0.919090795969023  0.257030121642104
      vertex  0.321572377399378  0.830927622953996  0.319056506878071
      vertex  0.321572377399378  0.678427622600607  0.168462965361463
    endloop
  endfacet
  facet normal  0.859358983433536  0.361062807085714 -0.362126755337773
    outer loop
      vertex  0.257778334325421  0.919090795969023  0.257030121642104
      vertex  0.321572377399378  0.678427622600607  0.168462965361463
      vertex  0.257778334325421  0.742221665674561  0.080680642545055
    endloop
  endfacet
  facet normal  0.770674809197607  0.445534744781824 -0.455586577568334
    outer loop
      vertex  0.321572377399378  0.830927622953996  0.319056506878071
      vertex  0.412081642706201  0.764799227352710  0.407493512921910
      vertex  0.412081642706201  0.587918357293782  0.234515253292074
    endloop
  endfacet
  facet normal  0.773879669391872  0.445008139635202 -0.450641778977875
    outer loop
      vertex  0.321572377399378  0.830927622953996  0.319056506878071
      vertex  0.412081642706201  0.587918357293782  0.234515253292074
      vertex  0.321572377399378  0.678427622600607  0.168462965361463
    endloop
  endfacet
  facet normal  0.634068788173103  0.539824532116308 -0.553666186785957
    outer loop
      vertex  0.412081642706201  0.764799227352710  0.407493512921910
      vertex  0.499999999999975  0.750000000000000  0.493750000000000
      vertex  0.499999999999975  0.499999999999975  0.250000000000049
    endloop
  endfacet
  facet normal  0.636427577397202  0.539299668883572 -0.551466958094860
    outer loop
      vertex  0.412081642706201  0.764799227352710  0.407493512921910
      vertex  0.499999999999975  0.499999999999975  0.250000000000049
      vertex  0.412081642706201  0.587918357293782  0.234515253292074
    endloop
  endfacet
  facet normal  0.135220807839253  0.000000000000263  0.990815488941962
    outer loop
      vertex  0.037717377314663  0.962282622685337  0.244852548948835
      vertex  0.000000000000000  1.000000000000000  0.250000000000000
      vertex  0.000000000000000  0.968755643777761  0.250000000000000
    endloop
  endfacet
  facet normal  0.135220807839209  0.000000000000000  0.990815488941968
    outer loop
      vertex  0.037717377314663  0.962282622685337  0.244852548948835
      vertex  0.000000000000000  0.968755643777761  0.250000000000000
      vertex  0.000000000000000  0.937507525263538  0.250000000000000
    endloop
  endfacet
  facet normal  0.135220807839209 -0.000000000000000  0.990815488941968
    outer loop
      vertex  0.037717377314663  0.962282622685337  0.244852548948835
      vertex  0.000000000000000  0.937507525263538  0.250000000000000
      vertex  0.000000000000000  0.906259406749315  0.250000000000000
    endloop
  endfacet
  facet normal  0.135220807839209  0.000000000000000  0.990815488941968
    outer loop
      vertex  0.037717377314663  0.962282622685337  0.244852548948835
      vertex  0.000000000000000  0.906259406749315  0.250000000000000
      vertex  0.000000000000000  0.875007525490070  0.250000000000000
    endloop
  endfacet
  facet normal  0.135220807839209 -0.000000000000000  0.990815488941968
    outer loop
      vertex  0.037717377314663  0.962282622685337  0.244852548948835
      vertex  0.000000000000000  0.875007525490070  0.250000000000000
      vertex  0.000000000000000  0.843759406975847  0.250000000000000
    endloop
  endfacet
  facet normal  0.135220807839209  0.000000000000000  0.990815488941968
    outer loop
      vertex  0.037717377314663  0.962282622685337  0.244852548948835
      vertex  0.000000000000000  0.843759406975847  0.250000000000000
      vertex  0.000000000000000  0.812507525716602  0.250000000000000
    endloop
  endfacet
  facet normal  0.135220807839209  0.000000000000000  0.990815488941968
    outer loop
      vertex  0.037717377314663  0.962282622685337  0.244852548948835
      vertex  0.000000000000000  0.812507525716602  0.250000000000000
      vertex  0.000000000000000  0.781255644457358  0.250000000000000
    endloop
  endfacet
  facet normal  0.135220807838995 -0.000000000000000  0.990815488941998
    outer loop
      vertex  0.037717377314663  0.962282622685337  0.244852548948835
      vertex  0.000000000000000  0.750000000000025  0.250000000000000
      vertex  0.037717377314663  0.754945476501639  0.244852548948835
    endloop
  endfacet
  facet normal  0.135220807840449 -0.000000000000263  0.990815488941799
    outer loop
      vertex  0.037717377314663  0.962282622685337  0.244852548948835
      vertex  0.000000000000000  0.781255644457358  0.250000000000000
      vertex  0.000000000000000  0.750000000000025  0.250000000000000
    endloop
  endfacet
  facet normal -0.271362375615296 -0.000000000000000  0.962477252250890
    outer loop
      vertex  0.037717377314663  0.962282622685337  0.244852548948835
      vertex  0.080909204030977  0.742221665674561  0.257030121642104
      vertex  0.080909204030977  0.919090795969023  0.257030121642104
    endloop
  endfacet
  facet normal -0.271362375615297 -0.000000000000000  0.962477252250890
    outer loop
      vertex  0.037717377314663  0.962282622685337  0.244852548948835
      vertex  0.037717377314663  0.754945476501639  0.244852548948835
      vertex  0.080909204030977  0.742221665674561  0.257030121642104
    endloop
  endfacet
  facet normal -0.575404269888002 -0.000000000000000  0.817869137573154
    outer loop
      vertex  0.080909204030977  0.919090795969023  0.257030121642104
      vertex  0.169072377046004  0.678427622600607  0.319056506878071
      vertex  0.169072377046004  0.830927622953996  0.319056506878071
    endloop
  endfacet
  facet normal -0.575404269888002 -0.000000000000000  0.817869137573154
    outer loop
      vertex  0.080909204030977  0.919090795969023  0.257030121642104
      vertex  0.080909204030977  0.742221665674561  0.257030121642104
      vertex  0.169072377046004  0.678427622600607  0.319056506878071
    endloop
  endfacet
  facet normal -0.800865733557374 -0.000000000000000  0.598843950302254
    outer loop
      vertex  0.169072377046004  0.830927622953996  0.319056506878071
      vertex  0.235200772647290  0.587918357293782  0.407493512921910
      vertex  0.235200772647290  0.764799227352710  0.407493512921910
    endloop
  endfacet
  facet normal -0.800865733557375 -0.000000000000000  0.598843950302254
    outer loop
      vertex  0.169072377046004  0.830927622953996  0.319056506878071
      vertex  0.169072377046004  0.678427622600607  0.319056506878071
      vertex  0.235200772647290  0.587918357293782  0.407493512921910
    endloop
  endfacet
  facet normal -0.985598647530856 -0.000000000000000  0.169101466538134
    outer loop
      vertex  0.235200772647290  0.587918357293782  0.407493512921910
      vertex  0.250000000000000  0.499999999999975  0.493750000000000
      vertex  0.250000000000000  0.625007525490070  0.493750000000000
    endloop
  endfacet
  facet normal -0.985598647530856 -0.000000000000000  0.169101466538134
    outer loop
      vertex  0.235200772647290  0.587918357293782  0.407493512921910
      vertex  0.250000000000000  0.750000000000000  0.493750000000000
      vertex  0.235200772647290  0.764799227352710  0.407493512921910
    endloop
  endfacet
  facet normal -0.985598647530856 -0.000000000000000  0.169101466538134
    outer loop
      vertex  0.235200772647290  0.587918357293782  0.407493512921910
      vertex  0.250000000000000  0.625007525490070  0.493750000000000
      vertex  0.250000000000000  0.750000000000000  0.493750000000000
    endloop
  endfacet
  facet normal  0.658494984175250 -0.000000000000000 -0.752585115329846
    outer loop
      vertex  1.000000000000000  0.750000000000025  0.250000000000000
      vertex  0.750000000000025  0.781255644457358  0.031255644457379
      vertex  1.000000000000000  0.781255644457358  0.250000000000000
    endloop
  endfacet
  facet normal  0.577350269189607  0.577350269189606 -0.577350269189665
    outer loop
      vertex  1.000000000000000  0.750000000000025  0.250000000000000
      vertex  0.750000000000025  0.750000000000025  0.000000000000050
      vertex  0.750000000000025  0.781255644457358  0.031255644457379
    endloop
  endfacet
  facet normal  0.599984586998340 -0.000000000000000 -0.800011559519256
    outer loop
      vertex  1.000000000000000  0.781255644457358  0.250000000000000
      vertex  0.750000000000025  0.812507525716602  0.062507525716621
      vertex  1.000000000000000  0.812507525716602  0.250000000000000
    endloop
  endfacet
  facet normal  0.526142401514499  0.601321117760089 -0.601321117760147
    outer loop
      vertex  1.000000000000000  0.781255644457358  0.250000000000000
      vertex  0.750000000000025  0.781255644457358  0.031255644457379
      vertex  0.750000000000025  0.812507525716602  0.062507525716621
    endloop
  endfacet
  facet normal  0.529975994056079 -0.000000000000000 -0.848012644790318
    outer loop
      vertex  1.000000000000000  0.812507525716602  0.250000000000000
      vertex  0.750000000000025  0.843759406975847  0.093759406975863
      vertex  1.000000000000000  0.843759406975847  0.250000000000000
    endloop
  endfacet
  facet normal  0.468506608311621  0.624700551451758 -0.624700551451822
    outer loop
      vertex  1.000000000000000  0.812507525716602  0.250000000000000
      vertex  0.750000000000025  0.812507525716602  0.062507525716621
      vertex  0.750000000000025  0.843759406975847  0.093759406975863
    endloop
  endfacet
  facet normal  0.447192055901512 -0.000000000000000 -0.894437960474945
    outer loop
      vertex  1.000000000000000  0.843759406975847  0.250000000000000
      vertex  0.750000000000025  0.875007525490070  0.125007525490083
      vertex  1.000000000000000  0.875007525490070  0.250000000000000
    endloop
  endfacet
  facet normal  0.404205681658538  0.646768029093460 -0.646768029093521
    outer loop
      vertex  1.000000000000000  0.843759406975847  0.250000000000000
      vertex  0.750000000000025  0.843759406975847  0.093759406975863
      vertex  0.750000000000025  0.875007525490070  0.125007525490083
    endloop
  endfacet
  facet normal  0.351092553339288 -0.000000000000000 -0.936340760081339
    outer loop
      vertex  1.000000000000000  0.875007525490070  0.250000000000000
      vertex  0.750000000000025  0.906259406749315  0.156259406749324
      vertex  1.000000000000000  0.906259406749315  0.250000000000000
    endloop
  endfacet
  facet normal  0.333315494955676  0.666671126126805 -0.666671126126871
    outer loop
      vertex  1.000000000000000  0.875007525490070  0.250000000000000
      vertex  0.750000000000025  0.875007525490070  0.125007525490083
      vertex  0.750000000000025  0.906259406749315  0.156259406749324
    endloop
  endfacet
  facet normal  0.242508140215471 -0.000000000000000 -0.970149370936885
    outer loop
      vertex  1.000000000000000  0.906259406749315  0.250000000000000
      vertex  0.750000000000025  0.937507525263538  0.187507525263544
      vertex  1.000000000000000  0.937507525263538  0.250000000000000
    endloop
  endfacet
  facet normal  0.256283269019688  0.683490631252720 -0.683490631252792
    outer loop
      vertex  1.000000000000000  0.906259406749315  0.250000000000000
      vertex  0.750000000000025  0.906259406749315  0.156259406749324
      vertex  0.750000000000025  0.937507525263538  0.187507525263544
    endloop
  endfacet
  facet normal  0.124012678341469 -0.000000000000000 -0.992280633495674
    outer loop
      vertex  1.000000000000000  0.937507525263538  0.250000000000000
      vertex  0.750000000000025  0.968755643777761  0.218755643777765
      vertex  1.000000000000000  0.968755643777761  0.250000000000000
    endloop
  endfacet
  facet normal  0.174057331302614  0.696313164251445 -0.696313164251512
    outer loop
      vertex  1.000000000000000  0.937507525263538  0.250000000000000
      vertex  0.750000000000025  0.937507525263538  0.187507525263544
      vertex  0.750000000000025  0.968755643777761  0.218755643777765
    endloop
  endfacet
  facet normal  0.000000000000000 -0.000000000000000 -1.000000000000000
    outer loop
      vertex  1.000000000000000  0.968755643777761  0.250000000000000
      vertex  0.750000000000025  1.000000000000000  0.250000000000000
      vertex  1.000000000000000  1.000000000000000  0.250000000000000
    endloop
  endfacet
  facet normal  0.088029312841584  0.704361711083352 -0.704361711083425
    outer loop
      vertex  1.000000000000000  0.968755643777761  0.250000000000000
      vertex  0.750000000000025  0.968755643777761  0.218755643777765
      vertex  0.750000000000025  1.000000000000000  0.250000000000000
    endloop
  endfacet
  facet normal -0.649017862397587 -0.000000000000000  0.760773168749310
    outer loop
      vertex  0.750000000000000  0.499999999999975  0.493750000000000
      vertex  0.750000000000000  0.531255644457358  0.493750000000000
      vertex  0.500000000000025  0.531255644457358  0.280474253345945
    endloop
  endfacet
  facet normal -0.572416361722460 -0.572416361722459  0.587093704330787
    outer loop
      vertex  0.750000000000000  0.499999999999975  0.493750000000000
      vertex  0.500000000000025  0.531255644457358  0.280474253345945
      vertex  0.499999999999975  0.499999999999975  0.250000000000049
    endloop
  endfacet
  facet normal -0.590254104643026 -0.000000000000000  0.807217499780610
    outer loop
      vertex  0.750000000000000  0.531255644457358  0.493750000000000
      vertex  0.750000000000000  0.562507525716602  0.493750000000000
      vertex  0.500000000000025  0.562507525716602  0.310944837573705
    endloop
  endfacet
  facet normal -0.521270271379346 -0.595752825354250  0.611028538824931
    outer loop
      vertex  0.750000000000000  0.531255644457358  0.493750000000000
      vertex  0.500000000000025  0.562507525716602  0.310944837573705
      vertex  0.500000000000025  0.531255644457358  0.280474253345945
    endloop
  endfacet
  facet normal -0.520347326761222 -0.000000000000000  0.853954717495284
    outer loop
      vertex  0.750000000000000  0.562507525716602  0.493750000000000
      vertex  0.750000000000000  0.593759406975847  0.493750000000000
      vertex  0.500000000000025  0.593759406975847  0.341415421801466
    endloop
  endfacet
  facet normal -0.463829410273761 -0.618464037085334  0.634322089318356
    outer loop
      vertex  0.750000000000000  0.562507525716602  0.493750000000000
      vertex  0.500000000000025  0.593759406975847  0.341415421801466
      vertex  0.500000000000025  0.562507525716602  0.310944837573705
    endloop
  endfacet
  facet normal -0.438180931134351 -0.000000000000000  0.898886795759195
    outer loop
      vertex  0.750000000000000  0.593759406975847  0.493750000000000
      vertex  0.750000000000000  0.625007525490070  0.493750000000000
      vertex  0.499999999999975  0.625007525490070  0.371882337352831
    endloop
  endfacet
  facet normal -0.399884922721515 -0.639854398561547  0.656260921601651
    outer loop
      vertex  0.750000000000000  0.593759406975847  0.493750000000000
      vertex  0.499999999999975  0.625007525490070  0.371882337352831
      vertex  0.500000000000025  0.593759406975847  0.341415421801466
    endloop
  endfacet
  facet normal -0.343361728236524  0.000000000000002  0.939203238698860
    outer loop
      vertex  0.750000000000000  0.625007525490070  0.493750000000000
      vertex  0.750000000000000  0.656259406749315  0.493750000000000
      vertex  0.500000000000025  0.656259406749315  0.402352921580591
    endloop
  endfacet
  facet normal -0.329533630428796 -0.659106941679485  0.676007119671334
    outer loop
      vertex  0.750000000000000  0.625007525490070  0.493750000000000
      vertex  0.500000000000025  0.656259406749315  0.402352921580591
      vertex  0.499999999999975  0.625007525490070  0.371882337352831
    endloop
  endfacet
  facet normal -0.236789475780870 -0.000000000000002  0.971560983242648
    outer loop
      vertex  0.750000000000000  0.656259406749315  0.493750000000000
      vertex  0.750000000000000  0.687507525263538  0.493750000000000
      vertex  0.500000000000025  0.687507525263538  0.432819837131956
    endloop
  endfacet
  facet normal -0.253229497604667 -0.675346423633796  0.692662998598834
    outer loop
      vertex  0.750000000000000  0.656259406749315  0.493750000000000
      vertex  0.500000000000025  0.687507525263538  0.432819837131956
      vertex  0.500000000000025  0.656259406749315  0.402352921580591
    endloop
  endfacet
  facet normal -0.120958294657896  0.000000000000002  0.992657589984307
    outer loop
      vertex  0.750000000000000  0.687507525263538  0.493750000000000
      vertex  0.750000000000000  0.718755643777761  0.493750000000000
      vertex  0.500000000000025  0.718755643777761  0.463286752683320
    endloop
  endfacet
  facet normal -0.171906234380840 -0.687707740435034  0.705341272241132
    outer loop
      vertex  0.750000000000000  0.687507525263538  0.493750000000000
      vertex  0.500000000000025  0.718755643777761  0.463286752683320
      vertex  0.500000000000025  0.687507525263538  0.432819837131956
    endloop
  endfacet
  facet normal -0.000000000000000 -0.000000000000002  1.000000000000000
    outer loop
      vertex  0.750000000000000  0.718755643777761  0.493750000000000
      vertex  0.750000000000000  0.750000000000000  0.493750000000000
      vertex  0.499999999999975  0.750000000000000  0.493750000000000
    endloop
  endfacet
  facet normal -0.086916580104992 -0.695458241216051  0.713290503811406
    outer loop
      vertex  0.750000000000000  0.718755643777761  0.493750000000000
      vertex  0.499999999999975  0.750000000000000  0.493750000000000
      vertex  0.500000000000025  0.718755643777761  0.463286752683320
    endloop
  endfacet
  facet normal -0.148470063795950 -0.977693450166898  0.148567014027924
    outer loop
      vertex  1.000000000000000  0.750000000000025  0.250000000000000
      vertex  0.962282622685337  0.754945476501639  0.244852548948835
      vertex  0.754945476501660  0.754945476501639  0.037650704565163
    endloop
  endfacet
  facet normal -0.147870296185447 -0.977889948313233  0.147870296185447
    outer loop
      vertex  1.000000000000000  0.750000000000025  0.250000000000000
      vertex  0.754945476501660  0.754945476501639  0.037650704565163
      vertex  0.750000000000025  0.750000000000025  0.000000000000050
    endloop
  endfacet
  facet normal  0.218388532920029 -0.950963408807672 -0.219032061118753
    outer loop
      vertex  0.962282622685337  0.754945476501639  0.244852548948835
      vertex  0.919090795969023  0.742221665674561  0.257030121642104
      vertex  0.742221665674579  0.742221665674561  0.080680642545055
    endloop
  endfacet
  facet normal  0.217077519891567 -0.951679115510388 -0.217219270459808
    outer loop
      vertex  0.962282622685337  0.754945476501639  0.244852548948835
      vertex  0.742221665674579  0.742221665674561  0.080680642545055
      vertex  0.754945476501660  0.754945476501639  0.037650704565163
    endloop
  endfacet
  facet normal  0.362113048021540 -0.856975644672246 -0.366697265998996
    outer loop
      vertex  0.919090795969023  0.742221665674561  0.257030121642104
      vertex  0.830927622953996  0.678427622600607  0.319056506878071
      vertex  0.678427622600622  0.678427622600607  0.168462965361463
    endloop
  endfacet
  facet normal  0.361062807085715 -0.859358983433536 -0.362126755337774
    outer loop
      vertex  0.919090795969023  0.742221665674561  0.257030121642104
      vertex  0.678427622600622  0.678427622600607  0.168462965361463
      vertex  0.742221665674579  0.742221665674561  0.080680642545055
    endloop
  endfacet
  facet normal  0.445534744781823 -0.770674809197608 -0.455586577568333
    outer loop
      vertex  0.830927622953996  0.678427622600607  0.319056506878071
      vertex  0.764799227352710  0.587918357293782  0.407493512921910
      vertex  0.587918357293799  0.587918357293782  0.234515253292074
    endloop
  endfacet
  facet normal  0.445008139635201 -0.773879669391873 -0.450641778977874
    outer loop
      vertex  0.830927622953996  0.678427622600607  0.319056506878071
      vertex  0.587918357293799  0.587918357293782  0.234515253292074
      vertex  0.678427622600622  0.678427622600607  0.168462965361463
    endloop
  endfacet
  facet normal  0.539824532116308 -0.634068788173102 -0.553666186785957
    outer loop
      vertex  0.764799227352710  0.587918357293782  0.407493512921910
      vertex  0.750000000000000  0.499999999999975  0.493750000000000
      vertex  0.499999999999975  0.499999999999975  0.250000000000049
    endloop
  endfacet
  facet normal  0.539299668883572 -0.636427577397202 -0.551466958094860
    outer loop
      vertex  0.764799227352710  0.587918357293782  0.407493512921910
      vertex  0.499999999999975  0.499999999999975  0.250000000000049
      vertex  0.587918357293799  0.587918357293782  0.234515253292074
    endloop
  endfacet
  facet normal -0.000000000000000 -0.135220807838995  0.990815488941998
    outer loop
      vertex  1.000000000000000  1.000000000000000  0.250000000000000
      vertex  0.754945476501660  0.962282622685337  0.244852548948835
      vertex  0.962282622685337  0.962282622685337  0.244852548948835
    endloop
  endfacet
  facet normal -0.000000000000000 -0.135220807838995  0.990815488941998
    outer loop
      vertex  1.000000000000000  1.000000000000000  0.250000000000000
      vertex  0.750000000000025  1.000000000000000  0.250000000000000
      vertex  0.754945476501660  0.962282622685337  0.244852548948835
    endloop
  endfacet
  facet normal -0.000000000000000  0.271362375615297  0.962477252250890
    outer loop
      vertex  0.962282622685337  0.962282622685337  0.244852548948835
      vertex  0.742221665674579  0.919090795969023  0.257030121642104
      vertex  0.919090795969023  0.919090795969023  0.257030121642104
    endloop
  endfacet
  facet normal -0.000000000000000  0.271362375615297  0.962477252250890
    outer loop
      vertex  0.962282622685337  0.962282622685337  0.244852548948835
      vertex  0.754945476501660  0.962282622685337  0.244852548948835
      vertex  0.742221665674579  0.919090795969023  0.257030121642104
    endloop
  endfacet
  facet normal -0.000000000000000  0.575404269888001  0.817869137573155
    outer loop
      vertex  0.919090795969023  0.919090795969023  0.257030121642104
      vertex  0.678427622600622  0.830927622953996  0.319056506878071
      vertex  0.830927622953996  0.830927622953996  0.319056506878071
    endloop
  endfacet
  facet normal  0.000000000000000  0.575404269888001  0.817869137573155
    outer loop
      vertex  0.919090795969023  0.919090795969023  0.257030121642104
      vertex  0.742221665674579  0.919090795969023  0.257030121642104
      vertex  0.678427622600622  0.830927622953996  0.319056506878071
    endloop
  endfacet
  facet normal -0.000000000000000  0.800865733557376  0.598843950302252
    outer loop
      vertex  0.830927622953996  0.830927622953996  0.319056506878071
      vertex  0.587918357293799  0.764799227352710  0.407493512921910
      vertex  0.764799227352710  0.764799227352710  0.407493512921910
    endloop
  endfacet
  facet normal -0.000000000000000  0.800865733557376  0.598843950302252
    outer loop
      vertex  0.830927622953996  0.830927622953996  0.319056506878071
      vertex  0.678427622600622  0.830927622953996  0.319056506878071
      vertex  0.587918357293799  0.764799227352710  0.407493512921910
    endloop
  endfacet
  facet normal -0.000000000000000  0.985598647530856  0.169101466538135
    outer loop
      vertex  0.764799227352710  0.764799227352710  0.407493512921910
      vertex  0.499999999999975  0.750000000000000  0.493750000000000
      vertex  0.750000000000000  0.750000000000000  0.493750000000000
    endloop
  endfacet
  facet normal -0.000000000000000  0.985598647530856  0.169101466538135
    outer loop
      vertex  0.764799227352710  0.764799227352710  0.407493512921910
      vertex  0.587918357293799  0.764799227352710  0.407493512921910
      vertex  0.499999999999975  0.750000000000000  0.493750000000000
    endloop
  endfacet
  facet normal -0.977693450166898 -0.148470063795950  0.148567014027924
    outer loop
      vertex  0.750000000000025  1.000000000000000  0.250000000000000
      vertex  0.754945476501660  0.754945476501639  0.037650704565163
      vertex  0.754945476501660  0.962282622685337  0.244852548948835
    endloop
  endfacet
  facet normal -0.977889948314168 -0.147870296182586  0.147870296182124
    outer loop
      vertex  0.754945476501660  0.754945476501639  0.037650704565163
      vertex  0.750000000000025  1.000000000000000  0.250000000000000
      vertex  0.750000000000025  0.968755643777761  0.218755643777765
    endloop
  endfacet
  facet normal -0.977889948313336 -0.147870296185099  0.147870296185113
    outer loop
      vertex  0.754945476501660  0.754945476501639  0.037650704565163
      vertex  0.750000000000025  0.968755643777761  0.218755643777765
      vertex  0.750000000000025  0.937507525263538  0.187507525263544
    endloop
  endfacet
  facet normal -0.977889948313329 -0.147870296185119  0.147870296185137
    outer loop
      vertex  0.754945476501660  0.754945476501639  0.037650704565163
      vertex  0.750000000000025  0.937507525263538  0.187507525263544
      vertex  0.750000000000025  0.906259406749315  0.156259406749324
    endloop
  endfacet
  facet normal -0.977889948313334 -0.147870296185105  0.147870296185120
    outer loop
      vertex  0.754945476501660  0.754945476501639  0.037650704565163
      vertex  0.750000000000025  0.906259406749315  0.156259406749324
      vertex  0.750000000000025  0.875007525490070  0.125007525490083
    endloop
  endfacet
  facet normal -0.977889948313337 -0.147870296185095  0.147870296185106
    outer loop
      vertex  0.754945476501660  0.754945476501639  0.037650704565163
      vertex  0.750000000000025  0.875007525490070  0.125007525490083
      vertex  0.750000000000025  0.843759406975847  0.093759406975863
    endloop
  endfacet
  facet normal -0.977889948313334 -0.147870296185102  0.147870296185118
    outer loop
      vertex  0.754945476501660  0.754945476501639  0.037650704565163
      vertex  0.750000000000025  0.843759406975847  0.093759406975863
      vertex  0.750000000000025  0.812507525716602  0.062507525716621
    endloop
  endfacet
  facet normal -0.977889948313335 -0.147870296185102  0.147870296185116
    outer loop
      vertex  0.754945476501660  0.754945476501639  0.037650704565163
      vertex  0.750000000000025  0.812507525716602  0.062507525716621
      vertex  0.750000000000025  0.781255644457358  0.031255644457379
    endloop
  endfacet
  facet normal -0.977889948313303 -0.147870296185026  0.147870296185401
    outer loop
      vertex  0.754945476501660  0.754945476501639  0.037650704565163
      vertex  0.750000000000025  0.781255644457358  0.031255644457379
      vertex  0.750000000000025  0.750000000000025  0.000000000000050
    endloop
  endfacet
  facet normal -0.950963408807672  0.218388532920029 -0.219032061118753
    outer loop
      vertex  0.754945476501660  0.962282622685337  0.244852548948835
      vertex  0.742221665674579  0.742221665674561  0.080680642545055
      vertex  0.742221665674579  0.919090795969023  0.257030121642104
    endloop
  endfacet
  facet normal -0.951679115510388  0.217077519891567 -0.217219270459808
    outer loop
      vertex  0.754945476501660  0.962282622685337  0.244852548948835
      vertex  0.754945476501660  0.754945476501639  0.037650704565163
      vertex  0.742221665674579  0.742221665674561  0.080680642545055
    endloop
  endfacet
  facet normal -0.856975644672246  0.362113048021540 -0.366697265998996
    outer loop
      vertex  0.742221665674579  0.919090795969023  0.257030121642104
      vertex  0.678427622600622  0.678427622600607  0.168462965361463
      vertex  0.678427622600622  0.830927622953996  0.319056506878071
    endloop
  endfacet
  facet normal -0.859358983433536  0.361062807085715 -0.362126755337774
    outer loop
      vertex  0.742221665674579  0.919090795969023  0.257030121642104
      vertex  0.742221665674579  0.742221665674561  0.080680642545055
      vertex  0.678427622600622  0.678427622600607  0.168462965361463
    endloop
  endfacet
  facet normal -0.770674809197608  0.445534744781823 -0.455586577568333
    outer loop
      vertex  0.678427622600622  0.830927622953996  0.319056506878071
      vertex  0.587918357293799  0.587918357293782  0.234515253292074
      vertex  0.587918357293799  0.764799227352710  0.407493512921910
    endloop
  endfacet
  facet normal -0.773879669391873  0.445008139635201 -0.450641778977874
    outer loop
      vertex  0.678427622600622  0.830927622953996  0.319056506878071
      vertex  0.678427622600622  0.678427622600607  0.168462965361463
      vertex  0.587918357293799  0.587918357293782  0.234515253292074
    endloop
  endfacet
  facet normal -0.634068788173102  0.539824532116308 -0.553666186785957
    outer loop
      vertex  0.587918357293799  0.764799227352710  0.407493512921910
      vertex  0.499999999999975  0.499999999999975  0.250000000000049
      vertex  0.499999999999975  0.750000000000000  0.493750000000000
    endloop
  endfacet
  facet normal -0.636427577397202  0.539299668883572 -0.551466958094860
    outer loop
      vertex  0.587918357293799  0.764799227352710  0.407493512921910
      vertex  0.587918357293799  0.587918357293782  0.234515253292074
      vertex  0.499999999999975  0.499999999999975  0.250000000000049
    endloop
  endfacet
  facet normal -0.135220807839029 -0.000000000000263  0.990815488941993
    outer loop
      vertex  0.962282622685337  0.754945476501639  0.244852548948835
      vertex  1.000000000000000  0.750000000000025  0.250000000000000
      vertex  1.000000000000000  0.781255644457358  0.250000000000000
    endloop
  endfacet
  facet normal -0.135220807839209 -0.000000000000000  0.990815488941968
    outer loop
      vertex  0.962282622685337  0.754945476501639  0.244852548948835
      vertex  1.000000000000000  0.781255644457358  0.250000000000000
      vertex  1.000000000000000  0.812507525716602  0.250000000000000
    endloop
  endfacet
  facet normal -0.135220807839209 -0.000000000000000  0.990815488941968
    outer loop
      vertex  0.962282622685337  0.754945476501639  0.244852548948835
      vertex  1.000000000000000  0.812507525716602  0.250000000000000
      vertex  1.000000000000000  0.843759406975847  0.250000000000000
    endloop
  endfacet
  facet normal -0.135220807839209 -0.000000000000000  0.990815488941968
    outer loop
      vertex  0.962282622685337  0.754945476501639  0.244852548948835
      vertex  1.000000000000000  0.843759406975847  0.250000000000000
      vertex  1.000000000000000  0.875007525490070  0.250000000000000
    endloop
  endfacet
  facet normal -0.135220807839209 -0.000000000000000  0.990815488941968
    outer loop
      vertex  0.962282622685337  0.754945476501639  0.244852548948835
      vertex  1.000000000000000  0.875007525490070  0.250000000000000
      vertex  1.000000000000000  0.906259406749315  0.250000000000000
    endloop
  endfacet
  facet normal -0.135220807839209 -0.000000000000000  0.990815488941968
    outer loop
      vertex  0.962282622685337  0.754945476501639  0.244852548948835
      vertex  1.000000000000000  0.906259406749315  0.250000000000000
      vertex  1.000000000000000  0.937507525263538  0.250000000000000
    endloop
  endfacet
  facet normal -0.135220807839209 -0.000000000000000  0.990815488941968
    outer loop
      vertex  0.962282622685337  0.754945476501639  0.244852548948835
      vertex  1.000000000000000  0.937507525263538  0.250000000000000
      vertex  1.000000000000000  0.968755643777761  0.250000000000000
    endloop
  endfacet
  facet normal -0.135220807838995 -0.000000000000000  0.990815488941998
    outer loop
      vertex  0.962282622685337  0.754945476501639  0.244852548948835
      vertex  1.000000000000000  1.000000000000000  0.250000000000000
      vertex  0.962282622685337  0.962282622685337  0.244852548948835
    endloop
  endfacet
  facet normal -0.135220807840675  0.000000000000263  0.990815488941768
    outer loop
      vertex  0.962282622685337  0.754945476501639  0.244852548948835
      vertex  1.000000000000000  0.968755643777761  0.250000000000000
      vertex  1.000000000000000  1.000000000000000  0.250000000000000
    endloop
  endfacet
  facet normal  0.271362375615297 -0.000000000000000  0.962477252250890
    outer loop
      vertex  0.962282622685337  0.962282622685337  0.244852548948835
      vertex  0.919090795969023  0.742221665674561  0.257030121642104
      vertex  0.962282622685337  0.754945476501639  0.244852548948835
    endloop
  endfacet
  facet normal  0.271362375615297 -0.000000000000000  0.962477252250890
    outer loop
      vertex  0.962282622685337  0.962282622685337  0.244852548948835
      vertex  0.919090795969023  0.919090795969023  0.257030121642104
      vertex  0.919090795969023  0.742221665674561  0.257030121642104
    endloop
  endfacet
  facet normal  0.575404269888001 -0.000000000000000  0.817869137573155
    outer loop
      vertex  0.919090795969023  0.919090795969023  0.257030121642104
      vertex  0.830927622953996  0.678427622600607  0.319056506878071
      vertex  0.919090795969023  0.742221665674561  0.257030121642104
    endloop
  endfacet
  facet normal  0.575404269888001  0.000000000000000  0.817869137573155
    outer loop
      vertex  0.919090795969023  0.919090795969023  0.257030121642104
      vertex  0.830927622953996  0.830927622953996  0.319056506878071
      vertex  0.830927622953996  0.678427622600607  0.319056506878071
    endloop
  endfacet
  facet normal  0.800865733557376 -0.000000000000000  0.598843950302252
    outer loop
      vertex  0.830927622953996  0.830927622953996  0.319056506878071
      vertex  0.764799227352710  0.587918357293782  0.407493512921910
      vertex  0.830927622953996  0.678427622600607  0.319056506878071
    endloop
  endfacet
  facet normal  0.800865733557376  0.000000000000000  0.598843950302252
    outer loop
      vertex  0.830927622953996  0.830927622953996  0.319056506878071
      vertex  0.764799227352710  0.764799227352710  0.407493512921910
      vertex  0.764799227352710  0.587918357293782  0.407493512921910
    endloop
  endfacet
  facet normal  0.985598647530856 -0.000000000000000  0.169101466538135
    outer loop
      vertex  0.764799227352710  0.764799227352710  0.407493512921910
      vertex  0.750000000000000  0.750000000000000  0.493750000000000
      vertex  0.750000000000000  0.718755643777761  0.493750000000000
    endloop
  endfacet
  facet normal  0.985598647530856  0.000000000000000  0.169101466538135
    outer loop
      vertex  0.764799227352710  0.764799227352710  0.407493512921910
      vertex  0.750000000000000  0.718755643777761  0.493750000000000
      vertex  0.750000000000000  0.687507525263538  0.493750000000000
    endloop
  endfacet
  facet normal  0.985598647530856 -0.000000000000000  0.169101466538135
    outer loop
      vertex  0.764799227352710  0.764799227352710  0.407493512921910
      vertex  0.750000000000000  0.687507525263538  0.493750000000000
      vertex  0.750000000000000  0.656259406749315  0.493750000000000
    endloop
  endfacet
  facet normal  0.985598647530856  0.000000000000000  0.169101466538135
    outer loop
      vertex  0.764799227352710  0.764799227352710  0.407493512921910
      vertex  0.750000000000000  0.656259406749315  0.493750000000000
      vertex  0.750000000000000  0.625007525490070  0.493750000000000
    endloop
  endfacet
  facet normal  0.985598647530856 -0.000000000000000  0.169101466538135
    outer loop
      vertex  0.764799227352710  0.764799227352710  0.407493512921910
      vertex  0.750000000000000  0.625007525490070  0.493750000000000
      vertex  0.750000000000000  0.593759406975847  0.493750000000000
    endloop
  endfacet
  facet normal  0.985598647530856  0.000000000000000  0.169101466538135
    outer loop
      vertex  0.764799227352710  0.764799227352710  0.407493512921910
      vertex  0.750000000000000  0.593759406975847  0.493750000000000
      vertex  0.750000000000000  0.562507525716602  0.493750000000000
    endloop
  endfacet
  facet normal  0.985598647530856 -0.000000000000000  0.169101466538135
    outer loop
      vertex  0.764799227352710  0.764799227352710  0.407493512921910
      vertex  0.750000000000000  0.562507525716602  0.493750000000000
      vertex  0.750000000000000  0.531255644457358  0.493750000000000
    endloop
  endfacet
  facet normal  0.985598647530856 -0.000000000000000  0.169101466538135
    outer loop
      vertex  0.764799227352710  0.764799227352710  0.407493512921910
      vertex  0.750000000000000  0.499999999999975  0.493750000000000
      vertex  0.764799227352710  0.587918357293782  0.407493512921910
    endloop
  endfacet
  facet normal  0.985598647530856 -0.000000000000000  0.169101466538135
    outer loop
      vertex  0.764799227352710  0.764799227352710  0.407493512921910
      vertex  0.750000000000000  0.531255644457358  0.493750000000000
      vertex  0.750000000000000  0.499999999999975  0.493750000000000
    endloop
  endfacet
  facet normal -0.658494984175250 -0.000000000000000  0.752585115329846
    outer loop
      vertex  0.000000000000000  0.249999999999975  0.750000000000000
      vertex  0.000000000000000  0.218744355542643  0.750000000000000
      vertex  0.249999999999975  0.218744355542643  0.968744355542621
    endloop
  endfacet
  facet normal -0.577350269189607 -0.577350269189606  0.577350269189664
    outer loop
      vertex  0.000000000000000  0.249999999999975  0.750000000000000
      vertex  0.249999999999975  0.218744355542643  0.968744355542621
      vertex  0.249999999999975  0.249999999999975  0.999999999999950
    endloop
  endfacet
  facet normal -0.599984586998340 -0.000000000000000  0.800011559519256
    outer loop
      vertex  0.000000000000000  0.218744355542643  0.750000000000000
      vertex  0.000000000000000  0.187492474283398  0.750000000000000
      vertex  0.249999999999975  0.187492474283398  0.937492474283379
    endloop
  endfacet
  facet normal -0.526142401514499 -0.601321117760089  0.601321117760147
    outer loop
      vertex  0.000000000000000  0.218744355542643  0.750000000000000
      vertex  0.249999999999975  0.187492474283398  0.937492474283379
      vertex  0.249999999999975  0.218744355542643  0.968744355542621
    endloop
  endfacet
  facet normal -0.529975994056079 -0.000000000000000  0.848012644790318
    outer loop
      vertex  0.000000000000000  0.187492474283398  0.750000000000000
      vertex  0.000000000000000  0.156240593024153  0.750000000000000
      vertex  0.249999999999975  0.156240593024153  0.906240593024138
    endloop
  endfacet
  facet normal -0.468506608311621 -0.624700551451758  0.624700551451822
    outer loop
      vertex  0.000000000000000  0.187492474283398  0.750000000000000
      vertex  0.249999999999975  0.156240593024153  0.906240593024138
      vertex  0.249999999999975  0.187492474283398  0.937492474283379
    endloop
  endfacet
  facet normal -0.447192055901513 -0.000000000000000  0.894437960474945
    outer loop
      vertex  0.000000000000000  0.156240593024153  0.750000000000000
      vertex  0.000000000000000  0.124992474509930  0.750000000000000
      vertex  0.249999999999975  0.124992474509930  0.874992474509917
    endloop
  endfacet
  facet normal -0.404205681658539 -0.646768029093458  0.646768029093523
    outer loop
      vertex  0.000000000000000  0.156240593024153  0.750000000000000
      vertex  0.249999999999975  0.124992474509930  0.874992474509917
      vertex  0.249999999999975  0.156240593024153  0.906240593024138
    endloop
  endfacet
  facet normal -0.351092553339288 -0.000000000000000  0.936340760081339
    outer loop
      vertex  0.000000000000000  0.124992474509930  0.750000000000000
      vertex  0.000000000000000  0.093740593250685  0.750000000000000
      vertex  0.249999999999975  0.093740593250685  0.843740593250676
    endloop
  endfacet
  facet normal -0.333315494955676 -0.666671126126806  0.666671126126870
    outer loop
      vertex  0.000000000000000  0.124992474509930  0.750000000000000
      vertex  0.249999999999975  0.093740593250685  0.843740593250676
      vertex  0.249999999999975  0.124992474509930  0.874992474509917
    endloop
  endfacet
  facet normal -0.242508140215471 -0.000000000000000  0.970149370936885
    outer loop
      vertex  0.000000000000000  0.093740593250685  0.750000000000000
      vertex  0.000000000000000  0.062492474736462  0.750000000000000
      vertex  0.249999999999975  0.062492474736462  0.812492474736456
    endloop
  endfacet
  facet normal -0.256283269019688 -0.683490631252721  0.683490631252792
    outer loop
      vertex  0.000000000000000  0.093740593250685  0.750000000000000
      vertex  0.249999999999975  0.062492474736462  0.812492474736456
      vertex  0.249999999999975  0.093740593250685  0.843740593250676
    endloop
  endfacet
  facet normal -0.124012678341469 -0.000000000000000  0.992280633495674
    outer loop
      vertex  0.000000000000000  0.062492474736462  0.750000000000000
      vertex  0.000000000000000  0.031244356222239  0.750000000000000
      vertex  0.249999999999975  0.031244356222239  0.781244356222235
    endloop
  endfacet
  facet normal -0.174057331302614 -0.696313164251444  0.696313164251513
    outer loop
      vertex  0.000000000000000  0.062492474736462  0.750000000000000
      vertex  0.249999999999975  0.031244356222239  0.781244356222235
      vertex  0.249999999999975  0.062492474736462  0.812492474736456
    endloop
  endfacet
  facet normal -0.000000000000000 -0.000000000000000  1.000000000000000
    outer loop
      vertex  0.000000000000000  0.031244356222239  0.750000000000000
      vertex  0.000000000000000  0.000000000000000  0.750000000000000
      vertex  0.249999999999975  0.000000000000000  0.750000000000000
    endloop
  endfacet
  facet normal -0.088029312841584 -0.704361711083354  0.704361711083424
    outer loop
      vertex  0.000000000000000  0.031244356222239  0.750000000000000
      vertex  0.249999999999975  0.000000000000000  0.750000000000000
      vertex  0.249999999999975  0.031244356222239  0.781244356222235
    endloop
  endfacet
  facet normal  0.649017862397587 -0.000000000000000 -0.760773168749310
    outer loop
      vertex  0.250000000000000  0.499999999999975  0.506250000000000
      vertex  0.499999999999975  0.468744355542643  0.719525746654055
      vertex  0.250000000000000  0.468744355542643  0.506250000000000
    endloop
  endfacet
  facet normal  0.572416361723350  0.572416361720151 -0.587093704332169
    outer loop
      vertex  0.499999999999975  0.468744355542643  0.719525746654055
      vertex  0.250000000000000  0.499999999999975  0.506250000000000
      vertex  0.312492474736462  0.500000000000025  0.567180162868044
    endloop
  endfacet
  facet normal  0.572416361722759  0.572416361721846 -0.587093704331093
    outer loop
      vertex  0.499999999999975  0.468744355542643  0.719525746654055
      vertex  0.312492474736462  0.500000000000025  0.567180162868044
      vertex  0.374992474509930  0.500000000000025  0.628117662647169
    endloop
  endfacet
  facet normal  0.572416361722760  0.572416361721842 -0.587093704331096
    outer loop
      vertex  0.499999999999975  0.468744355542643  0.719525746654055
      vertex  0.374992474509930  0.500000000000025  0.628117662647169
      vertex  0.437492474283398  0.500000000000025  0.689055162426294
    endloop
  endfacet
  facet normal  0.572416361722767  0.572416361722309 -0.587093704330633
    outer loop
      vertex  0.499999999999975  0.468744355542643  0.719525746654055
      vertex  0.437492474283398  0.500000000000025  0.689055162426294
      vertex  0.499999999999975  0.499999999999975  0.749999999999951
    endloop
  endfacet
  facet normal  0.590254104643026 -0.000000000000000 -0.807217499780610
    outer loop
      vertex  0.250000000000000  0.468744355542643  0.506250000000000
      vertex  0.499999999999975  0.437492474283398  0.689055162426295
      vertex  0.250000000000000  0.437492474283398  0.506250000000000
    endloop
  endfacet
  facet normal  0.521270271379347  0.595752825354248 -0.611028538824932
    outer loop
      vertex  0.250000000000000  0.468744355542643  0.506250000000000
      vertex  0.499999999999975  0.468744355542643  0.719525746654055
      vertex  0.499999999999975  0.437492474283398  0.689055162426295
    endloop
  endfacet
  facet normal  0.520347326761222 -0.000000000000000 -0.853954717495284
    outer loop
      vertex  0.250000000000000  0.437492474283398  0.506250000000000
      vertex  0.499999999999975  0.406240593024153  0.658584578198534
      vertex  0.250000000000000  0.406240593024153  0.506250000000000
    endloop
  endfacet
  facet normal  0.463829410273761  0.618464037085336 -0.634322089318355
    outer loop
      vertex  0.250000000000000  0.437492474283398  0.506250000000000
      vertex  0.499999999999975  0.437492474283398  0.689055162426295
      vertex  0.499999999999975  0.406240593024153  0.658584578198534
    endloop
  endfacet
  facet normal  0.438180931134351 -0.000000000000000 -0.898886795759195
    outer loop
      vertex  0.250000000000000  0.406240593024153  0.506250000000000
      vertex  0.499999999999975  0.374992474509930  0.628117662647169
      vertex  0.250000000000000  0.374992474509930  0.506250000000000
    endloop
  endfacet
  facet normal  0.399884922721516  0.639854398561545 -0.656260921601653
    outer loop
      vertex  0.250000000000000  0.406240593024153  0.506250000000000
      vertex  0.499999999999975  0.406240593024153  0.658584578198534
      vertex  0.499999999999975  0.374992474509930  0.628117662647169
    endloop
  endfacet
  facet normal  0.343361728236524 -0.000000000000000 -0.939203238698860
    outer loop
      vertex  0.250000000000000  0.374992474509930  0.506250000000000
      vertex  0.499999999999975  0.343740593250685  0.597647078419409
      vertex  0.250000000000000  0.343740593250685  0.506250000000000
    endloop
  endfacet
  facet normal  0.329533630428796  0.659106941679486 -0.676007119671334
    outer loop
      vertex  0.250000000000000  0.374992474509930  0.506250000000000
      vertex  0.499999999999975  0.374992474509930  0.628117662647169
      vertex  0.499999999999975  0.343740593250685  0.597647078419409
    endloop
  endfacet
  facet normal  0.236789475780870 -0.000000000000000 -0.971560983242648
    outer loop
      vertex  0.250000000000000  0.343740593250685  0.506250000000000
      vertex  0.499999999999975  0.312492474736462  0.567180162868044
      vertex  0.250000000000000  0.312492474736462  0.506250000000000
    endloop
  endfacet
  facet normal  0.253229497604668  0.675346423633796 -0.692662998598835
    outer loop
      vertex  0.250000000000000  0.343740593250685  0.506250000000000
      vertex  0.499999999999975  0.343740593250685  0.597647078419409
      vertex  0.499999999999975  0.312492474736462  0.567180162868044
    endloop
  endfacet
  facet normal  0.120958294657896 -0.000000000000000 -0.992657589984307
    outer loop
      vertex  0.250000000000000  0.312492474736462  0.506250000000000
      vertex  0.499999999999975  0.281244356222239  0.536713247316680
      vertex  0.250000000000000  0.281244356222239  0.506250000000000
    endloop
  endfacet
  facet normal  0.171906234380840  0.687707740435034 -0.705341272241132
    outer loop
      vertex  0.250000000000000  0.312492474736462  0.506250000000000
      vertex  0.499999999999975  0.312492474736462  0.567180162868044
      vertex  0.499999999999975  0.281244356222239  0.536713247316680
    endloop
  endfacet
  facet normal -0.000000000000000  0.000000000000000 -1.000000000000000
    outer loop
      vertex  0.250000000000000  0.281244356222239  0.506250000000000
      vertex  0.499999999999975  0.250000000000000  0.506250000000000
      vertex  0.250000000000000  0.250000000000000  0.506250000000000
    endloop
  endfacet
  facet normal  0.086916580104992  0.695458241216052 -0.713290503811405
    outer loop
      vertex  0.250000000000000  0.281244356222239  0.506250000000000
      vertex  0.499999999999975  0.281244356222239  0.536713247316680
      vertex  0.499999999999975  0.250000000000000  0.506250000000000
    endloop
  endfacet
  facet normal  0.148470063795950  0.977693450166898 -0.148567014027924
    outer loop
      vertex  0.000000000000000  0.249999999999975  0.750000000000000
      vertex  0.245054523498340  0.245054523498361  0.962349295434837
      vertex  0.037717377314663  0.245054523498361  0.755147451051165
    endloop
  endfacet
  facet normal  0.147870296185446  0.977889948313233 -0.147870296185446
    outer loop
      vertex  0.000000000000000  0.249999999999975  0.750000000000000
      vertex  0.249999999999975  0.249999999999975  0.999999999999950
      vertex  0.245054523498340  0.245054523498361  0.962349295434837
    endloop
  endfacet
  facet normal -0.218388532920028  0.950963408807673  0.219032061118752
    outer loop
      vertex  0.037717377314663  0.245054523498361  0.755147451051165
      vertex  0.257778334325421  0.257778334325439  0.919319357454945
      vertex  0.080909204030977  0.257778334325439  0.742969878357896
    endloop
  endfacet
  facet normal -0.217077519891566  0.951679115510389  0.217219270459807
    outer loop
      vertex  0.037717377314663  0.245054523498361  0.755147451051165
      vertex  0.245054523498340  0.245054523498361  0.962349295434837
      vertex  0.257778334325421  0.257778334325439  0.919319357454945
    endloop
  endfacet
  facet normal -0.362113048021540  0.856975644672246  0.366697265998995
    outer loop
      vertex  0.080909204030977  0.257778334325439  0.742969878357896
      vertex  0.321572377399378  0.321572377399393  0.831537034638537
      vertex  0.169072377046004  0.321572377399393  0.680943493121928
    endloop
  endfacet
  facet normal -0.361062807085714  0.859358983433536  0.362126755337773
    outer loop
      vertex  0.080909204030977  0.257778334325439  0.742969878357896
      vertex  0.257778334325421  0.257778334325439  0.919319357454945
      vertex  0.321572377399378  0.321572377399393  0.831537034638537
    endloop
  endfacet
  facet normal -0.445534744781824  0.770674809197607  0.455586577568334
    outer loop
      vertex  0.169072377046004  0.321572377399393  0.680943493121928
      vertex  0.412081642706201  0.412081642706218  0.765484746707926
      vertex  0.235200772647290  0.412081642706218  0.592506487078090
    endloop
  endfacet
  facet normal -0.445008139635201  0.773879669391872  0.450641778977875
    outer loop
      vertex  0.169072377046004  0.321572377399393  0.680943493121928
      vertex  0.321572377399378  0.321572377399393  0.831537034638537
      vertex  0.412081642706201  0.412081642706218  0.765484746707926
    endloop
  endfacet
  facet normal -0.539824532116308  0.634068788173103  0.553666186785957
    outer loop
      vertex  0.235200772647290  0.412081642706218  0.592506487078090
      vertex  0.499999999999975  0.499999999999975  0.749999999999951
      vertex  0.250000000000000  0.499999999999975  0.506250000000000
    endloop
  endfacet
  facet normal -0.539299668883572  0.636427577397202  0.551466958094860
    outer loop
      vertex  0.235200772647290  0.412081642706218  0.592506487078090
      vertex  0.412081642706201  0.412081642706218  0.765484746707926
      vertex  0.499999999999975  0.499999999999975  0.749999999999951
    endloop
  endfacet
  facet normal -0.000000000000000  0.135220807838997 -0.990815488941997
    outer loop
      vertex  0.000000000000000  0.000000000000000  0.750000000000000
      vertex  0.245054523498340  0.037717377314663  0.755147451051165
      vertex  0.249999999999975  0.000000000000000  0.750000000000000
    endloop
  endfacet
  facet normal -0.000000000000000  0.135220807838997 -0.990815488941997
    outer loop
      vertex  0.000000000000000  0.000000000000000  0.750000000000000
      vertex  0.037717377314663  0.037717377314663  0.755147451051165
      vertex  0.245054523498340  0.037717377314663  0.755147451051165
    endloop
  endfacet
  facet normal -0.000000000000000 -0.271362375615297 -0.962477252250889
    outer loop
      vertex  0.037717377314663  0.037717377314663  0.755147451051165
      vertex  0.257778334325421  0.080909204030977  0.742969878357896
      vertex  0.245054523498340  0.037717377314663  0.755147451051165
    endloop
  endfacet
  facet normal -0.000000000000000 -0.271362375615297 -0.962477252250890
    outer loop
      vertex  0.037717377314663  0.037717377314663  0.755147451051165
      vertex  0.080909204030977  0.080909204030977  0.742969878357896
      vertex  0.257778334325421  0.080909204030977  0.742969878357896
    endloop
  endfacet
  facet normal -0.000000000000000 -0.575404269888004 -0.817869137573153
    outer loop
      vertex  0.080909204030977  0.080909204030977  0.742969878357896
      vertex  0.321572377399378  0.169072377046004  0.680943493121928
      vertex  0.257778334325421  0.080909204030977  0.742969878357896
    endloop
  endfacet
  facet normal  0.000000000000000 -0.575404269888004 -0.817869137573153
    outer loop
      vertex  0.080909204030977  0.080909204030977  0.742969878357896
      vertex  0.169072377046004  0.169072377046004  0.680943493121928
      vertex  0.321572377399378  0.169072377046004  0.680943493121928
    endloop
  endfacet
  facet normal -0.000000000000000 -0.800865733557374 -0.598843950302255
    outer loop
      vertex  0.169072377046004  0.169072377046004  0.680943493121928
      vertex  0.412081642706201  0.235200772647290  0.592506487078090
      vertex  0.321572377399378  0.169072377046004  0.680943493121928
    endloop
  endfacet
  facet normal  0.000000000000000 -0.800865733557374 -0.598843950302255
    outer loop
      vertex  0.169072377046004  0.169072377046004  0.680943493121928
      vertex  0.235200772647290  0.235200772647290  0.592506487078090
      vertex  0.412081642706201  0.235200772647290  0.592506487078090
    endloop
  endfacet
  facet normal -0.000000000000000 -0.985598647530856 -0.169101466538134
    outer loop
      vertex  0.235200772647290  0.235200772647290  0.592506487078090
      vertex  0.499999999999975  0.250000000000000  0.506250000000000
      vertex  0.412081642706201  0.235200772647290  0.592506487078090
    endloop
  endfacet
  facet normal  0.000000000000000 -0.985598647530856 -0.169101466538134
    outer loop
      vertex  0.235200772647290  0.235200772647290  0.592506487078090
      vertex  0.250000000000000  0.250000000000000  0.506250000000000
      vertex  0.499999999999975  0.250000000000000  0.506250000000000
    endloop
  endfacet
  facet normal  0.977693450166898  0.148470063795950 -0.148567014027924
    outer loop
      vertex  0.249999999999975  0.000000000000000  0.750000000000000
      vertex  0.245054523498340  0.037717377314663  0.755147451051165
      vertex  0.245054523498340  0.245054523498361  0.962349295434837
    endloop
  endfacet
  facet normal  0.977889948313303  0.147870296185025 -0.147870296185400
    outer loop
      vertex  0.245054523498340  0.245054523498361  0.962349295434837
      vertex  0.249999999999975  0.249999999999975  0.999999999999950
      vertex  0.249999999999975  0.218744355542643  0.968744355542621
    endloop
  endfacet
  facet normal  0.977889948313335  0.147870296185100 -0.147870296185115
    outer loop
      vertex  0.245054523498340  0.245054523498361  0.962349295434837
      vertex  0.249999999999975  0.218744355542643  0.968744355542621
      vertex  0.249999999999975  0.187492474283398  0.937492474283379
    endloop
  endfacet
  facet normal  0.977889948313335  0.147870296185100 -0.147870296185114
    outer loop
      vertex  0.245054523498340  0.245054523498361  0.962349295434837
      vertex  0.249999999999975  0.187492474283398  0.937492474283379
      vertex  0.249999999999975  0.156240593024153  0.906240593024138
    endloop
  endfacet
  facet normal  0.977889948313335  0.147870296185102 -0.147870296185117
    outer loop
      vertex  0.245054523498340  0.245054523498361  0.962349295434837
      vertex  0.249999999999975  0.156240593024153  0.906240593024138
      vertex  0.249999999999975  0.124992474509930  0.874992474509917
    endloop
  endfacet
  facet normal  0.977889948313336  0.147870296185098 -0.147870296185112
    outer loop
      vertex  0.245054523498340  0.245054523498361  0.962349295434837
      vertex  0.249999999999975  0.124992474509930  0.874992474509917
      vertex  0.249999999999975  0.093740593250685  0.843740593250676
    endloop
  endfacet
  facet normal  0.977889948313336  0.147870296185099 -0.147870296185113
    outer loop
      vertex  0.245054523498340  0.245054523498361  0.962349295434837
      vertex  0.249999999999975  0.093740593250685  0.843740593250676
      vertex  0.249999999999975  0.062492474736462  0.812492474736456
    endloop
  endfacet
  facet normal  0.977889948313335  0.147870296185100 -0.147870296185115
    outer loop
      vertex  0.245054523498340  0.245054523498361  0.962349295434837
      vertex  0.249999999999975  0.062492474736462  0.812492474736456
      vertex  0.249999999999975  0.031244356222239  0.781244356222235
    endloop
  endfacet
  facet normal  0.977889948314170  0.147870296182577 -0.147870296182113
    outer loop
      vertex  0.245054523498340  0.245054523498361  0.962349295434837
      vertex  0.249999999999975  0.031244356222239  0.781244356222235
      vertex  0.249999999999975  0.000000000000000  0.750000000000000
    endloop
  endfacet
  facet normal  0.950963408807673 -0.218388532920028  0.219032061118752
    outer loop
      vertex  0.245054523498340  0.037717377314663  0.755147451051165
      vertex  0.257778334325421  0.080909204030977  0.742969878357896
      vertex  0.257778334325421  0.257778334325439  0.919319357454945
    endloop
  endfacet
  facet normal  0.951679115510389 -0.217077519891567  0.217219270459807
    outer loop
      vertex  0.245054523498340  0.037717377314663  0.755147451051165
      vertex  0.257778334325421  0.257778334325439  0.919319357454945
      vertex  0.245054523498340  0.245054523498361  0.962349295434837
    endloop
  endfacet
  facet normal  0.856975644672246 -0.362113048021540  0.366697265998995
    outer loop
      vertex  0.257778334325421  0.080909204030977  0.742969878357896
      vertex  0.321572377399378  0.169072377046004  0.680943493121928
      vertex  0.321572377399378  0.321572377399393  0.831537034638537
    endloop
  endfacet
  facet normal  0.859358983433536 -0.361062807085714  0.362126755337773
    outer loop
      vertex  0.257778334325421  0.080909204030977  0.742969878357896
      vertex  0.321572377399378  0.321572377399393  0.831537034638537
      vertex  0.257778334325421  0.257778334325439  0.919319357454945
    endloop
  endfacet
  facet normal  0.770674809197607 -0.445534744781824  0.455586577568334
    outer loop
      vertex  0.321572377399378  0.169072377046004  0.680943493121928
      vertex  0.412081642706201  0.235200772647290  0.592506487078090
      vertex  0.412081642706201  0.412081642706218  0.765484746707926
    endloop
  endfacet
  facet normal  0.773879669391872 -0.445008139635201  0.450641778977875
    outer loop
      vertex  0.321572377399378  0.169072377046004  0.680943493121928
      vertex  0.412081642706201  0.412081642706218  0.765484746707926
      vertex  0.321572377399378  0.321572377399393  0.831537034638537
    endloop
  endfacet
  facet normal  0.634068788173103 -0.539824532116308  0.553666186785957
    outer loop
      vertex  0.412081642706201  0.235200772647290  0.592506487078090
      vertex  0.499999999999975  0.250000000000000  0.506250000000000
      vertex  0.499999999999975  0.499999999999975  0.749999999999951
    endloop
  endfacet
  facet normal  0.636427577397202 -0.539299668883572  0.551466958094860
    outer loop
      vertex  0.412081642706201  0.235200772647290  0.592506487078090
      vertex  0.499999999999975  0.499999999999975  0.749999999999951
      vertex  0.412081642706201  0.412081642706218  0.765484746707926
    endloop
  endfacet
  facet normal  0.135220807839256 -0.000000000000263 -0.990815488941962
    outer loop
      vertex  0.037717377314663  0.037717377314663  0.755147451051165
      vertex  0.000000000000000  0.000000000000000  0.750000000000000
      vertex  0.000000000000000  0.031244356222239  0.750000000000000
    endloop
  endfacet
  facet normal  0.135220807839211 -0.000000000000000 -0.990815488941968
    outer loop
      vertex  0.037717377314663  0.037717377314663  0.755147451051165
      vertex  0.000000000000000  0.031244356222239  0.750000000000000
      vertex  0.000000000000000  0.062492474736462  0.750000000000000
    endloop
  endfacet
  facet normal  0.135220807839211 -0.000000000000000 -0.990815488941968
    outer loop
      vertex  0.037717377314663  0.037717377314663  0.755147451051165
      vertex  0.000000000000000  0.062492474736462  0.750000000000000
      vertex  0.000000000000000  0.093740593250685  0.750000000000000
    endloop
  endfacet
  facet normal  0.135220807839211 -0.000000000000000 -0.990815488941968
    outer loop
      vertex  0.037717377314663  0.037717377314663  0.755147451051165
      vertex  0.000000000000000  0.093740593250685  0.750000000000000
      vertex  0.000000000000000  0.124992474509930  0.750000000000000
    endloop
  endfacet
  facet normal  0.135220807839211 -0.000000000000000 -0.990815488941968
    outer loop
      vertex  0.037717377314663  0.037717377314663  0.755147451051165
      vertex  0.000000000000000  0.124992474509930  0.750000000000000
      vertex  0.000000000000000  0.156240593024153  0.750000000000000
    endloop
  endfacet
  facet normal  0.135220807839211 -0.000000000000000 -0.990815488941968
    outer loop
      vertex  0.037717377314663  0.037717377314663  0.755147451051165
      vertex  0.000000000000000  0.156240593024153  0.750000000000000
      vertex  0.000000000000000  0.187492474283398  0.750000000000000
    endloop
  endfacet
  facet normal  0.135220807839211 -0.000000000000000 -0.990815488941968
    outer loop
      vertex  0.037717377314663  0.037717377314663  0.755147451051165
      vertex  0.000000000000000  0.187492474283398  0.750000000000000
      vertex  0.000000000000000  0.218744355542643  0.750000000000000
    endloop
  endfacet
  facet normal  0.135220807838997 -0.000000000000000 -0.990815488941997
    outer loop
      vertex  0.037717377314663  0.037717377314663  0.755147451051165
      vertex  0.000000000000000  0.249999999999975  0.750000000000000
      vertex  0.037717377314663  0.245054523498361  0.755147451051165
    endloop
  endfacet
  facet normal  0.135220807840452  0.000000000000263 -0.990815488941799
    outer loop
      vertex  0.037717377314663  0.037717377314663  0.755147451051165
      vertex  0.000000000000000  0.218744355542643  0.750000000000000
      vertex  0.000000000000000  0.249999999999975  0.750000000000000
    endloop
  endfacet
  facet normal -0.271362375615297 -0.000000000000000 -0.962477252250890
    outer loop
      vertex  0.037717377314663  0.037717377314663  0.755147451051165
      vertex  0.080909204030977  0.257778334325439  0.742969878357896
      vertex  0.080909204030977  0.080909204030977  0.742969878357896
    endloop
  endfacet
  facet normal -0.271362375615297 -0.000000000000000 -0.962477252250889
    outer loop
      vertex  0.037717377314663  0.037717377314663  0.755147451051165
      vertex  0.037717377314663  0.245054523498361  0.755147451051165
      vertex  0.080909204030977  0.257778334325439  0.742969878357896
    endloop
  endfacet
  facet normal -0.575404269888004 -0.000000000000000 -0.817869137573153
    outer loop
      vertex  0.080909204030977  0.080909204030977  0.742969878357896
      vertex  0.169072377046004  0.321572377399393  0.680943493121928
      vertex  0.169072377046004  0.169072377046004  0.680943493121928
    endloop
  endfacet
  facet normal -0.575404269888004  0.000000000000000 -0.817869137573153
    outer loop
      vertex  0.080909204030977  0.080909204030977  0.742969878357896
      vertex  0.080909204030977  0.257778334325439  0.742969878357896
      vertex  0.169072377046004  0.321572377399393  0.680943493121928
    endloop
  endfacet
  facet normal -0.800865733557374 -0.000000000000000 -0.598843950302255
    outer loop
      vertex  0.169072377046004  0.169072377046004  0.680943493121928
      vertex  0.235200772647290  0.412081642706218  0.592506487078090
      vertex  0.235200772647290  0.235200772647290  0.592506487078090
    endloop
  endfacet
  facet normal -0.800865733557374 -0.000000000000000 -0.598843950302255
    outer loop
      vertex  0.169072377046004  0.169072377046004  0.680943493121928
      vertex  0.169072377046004  0.321572377399393  0.680943493121928
      vertex  0.235200772647290  0.412081642706218  0.592506487078090
    endloop
  endfacet
  facet normal -0.985598647530856 -0.000000000000000 -0.169101466538134
    outer loop
      vertex  0.235200772647290  0.412081642706218  0.592506487078090
      vertex  0.250000000000000  0.499999999999975  0.506250000000000
      vertex  0.250000000000000  0.468744355542643  0.506250000000000
    endloop
  endfacet
  facet normal -0.985598647530856 -0.000000000000000 -0.169101466538134
    outer loop
      vertex  0.235200772647290  0.412081642706218  0.592506487078090
      vertex  0.250000000000000  0.468744355542643  0.506250000000000
      vertex  0.250000000000000  0.437492474283398  0.506250000000000
    endloop
  endfacet
  facet normal -0.985598647530856 -0.000000000000000 -0.169101466538134
    outer loop
      vertex  0.235200772647290  0.412081642706218  0.592506487078090
      vertex  0.250000000000000  0.437492474283398  0.506250000000000
      vertex  0.250000000000000  0.406240593024153  0.506250000000000
    endloop
  endfacet
  facet normal -0.985598647530856 -0.000000000000000 -0.169101466538134
    outer loop
      vertex  0.235200772647290  0.412081642706218  0.592506487078090
      vertex  0.250000000000000  0.406240593024153  0.506250000000000
      vertex  0.250000000000000  0.374992474509930  0.506250000000000
    endloop
  endfacet
  facet normal -0.985598647530856 -0.000000000000000 -0.169101466538134
    outer loop
      vertex  0.235200772647290  0.412081642706218  0.592506487078090
      vertex  0.250000000000000  0.374992474509930  0.506250000000000
      vertex  0.250000000000000  0.343740593250685  0.506250000000000
    endloop
  endfacet
  facet normal -0.985598647530856 -0.000000000000000 -0.169101466538134
    outer loop
      vertex  0.235200772647290  0.412081642706218  0.592506487078090
      vertex  0.250000000000000  0.343740593250685  0.506250000000000
      vertex  0.250000000000000  0.312492474736462  0.506250000000000
    endloop
  endfacet
  facet normal -0.985598647530856 -0.000000000000000 -0.169101466538134
    outer loop
      vertex  0.235200772647290  0.412081642706218  0.592506487078090
      vertex  0.250000000000000  0.312492474736462  0.506250000000000
      vertex  0.250000000000000  0.281244356222239  0.506250000000000
    endloop
  endfacet
  facet normal -0.985598647530856  0.000000000000000 -0.169101466538134
    outer loop
      vertex  0.235200772647290  0.412081642706218  0.592506487078090
      vertex  0.250000000000000  0.250000000000000  0.506250000000000
      vertex  0.235200772647290  0.235200772647290  0.592506487078090
    endloop
  endfacet
  facet normal -0.985598647530856 -0.000000000000000 -0.169101466538134
    outer loop
      vertex  0.235200772647290  0.412081642706218  0.592506487078090
      vertex  0.250000000000000  0.281244356222239  0.506250000000000
      vertex  0.250000000000000  0.250000000000000  0.506250000000000
    endloop
  endfacet
  facet normal  0.658494984175250 -0.000000000000000  0.752585115329846
    outer loop
      vertex  1.000000000000000  0.249999999999975  0.750000000000000
      vertex  0.750000000000025  0.218744355542643  0.968744355542621
      vertex  1.000000000000000  0.218744355542643  0.750000000000000
    endloop
  endfacet
  facet normal  0.577350269189607 -0.577350269189606  0.577350269189664
    outer loop
      vertex  1.000000000000000  0.249999999999975  0.750000000000000
      vertex  0.750000000000025  0.249999999999975  0.999999999999950
      vertex  0.750000000000025  0.218744355542643  0.968744355542621
    endloop
  endfacet
  facet normal  0.599984586998340 -0.000000000000000  0.800011559519256
    outer loop
      vertex  1.000000000000000  0.218744355542643  0.750000000000000
      vertex  0.750000000000025  0.187492474283398  0.937492474283379
      vertex  1.000000000000000  0.187492474283398  0.750000000000000
    endloop
  endfacet
  facet normal  0.526142401514499 -0.601321117760089  0.601321117760147
    outer loop
      vertex  1.000000000000000  0.218744355542643  0.750000000000000
      vertex  0.750000000000025  0.218744355542643  0.968744355542621
      vertex  0.750000000000025  0.187492474283398  0.937492474283379
    endloop
  endfacet
  facet normal  0.529975994056079 -0.000000000000000  0.848012644790318
    outer loop
      vertex  1.000000000000000  0.187492474283398  0.750000000000000
      vertex  0.750000000000025  0.156240593024153  0.906240593024138
      vertex  1.000000000000000  0.156240593024153  0.750000000000000
    endloop
  endfacet
  facet normal  0.468506608311621 -0.624700551451758  0.624700551451822
    outer loop
      vertex  1.000000000000000  0.187492474283398  0.750000000000000
      vertex  0.750000000000025  0.187492474283398  0.937492474283379
      vertex  0.750000000000025  0.156240593024153  0.906240593024138
    endloop
  endfacet
  facet normal  0.447192055901512 -0.000000000000000  0.894437960474945
    outer loop
      vertex  1.000000000000000  0.156240593024153  0.750000000000000
      vertex  0.750000000000025  0.124992474509930  0.874992474509917
      vertex  1.000000000000000  0.124992474509930  0.750000000000000
    endloop
  endfacet
  facet normal  0.404205681658538 -0.646768029093459  0.646768029093522
    outer loop
      vertex  1.000000000000000  0.156240593024153  0.750000000000000
      vertex  0.750000000000025  0.156240593024153  0.906240593024138
      vertex  0.750000000000025  0.124992474509930  0.874992474509917
    endloop
  endfacet
  facet normal  0.351092553339288 -0.000000000000000  0.936340760081339
    outer loop
      vertex  1.000000000000000  0.124992474509930  0.750000000000000
      vertex  0.750000000000025  0.093740593250685  0.843740593250676
      vertex  1.000000000000000  0.093740593250685  0.750000000000000
    endloop
  endfacet
  facet normal  0.333315494955676 -0.666671126126806  0.666671126126870
    outer loop
      vertex  1.000000000000000  0.124992474509930  0.750000000000000
      vertex  0.750000000000025  0.124992474509930  0.874992474509917
      vertex  0.750000000000025  0.093740593250685  0.843740593250676
    endloop
  endfacet
  facet normal  0.242508140215470 -0.000000000000000  0.970149370936885
    outer loop
      vertex  1.000000000000000  0.093740593250685  0.750000000000000
      vertex  0.750000000000025  0.062492474736462  0.812492474736456
      vertex  1.000000000000000  0.062492474736462  0.750000000000000
    endloop
  endfacet
  facet normal  0.256283269019688 -0.683490631252720  0.683490631252792
    outer loop
      vertex  1.000000000000000  0.093740593250685  0.750000000000000
      vertex  0.750000000000025  0.093740593250685  0.843740593250676
      vertex  0.750000000000025  0.062492474736462  0.812492474736456
    endloop
  endfacet
  facet normal  0.124012678341469 -0.000000000000000  0.992280633495674
    outer loop
      vertex  1.000000000000000  0.062492474736462  0.750000000000000
      vertex  0.750000000000025  0.031244356222239  0.781244356222235
      vertex  1.000000000000000  0.031244356222239  0.750000000000000
    endloop
  endfacet
  facet normal  0.174057331302614 -0.696313164251444  0.696313164251513
    outer loop
      vertex  1.000000000000000  0.062492474736462  0.750000000000000
      vertex  0.750000000000025  0.062492474736462  0.812492474736456
      vertex  0.750000000000025  0.031244356222239  0.781244356222235
    endloop
  endfacet
  facet normal -0.000000000000000 -0.000000000000000  1.000000000000000
    outer loop
      vertex  1.000000000000000  0.031244356222239  0.750000000000000
      vertex  0.750000000000025  0.000000000000000  0.750000000000000
      vertex  1.000000000000000  0.000000000000000  0.750000000000000
    endloop
  endfacet
  facet normal  0.088029312841584 -0.704361711083354  0.704361711083424
    outer loop
      vertex  1.000000000000000  0.031244356222239  0.750000000000000
      vertex  0.750000000000025  0.031244356222239  0.781244356222235
      vertex  0.750000000000025  0.000000000000000  0.750000000000000
    endloop
  endfacet
  facet normal -0.649017862397587 -0.000000000000000 -0.760773168749310
    outer loop
      vertex  0.750000000000000  0.499999999999975  0.506250000000000
      vertex  0.750000000000000  0.468744355542643  0.506250000000000
      vertex  0.499999999999975  0.468744355542643  0.719525746654055
    endloop
  endfacet
  facet normal -0.572416361722460  0.572416361722459 -0.587093704330787
    outer loop
      vertex  0.750000000000000  0.499999999999975  0.506250000000000
      vertex  0.499999999999975  0.468744355542643  0.719525746654055
      vertex  0.499999999999975  0.499999999999975  0.749999999999951
    endloop
  endfacet
  facet normal -0.590254104643026 -0.000000000000000 -0.807217499780610
    outer loop
      vertex  0.750000000000000  0.468744355542643  0.506250000000000
      vertex  0.750000000000000  0.437492474283398  0.506250000000000
      vertex  0.499999999999975  0.437492474283398  0.689055162426295
    endloop
  endfacet
  facet normal -0.521270271379347  0.595752825354248 -0.611028538824932
    outer loop
      vertex  0.750000000000000  0.468744355542643  0.506250000000000
      vertex  0.499999999999975  0.437492474283398  0.689055162426295
      vertex  0.499999999999975  0.468744355542643  0.719525746654055
    endloop
  endfacet
  facet normal -0.520347326761222 -0.000000000000000 -0.853954717495284
    outer loop
      vertex  0.750000000000000  0.437492474283398  0.506250000000000
      vertex  0.750000000000000  0.406240593024153  0.506250000000000
      vertex  0.499999999999975  0.406240593024153  0.658584578198534
    endloop
  endfacet
  facet normal -0.463829410273761  0.618464037085336 -0.634322089318355
    outer loop
      vertex  0.750000000000000  0.437492474283398  0.506250000000000
      vertex  0.499999999999975  0.406240593024153  0.658584578198534
      vertex  0.499999999999975  0.437492474283398  0.689055162426295
    endloop
  endfacet
  facet normal -0.438180931134351 -0.000000000000000 -0.898886795759195
    outer loop
      vertex  0.750000000000000  0.406240593024153  0.506250000000000
      vertex  0.750000000000000  0.374992474509930  0.506250000000000
      vertex  0.499999999999975  0.374992474509930  0.628117662647169
    endloop
  endfacet
  facet normal -0.399884922721516  0.639854398561545 -0.656260921601653
    outer loop
      vertex  0.750000000000000  0.406240593024153  0.506250000000000
      vertex  0.499999999999975  0.374992474509930  0.628117662647169
      vertex  0.499999999999975  0.406240593024153  0.658584578198534
    endloop
  endfacet
  facet normal -0.343361728236524 -0.000000000000000 -0.939203238698860
    outer loop
      vertex  0.750000000000000  0.374992474509930  0.506250000000000
      vertex  0.750000000000000  0.343740593250685  0.506250000000000
      vertex  0.499999999999975  0.343740593250685  0.597647078419409
    endloop
  endfacet
  facet normal -0.329533630428796  0.659106941679486 -0.676007119671333
    outer loop
      vertex  0.750000000000000  0.374992474509930  0.506250000000000
      vertex  0.499999999999975  0.343740593250685  0.597647078419409
      vertex  0.499999999999975  0.374992474509930  0.628117662647169
    endloop
  endfacet
  facet normal -0.236789475780870 -0.000000000000000 -0.971560983242648
    outer loop
      vertex  0.750000000000000  0.343740593250685  0.506250000000000
      vertex  0.750000000000000  0.312492474736462  0.506250000000000
      vertex  0.499999999999975  0.312492474736462  0.567180162868044
    endloop
  endfacet
  facet normal -0.253229497604668  0.675346423633795 -0.692662998598835
    outer loop
      vertex  0.750000000000000  0.343740593250685  0.506250000000000
      vertex  0.499999999999975  0.312492474736462  0.567180162868044
      vertex  0.499999999999975  0.343740593250685  0.597647078419409
    endloop
  endfacet
  facet normal -0.120958294657896 -0.000000000000000 -0.992657589984307
    outer loop
      vertex  0.750000000000000  0.312492474736462  0.506250000000000
      vertex  0.750000000000000  0.281244356222239  0.506250000000000
      vertex  0.499999999999975  0.281244356222239  0.536713247316680
    endloop
  endfacet
  facet normal -0.171906234380840  0.687707740435034 -0.705341272241132
    outer loop
      vertex  0.750000000000000  0.312492474736462  0.506250000000000
      vertex  0.499999999999975  0.281244356222239  0.536713247316680
      vertex  0.499999999999975  0.312492474736462  0.567180162868044
    endloop
  endfacet
  facet normal -0.000000000000000  0.000000000000000 -1.000000000000000
    outer loop
      vertex  0.750000000000000  0.281244356222239  0.506250000000000
      vertex  0.750000000000000  0.250000000000000  0.506250000000000
      vertex  0.499999999999975  0.250000000000000  0.506250000000000
    endloop
  endfacet
  facet normal -0.086916580104992  0.695458241216052 -0.713290503811405
    outer loop
      vertex  0.750000000000000  0.281244356222239  0.506250000000000
      vertex  0.499999999999975  0.250000000000000  0.506250000000000
      vertex  0.499999999999975  0.281244356222239  0.536713247316680
    endloop
  endfacet
  facet normal -0.148470063795950  0.977693450166898 -0.148567014027924
    outer loop
      vertex  1.000000000000000  0.249999999999975  0.750000000000000
      vertex  0.962282622685337  0.245054523498361  0.755147451051165
      vertex  0.754945476501660  0.245054523498361  0.962349295434837
    endloop
  endfacet
  facet normal -0.147870296185446  0.977889948313233 -0.147870296185446
    outer loop
      vertex  1.000000000000000  0.249999999999975  0.750000000000000
      vertex  0.754945476501660  0.245054523498361  0.962349295434837
      vertex  0.750000000000025  0.249999999999975  0.999999999999950
    endloop
  endfacet
  facet normal  0.218388532920028  0.950963408807673  0.219032061118752
    outer loop
      vertex  0.962282622685337  0.245054523498361  0.755147451051165
      vertex  0.919090795969023  0.257778334325439  0.742969878357896
      vertex  0.742221665674579  0.257778334325439  0.919319357454945
    endloop
  endfacet
  facet normal  0.217077519891567  0.951679115510389  0.217219270459807
    outer loop
      vertex  0.962282622685337  0.245054523498361  0.755147451051165
      vertex  0.742221665674579  0.257778334325439  0.919319357454945
      vertex  0.754945476501660  0.245054523498361  0.962349295434837
    endloop
  endfacet
  facet normal  0.362113048021540  0.856975644672247  0.366697265998995
    outer loop
      vertex  0.919090795969023  0.257778334325439  0.742969878357896
      vertex  0.830927622953996  0.321572377399393  0.680943493121928
      vertex  0.678427622600622  0.321572377399393  0.831537034638537
    endloop
  endfacet
  facet normal  0.361062807085714  0.859358983433537  0.362126755337773
    outer loop
      vertex  0.919090795969023  0.257778334325439  0.742969878357896
      vertex  0.678427622600622  0.321572377399393  0.831537034638537
      vertex  0.742221665674579  0.257778334325439  0.919319357454945
    endloop
  endfacet
  facet normal  0.445534744781824  0.770674809197606  0.455586577568334
    outer loop
      vertex  0.830927622953996  0.321572377399393  0.680943493121928
      vertex  0.764799227352710  0.412081642706218  0.592506487078090
      vertex  0.587918357293799  0.412081642706218  0.765484746707926
    endloop
  endfacet
  facet normal  0.445008139635202  0.773879669391872  0.450641778977875
    outer loop
      vertex  0.830927622953996  0.321572377399393  0.680943493121928
      vertex  0.587918357293799  0.412081642706218  0.765484746707926
      vertex  0.678427622600622  0.321572377399393  0.831537034638537
    endloop
  endfacet
  facet normal  0.539824532116308  0.634068788173103  0.553666186785957
    outer loop
      vertex  0.764799227352710  0.412081642706218  0.592506487078090
      vertex  0.750000000000000  0.499999999999975  0.506250000000000
      vertex  0.499999999999975  0.499999999999975  0.749999999999951
    endloop
  endfacet
  facet normal  0.539299668883572  0.636427577397203  0.551466958094860
    outer loop
      vertex  0.764799227352710  0.412081642706218  0.592506487078090
      vertex  0.499999999999975  0.499999999999975  0.749999999999951
      vertex  0.587918357293799  0.412081642706218  0.765484746707926
    endloop
  endfacet
  facet normal -0.000000000000000  0.135220807838997 -0.990815488941997
    outer loop
      vertex  1.000000000000000  0.000000000000000  0.750000000000000
      vertex  0.754945476501660  0.037717377314663  0.755147451051165
      vertex  0.962282622685337  0.037717377314663  0.755147451051165
    endloop
  endfacet
  facet normal -0.000000000000000  0.135220807838997 -0.990815488941997
    outer loop
      vertex  1.000000000000000  0.000000000000000  0.750000000000000
      vertex  0.750000000000025  0.000000000000000  0.750000000000000
      vertex  0.754945476501660  0.037717377314663  0.755147451051165
    endloop
  endfacet
  facet normal  0.000000000000000 -0.271362375615297 -0.962477252250890
    outer loop
      vertex  0.962282622685337  0.037717377314663  0.755147451051165
      vertex  0.742221665674579  0.080909204030977  0.742969878357896
      vertex  0.919090795969023  0.080909204030977  0.742969878357896
    endloop
  endfacet
  facet normal -0.000000000000000 -0.271362375615297 -0.962477252250889
    outer loop
      vertex  0.962282622685337  0.037717377314663  0.755147451051165
      vertex  0.754945476501660  0.037717377314663  0.755147451051165
      vertex  0.742221665674579  0.080909204030977  0.742969878357896
    endloop
  endfacet
  facet normal  0.000000000000000 -0.575404269888004 -0.817869137573153
    outer loop
      vertex  0.919090795969023  0.080909204030977  0.742969878357896
      vertex  0.678427622600622  0.169072377046004  0.680943493121928
      vertex  0.830927622953996  0.169072377046004  0.680943493121928
    endloop
  endfacet
  facet normal -0.000000000000000 -0.575404269888004 -0.817869137573153
    outer loop
      vertex  0.919090795969023  0.080909204030977  0.742969878357896
      vertex  0.742221665674579  0.080909204030977  0.742969878357896
      vertex  0.678427622600622  0.169072377046004  0.680943493121928
    endloop
  endfacet
  facet normal  0.000000000000000 -0.800865733557374 -0.598843950302255
    outer loop
      vertex  0.830927622953996  0.169072377046004  0.680943493121928
      vertex  0.587918357293799  0.235200772647290  0.592506487078090
      vertex  0.764799227352710  0.235200772647290  0.592506487078090
    endloop
  endfacet
  facet normal -0.000000000000000 -0.800865733557374 -0.598843950302255
    outer loop
      vertex  0.830927622953996  0.169072377046004  0.680943493121928
      vertex  0.678427622600622  0.169072377046004  0.680943493121928
      vertex  0.587918357293799  0.235200772647290  0.592506487078090
    endloop
  endfacet
  facet normal  0.000000000000000 -0.985598647530856 -0.169101466538134
    outer loop
      vertex  0.764799227352710  0.235200772647290  0.592506487078090
      vertex  0.499999999999975  0.250000000000000  0.506250000000000
      vertex  0.750000000000000  0.250000000000000  0.506250000000000
    endloop
  endfacet
  facet normal -0.000000000000000 -0.985598647530856 -0.169101466538134
    outer loop
      vertex  0.764799227352710  0.235200772647290  0.592506487078090
      vertex  0.587918357293799  0.235200772647290  0.592506487078090
      vertex  0.499999999999975  0.250000000000000  0.506250000000000
    endloop
  endfacet
  facet normal -0.977693450166898  0.148470063795951 -0.148567014027925
    outer loop
      vertex  0.750000000000025  0.000000000000000  0.750000000000000
      vertex  0.754945476501660  0.245054523498361  0.962349295434837
      vertex  0.754945476501660  0.037717377314663  0.755147451051165
    endloop
  endfacet
  facet normal -0.977889948314168  0.147870296182583 -0.147870296182120
    outer loop
      vertex  0.754945476501660  0.245054523498361  0.962349295434837
      vertex  0.750000000000025  0.000000000000000  0.750000000000000
      vertex  0.750000000000025  0.031244356222239  0.781244356222235
    endloop
  endfacet
  facet normal -0.977889948313335  0.147870296185101 -0.147870296185116
    outer loop
      vertex  0.754945476501660  0.245054523498361  0.962349295434837
      vertex  0.750000000000025  0.031244356222239  0.781244356222235
      vertex  0.750000000000025  0.062492474736462  0.812492474736456
    endloop
  endfacet
  facet normal -0.977889948313329  0.147870296185119 -0.147870296185138
    outer loop
      vertex  0.754945476501660  0.245054523498361  0.962349295434837
      vertex  0.750000000000025  0.062492474736462  0.812492474736456
      vertex  0.750000000000025  0.093740593250685  0.843740593250676
    endloop
  endfacet
  facet normal -0.977889948313334  0.147870296185103 -0.147870296185117
    outer loop
      vertex  0.754945476501660  0.245054523498361  0.962349295434837
      vertex  0.750000000000025  0.093740593250685  0.843740593250676
      vertex  0.750000000000025  0.124992474509930  0.874992474509917
    endloop
  endfacet
  facet normal -0.977889948313337  0.147870296185096 -0.147870296185107
    outer loop
      vertex  0.754945476501660  0.245054523498361  0.962349295434837
      vertex  0.750000000000025  0.124992474509930  0.874992474509917
      vertex  0.750000000000025  0.156240593024153  0.906240593024138
    endloop
  endfacet
  facet normal -0.977889948313334  0.147870296185103 -0.147870296185118
    outer loop
      vertex  0.754945476501660  0.245054523498361  0.962349295434837
      vertex  0.750000000000025  0.156240593024153  0.906240593024138
      vertex  0.750000000000025  0.187492474283398  0.937492474283379
    endloop
  endfacet
  facet normal -0.977889948313335  0.147870296185102 -0.147870296185116
    outer loop
      vertex  0.754945476501660  0.245054523498361  0.962349295434837
      vertex  0.750000000000025  0.187492474283398  0.937492474283379
      vertex  0.750000000000025  0.218744355542643  0.968744355542621
    endloop
  endfacet
  facet normal -0.977889948313303  0.147870296185027 -0.147870296185401
    outer loop
      vertex  0.754945476501660  0.245054523498361  0.962349295434837
      vertex  0.750000000000025  0.218744355542643  0.968744355542621
      vertex  0.750000000000025  0.249999999999975  0.999999999999950
    endloop
  endfacet
  facet normal -0.950963408807673 -0.218388532920029  0.219032061118752
    outer loop
      vertex  0.754945476501660  0.037717377314663  0.755147451051165
      vertex  0.742221665674579  0.257778334325439  0.919319357454945
      vertex  0.742221665674579  0.080909204030977  0.742969878357896
    endloop
  endfacet
  facet normal -0.951679115510388 -0.217077519891567  0.217219270459808
    outer loop
      vertex  0.754945476501660  0.037717377314663  0.755147451051165
      vertex  0.754945476501660  0.245054523498361  0.962349295434837
      vertex  0.742221665674579  0.257778334325439  0.919319357454945
    endloop
  endfacet
  facet normal -0.856975644672246 -0.362113048021540  0.366697265998996
    outer loop
      vertex  0.742221665674579  0.080909204030977  0.742969878357896
      vertex  0.678427622600622  0.321572377399393  0.831537034638537
      vertex  0.678427622600622  0.169072377046004  0.680943493121928
    endloop
  endfacet
  facet normal -0.859358983433536 -0.361062807085715  0.362126755337774
    outer loop
      vertex  0.742221665674579  0.080909204030977  0.742969878357896
      vertex  0.742221665674579  0.257778334325439  0.919319357454945
      vertex  0.678427622600622  0.321572377399393  0.831537034638537
    endloop
  endfacet
  facet normal -0.770674809197608 -0.445534744781823  0.455586577568333
    outer loop
      vertex  0.678427622600622  0.169072377046004  0.680943493121928
      vertex  0.587918357293799  0.412081642706218  0.765484746707926
      vertex  0.587918357293799  0.235200772647290  0.592506487078090
    endloop
  endfacet
  facet normal -0.773879669391873 -0.445008139635201  0.450641778977875
    outer loop
      vertex  0.678427622600622  0.169072377046004  0.680943493121928
      vertex  0.678427622600622  0.321572377399393  0.831537034638537
      vertex  0.587918357293799  0.412081642706218  0.765484746707926
    endloop
  endfacet
  facet normal -0.634068788173102 -0.539824532116308  0.553666186785957
    outer loop
      vertex  0.587918357293799  0.235200772647290  0.592506487078090
      vertex  0.499999999999975  0.499999999999975  0.749999999999951
      vertex  0.499999999999975  0.250000000000000  0.506250000000000
    endloop
  endfacet
  facet normal -0.636427577397202 -0.539299668883572  0.551466958094860
    outer loop
      vertex  0.587918357293799  0.235200772647290  0.592506487078090
      vertex  0.587918357293799  0.412081642706218  0.765484746707926
      vertex  0.499999999999975  0.499999999999975  0.749999999999951
    endloop
  endfacet
  facet normal -0.135220807839031  0.000000000000263 -0.990815488941993
    outer loop
      vertex  0.962282622685337  0.245054523498361  0.755147451051165
      vertex  1.000000000000000  0.249999999999975  0.750000000000000
      vertex  1.000000000000000  0.218744355542643  0.750000000000000
    endloop
  endfacet
  facet normal -0.135220807839211 -0.000000000000000 -0.990815488941968
    outer loop
      vertex  0.962282622685337  0.245054523498361  0.755147451051165
      vertex  1.000000000000000  0.218744355542643  0.750000000000000
      vertex  1.000000000000000  0.187492474283398  0.750000000000000
    endloop
  endfacet
  facet normal -0.135220807839211 -0.000000000000000 -0.990815488941968
    outer loop
      vertex  0.962282622685337  0.245054523498361  0.755147451051165
      vertex  1.000000000000000  0.187492474283398  0.750000000000000
      vertex  1.000000000000000  0.156240593024153  0.750000000000000
    endloop
  endfacet
  facet normal -0.135220807839211 -0.000000000000000 -0.990815488941968
    outer loop
      vertex  0.962282622685337  0.245054523498361  0.755147451051165
      vertex  1.000000000000000  0.156240593024153  0.750000000000000
      vertex  1.000000000000000  0.124992474509930  0.750000000000000
    endloop
  endfacet
  facet normal -0.135220807839211 -0.000000000000000 -0.990815488941968
    outer loop
      vertex  0.962282622685337  0.245054523498361  0.755147451051165
      vertex  1.000000000000000  0.124992474509930  0.750000000000000
      vertex  1.000000000000000  0.093740593250685  0.750000000000000
    endloop
  endfacet
  facet normal -0.135220807839211 -0.000000000000000 -0.990815488941968
    outer loop
      vertex  0.962282622685337  0.245054523498361  0.755147451051165
      vertex  1.000000000000000  0.093740593250685  0.750000000000000
      vertex  1.000000000000000  0.062492474736462  0.750000000000000
    endloop
  endfacet
  facet normal -0.135220807839211 -0.000000000000000 -0.990815488941968
    outer loop
      vertex  0.962282622685337  0.245054523498361  0.755147451051165
      vertex  1.000000000000000  0.062492474736462  0.750000000000000
      vertex  1.000000000000000  0.031244356222239  0.750000000000000
    endloop
  endfacet
  facet normal -0.135220807838997  0.000000000000000 -0.990815488941997
    outer loop
      vertex  0.962282622685337  0.245054523498361  0.755147451051165
      vertex  1.000000000000000  0.000000000000000  0.750000000000000
      vertex  0.962282622685337  0.037717377314663  0.755147451051165
    endloop
  endfacet
  facet normal -0.135220807840677 -0.000000000000263 -0.990815488941768
    outer loop
      vertex  0.962282622685337  0.245054523498361  0.755147451051165
      vertex  1.000000000000000  0.031244356222239  0.750000000000000
      vertex  1.000000000000000  0.000000000000000  0.750000000000000
    endloop
  endfacet
  facet normal  0.271362375615297 -0.000000000000000 -0.962477252250889
    outer loop
      vertex  0.962282622685337  0.037717377314663  0.755147451051165
      vertex  0.919090795969023  0.257778334325439  0.742969878357896
      vertex  0.962282622685337  0.245054523498361  0.755147451051165
    endloop
  endfacet
  facet normal  0.271362375615297 -0.000000000000000 -0.962477252250889
    outer loop
      vertex  0.962282622685337  0.037717377314663  0.755147451051165
      vertex  0.919090795969023  0.080909204030977  0.742969878357896
      vertex  0.919090795969023  0.257778334325439  0.742969878357896
    endloop
  endfacet
  facet normal  0.575404269888003 -0.000000000000000 -0.817869137573154
    outer loop
      vertex  0.919090795969023  0.080909204030977  0.742969878357896
      vertex  0.830927622953996  0.321572377399393  0.680943493121928
      vertex  0.919090795969023  0.257778334325439  0.742969878357896
    endloop
  endfacet
  facet normal  0.575404269888003 -0.000000000000000 -0.817869137573154
    outer loop
      vertex  0.919090795969023  0.080909204030977  0.742969878357896
      vertex  0.830927622953996  0.169072377046004  0.680943493121928
      vertex  0.830927622953996  0.321572377399393  0.680943493121928
    endloop
  endfacet
  facet normal  0.800865733557375 -0.000000000000000 -0.598843950302253
    outer loop
      vertex  0.830927622953996  0.169072377046004  0.680943493121928
      vertex  0.764799227352710  0.412081642706218  0.592506487078090
      vertex  0.830927622953996  0.321572377399393  0.680943493121928
    endloop
  endfacet
  facet normal  0.800865733557375 -0.000000000000000 -0.598843950302253
    outer loop
      vertex  0.830927622953996  0.169072377046004  0.680943493121928
      vertex  0.764799227352710  0.235200772647290  0.592506487078090
      vertex  0.764799227352710  0.412081642706218  0.592506487078090
    endloop
  endfacet
  facet normal  0.985598647530856 -0.000000000000000 -0.169101466538135
    outer loop
      vertex  0.764799227352710  0.235200772647290  0.592506487078090
      vertex  0.750000000000000  0.250000000000000  0.506250000000000
      vertex  0.750000000000000  0.281244356222239  0.506250000000000
    endloop
  endfacet
  facet normal  0.985598647530856 -0.000000000000000 -0.169101466538135
    outer loop
      vertex  0.764799227352710  0.235200772647290  0.592506487078090
      vertex  0.750000000000000  0.281244356222239  0.506250000000000
      vertex  0.750000000000000  0.312492474736462  0.506250000000000
    endloop
  endfacet
  facet normal  0.985598647530856 -0.000000000000000 -0.169101466538135
    outer loop
      vertex  0.764799227352710  0.235200772647290  0.592506487078090
      vertex  0.750000000000000  0.312492474736462  0.506250000000000
      vertex  0.750000000000000  0.343740593250685  0.506250000000000
    endloop
  endfacet
  facet normal  0.985598647530856 -0.000000000000000 -0.169101466538135
    outer loop
      vertex  0.764799227352710  0.235200772647290  0.592506487078090
      vertex  0.750000000000000  0.343740593250685  0.506250000000000
      vertex  0.750000000000000  0.374992474509930  0.506250000000000
    endloop
  endfacet
  facet normal  0.985598647530856 -0.000000000000000 -0.169101466538135
    outer loop
      vertex  0.764799227352710  0.235200772647290  0.592506487078090
      vertex  0.750000000000000  0.374992474509930  0.506250000000000
      vertex  0.750000000000000  0.406240593024153  0.506250000000000
    endloop
  endfacet
  facet normal  0.985598647530856 -0.000000000000000 -0.169101466538135
    outer loop
      vertex  0.764799227352710  0.235200772647290  0.592506487078090
      vertex  0.750000000000000  0.406240593024153  0.506250000000000
      vertex  0.750000000000000  0.437492474283398  0.506250000000000
    endloop
  endfacet
  facet normal  0.985598647530856 -0.000000000000000 -0.169101466538135
    outer loop
      vertex  0.764799227352710  0.235200772647290  0.592506487078090
      vertex  0.750000000000000  0.437492474283398  0.506250000000000
      vertex  0.750000000000000  0.468744355542643  0.506250000000000
    endloop
  endfacet
  facet normal  0.985598647530856 -0.000000000000000 -0.169101466538135
    outer loop
      vertex  0.764799227352710  0.235200772647290  0.592506487078090
      vertex  0.750000000000000  0.499999999999975  0.506250000000000
      vertex  0.764799227352710  0.412081642706218  0.592506487078090
    endloop
  endfacet
  facet normal  0.985598647530856 -0.000000000000000 -0.169101466538135
    outer loop
      vertex  0.764799227352710  0.235200772647290  0.592506487078090
      vertex  0.750000000000000  0.468744355542643  0.506250000000000
      vertex  0.750000000000000  0.499999999999975  0.506250000000000
    endloop
  endfacet
  facet normal -0.371376026969081  0.557075219600034  0.742796773216089
    outer loop
      vertex  0.187492474283398  0.750000000000025  0.937492474283379
      vertex  0.249999999999975  0.875007525490070  0.874992474509917
      vertex  0.187492474283398  0.875007525490070  0.843740593250685
    endloop
  endfacet
  facet normal -0.577350269189606  0.577350269189607  0.577350269189664
    outer loop
      vertex  0.187492474283398  0.750000000000025  0.937492474283379
      vertex  0.249999999999975  0.750000000000025  0.999999999999950
      vertex  0.249999999999975  0.875007525490070  0.874992474509917
    endloop
  endfacet
  facet normal  0.000000000000000  0.599984586998340  0.800011559519256
    outer loop
      vertex  0.187492474283398  0.875007525490070  0.843740593250685
      vertex  0.249999999999975  1.000000000000000  0.750000000000000
      vertex  0.187492474283398  1.000000000000000  0.750000000000000
    endloop
  endfacet
  facet normal -0.333315494955677  0.666671126126804  0.666671126126871
    outer loop
      vertex  0.187492474283398  0.875007525490070  0.843740593250685
      vertex  0.249999999999975  0.875007525490070  0.874992474509917
      vertex  0.249999999999975  1.000000000000000  0.750000000000000
    endloop
  endfacet
  facet normal -0.408231904538858  0.408231904538858  0.816512966359478
    outer loop
      vertex  0.124992474509930  0.750000000000025  0.874992474509917
      vertex  0.187492474283398  0.875007525490070  0.843740593250685
      vertex  0.124992474509930  0.875007525490070  0.812492474736462
    endloop
  endfacet
  facet normal -0.624700551451759  0.468506608311621  0.624700551451821
    outer loop
      vertex  0.124992474509930  0.750000000000025  0.874992474509917
      vertex  0.187492474283398  0.750000000000025  0.937492474283379
      vertex  0.187492474283398  0.875007525490070  0.843740593250685
    endloop
  endfacet
  facet normal  0.000000000000000  0.447192055901512  0.894437960474945
    outer loop
      vertex  0.124992474509930  0.875007525490070  0.812492474736462
      vertex  0.187492474283398  1.000000000000000  0.750000000000000
      vertex  0.124992474509930  1.000000000000000  0.750000000000000
    endloop
  endfacet
  facet normal -0.371376026969082  0.557075219600033  0.742796773216089
    outer loop
      vertex  0.124992474509930  0.875007525490070  0.812492474736462
      vertex  0.187492474283398  0.875007525490070  0.843740593250685
      vertex  0.187492474283398  1.000000000000000  0.750000000000000
    endloop
  endfacet
  facet normal -0.436417011876337  0.218195368930612  0.872886574946690
    outer loop
      vertex  0.062492474736462  0.750000000000025  0.812492474736456
      vertex  0.124992474509930  0.875007525490070  0.812492474736462
      vertex  0.062492474736462  0.875007525490070  0.781244356222238
    endloop
  endfacet
  facet normal -0.666671126126804  0.333315494955677  0.666671126126871
    outer loop
      vertex  0.062492474736462  0.750000000000025  0.812492474736456
      vertex  0.124992474509930  0.750000000000025  0.874992474509917
      vertex  0.124992474509930  0.875007525490070  0.812492474736462
    endloop
  endfacet
  facet normal  0.000000000000000  0.242508140215469  0.970149370936885
    outer loop
      vertex  0.062492474736462  0.875007525490070  0.781244356222238
      vertex  0.124992474509930  1.000000000000000  0.750000000000000
      vertex  0.062492474736462  1.000000000000000  0.750000000000000
    endloop
  endfacet
  facet normal -0.408231904538857  0.408231904538856  0.816512966359479
    outer loop
      vertex  0.062492474736462  0.875007525490070  0.781244356222238
      vertex  0.124992474509930  0.875007525490070  0.812492474736462
      vertex  0.124992474509930  1.000000000000000  0.750000000000000
    endloop
  endfacet
  facet normal -0.447192055901511 -0.000000000000000  0.894437960474945
    outer loop
      vertex  0.000000000000000  0.750000000000025  0.750000000000000
      vertex  0.062492474736462  0.875007525490070  0.781244356222238
      vertex  0.000000000000000  0.875007525490070  0.750000000000000
    endloop
  endfacet
  facet normal -0.696313164251443  0.174057331302615  0.696313164251513
    outer loop
      vertex  0.000000000000000  0.750000000000025  0.750000000000000
      vertex  0.062492474736462  0.750000000000025  0.812492474736456
      vertex  0.062492474736462  0.875007525490070  0.781244356222238
    endloop
  endfacet
  facet normal  0.000000000000000  0.000000000000000  1.000000000000000
    outer loop
      vertex  0.000000000000000  0.875007525490070  0.750000000000000
      vertex  0.062492474736462  1.000000000000000  0.750000000000000
      vertex  0.000000000000000  1.000000000000000  0.750000000000000
    endloop
  endfacet
  facet normal -0.436417011876335  0.218195368930610  0.872886574946691
    outer loop
      vertex  0.000000000000000  0.875007525490070  0.750000000000000
      vertex  0.062492474736462  0.875007525490070  0.781244356222238
      vertex  0.062492474736462  1.000000000000000  0.750000000000000
    endloop
  endfacet
  facet normal  0.366166385443256 -0.549260600490874 -0.751155756764085
    outer loop
      vertex  0.437492474283398  0.500000000000025  0.689055162426294
      vertex  0.437492474283398  0.625007525490070  0.597647078419418
      vertex  0.499999999999975  0.625007525490070  0.628117662647169
    endloop
  endfacet
  facet normal  0.572416361721530 -0.572416361722444 -0.587093704331707
    outer loop
      vertex  0.437492474283398  0.500000000000025  0.689055162426294
      vertex  0.499999999999975  0.625007525490070  0.628117662647169
      vertex  0.500000000000025  0.593759406975847  0.658584578198534
    endloop
  endfacet
  facet normal  0.572416361722152 -0.572416361722609 -0.587093704330941
    outer loop
      vertex  0.437492474283398  0.500000000000025  0.689055162426294
      vertex  0.500000000000025  0.593759406975847  0.658584578198534
      vertex  0.500000000000025  0.562507525716602  0.689055162426295
    endloop
  endfacet
  facet normal  0.572416361722153 -0.572416361722610 -0.587093704330939
    outer loop
      vertex  0.437492474283398  0.500000000000025  0.689055162426294
      vertex  0.500000000000025  0.562507525716602  0.689055162426295
      vertex  0.500000000000025  0.531255644457358  0.719525746654055
    endloop
  endfacet
  facet normal  0.572416361722160 -0.572416361723073 -0.587093704330480
    outer loop
      vertex  0.437492474283398  0.500000000000025  0.689055162426294
      vertex  0.500000000000025  0.531255644457358  0.719525746654055
      vertex  0.499999999999975  0.499999999999975  0.749999999999951
    endloop
  endfacet
  facet normal  0.000000000000000 -0.590254104643026 -0.807217499780611
    outer loop
      vertex  0.437492474283398  0.625007525490070  0.597647078419418
      vertex  0.437492474283398  0.750000000000000  0.506250000000000
      vertex  0.499999999999975  0.750000000000000  0.506250000000000
    endloop
  endfacet
  facet normal  0.329533630427971 -0.659106941679415 -0.676007119671804
    outer loop
      vertex  0.437492474283398  0.625007525490070  0.597647078419418
      vertex  0.499999999999975  0.750000000000000  0.506250000000000
      vertex  0.500000000000025  0.718755643777761  0.536713247316680
    endloop
  endfacet
  facet normal  0.329533630428561 -0.659106941679542 -0.676007119671393
    outer loop
      vertex  0.437492474283398  0.625007525490070  0.597647078419418
      vertex  0.500000000000025  0.718755643777761  0.536713247316680
      vertex  0.500000000000025  0.687507525263538  0.567180162868044
    endloop
  endfacet
  facet normal  0.329533630428562 -0.659106941679542 -0.676007119671393
    outer loop
      vertex  0.437492474283398  0.625007525490070  0.597647078419418
      vertex  0.500000000000025  0.687507525263538  0.567180162868044
      vertex  0.500000000000025  0.656259406749315  0.597647078419409
    endloop
  endfacet
  facet normal  0.329533630428682 -0.659106941679783 -0.676007119671099
    outer loop
      vertex  0.437492474283398  0.625007525490070  0.597647078419418
      vertex  0.500000000000025  0.656259406749315  0.597647078419409
      vertex  0.499999999999975  0.625007525490070  0.628117662647169
    endloop
  endfacet
  facet normal  0.401342254176044 -0.401342254176045 -0.823315729247160
    outer loop
      vertex  0.374992474509930  0.500000000000025  0.628117662647169
      vertex  0.374992474509930  0.625007525490070  0.567180162868050
      vertex  0.437492474283398  0.625007525490070  0.597647078419418
    endloop
  endfacet
  facet normal  0.618464037085334 -0.463829410273761 -0.634322089318357
    outer loop
      vertex  0.374992474509930  0.500000000000025  0.628117662647169
      vertex  0.437492474283398  0.625007525490070  0.597647078419418
      vertex  0.437492474283398  0.500000000000025  0.689055162426294
    endloop
  endfacet
  facet normal  0.000000000000000 -0.438180931134351 -0.898886795759196
    outer loop
      vertex  0.374992474509930  0.625007525490070  0.567180162868050
      vertex  0.374992474509930  0.750000000000000  0.506250000000000
      vertex  0.437492474283398  0.750000000000000  0.506250000000000
    endloop
  endfacet
  facet normal  0.366166385443255 -0.549260600490874 -0.751155756764086
    outer loop
      vertex  0.374992474509930  0.625007525490070  0.567180162868050
      vertex  0.437492474283398  0.750000000000000  0.506250000000000
      vertex  0.437492474283398  0.625007525490070  0.597647078419418
    endloop
  endfacet
  facet normal  0.428029694448551 -0.214001962691414 -0.878062492442595
    outer loop
      vertex  0.312492474736462  0.500000000000025  0.567180162868044
      vertex  0.312492474736462  0.625007525490070  0.536713247316683
      vertex  0.374992474509930  0.625007525490070  0.567180162868050
    endloop
  endfacet
  facet normal  0.659106941679485 -0.329533630428796 -0.676007119671334
    outer loop
      vertex  0.312492474736462  0.500000000000025  0.567180162868044
      vertex  0.374992474509930  0.625007525490070  0.567180162868050
      vertex  0.374992474509930  0.500000000000025  0.628117662647169
    endloop
  endfacet
  facet normal  0.000000000000000 -0.236789475780870 -0.971560983242648
    outer loop
      vertex  0.312492474736462  0.625007525490070  0.536713247316683
      vertex  0.312492474736462  0.750000000000000  0.506250000000000
      vertex  0.374992474509930  0.750000000000000  0.506250000000000
    endloop
  endfacet
  facet normal  0.401342254176045 -0.401342254176045 -0.823315729247160
    outer loop
      vertex  0.312492474736462  0.625007525490070  0.536713247316683
      vertex  0.374992474509930  0.750000000000000  0.506250000000000
      vertex  0.374992474509930  0.625007525490070  0.567180162868050
    endloop
  endfacet
  facet normal  0.438180931134351 -0.000000000000000 -0.898886795759196
    outer loop
      vertex  0.250000000000000  0.499999999999975  0.506250000000000
      vertex  0.250000000000000  0.625007525490070  0.506250000000000
      vertex  0.312492474736462  0.625007525490070  0.536713247316683
    endloop
  endfacet
  facet normal  0.687707740435035 -0.171906234380840 -0.705341272241132
    outer loop
      vertex  0.250000000000000  0.499999999999975  0.506250000000000
      vertex  0.312492474736462  0.625007525490070  0.536713247316683
      vertex  0.312492474736462  0.500000000000025  0.567180162868044
    endloop
  endfacet
  facet normal  0.000000000000000 -0.000000000000000 -1.000000000000000
    outer loop
      vertex  0.250000000000000  0.625007525490070  0.506250000000000
      vertex  0.250000000000000  0.750000000000000  0.506250000000000
      vertex  0.312492474736462  0.750000000000000  0.506250000000000
    endloop
  endfacet
  facet normal  0.428029694448551 -0.214001962691414 -0.878062492442595
    outer loop
      vertex  0.250000000000000  0.625007525490070  0.506250000000000
      vertex  0.312492474736462  0.750000000000000  0.506250000000000
      vertex  0.312492474736462  0.625007525490070  0.536713247316683
    endloop
  endfacet
  facet normal  0.148470063795951 -0.977693450166898 -0.148567014027925
    outer loop
      vertex  0.000000000000000  0.750000000000025  0.750000000000000
      vertex  0.037717377314663  0.754945476501639  0.755147451051165
      vertex  0.245054523498340  0.754945476501639  0.962349295434837
    endloop
  endfacet
  facet normal  0.147870296185228 -0.977889948313269 -0.147870296185423
    outer loop
      vertex  0.245054523498340  0.754945476501639  0.962349295434837
      vertex  0.249999999999975  0.750000000000025  0.999999999999950
      vertex  0.187492474283398  0.750000000000025  0.937492474283379
    endloop
  endfacet
  facet normal  0.147870296185102 -0.977889948313335 -0.147870296185116
    outer loop
      vertex  0.245054523498340  0.754945476501639  0.962349295434837
      vertex  0.187492474283398  0.750000000000025  0.937492474283379
      vertex  0.124992474509930  0.750000000000025  0.874992474509917
    endloop
  endfacet
  facet normal  0.147870296185102 -0.977889948313335 -0.147870296185116
    outer loop
      vertex  0.245054523498340  0.754945476501639  0.962349295434837
      vertex  0.124992474509930  0.750000000000025  0.874992474509917
      vertex  0.062492474736462  0.750000000000025  0.812492474736456
    endloop
  endfacet
  facet normal  0.147870296184061 -0.977889948313686 -0.147870296183837
    outer loop
      vertex  0.245054523498340  0.754945476501639  0.962349295434837
      vertex  0.062492474736462  0.750000000000025  0.812492474736456
      vertex  0.000000000000000  0.750000000000025  0.750000000000000
    endloop
  endfacet
  facet normal -0.218388532920029 -0.950963408807673  0.219032061118752
    outer loop
      vertex  0.037717377314663  0.754945476501639  0.755147451051165
      vertex  0.080909204030977  0.742221665674561  0.742969878357896
      vertex  0.257778334325421  0.742221665674561  0.919319357454945
    endloop
  endfacet
  facet normal -0.217077519891567 -0.951679115510388  0.217219270459808
    outer loop
      vertex  0.037717377314663  0.754945476501639  0.755147451051165
      vertex  0.257778334325421  0.742221665674561  0.919319357454945
      vertex  0.245054523498340  0.754945476501639  0.962349295434837
    endloop
  endfacet
  facet normal -0.362113048021540 -0.856975644672246  0.366697265998996
    outer loop
      vertex  0.080909204030977  0.742221665674561  0.742969878357896
      vertex  0.169072377046004  0.678427622600607  0.680943493121928
      vertex  0.321572377399378  0.678427622600607  0.831537034638537
    endloop
  endfacet
  facet normal -0.361062807085715 -0.859358983433536  0.362126755337774
    outer loop
      vertex  0.080909204030977  0.742221665674561  0.742969878357896
      vertex  0.321572377399378  0.678427622600607  0.831537034638537
      vertex  0.257778334325421  0.742221665674561  0.919319357454945
    endloop
  endfacet
  facet normal -0.445534744781823 -0.770674809197608  0.455586577568333
    outer loop
      vertex  0.169072377046004  0.678427622600607  0.680943493121928
      vertex  0.235200772647290  0.587918357293782  0.592506487078090
      vertex  0.412081642706201  0.587918357293782  0.765484746707926
    endloop
  endfacet
  facet normal -0.445008139635201 -0.773879669391873  0.450641778977875
    outer loop
      vertex  0.169072377046004  0.678427622600607  0.680943493121928
      vertex  0.412081642706201  0.587918357293782  0.765484746707926
      vertex  0.321572377399378  0.678427622600607  0.831537034638537
    endloop
  endfacet
  facet normal -0.539824532116308 -0.634068788173102  0.553666186785957
    outer loop
      vertex  0.235200772647290  0.587918357293782  0.592506487078090
      vertex  0.250000000000000  0.499999999999975  0.506250000000000
      vertex  0.499999999999975  0.499999999999975  0.749999999999951
    endloop
  endfacet
  facet normal -0.539299668883572 -0.636427577397202  0.551466958094860
    outer loop
      vertex  0.235200772647290  0.587918357293782  0.592506487078090
      vertex  0.499999999999975  0.499999999999975  0.749999999999951
      vertex  0.412081642706201  0.587918357293782  0.765484746707926
    endloop
  endfacet
  facet normal -0.000000000000132 -0.135220807839126 -0.990815488941980
    outer loop
      vertex  0.037717377314663  0.962282622685337  0.755147451051165
      vertex  0.000000000000000  1.000000000000000  0.750000000000000
      vertex  0.062492474736462  1.000000000000000  0.750000000000000
    endloop
  endfacet
  facet normal  0.000000000000000 -0.135220807839211 -0.990815488941968
    outer loop
      vertex  0.037717377314663  0.962282622685337  0.755147451051165
      vertex  0.062492474736462  1.000000000000000  0.750000000000000
      vertex  0.124992474509930  1.000000000000000  0.750000000000000
    endloop
  endfacet
  facet normal -0.000000000000000 -0.135220807839211 -0.990815488941968
    outer loop
      vertex  0.037717377314663  0.962282622685337  0.755147451051165
      vertex  0.124992474509930  1.000000000000000  0.750000000000000
      vertex  0.187492474283398  1.000000000000000  0.750000000000000
    endloop
  endfacet
  facet normal -0.000000000000000 -0.135220807838997 -0.990815488941997
    outer loop
      vertex  0.037717377314663  0.962282622685337  0.755147451051165
      vertex  0.249999999999975  1.000000000000000  0.750000000000000
      vertex  0.245054523498340  0.962282622685337  0.755147451051165
    endloop
  endfacet
  facet normal  0.000000000000132 -0.135220807839724 -0.990815488941898
    outer loop
      vertex  0.037717377314663  0.962282622685337  0.755147451051165
      vertex  0.187492474283398  1.000000000000000  0.750000000000000
      vertex  0.249999999999975  1.000000000000000  0.750000000000000
    endloop
  endfacet
  facet normal -0.000000000000000  0.271362375615297 -0.962477252250889
    outer loop
      vertex  0.037717377314663  0.962282622685337  0.755147451051165
      vertex  0.257778334325421  0.919090795969023  0.742969878357896
      vertex  0.080909204030977  0.919090795969023  0.742969878357896
    endloop
  endfacet
  facet normal -0.000000000000000  0.271362375615297 -0.962477252250889
    outer loop
      vertex  0.037717377314663  0.962282622685337  0.755147451051165
      vertex  0.245054523498340  0.962282622685337  0.755147451051165
      vertex  0.257778334325421  0.919090795969023  0.742969878357896
    endloop
  endfacet
  facet normal -0.000000000000000  0.575404269888003 -0.817869137573154
    outer loop
      vertex  0.080909204030977  0.919090795969023  0.742969878357896
      vertex  0.321572377399378  0.830927622953996  0.680943493121928
      vertex  0.169072377046004  0.830927622953996  0.680943493121928
    endloop
  endfacet
  facet normal -0.000000000000000  0.575404269888003 -0.817869137573154
    outer loop
      vertex  0.080909204030977  0.919090795969023  0.742969878357896
      vertex  0.257778334325421  0.919090795969023  0.742969878357896
      vertex  0.321572377399378  0.830927622953996  0.680943493121928
    endloop
  endfacet
  facet normal -0.000000000000000  0.800865733557375 -0.598843950302253
    outer loop
      vertex  0.169072377046004  0.830927622953996  0.680943493121928
      vertex  0.412081642706201  0.764799227352710  0.592506487078090
      vertex  0.235200772647290  0.764799227352710  0.592506487078090
    endloop
  endfacet
  facet normal -0.000000000000000  0.800865733557375 -0.598843950302253
    outer loop
      vertex  0.169072377046004  0.830927622953996  0.680943493121928
      vertex  0.321572377399378  0.830927622953996  0.680943493121928
      vertex  0.412081642706201  0.764799227352710  0.592506487078090
    endloop
  endfacet
  facet normal -0.000000000000000  0.985598647530856 -0.169101466538135
    outer loop
      vertex  0.412081642706201  0.764799227352710  0.592506487078090
      vertex  0.499999999999975  0.750000000000000  0.506250000000000
      vertex  0.437492474283398  0.750000000000000  0.506250000000000
    endloop
  endfacet
  facet normal -0.000000000000000  0.985598647530856 -0.169101466538135
    outer loop
      vertex  0.412081642706201  0.764799227352710  0.592506487078090
      vertex  0.437492474283398  0.750000000000000  0.506250000000000
      vertex  0.374992474509930  0.750000000000000  0.506250000000000
    endloop
  endfacet
  facet normal -0.000000000000000  0.985598647530856 -0.169101466538135
    outer loop
      vertex  0.412081642706201  0.764799227352710  0.592506487078090
      vertex  0.374992474509930  0.750000000000000  0.506250000000000
      vertex  0.312492474736462  0.750000000000000  0.506250000000000
    endloop
  endfacet
  facet normal -0.000000000000000  0.985598647530856 -0.169101466538135
    outer loop
      vertex  0.412081642706201  0.764799227352710  0.592506487078090
      vertex  0.250000000000000  0.750000000000000  0.506250000000000
      vertex  0.235200772647290  0.764799227352710  0.592506487078090
    endloop
  endfacet
  facet normal -0.000000000000000  0.985598647530856 -0.169101466538135
    outer loop
      vertex  0.412081642706201  0.764799227352710  0.592506487078090
      vertex  0.312492474736462  0.750000000000000  0.506250000000000
      vertex  0.250000000000000  0.750000000000000  0.506250000000000
    endloop
  endfacet
  facet normal  0.977693450166898 -0.148470063795950 -0.148567014027924
    outer loop
      vertex  0.249999999999975  1.000000000000000  0.750000000000000
      vertex  0.245054523498340  0.754945476501639  0.962349295434837
      vertex  0.245054523498340  0.962282622685337  0.755147451051165
    endloop
  endfacet
  facet normal  0.977889948313445 -0.147870296184796 -0.147870296184691
    outer loop
      vertex  0.245054523498340  0.754945476501639  0.962349295434837
      vertex  0.249999999999975  1.000000000000000  0.750000000000000
      vertex  0.249999999999975  0.875007525490070  0.874992474509917
    endloop
  endfacet
  facet normal  0.977889948313253 -0.147870296185328 -0.147870296185433
    outer loop
      vertex  0.245054523498340  0.754945476501639  0.962349295434837
      vertex  0.249999999999975  0.875007525490070  0.874992474509917
      vertex  0.249999999999975  0.750000000000025  0.999999999999950
    endloop
  endfacet
  facet normal  0.950963408807673  0.218388532920028  0.219032061118752
    outer loop
      vertex  0.245054523498340  0.962282622685337  0.755147451051165
      vertex  0.257778334325421  0.742221665674561  0.919319357454945
      vertex  0.257778334325421  0.919090795969023  0.742969878357896
    endloop
  endfacet
  facet normal  0.951679115510389  0.217077519891566  0.217219270459807
    outer loop
      vertex  0.245054523498340  0.962282622685337  0.755147451051165
      vertex  0.245054523498340  0.754945476501639  0.962349295434837
      vertex  0.257778334325421  0.742221665674561  0.919319357454945
    endloop
  endfacet
  facet normal  0.856975644672247  0.362113048021540  0.366697265998995
    outer loop
      vertex  0.257778334325421  0.919090795969023  0.742969878357896
      vertex  0.321572377399378  0.678427622600607  0.831537034638537
      vertex  0.321572377399378  0.830927622953996  0.680943493121928
    endloop
  endfacet
  facet normal  0.859358983433537  0.361062807085714  0.362126755337773
    outer loop
      vertex  0.257778334325421  0.919090795969023  0.742969878357896
      vertex  0.257778334325421  0.742221665674561  0.919319357454945
      vertex  0.321572377399378  0.678427622600607  0.831537034638537
    endloop
  endfacet
  facet normal  0.770674809197606  0.445534744781824  0.455586577568334
    outer loop
      vertex  0.321572377399378  0.830927622953996  0.680943493121928
      vertex  0.412081642706201  0.587918357293782  0.765484746707926
      vertex  0.412081642706201  0.764799227352710  0.592506487078090
    endloop
  endfacet
  facet normal  0.773879669391872  0.445008139635202  0.450641778977875
    outer loop
      vertex  0.321572377399378  0.830927622953996  0.680943493121928
      vertex  0.321572377399378  0.678427622600607  0.831537034638537
      vertex  0.412081642706201  0.587918357293782  0.765484746707926
    endloop
  endfacet
  facet normal  0.634068788173103  0.539824532116308  0.553666186785957
    outer loop
      vertex  0.412081642706201  0.764799227352710  0.592506487078090
      vertex  0.499999999999975  0.499999999999975  0.749999999999951
      vertex  0.499999999999975  0.750000000000000  0.506250000000000
    endloop
  endfacet
  facet normal  0.636427577397203  0.539299668883572  0.551466958094860
    outer loop
      vertex  0.412081642706201  0.764799227352710  0.592506487078090
      vertex  0.412081642706201  0.587918357293782  0.765484746707926
      vertex  0.499999999999975  0.499999999999975  0.749999999999951
    endloop
  endfacet
  facet normal  0.135220807839006 -0.000000000000066 -0.990815488941996
    outer loop
      vertex  0.037717377314663  0.754945476501639  0.755147451051165
      vertex  0.000000000000000  0.750000000000025  0.750000000000000
      vertex  0.000000000000000  0.875007525490070  0.750000000000000
    endloop
  endfacet
  facet normal  0.135220807838997 -0.000000000000000 -0.990815488941997
    outer loop
      vertex  0.037717377314663  0.754945476501639  0.755147451051165
      vertex  0.000000000000000  1.000000000000000  0.750000000000000
      vertex  0.037717377314663  0.962282622685337  0.755147451051165
    endloop
  endfacet
  facet normal  0.135220807839417  0.000000000000066 -0.990815488941940
    outer loop
      vertex  0.037717377314663  0.754945476501639  0.755147451051165
      vertex  0.000000000000000  0.875007525490070  0.750000000000000
      vertex  0.000000000000000  1.000000000000000  0.750000000000000
    endloop
  endfacet
  facet normal -0.271362375615297  0.000000000000000 -0.962477252250889
    outer loop
      vertex  0.037717377314663  0.962282622685337  0.755147451051165
      vertex  0.080909204030977  0.742221665674561  0.742969878357896
      vertex  0.037717377314663  0.754945476501639  0.755147451051165
    endloop
  endfacet
  facet normal -0.271362375615297 -0.000000000000000 -0.962477252250890
    outer loop
      vertex  0.037717377314663  0.962282622685337  0.755147451051165
      vertex  0.080909204030977  0.919090795969023  0.742969878357896
      vertex  0.080909204030977  0.742221665674561  0.742969878357896
    endloop
  endfacet
  facet normal -0.575404269888004  0.000000000000000 -0.817869137573153
    outer loop
      vertex  0.080909204030977  0.919090795969023  0.742969878357896
      vertex  0.169072377046004  0.678427622600607  0.680943493121928
      vertex  0.080909204030977  0.742221665674561  0.742969878357896
    endloop
  endfacet
  facet normal -0.575404269888004 -0.000000000000000 -0.817869137573153
    outer loop
      vertex  0.080909204030977  0.919090795969023  0.742969878357896
      vertex  0.169072377046004  0.830927622953996  0.680943493121928
      vertex  0.169072377046004  0.678427622600607  0.680943493121928
    endloop
  endfacet
  facet normal -0.800865733557374  0.000000000000000 -0.598843950302255
    outer loop
      vertex  0.169072377046004  0.830927622953996  0.680943493121928
      vertex  0.235200772647290  0.587918357293782  0.592506487078090
      vertex  0.169072377046004  0.678427622600607  0.680943493121928
    endloop
  endfacet
  facet normal -0.800865733557374 -0.000000000000000 -0.598843950302255
    outer loop
      vertex  0.169072377046004  0.830927622953996  0.680943493121928
      vertex  0.235200772647290  0.764799227352710  0.592506487078090
      vertex  0.235200772647290  0.587918357293782  0.592506487078090
    endloop
  endfacet
  facet normal -0.985598647530856 -0.000000000000000 -0.169101466538134
    outer loop
      vertex  0.235200772647290  0.764799227352710  0.592506487078090
      vertex  0.250000000000000  0.750000000000000  0.506250000000000
      vertex  0.250000000000000  0.625007525490070  0.506250000000000
    endloop
  endfacet
  facet normal -0.985598647530856  0.000000000000000 -0.169101466538134
    outer loop
      vertex  0.235200772647290  0.764799227352710  0.592506487078090
      vertex  0.250000000000000  0.499999999999975  0.506250000000000
      vertex  0.235200772647290  0.587918357293782  0.592506487078090
    endloop
  endfacet
  facet normal -0.985598647530856 -0.000000000000000 -0.169101466538134
    outer loop
      vertex  0.235200772647290  0.764799227352710  0.592506487078090
      vertex  0.250000000000000  0.625007525490070  0.506250000000000
      vertex  0.250000000000000  0.499999999999975  0.506250000000000
    endloop
  endfacet
  facet normal  0.658494984175250 -0.000000000000000  0.752585115329846
    outer loop
      vertex  1.000000000000000  0.750000000000025  0.750000000000000
      vertex  1.000000000000000  0.781255644457358  0.750000000000000
      vertex  0.750000000000025  0.781255644457358  0.968744355542621
    endloop
  endfacet
  facet normal  0.577350269189607  0.577350269189605  0.577350269189665
    outer loop
      vertex  1.000000000000000  0.750000000000025  0.750000000000000
      vertex  0.750000000000025  0.781255644457358  0.968744355542621
      vertex  0.750000000000025  0.750000000000025  0.999999999999950
    endloop
  endfacet
  facet normal  0.599984586998340 -0.000000000000000  0.800011559519256
    outer loop
      vertex  1.000000000000000  0.781255644457358  0.750000000000000
      vertex  1.000000000000000  0.812507525716602  0.750000000000000
      vertex  0.750000000000025  0.812507525716602  0.937492474283379
    endloop
  endfacet
  facet normal  0.526142401514498  0.601321117760091  0.601321117760146
    outer loop
      vertex  1.000000000000000  0.781255644457358  0.750000000000000
      vertex  0.750000000000025  0.812507525716602  0.937492474283379
      vertex  0.750000000000025  0.781255644457358  0.968744355542621
    endloop
  endfacet
  facet normal  0.529975994056079 -0.000000000000000  0.848012644790318
    outer loop
      vertex  1.000000000000000  0.812507525716602  0.750000000000000
      vertex  1.000000000000000  0.843759406975847  0.750000000000000
      vertex  0.750000000000025  0.843759406975847  0.906240593024138
    endloop
  endfacet
  facet normal  0.468506608311621  0.624700551451757  0.624700551451823
    outer loop
      vertex  1.000000000000000  0.812507525716602  0.750000000000000
      vertex  0.750000000000025  0.843759406975847  0.906240593024138
      vertex  0.750000000000025  0.812507525716602  0.937492474283379
    endloop
  endfacet
  facet normal  0.447192055901512 -0.000000000000000  0.894437960474945
    outer loop
      vertex  1.000000000000000  0.843759406975847  0.750000000000000
      vertex  1.000000000000000  0.875007525490070  0.750000000000000
      vertex  0.750000000000025  0.875007525490070  0.874992474509917
    endloop
  endfacet
  facet normal  0.404205681658538  0.646768029093460  0.646768029093521
    outer loop
      vertex  1.000000000000000  0.843759406975847  0.750000000000000
      vertex  0.750000000000025  0.875007525490070  0.874992474509917
      vertex  0.750000000000025  0.843759406975847  0.906240593024138
    endloop
  endfacet
  facet normal  0.351092553339288 -0.000000000000000  0.936340760081339
    outer loop
      vertex  1.000000000000000  0.875007525490070  0.750000000000000
      vertex  1.000000000000000  0.906259406749315  0.750000000000000
      vertex  0.750000000000025  0.906259406749315  0.843740593250676
    endloop
  endfacet
  facet normal  0.333315494955676  0.666671126126806  0.666671126126870
    outer loop
      vertex  1.000000000000000  0.875007525490070  0.750000000000000
      vertex  0.750000000000025  0.906259406749315  0.843740593250676
      vertex  0.750000000000025  0.875007525490070  0.874992474509917
    endloop
  endfacet
  facet normal  0.242508140215471 -0.000000000000000  0.970149370936885
    outer loop
      vertex  1.000000000000000  0.906259406749315  0.750000000000000
      vertex  1.000000000000000  0.937507525263538  0.750000000000000
      vertex  0.750000000000025  0.937507525263538  0.812492474736456
    endloop
  endfacet
  facet normal  0.256283269019688  0.683490631252719  0.683490631252793
    outer loop
      vertex  1.000000000000000  0.906259406749315  0.750000000000000
      vertex  0.750000000000025  0.937507525263538  0.812492474736456
      vertex  0.750000000000025  0.906259406749315  0.843740593250676
    endloop
  endfacet
  facet normal  0.124012678341469 -0.000000000000000  0.992280633495674
    outer loop
      vertex  1.000000000000000  0.937507525263538  0.750000000000000
      vertex  1.000000000000000  0.968755643777761  0.750000000000000
      vertex  0.750000000000025  0.968755643777761  0.781244356222235
    endloop
  endfacet
  facet normal  0.174057331302614  0.696313164251445  0.696313164251512
    outer loop
      vertex  1.000000000000000  0.937507525263538  0.750000000000000
      vertex  0.750000000000025  0.968755643777761  0.781244356222235
      vertex  0.750000000000025  0.937507525263538  0.812492474736456
    endloop
  endfacet
  facet normal  0.000000000000000  0.000000000000000  1.000000000000000
    outer loop
      vertex  1.000000000000000  0.968755643777761  0.750000000000000
      vertex  1.000000000000000  1.000000000000000  0.750000000000000
      vertex  0.750000000000025  1.000000000000000  0.750000000000000
    endloop
  endfacet
  facet normal  0.088029312841584  0.704361711083352  0.704361711083425
    outer loop
      vertex  1.000000000000000  0.968755643777761  0.750000000000000
      vertex  0.750000000000025  1.000000000000000  0.750000000000000
      vertex  0.750000000000025  0.968755643777761  0.781244356222235
    endloop
  endfacet
  facet normal -0.649017862397587 -0.000000000000000 -0.760773168749310
    outer loop
      vertex  0.750000000000000  0.499999999999975  0.506250000000000
      vertex  0.500000000000025  0.531255644457358  0.719525746654055
      vertex  0.750000000000000  0.531255644457358  0.506250000000000
    endloop
  endfacet
  facet normal -0.572416361722460 -0.572416361722458 -0.587093704330787
    outer loop
      vertex  0.750000000000000  0.499999999999975  0.506250000000000
      vertex  0.499999999999975  0.499999999999975  0.749999999999951
      vertex  0.500000000000025  0.531255644457358  0.719525746654055
    endloop
  endfacet
  facet normal -0.590254104643026 -0.000000000000000 -0.807217499780610
    outer loop
      vertex  0.750000000000000  0.531255644457358  0.506250000000000
      vertex  0.500000000000025  0.562507525716602  0.689055162426295
      vertex  0.750000000000000  0.562507525716602  0.506250000000000
    endloop
  endfacet
  facet normal -0.521270271379347 -0.595752825354250 -0.611028538824932
    outer loop
      vertex  0.750000000000000  0.531255644457358  0.506250000000000
      vertex  0.500000000000025  0.531255644457358  0.719525746654055
      vertex  0.500000000000025  0.562507525716602  0.689055162426295
    endloop
  endfacet
  facet normal -0.520347326761222 -0.000000000000000 -0.853954717495284
    outer loop
      vertex  0.750000000000000  0.562507525716602  0.506250000000000
      vertex  0.500000000000025  0.593759406975847  0.658584578198534
      vertex  0.750000000000000  0.593759406975847  0.506250000000000
    endloop
  endfacet
  facet normal -0.463829410273761 -0.618464037085334 -0.634322089318356
    outer loop
      vertex  0.750000000000000  0.562507525716602  0.506250000000000
      vertex  0.500000000000025  0.562507525716602  0.689055162426295
      vertex  0.500000000000025  0.593759406975847  0.658584578198534
    endloop
  endfacet
  facet normal -0.438180931134351 -0.000000000000000 -0.898886795759195
    outer loop
      vertex  0.750000000000000  0.593759406975847  0.506250000000000
      vertex  0.499999999999975  0.625007525490070  0.628117662647169
      vertex  0.750000000000000  0.625007525490070  0.506250000000000
    endloop
  endfacet
  facet normal -0.399884922721515 -0.639854398561547 -0.656260921601651
    outer loop
      vertex  0.750000000000000  0.593759406975847  0.506250000000000
      vertex  0.500000000000025  0.593759406975847  0.658584578198534
      vertex  0.499999999999975  0.625007525490070  0.628117662647169
    endloop
  endfacet
  facet normal -0.343361728236524 -0.000000000000000 -0.939203238698860
    outer loop
      vertex  0.750000000000000  0.625007525490070  0.506250000000000
      vertex  0.500000000000025  0.656259406749315  0.597647078419409
      vertex  0.750000000000000  0.656259406749315  0.506250000000000
    endloop
  endfacet
  facet normal -0.329533630428796 -0.659106941679486 -0.676007119671333
    outer loop
      vertex  0.750000000000000  0.625007525490070  0.506250000000000
      vertex  0.499999999999975  0.625007525490070  0.628117662647169
      vertex  0.500000000000025  0.656259406749315  0.597647078419409
    endloop
  endfacet
  facet normal -0.236789475780870 -0.000000000000000 -0.971560983242648
    outer loop
      vertex  0.750000000000000  0.656259406749315  0.506250000000000
      vertex  0.500000000000025  0.687507525263538  0.567180162868044
      vertex  0.750000000000000  0.687507525263538  0.506250000000000
    endloop
  endfacet
  facet normal -0.253229497604668 -0.675346423633795 -0.692662998598835
    outer loop
      vertex  0.750000000000000  0.656259406749315  0.506250000000000
      vertex  0.500000000000025  0.656259406749315  0.597647078419409
      vertex  0.500000000000025  0.687507525263538  0.567180162868044
    endloop
  endfacet
  facet normal -0.120958294657896 -0.000000000000000 -0.992657589984307
    outer loop
      vertex  0.750000000000000  0.687507525263538  0.506250000000000
      vertex  0.500000000000025  0.718755643777761  0.536713247316680
      vertex  0.750000000000000  0.718755643777761  0.506250000000000
    endloop
  endfacet
  facet normal -0.171906234380840 -0.687707740435034 -0.705341272241132
    outer loop
      vertex  0.750000000000000  0.687507525263538  0.506250000000000
      vertex  0.500000000000025  0.687507525263538  0.567180162868044
      vertex  0.500000000000025  0.718755643777761  0.536713247316680
    endloop
  endfacet
  facet normal  0.000000000000000 -0.000000000000000 -1.000000000000000
    outer loop
      vertex  0.750000000000000  0.718755643777761  0.506250000000000
      vertex  0.499999999999975  0.750000000000000  0.506250000000000
      vertex  0.750000000000000  0.750000000000000  0.506250000000000
    endloop
  endfacet
  facet normal -0.086916580104992 -0.695458241216051 -0.713290503811406
    outer loop
      vertex  0.750000000000000  0.718755643777761  0.506250000000000
      vertex  0.500000000000025  0.718755643777761  0.536713247316680
      vertex  0.499999999999975  0.750000000000000  0.506250000000000
    endloop
  endfacet
  facet normal -0.148470063795951 -0.977693450166898 -0.148567014027925
    outer loop
      vertex  1.000000000000000  0.750000000000025  0.750000000000000
      vertex  0.754945476501660  0.754945476501639  0.962349295434837
      vertex  0.962282622685337  0.754945476501639  0.755147451051165
    endloop
  endfacet
  facet normal -0.147870296185446 -0.977889948313233 -0.147870296185446
    outer loop
      vertex  1.000000000000000  0.750000000000025  0.750000000000000
      vertex  0.750000000000025  0.750000000000025  0.999999999999950
      vertex  0.754945476501660  0.754945476501639  0.962349295434837
    endloop
  endfacet
  facet normal  0.218388532920029 -0.950963408807672  0.219032061118753
    outer loop
      vertex  0.962282622685337  0.754945476501639  0.755147451051165
      vertex  0.742221665674579  0.742221665674561  0.919319357454945
      vertex  0.919090795969023  0.742221665674561  0.742969878357896
    endloop
  endfacet
  facet normal  0.217077519891567 -0.951679115510388  0.217219270459808
    outer loop
      vertex  0.962282622685337  0.754945476501639  0.755147451051165
      vertex  0.754945476501660  0.754945476501639  0.962349295434837
      vertex  0.742221665674579  0.742221665674561  0.919319357454945
    endloop
  endfacet
  facet normal  0.362113048021540 -0.856975644672246  0.366697265998995
    outer loop
      vertex  0.919090795969023  0.742221665674561  0.742969878357896
      vertex  0.678427622600622  0.678427622600607  0.831537034638537
      vertex  0.830927622953996  0.678427622600607  0.680943493121928
    endloop
  endfacet
  facet normal  0.361062807085714 -0.859358983433536  0.362126755337774
    outer loop
      vertex  0.919090795969023  0.742221665674561  0.742969878357896
      vertex  0.742221665674579  0.742221665674561  0.919319357454945
      vertex  0.678427622600622  0.678427622600607  0.831537034638537
    endloop
  endfacet
  facet normal  0.445534744781824 -0.770674809197607  0.455586577568334
    outer loop
      vertex  0.830927622953996  0.678427622600607  0.680943493121928
      vertex  0.587918357293799  0.587918357293782  0.765484746707926
      vertex  0.764799227352710  0.587918357293782  0.592506487078090
    endloop
  endfacet
  facet normal  0.445008139635201 -0.773879669391872  0.450641778977875
    outer loop
      vertex  0.830927622953996  0.678427622600607  0.680943493121928
      vertex  0.678427622600622  0.678427622600607  0.831537034638537
      vertex  0.587918357293799  0.587918357293782  0.765484746707926
    endloop
  endfacet
  facet normal  0.539824532116308 -0.634068788173103  0.553666186785957
    outer loop
      vertex  0.764799227352710  0.587918357293782  0.592506487078090
      vertex  0.499999999999975  0.499999999999975  0.749999999999951
      vertex  0.750000000000000  0.499999999999975  0.506250000000000
    endloop
  endfacet
  facet normal  0.539299668883572 -0.636427577397202  0.551466958094860
    outer loop
      vertex  0.764799227352710  0.587918357293782  0.592506487078090
      vertex  0.587918357293799  0.587918357293782  0.765484746707926
      vertex  0.499999999999975  0.499999999999975  0.749999999999951
    endloop
  endfacet
  facet normal  0.000000000000000 -0.135220807838997 -0.990815488941997
    outer loop
      vertex  1.000000000000000  1.000000000000000  0.750000000000000
      vertex  0.754945476501660  0.962282622685337  0.755147451051165
      vertex  0.750000000000025  1.000000000000000  0.750000000000000
    endloop
  endfacet
  facet normal -0.000000000000000 -0.135220807838997 -0.990815488941997
    outer loop
      vertex  1.000000000000000  1.000000000000000  0.750000000000000
      vertex  0.962282622685337  0.962282622685337  0.755147451051165
      vertex  0.754945476501660  0.962282622685337  0.755147451051165
    endloop
  endfacet
  facet normal -0.000000000000000  0.271362375615297 -0.962477252250889
    outer loop
      vertex  0.962282622685337  0.962282622685337  0.755147451051165
      vertex  0.742221665674579  0.919090795969023  0.742969878357896
      vertex  0.754945476501660  0.962282622685337  0.755147451051165
    endloop
  endfacet
  facet normal -0.000000000000000  0.271362375615297 -0.962477252250889
    outer loop
      vertex  0.962282622685337  0.962282622685337  0.755147451051165
      vertex  0.919090795969023  0.919090795969023  0.742969878357896
      vertex  0.742221665674579  0.919090795969023  0.742969878357896
    endloop
  endfacet
  facet normal -0.000000000000000  0.575404269888003 -0.817869137573154
    outer loop
      vertex  0.919090795969023  0.919090795969023  0.742969878357896
      vertex  0.678427622600622  0.830927622953996  0.680943493121928
      vertex  0.742221665674579  0.919090795969023  0.742969878357896
    endloop
  endfacet
  facet normal -0.000000000000000  0.575404269888003 -0.817869137573154
    outer loop
      vertex  0.919090795969023  0.919090795969023  0.742969878357896
      vertex  0.830927622953996  0.830927622953996  0.680943493121928
      vertex  0.678427622600622  0.830927622953996  0.680943493121928
    endloop
  endfacet
  facet normal -0.000000000000000  0.800865733557375 -0.598843950302253
    outer loop
      vertex  0.830927622953996  0.830927622953996  0.680943493121928
      vertex  0.587918357293799  0.764799227352710  0.592506487078090
      vertex  0.678427622600622  0.830927622953996  0.680943493121928
    endloop
  endfacet
  facet normal -0.000000000000000  0.800865733557375 -0.598843950302253
    outer loop
      vertex  0.830927622953996  0.830927622953996  0.680943493121928
      vertex  0.764799227352710  0.764799227352710  0.592506487078090
      vertex  0.587918357293799  0.764799227352710  0.592506487078090
    endloop
  endfacet
  facet normal -0.000000000000000  0.985598647530856 -0.169101466538135
    outer loop
      vertex  0.764799227352710  0.764799227352710  0.592506487078090
      vertex  0.499999999999975  0.750000000000000  0.506250000000000
      vertex  0.587918357293799  0.764799227352710  0.592506487078090
    endloop
  endfacet
  facet normal -0.000000000000000  0.985598647530856 -0.169101466538135
    outer loop
      vertex  0.764799227352710  0.764799227352710  0.592506487078090
      vertex  0.750000000000000  0.750000000000000  0.506250000000000
      vertex  0.499999999999975  0.750000000000000  0.506250000000000
    endloop
  endfacet
  facet normal -0.977693450166898 -0.148470063795951 -0.148567014027925
    outer loop
      vertex  0.750000000000025  1.000000000000000  0.750000000000000
      vertex  0.754945476501660  0.962282622685337  0.755147451051165
      vertex  0.754945476501660  0.754945476501639  0.962349295434837
    endloop
  endfacet
  facet normal -0.977889948313303 -0.147870296185026 -0.147870296185400
    outer loop
      vertex  0.754945476501660  0.754945476501639  0.962349295434837
      vertex  0.750000000000025  0.750000000000025  0.999999999999950
      vertex  0.750000000000025  0.781255644457358  0.968744355542621
    endloop
  endfacet
  facet normal -0.977889948313335 -0.147870296185101 -0.147870296185115
    outer loop
      vertex  0.754945476501660  0.754945476501639  0.962349295434837
      vertex  0.750000000000025  0.781255644457358  0.968744355542621
      vertex  0.750000000000025  0.812507525716602  0.937492474283379
    endloop
  endfacet
  facet normal -0.977889948313334 -0.147870296185103 -0.147870296185119
    outer loop
      vertex  0.754945476501660  0.754945476501639  0.962349295434837
      vertex  0.750000000000025  0.812507525716602  0.937492474283379
      vertex  0.750000000000025  0.843759406975847  0.906240593024138
    endloop
  endfacet
  facet normal -0.977889948313337 -0.147870296185095 -0.147870296185105
    outer loop
      vertex  0.754945476501660  0.754945476501639  0.962349295434837
      vertex  0.750000000000025  0.843759406975847  0.906240593024138
      vertex  0.750000000000025  0.875007525490070  0.874992474509917
    endloop
  endfacet
  facet normal -0.977889948313334 -0.147870296185104 -0.147870296185118
    outer loop
      vertex  0.754945476501660  0.754945476501639  0.962349295434837
      vertex  0.750000000000025  0.875007525490070  0.874992474509917
      vertex  0.750000000000025  0.906259406749315  0.843740593250676
    endloop
  endfacet
  facet normal -0.977889948313328 -0.147870296185121 -0.147870296185140
    outer loop
      vertex  0.754945476501660  0.754945476501639  0.962349295434837
      vertex  0.750000000000025  0.906259406749315  0.843740593250676
      vertex  0.750000000000025  0.937507525263538  0.812492474736456
    endloop
  endfacet
  facet normal -0.977889948313336 -0.147870296185099 -0.147870296185113
    outer loop
      vertex  0.754945476501660  0.754945476501639  0.962349295434837
      vertex  0.750000000000025  0.937507525263538  0.812492474736456
      vertex  0.750000000000025  0.968755643777761  0.781244356222235
    endloop
  endfacet
  facet normal -0.977889948314168 -0.147870296182586 -0.147870296182124
    outer loop
      vertex  0.754945476501660  0.754945476501639  0.962349295434837
      vertex  0.750000000000025  0.968755643777761  0.781244356222235
      vertex  0.750000000000025  1.000000000000000  0.750000000000000
    endloop
  endfacet
  facet normal -0.950963408807672  0.218388532920029  0.219032061118753
    outer loop
      vertex  0.754945476501660  0.962282622685337  0.755147451051165
      vertex  0.742221665674579  0.919090795969023  0.742969878357896
      vertex  0.742221665674579  0.742221665674561  0.919319357454945
    endloop
  endfacet
  facet normal -0.951679115510388  0.217077519891567  0.217219270459808
    outer loop
      vertex  0.754945476501660  0.962282622685337  0.755147451051165
      vertex  0.742221665674579  0.742221665674561  0.919319357454945
      vertex  0.754945476501660  0.754945476501639  0.962349295434837
    endloop
  endfacet
  facet normal -0.856975644672246  0.362113048021540  0.366697265998995
    outer loop
      vertex  0.742221665674579  0.919090795969023  0.742969878357896
      vertex  0.678427622600622  0.830927622953996  0.680943493121928
      vertex  0.678427622600622  0.678427622600607  0.831537034638537
    endloop
  endfacet
  facet normal -0.859358983433536  0.361062807085714  0.362126755337774
    outer loop
      vertex  0.742221665674579  0.919090795969023  0.742969878357896
      vertex  0.678427622600622  0.678427622600607  0.831537034638537
      vertex  0.742221665674579  0.742221665674561  0.919319357454945
    endloop
  endfacet
  facet normal -0.770674809197607  0.445534744781824  0.455586577568334
    outer loop
      vertex  0.678427622600622  0.830927622953996  0.680943493121928
      vertex  0.587918357293799  0.764799227352710  0.592506487078090
      vertex  0.587918357293799  0.587918357293782  0.765484746707926
    endloop
  endfacet
  facet normal -0.773879669391872  0.445008139635201  0.450641778977875
    outer loop
      vertex  0.678427622600622  0.830927622953996  0.680943493121928
      vertex  0.587918357293799  0.587918357293782  0.765484746707926
      vertex  0.678427622600622  0.678427622600607  0.831537034638537
    endloop
  endfacet
  facet normal -0.634068788173103  0.539824532116308  0.553666186785957
    outer loop
      vertex  0.587918357293799  0.764799227352710  0.592506487078090
      vertex  0.499999999999975  0.750000000000000  0.506250000000000
      vertex  0.499999999999975  0.499999999999975  0.749999999999951
    endloop
  endfacet
  facet normal -0.636427577397202  0.539299668883572  0.551466958094860
    outer loop
      vertex  0.587918357293799  0.764799227352710  0.592506487078090
      vertex  0.499999999999975  0.499999999999975  0.749999999999951
      vertex  0.587918357293799  0.587918357293782  0.765484746707926
    endloop
  endfacet
  facet normal -0.135220807839255  0.000000000000263 -0.990815488941962
    outer loop
      vertex  0.962282622685337  0.962282622685337  0.755147451051165
      vertex  1.000000000000000  1.000000000000000  0.750000000000000
      vertex  1.000000000000000  0.968755643777761  0.750000000000000
    endloop
  endfacet
  facet normal -0.135220807839211 -0.000000000000000 -0.990815488941968
    outer loop
      vertex  0.962282622685337  0.962282622685337  0.755147451051165
      vertex  1.000000000000000  0.968755643777761  0.750000000000000
      vertex  1.000000000000000  0.937507525263538  0.750000000000000
    endloop
  endfacet
  facet normal -0.135220807839211 -0.000000000000000 -0.990815488941968
    outer loop
      vertex  0.962282622685337  0.962282622685337  0.755147451051165
      vertex  1.000000000000000  0.937507525263538  0.750000000000000
      vertex  1.000000000000000  0.906259406749315  0.750000000000000
    endloop
  endfacet
  facet normal -0.135220807839211 -0.000000000000000 -0.990815488941968
    outer loop
      vertex  0.962282622685337  0.962282622685337  0.755147451051165
      vertex  1.000000000000000  0.906259406749315  0.750000000000000
      vertex  1.000000000000000  0.875007525490070  0.750000000000000
    endloop
  endfacet
  facet normal -0.135220807839211 -0.000000000000000 -0.990815488941968
    outer loop
      vertex  0.962282622685337  0.962282622685337  0.755147451051165
      vertex  1.000000000000000  0.875007525490070  0.750000000000000
      vertex  1.000000000000000  0.843759406975847  0.750000000000000
    endloop
  endfacet
  facet normal -0.135220807839211 -0.000000000000000 -0.990815488941968
    outer loop
      vertex  0.962282622685337  0.962282622685337  0.755147451051165
      vertex  1.000000000000000  0.843759406975847  0.750000000000000
      vertex  1.000000000000000  0.812507525716602  0.750000000000000
    endloop
  endfacet
  facet normal -0.135220807839211 -0.000000000000000 -0.990815488941968
    outer loop
      vertex  0.962282622685337  0.962282622685337  0.755147451051165
      vertex  1.000000000000000  0.812507525716602  0.750000000000000
      vertex  1.000000000000000  0.781255644457358  0.750000000000000
    endloop
  endfacet
  facet normal -0.135220807838997  0.000000000000000 -0.990815488941997
    outer loop
      vertex  0.962282622685337  0.962282622685337  0.755147451051165
      vertex  1.000000000000000  0.750000000000025  0.750000000000000
      vertex  0.962282622685337  0.754945476501639  0.755147451051165
    endloop
  endfacet
  facet normal -0.135220807840452 -0.000000000000263 -0.990815488941799
    outer loop
      vertex  0.962282622685337  0.962282622685337  0.755147451051165
      vertex  1.000000000000000  0.781255644457358  0.750000000000000
      vertex  1.000000000000000  0.750000000000025  0.750000000000000
    endloop
  endfacet
  facet normal  0.271362375615297 -0.000000000000000 -0.962477252250889
    outer loop
      vertex  0.962282622685337  0.962282622685337  0.755147451051165
      vertex  0.919090795969023  0.742221665674561  0.742969878357896
      vertex  0.919090795969023  0.919090795969023  0.742969878357896
    endloop
  endfacet
  facet normal  0.271362375615297 -0.000000000000000 -0.962477252250889
    outer loop
      vertex  0.962282622685337  0.962282622685337  0.755147451051165
      vertex  0.962282622685337  0.754945476501639  0.755147451051165
      vertex  0.919090795969023  0.742221665674561  0.742969878357896
    endloop
  endfacet
  facet normal  0.575404269888003 -0.000000000000000 -0.817869137573154
    outer loop
      vertex  0.919090795969023  0.919090795969023  0.742969878357896
      vertex  0.830927622953996  0.678427622600607  0.680943493121928
      vertex  0.830927622953996  0.830927622953996  0.680943493121928
    endloop
  endfacet
  facet normal  0.575404269888003 -0.000000000000000 -0.817869137573154
    outer loop
      vertex  0.919090795969023  0.919090795969023  0.742969878357896
      vertex  0.919090795969023  0.742221665674561  0.742969878357896
      vertex  0.830927622953996  0.678427622600607  0.680943493121928
    endloop
  endfacet
  facet normal  0.800865733557375 -0.000000000000000 -0.598843950302253
    outer loop
      vertex  0.830927622953996  0.830927622953996  0.680943493121928
      vertex  0.764799227352710  0.587918357293782  0.592506487078090
      vertex  0.764799227352710  0.764799227352710  0.592506487078090
    endloop
  endfacet
  facet normal  0.800865733557375 -0.000000000000000 -0.598843950302253
    outer loop
      vertex  0.830927622953996  0.830927622953996  0.680943493121928
      vertex  0.830927622953996  0.678427622600607  0.680943493121928
      vertex  0.764799227352710  0.587918357293782  0.592506487078090
    endloop
  endfacet
  facet normal  0.985598647530856 -0.000000000000000 -0.169101466538135
    outer loop
      vertex  0.764799227352710  0.587918357293782  0.592506487078090
      vertex  0.750000000000000  0.499999999999975  0.506250000000000
      vertex  0.750000000000000  0.531255644457358  0.506250000000000
    endloop
  endfacet
  facet normal  0.985598647530856 -0.000000000000000 -0.169101466538135
    outer loop
      vertex  0.764799227352710  0.587918357293782  0.592506487078090
      vertex  0.750000000000000  0.531255644457358  0.506250000000000
      vertex  0.750000000000000  0.562507525716602  0.506250000000000
    endloop
  endfacet
  facet normal  0.985598647530856 -0.000000000000000 -0.169101466538135
    outer loop
      vertex  0.764799227352710  0.587918357293782  0.592506487078090
      vertex  0.750000000000000  0.562507525716602  0.506250000000000
      vertex  0.750000000000000  0.593759406975847  0.506250000000000
    endloop
  endfacet
  facet normal  0.985598647530856 -0.000000000000000 -0.169101466538135
    outer loop
      vertex  0.764799227352710  0.587918357293782  0.592506487078090
      vertex  0.750000000000000  0.593759406975847  0.506250000000000
      vertex  0.750000000000000  0.625007525490070  0.506250000000000
    endloop
  endfacet
  facet normal  0.985598647530856 -0.000000000000000 -0.169101466538135
    outer loop
      vertex  0.764799227352710  0.587918357293782  0.592506487078090
      vertex  0.750000000000000  0.625007525490070  0.506250000000000
      vertex  0.750000000000000  0.656259406749315  0.506250000000000
    endloop
  endfacet
  facet normal  0.985598647530856 -0.000000000000000 -0.169101466538135
    outer loop
      vertex  0.764799227352710  0.587918357293782  0.592506487078090
      vertex  0.750000000000000  0.656259406749315  0.506250000000000
      vertex  0.750000000000000  0.687507525263538  0.506250000000000
    endloop
  endfacet
  facet normal  0.985598647530856 -0.000000000000000 -0.169101466538135
    outer loop
      vertex  0.764799227352710  0.587918357293782  0.592506487078090
      vertex  0.750000000000000  0.687507525263538  0.506250000000000
      vertex  0.750000000000000  0.718755643777761  0.506250000000000
    endloop
  endfacet
  facet normal  0.985598647530856 -0.000000000000000 -0.169101466538135
    outer loop
      vertex  0.764799227352710  0.587918357293782  0.592506487078090
      vertex  0.750000000000000  0.750000000000000  0.506250000000000
      vertex  0.764799227352710  0.764799227352710  0.592506487078090
    endloop
  endfacet
  facet normal  0.985598647530856 -0.000000000000000 -0.169101466538135
    outer loop
      vertex  0.764799227352710  0.587918357293782  0.592506487078090
      vertex  0.750000000000000  0.718755643777761  0.506250000000000
      vertex  0.750000000000000  0.750000000000000  0.506250000000000
    endloop
  endfacet
  facet normal  0.658494984175250 -0.000000000000000  0.752585115329846
    outer loop
      vertex  0.000000000000000  0.249999999999975  0.250000000000000
      vertex  0.000000000000000  0.218744355542643  0.250000000000000
      vertex  0.249999999999975  0.218744355542643  0.031255644457379
    endloop
  endfacet
  facet normal  0.577350269189607  0.577350269189607  0.577350269189664
    outer loop
      vertex  0.000000000000000  0.249999999999975  0.250000000000000
      vertex  0.249999999999975  0.218744355542643  0.031255644457379
      vertex  0.249999999999975  0.249999999999975  0.000000000000050
    endloop
  endfacet
  facet normal  0.599984586998340 -0.000000000000000  0.800011559519256
    outer loop
      vertex  0.000000000000000  0.218744355542643  0.250000000000000
      vertex  0.000000000000000  0.187492474283398  0.250000000000000
      vertex  0.249999999999975  0.187492474283398  0.062507525716621
    endloop
  endfacet
  facet normal  0.526142401514500  0.601321117760088  0.601321117760148
    outer loop
      vertex  0.000000000000000  0.218744355542643  0.250000000000000
      vertex  0.249999999999975  0.187492474283398  0.062507525716621
      vertex  0.249999999999975  0.218744355542643  0.031255644457379
    endloop
  endfacet
  facet normal  0.529975994056079 -0.000000000000000  0.848012644790318
    outer loop
      vertex  0.000000000000000  0.187492474283398  0.250000000000000
      vertex  0.000000000000000  0.156240593024153  0.250000000000000
      vertex  0.249999999999975  0.156240593024153  0.093759406975863
    endloop
  endfacet
  facet normal  0.468506608311620  0.624700551451760  0.624700551451821
    outer loop
      vertex  0.000000000000000  0.187492474283398  0.250000000000000
      vertex  0.249999999999975  0.156240593024153  0.093759406975863
      vertex  0.249999999999975  0.187492474283398  0.062507525716621
    endloop
  endfacet
  facet normal  0.447192055901513 -0.000000000000000  0.894437960474945
    outer loop
      vertex  0.000000000000000  0.156240593024153  0.250000000000000
      vertex  0.000000000000000  0.124992474509930  0.250000000000000
      vertex  0.249999999999975  0.124992474509930  0.125007525490083
    endloop
  endfacet
  facet normal  0.404205681658539  0.646768029093458  0.646768029093523
    outer loop
      vertex  0.000000000000000  0.156240593024153  0.250000000000000
      vertex  0.249999999999975  0.124992474509930  0.125007525490083
      vertex  0.249999999999975  0.156240593024153  0.093759406975863
    endloop
  endfacet
  facet normal  0.351092553339288 -0.000000000000000  0.936340760081339
    outer loop
      vertex  0.000000000000000  0.124992474509930  0.250000000000000
      vertex  0.000000000000000  0.093740593250685  0.250000000000000
      vertex  0.249999999999975  0.093740593250685  0.156259406749324
    endloop
  endfacet
  facet normal  0.333315494955677  0.666671126126805  0.666671126126871
    outer loop
      vertex  0.000000000000000  0.124992474509930  0.250000000000000
      vertex  0.249999999999975  0.093740593250685  0.156259406749324
      vertex  0.249999999999975  0.124992474509930  0.125007525490083
    endloop
  endfacet
  facet normal  0.242508140215471 -0.000000000000000  0.970149370936885
    outer loop
      vertex  0.000000000000000  0.093740593250685  0.250000000000000
      vertex  0.000000000000000  0.062492474736462  0.250000000000000
      vertex  0.249999999999975  0.062492474736462  0.187507525263544
    endloop
  endfacet
  facet normal  0.256283269019687  0.683490631252722  0.683490631252790
    outer loop
      vertex  0.000000000000000  0.093740593250685  0.250000000000000
      vertex  0.249999999999975  0.062492474736462  0.187507525263544
      vertex  0.249999999999975  0.093740593250685  0.156259406749324
    endloop
  endfacet
  facet normal  0.124012678341469 -0.000000000000000  0.992280633495674
    outer loop
      vertex  0.000000000000000  0.062492474736462  0.250000000000000
      vertex  0.000000000000000  0.031244356222239  0.250000000000000
      vertex  0.249999999999975  0.031244356222239  0.218755643777765
    endloop
  endfacet
  facet normal  0.174057331302614  0.696313164251444  0.696313164251513
    outer loop
      vertex  0.000000000000000  0.062492474736462  0.250000000000000
      vertex  0.249999999999975  0.031244356222239  0.218755643777765
      vertex  0.249999999999975  0.062492474736462  0.187507525263544
    endloop
  endfacet
  facet normal -0.000000000000000 -0.000000000000000  1.000000000000000
    outer loop
      vertex  0.000000000000000  0.031244356222239  0.250000000000000
      vertex  0.000000000000000  0.000000000000000  0.250000000000000
      vertex  0.249999999999975  0.000000000000000  0.250000000000000
    endloop
  endfacet
  facet normal  0.088029312841584  0.704361711083354  0.704361711083424
    outer loop
      vertex  0.000000000000000  0.031244356222239  0.250000000000000
      vertex  0.249999999999975  0.000000000000000  0.250000000000000
      vertex  0.249999999999975  0.031244356222239  0.218755643777765
    endloop
  endfacet
  facet normal -0.000000000000000  0.000000000000000 -1.000000000000000
    outer loop
      vertex  0.000000000000000  0.249999999999975  0.000000000000000
      vertex  0.249999999999975  0.000000000000000  0.000000000000000
      vertex  0.000000000000000  0.000000000000000  0.000000000000000
    endloop
  endfacet
  facet normal -0.000000000000000 -0.000000000000000 -1.000000000000000
    outer loop
      vertex  0.000000000000000  0.249999999999975  0.000000000000000
      vertex  0.249999999999975  0.249999999999975  0.000000000000050
      vertex  0.249999999999975  0.000000000000000  0.000000000000000
    endloop
  endfacet
  facet normal -0.000000000000000  1.000000000000000 -0.000000000000000
    outer loop
      vertex  0.000000000000000  0.249999999999975  0.250000000000000
      vertex  0.249999999999975  0.249999999999975  0.000000000000050
      vertex  0.000000000000000  0.249999999999975  0.000000000000000
    endloop
  endfacet
  facet normal -0.000000000000000 -1.000000000000000  0.000000000000000
    outer loop
      vertex  0.000000000000000  0.000000000000000  0.250000000000000
      vertex  0.249999999999975  0.000000000000000  0.000000000000000
      vertex  0.249999999999975  0.000000000000000  0.250000000000000
    endloop
  endfacet
  facet normal -0.000000000000000 -1.000000000000000  0.000000000000000
    outer loop
      vertex  0.000000000000000  0.000000000000000  0.250000000000000
      vertex  0.000000000000000  0.000000000000000  0.000000000000000
      vertex  0.249999999999975  0.000000000000000  0.000000000000000
    endloop
  endfacet
  facet normal  1.000000000000000 -0.000000000000000  0.000000000000800
    outer loop
      vertex  0.249999999999975  0.000000000000000  0.000000000000000
      vertex  0.249999999999975  0.249999999999975  0.000000000000050
      vertex  0.249999999999975  0.218744355542643  0.031255644457379
    endloop
  endfacet
  facet normal  1.000000000000000  0.000000000000100  0.000000000000101
    outer loop
      vertex  0.249999999999975  0.000000000000000  0.000000000000000
      vertex  0.249999999999975  0.218744355542643  0.031255644457379
      vertex  0.249999999999975  0.187492474283398  0.062507525716621
    endloop
  endfacet
  facet normal  1.000000000000000  0.000000000000100  0.000000000000099
    outer loop
      vertex  0.249999999999975  0.000000000000000  0.000000000000000
      vertex  0.249999999999975  0.187492474283398  0.062507525716621
      vertex  0.249999999999975  0.156240593024153  0.093759406975863
    endloop
  endfacet
  facet normal  1.000000000000000  0.000000000000100  0.000000000000101
    outer loop
      vertex  0.249999999999975  0.000000000000000  0.000000000000000
      vertex  0.249999999999975  0.156240593024153  0.093759406975863
      vertex  0.249999999999975  0.124992474509930  0.125007525490083
    endloop
  endfacet
  facet normal  1.000000000000000  0.000000000000100  0.000000000000100
    outer loop
      vertex  0.249999999999975  0.000000000000000  0.000000000000000
      vertex  0.249999999999975  0.124992474509930  0.125007525490083
      vertex  0.249999999999975  0.093740593250685  0.156259406749324
    endloop
  endfacet
  facet normal  1.000000000000000  0.000000000000101  0.000000000000100
    outer loop
      vertex  0.249999999999975  0.000000000000000  0.000000000000000
      vertex  0.249999999999975  0.093740593250685  0.156259406749324
      vertex  0.249999999999975  0.062492474736462  0.187507525263544
    endloop
  endfacet
  facet normal  1.000000000000000  0.000000000000100  0.000000000000100
    outer loop
      vertex  0.249999999999975  0.000000000000000  0.000000000000000
      vertex  0.249999999999975  0.062492474736462  0.187507525263544
      vertex  0.249999999999975  0.031244356222239  0.218755643777765
    endloop
  endfacet
  facet normal  1.000000000000000  0.000000000000800  0.000000000000000
    outer loop
      vertex  0.249999999999975  0.000000000000000  0.000000000000000
      vertex  0.249999999999975  0.031244356222239  0.218755643777765
      vertex  0.249999999999975  0.000000000000000  0.250000000000000
    endloop
  endfacet
  facet normal -1.000000000000000  0.000000000000000 -0.000000000000000
    outer loop
      vertex  0.000000000000000  0.000000000000000  0.000000000000000
      vertex  0.000000000000000  0.000000000000000  0.250000000000000
      vertex  0.000000000000000  0.031244356222239  0.250000000000000
    endloop
  endfacet
  facet normal -1.000000000000000  0.000000000000000 -0.000000000000000
    outer loop
      vertex  0.000000000000000  0.000000000000000  0.000000000000000
      vertex  0.000000000000000  0.031244356222239  0.250000000000000
      vertex  0.000000000000000  0.062492474736462  0.250000000000000
    endloop
  endfacet
  facet normal -1.000000000000000  0.000000000000000 -0.000000000000000
    outer loop
      vertex  0.000000000000000  0.000000000000000  0.000000000000000
      vertex  0.000000000000000  0.062492474736462  0.250000000000000
      vertex  0.000000000000000  0.093740593250685  0.250000000000000
    endloop
  endfacet
  facet normal -1.000000000000000  0.000000000000000 -0.000000000000000
    outer loop
      vertex  0.000000000000000  0.000000000000000  0.000000000000000
      vertex  0.000000000000000  0.093740593250685  0.250000000000000
      vertex  0.000000000000000  0.124992474509930  0.250000000000000
    endloop
  endfacet
  facet normal -1.000000000000000  0.000000000000000 -0.000000000000000
    outer loop
      vertex  0.000000000000000  0.000000000000000  0.000000000000000
      vertex  0.000000000000000  0.124992474509930  0.250000000000000
      vertex  0.000000000000000  0.156240593024153  0.250000000000000
    endloop
  endfacet
  facet normal -1.000000000000000  0.000000000000000 -0.000000000000000
    outer loop
      vertex  0.000000000000000  0.000000000000000  0.000000000000000
      vertex  0.000000000000000  0.156240593024153  0.250000000000000
      vertex  0.000000000000000  0.187492474283398  0.250000000000000
    endloop
  endfacet
  facet normal -1.000000000000000  0.000000000000000 -0.000000000000000
    outer loop
      vertex  0.000000000000000  0.000000000000000  0.000000000000000
      vertex  0.000000000000000  0.187492474283398  0.250000000000000
      vertex  0.000000000000000  0.218744355542643  0.250000000000000
    endloop
  endfacet
  facet normal -1.000000000000000 -0.000000000000000 -0.000000000000000
    outer loop
      vertex  0.000000000000000  0.000000000000000  0.000000000000000
      vertex  0.000000000000000  0.249999999999975  0.250000000000000
      vertex  0.000000000000000  0.249999999999975  0.000000000000000
    endloop
  endfacet
  facet normal -1.000000000000000 -0.000000000000000 -0.000000000000000
    outer loop
      vertex  0.000000000000000  0.000000000000000  0.000000000000000
      vertex  0.000000000000000  0.218744355542643  0.250000000000000
      vertex  0.000000000000000  0.249999999999975  0.250000000000000
    endloop
  endfacet
  facet normal -0.658494984175250 -0.000000000000000  0.752585115329846
    outer loop
      vertex  1.000000000000000  0.249999999999975  0.250000000000000
      vertex  0.750000000000025  0.218744355542643  0.031255644457379
      vertex  1.000000000000000  0.218744355542643  0.250000000000000
    endloop
  endfacet
  facet normal -0.577350269189607  0.577350269189607  0.577350269189664
    outer loop
      vertex  1.000000000000000  0.249999999999975  0.250000000000000
      vertex  0.750000000000025  0.249999999999975  0.000000000000050
      vertex  0.750000000000025  0.218744355542643  0.031255644457379
    endloop
  endfacet
  facet normal -0.599984586998340 -0.000000000000000  0.800011559519256
    outer loop
      vertex  1.000000000000000  0.218744355542643  0.250000000000000
      vertex  0.750000000000025  0.187492474283398  0.062507525716621
      vertex  1.000000000000000  0.187492474283398  0.250000000000000
    endloop
  endfacet
  facet normal -0.526142401514500  0.601321117760088  0.601321117760148
    outer loop
      vertex  1.000000000000000  0.218744355542643  0.250000000000000
      vertex  0.750000000000025  0.218744355542643  0.031255644457379
      vertex  0.750000000000025  0.187492474283398  0.062507525716621
    endloop
  endfacet
  facet normal -0.529975994056079 -0.000000000000000  0.848012644790318
    outer loop
      vertex  1.000000000000000  0.187492474283398  0.250000000000000
      vertex  0.750000000000025  0.156240593024153  0.093759406975863
      vertex  1.000000000000000  0.156240593024153  0.250000000000000
    endloop
  endfacet
  facet normal -0.468506608311620  0.624700551451759  0.624700551451822
    outer loop
      vertex  1.000000000000000  0.187492474283398  0.250000000000000
      vertex  0.750000000000025  0.187492474283398  0.062507525716621
      vertex  0.750000000000025  0.156240593024153  0.093759406975863
    endloop
  endfacet
  facet normal -0.447192055901512 -0.000000000000000  0.894437960474945
    outer loop
      vertex  1.000000000000000  0.156240593024153  0.250000000000000
      vertex  0.750000000000025  0.124992474509930  0.125007525490083
      vertex  1.000000000000000  0.124992474509930  0.250000000000000
    endloop
  endfacet
  facet normal -0.404205681658539  0.646768029093459  0.646768029093522
    outer loop
      vertex  1.000000000000000  0.156240593024153  0.250000000000000
      vertex  0.750000000000025  0.156240593024153  0.093759406975863
      vertex  0.750000000000025  0.124992474509930  0.125007525490083
    endloop
  endfacet
  facet normal -0.351092553339288 -0.000000000000000  0.936340760081339
    outer loop
      vertex  1.000000000000000  0.124992474509930  0.250000000000000
      vertex  0.750000000000025  0.093740593250685  0.156259406749324
      vertex  1.000000000000000  0.093740593250685  0.250000000000000
    endloop
  endfacet
  facet normal -0.333315494955676  0.666671126126805  0.666671126126871
    outer loop
      vertex  1.000000000000000  0.124992474509930  0.250000000000000
      vertex  0.750000000000025  0.124992474509930  0.125007525490083
      vertex  0.750000000000025  0.093740593250685  0.156259406749324
    endloop
  endfacet
  facet normal -0.242508140215470 -0.000000000000000  0.970149370936885
    outer loop
      vertex  1.000000000000000  0.093740593250685  0.250000000000000
      vertex  0.750000000000025  0.062492474736462  0.187507525263544
      vertex  1.000000000000000  0.062492474736462  0.250000000000000
    endloop
  endfacet
  facet normal -0.256283269019687  0.683490631252722  0.683490631252791
    outer loop
      vertex  1.000000000000000  0.093740593250685  0.250000000000000
      vertex  0.750000000000025  0.093740593250685  0.156259406749324
      vertex  0.750000000000025  0.062492474736462  0.187507525263544
    endloop
  endfacet
  facet normal -0.124012678341469 -0.000000000000000  0.992280633495674
    outer loop
      vertex  1.000000000000000  0.062492474736462  0.250000000000000
      vertex  0.750000000000025  0.031244356222239  0.218755643777765
      vertex  1.000000000000000  0.031244356222239  0.250000000000000
    endloop
  endfacet
  facet normal -0.174057331302614  0.696313164251444  0.696313164251513
    outer loop
      vertex  1.000000000000000  0.062492474736462  0.250000000000000
      vertex  0.750000000000025  0.062492474736462  0.187507525263544
      vertex  0.750000000000025  0.031244356222239  0.218755643777765
    endloop
  endfacet
  facet normal -0.000000000000000 -0.000000000000000  1.000000000000000
    outer loop
      vertex  1.000000000000000  0.031244356222239  0.250000000000000
      vertex  0.750000000000025  0.000000000000000  0.250000000000000
      vertex  1.000000000000000  0.000000000000000  0.250000000000000
    endloop
  endfacet
  facet normal -0.088029312841584  0.704361711083354  0.704361711083424
    outer loop
      vertex  1.000000000000000  0.031244356222239  0.250000000000000
      vertex  0.750000000000025  0.031244356222239  0.218755643777765
      vertex  0.750000000000025  0.000000000000000  0.250000000000000
    endloop
  endfacet
  facet normal -0.000000000000000 -0.000000000000000 -1.000000000000000
    outer loop
      vertex  1.000000000000000  0.249999999999975  0.000000000000000
      vertex  0.750000000000025  0.000000000000000  0.000000000000000
      vertex  0.750000000000025  0.249999999999975  0.000000000000050
    endloop
  endfacet
  facet normal -0.000000000000000  0.000000000000000 -1.000000000000000
    outer loop
      vertex  1.000000000000000  0.249999999999975  0.000000000000000
      vertex  1.000000000000000  0.000000000000000  0.000000000000000
      vertex  0.750000000000025  0.000000000000000  0.000000000000000
    endloop
  endfacet
  facet normal -0.000000000000000  1.000000000000000 -0.000000000000000
    outer loop
      vertex  1.000000000000000  0.249999999999975  0.250000000000000
      vertex  1.000000000000000  0.249999999999975  0.000000000000000
      vertex  0.750000000000025  0.249999999999975  0.000000000000050
    endloop
  endfacet
  facet normal -0.000000000000000 -1.000000000000000 -0.000000000000000
    outer loop
      vertex  1.000000000000000  0.000000000000000  0.250000000000000
      vertex  0.750000000000025  0.000000000000000  0.000000000000000
      vertex  1.000000000000000  0.000000000000000  0.000000000000000
    endloop
  endfacet
  facet normal  0.000000000000000 -1.000000000000000 -0.000000000000000
    outer loop
      vertex  1.000000000000000  0.000000000000000  0.250000000000000
      vertex  0.750000000000025  0.000000000000000  0.250000000000000
      vertex  0.750000000000025  0.000000000000000  0.000000000000000
    endloop
  endfacet
  facet normal -1.000000000000000  0.000000000000800 -0.000000000000000
    outer loop
      vertex  0.750000000000025  0.000000000000000  0.000000000000000
      vertex  0.750000000000025  0.000000000000000  0.250000000000000
      vertex  0.750000000000025  0.031244356222239  0.218755643777765
    endloop
  endfacet
  facet normal -1.000000000000000  0.000000000000100  0.000000000000100
    outer loop
      vertex  0.750000000000025  0.000000000000000  0.000000000000000
      vertex  0.750000000000025  0.031244356222239  0.218755643777765
      vertex  0.750000000000025  0.062492474736462  0.187507525263544
    endloop
  endfacet
  facet normal -1.000000000000000  0.000000000000097  0.000000000000101
    outer loop
      vertex  0.750000000000025  0.000000000000000  0.000000000000000
      vertex  0.750000000000025  0.062492474736462  0.187507525263544
      vertex  0.750000000000025  0.093740593250685  0.156259406749324
    endloop
  endfacet
  facet normal -1.000000000000000  0.000000000000099  0.000000000000099
    outer loop
      vertex  0.750000000000025  0.000000000000000  0.000000000000000
      vertex  0.750000000000025  0.093740593250685  0.156259406749324
      vertex  0.750000000000025  0.124992474509930  0.125007525490083
    endloop
  endfacet
  facet normal -1.000000000000000  0.000000000000101  0.000000000000098
    outer loop
      vertex  0.750000000000025  0.000000000000000  0.000000000000000
      vertex  0.750000000000025  0.124992474509930  0.125007525490083
      vertex  0.750000000000025  0.156240593024153  0.093759406975863
    endloop
  endfacet
  facet normal -1.000000000000000  0.000000000000100  0.000000000000100
    outer loop
      vertex  0.750000000000025  0.000000000000000  0.000000000000000
      vertex  0.750000000000025  0.156240593024153  0.093759406975863
      vertex  0.750000000000025  0.187492474283398  0.062507525716621
    endloop
  endfacet
  facet normal -1.000000000000000  0.000000000000100  0.000000000000100
    outer loop
      vertex  0.750000000000025  0.000000000000000  0.000000000000000
      vertex  0.750000000000025  0.187492474283398  0.062507525716621
      vertex  0.750000000000025  0.218744355542643  0.031255644457379
    endloop
  endfacet
  facet normal -1.000000000000000 -0.000000000000000  0.000000000000799
    outer loop
      vertex  0.750000000000025  0.000000000000000  0.000000000000000
      vertex  0.750000000000025  0.218744355542643  0.031255644457379
      vertex  0.750000000000025  0.249999999999975  0.000000000000050
    endloop
  endfacet
  facet normal  1.000000000000000  0.000000000000000  0.000000000000000
    outer loop
      vertex  1.000000000000000  0.249999999999975  0.000000000000000
      vertex  1.000000000000000  0.249999999999975  0.250000000000000
      vertex  1.000000000000000  0.218744355542643  0.250000000000000
    endloop
  endfacet
  facet normal  1.000000000000000  0.000000000000000  0.000000000000000
    outer loop
      vertex  1.000000000000000  0.249999999999975  0.000000000000000
      vertex  1.000000000000000  0.218744355542643  0.250000000000000
      vertex  1.000000000000000  0.187492474283398  0.250000000000000
    endloop
  endfacet
  facet normal  1.000000000000000  0.000000000000000  0.000000000000000
    outer loop
      vertex  1.000000000000000  0.249999999999975  0.000000000000000
      vertex  1.000000000000000  0.187492474283398  0.250000000000000
      vertex  1.000000000000000  0.156240593024153  0.250000000000000
    endloop
  endfacet
  facet normal  1.000000000000000 -0.000000000000000 -0.000000000000000
    outer loop
      vertex  1.000000000000000  0.249999999999975  0.000000000000000
      vertex  1.000000000000000  0.156240593024153  0.250000000000000
      vertex  1.000000000000000  0.124992474509930  0.250000000000000
    endloop
  endfacet
  facet normal  1.000000000000000  0.000000000000000  0.000000000000000
    outer loop
      vertex  1.000000000000000  0.249999999999975  0.000000000000000
      vertex  1.000000000000000  0.124992474509930  0.250000000000000
      vertex  1.000000000000000  0.093740593250685  0.250000000000000
    endloop
  endfacet
  facet normal  1.000000000000000  0.000000000000000  0.000000000000000
    outer loop
      vertex  1.000000000000000  0.249999999999975  0.000000000000000
      vertex  1.000000000000000  0.093740593250685  0.250000000000000
      vertex  1.000000000000000  0.062492474736462  0.250000000000000
    endloop
  endfacet
  facet normal  1.000000000000000  0.000000000000000  0.000000000000000
    outer loop
      vertex  1.000000000000000  0.249999999999975  0.000000000000000
      vertex  1.000000000000000  0.062492474736462  0.250000000000000
      vertex  1.000000000000000  0.031244356222239  0.250000000000000
    endloop
  endfacet
  facet normal  1.000000000000000 -0.000000000000000 -0.000000000000000
    outer loop
      vertex  1.000000000000000  0.249999999999975  0.000000000000000
      vertex  1.000000000000000  0.000000000000000  0.250000000000000
      vertex  1.000000000000000  0.000000000000000  0.000000000000000
    endloop
  endfacet
  facet normal  1.000000000000000 -0.000000000000000  0.000000000000000
    outer loop
      vertex  1.000000000000000  0.249999999999975  0.000000000000000
      vertex  1.000000000000000  0.031244356222239  0.250000000000000
      vertex  1.000000000000000  0.000000000000000  0.250000000000000
    endloop
  endfacet
  facet normal  0.658494984175250  0.000000000000000  0.752585115329846
    outer loop
      vertex  0.000000000000000  0.750000000000025  0.250000000000000
      vertex  0.249999999999975  0.781255644457358  0.031255644457379
      vertex  0.000000000000000  0.781255644457358  0.250000000000000
    endloop
  endfacet
  facet normal  0.577350269189607 -0.577350269189605  0.577350269189665
    outer loop
      vertex  0.000000000000000  0.750000000000025  0.250000000000000
      vertex  0.249999999999975  0.750000000000025  0.000000000000050
      vertex  0.249999999999975  0.781255644457358  0.031255644457379
    endloop
  endfacet
  facet normal  0.599984586998340  0.000000000000000  0.800011559519256
    outer loop
      vertex  0.000000000000000  0.781255644457358  0.250000000000000
      vertex  0.249999999999975  0.812507525716602  0.062507525716621
      vertex  0.000000000000000  0.812507525716602  0.250000000000000
    endloop
  endfacet
  facet normal  0.526142401514499 -0.601321117760089  0.601321117760147
    outer loop
      vertex  0.000000000000000  0.781255644457358  0.250000000000000
      vertex  0.249999999999975  0.781255644457358  0.031255644457379
      vertex  0.249999999999975  0.812507525716602  0.062507525716621
    endloop
  endfacet
  facet normal  0.529975994056079  0.000000000000000  0.848012644790318
    outer loop
      vertex  0.000000000000000  0.812507525716602  0.250000000000000
      vertex  0.249999999999975  0.843759406975847  0.093759406975863
      vertex  0.000000000000000  0.843759406975847  0.250000000000000
    endloop
  endfacet
  facet normal  0.468506608311621 -0.624700551451758  0.624700551451822
    outer loop
      vertex  0.000000000000000  0.812507525716602  0.250000000000000
      vertex  0.249999999999975  0.812507525716602  0.062507525716621
      vertex  0.249999999999975  0.843759406975847  0.093759406975863
    endloop
  endfacet
  facet normal  0.447192055901513  0.000000000000000  0.894437960474945
    outer loop
      vertex  0.000000000000000  0.843759406975847  0.250000000000000
      vertex  0.249999999999975  0.875007525490070  0.125007525490083
      vertex  0.000000000000000  0.875007525490070  0.250000000000000
    endloop
  endfacet
  facet normal  0.404205681658538 -0.646768029093459  0.646768029093522
    outer loop
      vertex  0.000000000000000  0.843759406975847  0.250000000000000
      vertex  0.249999999999975  0.843759406975847  0.093759406975863
      vertex  0.249999999999975  0.875007525490070  0.125007525490083
    endloop
  endfacet
  facet normal  0.351092553339288  0.000000000000000  0.936340760081339
    outer loop
      vertex  0.000000000000000  0.875007525490070  0.250000000000000
      vertex  0.249999999999975  0.906259406749315  0.156259406749324
      vertex  0.000000000000000  0.906259406749315  0.250000000000000
    endloop
  endfacet
  facet normal  0.333315494955677 -0.666671126126805  0.666671126126871
    outer loop
      vertex  0.000000000000000  0.875007525490070  0.250000000000000
      vertex  0.249999999999975  0.875007525490070  0.125007525490083
      vertex  0.249999999999975  0.906259406749315  0.156259406749324
    endloop
  endfacet
  facet normal  0.242508140215471  0.000000000000000  0.970149370936885
    outer loop
      vertex  0.000000000000000  0.906259406749315  0.250000000000000
      vertex  0.249999999999975  0.937507525263538  0.187507525263544
      vertex  0.000000000000000  0.937507525263538  0.250000000000000
    endloop
  endfacet
  facet normal  0.256283269019688 -0.683490631252721  0.683490631252791
    outer loop
      vertex  0.000000000000000  0.906259406749315  0.250000000000000
      vertex  0.249999999999975  0.906259406749315  0.156259406749324
      vertex  0.249999999999975  0.937507525263538  0.187507525263544
    endloop
  endfacet
  facet normal  0.124012678341469  0.000000000000000  0.992280633495674
    outer loop
      vertex  0.000000000000000  0.937507525263538  0.250000000000000
      vertex  0.249999999999975  0.968755643777761  0.218755643777765
      vertex  0.000000000000000  0.968755643777761  0.250000000000000
    endloop
  endfacet
  facet normal  0.174057331302614 -0.696313164251445  0.696313164251512
    outer loop
      vertex  0.000000000000000  0.937507525263538  0.250000000000000
      vertex  0.249999999999975  0.937507525263538  0.187507525263544
      vertex  0.249999999999975  0.968755643777761  0.218755643777765
    endloop
  endfacet
  facet normal  0.000000000000000  0.000000000000000  1.000000000000000
    outer loop
      vertex  0.000000000000000  0.968755643777761  0.250000000000000
      vertex  0.249999999999975  1.000000000000000  0.250000000000000
      vertex  0.000000000000000  1.000000000000000  0.250000000000000
    endloop
  endfacet
  facet normal  0.088029312841584 -0.704361711083353  0.704361711083425
    outer loop
      vertex  0.000000000000000  0.968755643777761  0.250000000000000
      vertex  0.249999999999975  0.968755643777761  0.218755643777765
      vertex  0.249999999999975  1.000000000000000  0.250000000000000
    endloop
  endfacet
  facet normal -0.000000000000000 -0.000000000000000 -1.000000000000000
    outer loop
      vertex  0.000000000000000  0.750000000000025  0.000000000000000
      vertex  0.249999999999975  1.000000000000000  0.000000000000000
      vertex  0.249999999999975  0.750000000000025  0.000000000000050
    endloop
  endfacet
  facet normal  0.000000000000000 -0.000000000000000 -1.000000000000000
    outer loop
      vertex  0.000000000000000  0.750000000000025  0.000000000000000
      vertex  0.000000000000000  1.000000000000000  0.000000000000000
      vertex  0.249999999999975  1.000000000000000  0.000000000000000
    endloop
  endfacet
  facet normal -0.000000000000000 -1.000000000000000  0.000000000000000
    outer loop
      vertex  0.000000000000000  0.750000000000025  0.250000000000000
      vertex  0.000000000000000  0.750000000000025  0.000000000000000
      vertex  0.249999999999975  0.750000000000025  0.000000000000050
    endloop
  endfacet
  facet normal -0.000000000000000  1.000000000000000 -0.000000000000000
    outer loop
      vertex  0.000000000000000  1.000000000000000  0.250000000000000
      vertex  0.249999999999975  1.000000000000000  0.000000000000000
      vertex  0.000000000000000  1.000000000000000  0.000000000000000
    endloop
  endfacet
  facet normal  0.000000000000000  1.000000000000000  0.000000000000000
    outer loop
      vertex  0.000000000000000  1.000000000000000  0.250000000000000
      vertex  0.249999999999975  1.000000000000000  0.250000000000000
      vertex  0.249999999999975  1.000000000000000  0.000000000000000
    endloop
  endfacet
  facet normal  1.000000000000000 -0.000000000000800 -0.000000000000000
    outer loop
      vertex  0.249999999999975  1.000000000000000  0.000000000000000
      vertex  0.249999999999975  1.000000000000000  0.250000000000000
      vertex  0.249999999999975  0.968755643777761  0.218755643777765
    endloop
  endfacet
  facet normal  1.000000000000000 -0.000000000000100  0.000000000000100
    outer loop
      vertex  0.249999999999975  1.000000000000000  0.000000000000000
      vertex  0.249999999999975  0.968755643777761  0.218755643777765
      vertex  0.249999999999975  0.937507525263538  0.187507525263544
    endloop
  endfacet
  facet normal  1.000000000000000 -0.000000000000101  0.000000000000100
    outer loop
      vertex  0.249999999999975  1.000000000000000  0.000000000000000
      vertex  0.249999999999975  0.937507525263538  0.187507525263544
      vertex  0.249999999999975  0.906259406749315  0.156259406749324
    endloop
  endfacet
  facet normal  1.000000000000000 -0.000000000000100  0.000000000000100
    outer loop
      vertex  0.249999999999975  1.000000000000000  0.000000000000000
      vertex  0.249999999999975  0.906259406749315  0.156259406749324
      vertex  0.249999999999975  0.875007525490070  0.125007525490083
    endloop
  endfacet
  facet normal  1.000000000000000 -0.000000000000100  0.000000000000101
    outer loop
      vertex  0.249999999999975  1.000000000000000  0.000000000000000
      vertex  0.249999999999975  0.875007525490070  0.125007525490083
      vertex  0.249999999999975  0.843759406975847  0.093759406975863
    endloop
  endfacet
  facet normal  1.000000000000000 -0.000000000000100  0.000000000000099
    outer loop
      vertex  0.249999999999975  1.000000000000000  0.000000000000000
      vertex  0.249999999999975  0.843759406975847  0.093759406975863
      vertex  0.249999999999975  0.812507525716602  0.062507525716621
    endloop
  endfacet
  facet normal  1.000000000000000 -0.000000000000100  0.000000000000101
    outer loop
      vertex  0.249999999999975  1.000000000000000  0.000000000000000
      vertex  0.249999999999975  0.812507525716602  0.062507525716621
      vertex  0.249999999999975  0.781255644457358  0.031255644457379
    endloop
  endfacet
  facet normal  1.000000000000000 -0.000000000000000  0.000000000000800
    outer loop
      vertex  0.249999999999975  1.000000000000000  0.000000000000000
      vertex  0.249999999999975  0.781255644457358  0.031255644457379
      vertex  0.249999999999975  0.750000000000025  0.000000000000050
    endloop
  endfacet
  facet normal -1.000000000000000  0.000000000000000 -0.000000000000000
    outer loop
      vertex  0.000000000000000  0.750000000000025  0.000000000000000
      vertex  0.000000000000000  0.750000000000025  0.250000000000000
      vertex  0.000000000000000  0.781255644457358  0.250000000000000
    endloop
  endfacet
  facet normal -1.000000000000000  0.000000000000000 -0.000000000000000
    outer loop
      vertex  0.000000000000000  0.750000000000025  0.000000000000000
      vertex  0.000000000000000  0.781255644457358  0.250000000000000
      vertex  0.000000000000000  0.812507525716602  0.250000000000000
    endloop
  endfacet
  facet normal -1.000000000000000  0.000000000000000 -0.000000000000000
    outer loop
      vertex  0.000000000000000  0.750000000000025  0.000000000000000
      vertex  0.000000000000000  0.812507525716602  0.250000000000000
      vertex  0.000000000000000  0.843759406975847  0.250000000000000
    endloop
  endfacet
  facet normal -1.000000000000000  0.000000000000000 -0.000000000000000
    outer loop
      vertex  0.000000000000000  0.750000000000025  0.000000000000000
      vertex  0.000000000000000  0.843759406975847  0.250000000000000
      vertex  0.000000000000000  0.875007525490070  0.250000000000000
    endloop
  endfacet
  facet normal -1.000000000000000  0.000000000000000 -0.000000000000000
    outer loop
      vertex  0.000000000000000  0.750000000000025  0.000000000000000
      vertex  0.000000000000000  0.875007525490070  0.250000000000000
      vertex  0.000000000000000  0.906259406749315  0.250000000000000
    endloop
  endfacet
  facet normal -1.000000000000000  0.000000000000000 -0.000000000000000
    outer loop
      vertex  0.000000000000000  0.750000000000025  0.000000000000000
      vertex  0.000000000000000  0.906259406749315  0.250000000000000
      vertex  0.000000000000000  0.937507525263538  0.250000000000000
    endloop
  endfacet
  facet normal -1.000000000000000  0.000000000000000 -0.000000000000000
    outer loop
      vertex  0.000000000000000  0.750000000000025  0.000000000000000
      vertex  0.000000000000000  0.937507525263538  0.250000000000000
      vertex  0.000000000000000  0.968755643777761  0.250000000000000
    endloop
  endfacet
  facet normal -1.000000000000000 -0.000000000000000 -0.000000000000000
    outer loop
      vertex  0.000000000000000  0.750000000000025  0.000000000000000
      vertex  0.000000000000000  1.000000000000000  0.250000000000000
      vertex  0.000000000000000  1.000000000000000  0.000000000000000
    endloop
  endfacet
  facet normal -1.000000000000000 -0.000000000000000 -0.000000000000000
    outer loop
      vertex  0.000000000000000  0.750000000000025  0.000000000000000
      vertex  0.000000000000000  0.968755643777761  0.250000000000000
      vertex  0.000000000000000  1.000000000000000  0.250000000000000
    endloop
  endfacet
  facet normal -0.658494984175250 -0.000000000000000  0.752585115329846
    outer loop
      vertex  1.000000000000000  0.750000000000025  0.250000000000000
      vertex  1.000000000000000  0.781255644457358  0.250000000000000
      vertex  0.750000000000025  0.781255644457358  0.031255644457379
    endloop
  endfacet
  facet normal -0.577350269189607 -0.577350269189606  0.577350269189665
    outer loop
      vertex  1.000000000000000  0.750000000000025  0.250000000000000
      vertex  0.750000000000025  0.781255644457358  0.031255644457379
      vertex  0.750000000000025  0.750000000000025  0.000000000000050
    endloop
  endfacet
  facet normal -0.599984586998340 -0.000000000000000  0.800011559519256
    outer loop
      vertex  1.000000000000000  0.781255644457358  0.250000000000000
      vertex  1.000000000000000  0.812507525716602  0.250000000000000
      vertex  0.750000000000025  0.812507525716602  0.062507525716621
    endloop
  endfacet
  facet normal -0.526142401514499 -0.601321117760089  0.601321117760147
    outer loop
      vertex  1.000000000000000  0.781255644457358  0.250000000000000
      vertex  0.750000000000025  0.812507525716602  0.062507525716621
      vertex  0.750000000000025  0.781255644457358  0.031255644457379
    endloop
  endfacet
  facet normal -0.529975994056079 -0.000000000000000  0.848012644790318
    outer loop
      vertex  1.000000000000000  0.812507525716602  0.250000000000000
      vertex  1.000000000000000  0.843759406975847  0.250000000000000
      vertex  0.750000000000025  0.843759406975847  0.093759406975863
    endloop
  endfacet
  facet normal -0.468506608311621 -0.624700551451758  0.624700551451822
    outer loop
      vertex  1.000000000000000  0.812507525716602  0.250000000000000
      vertex  0.750000000000025  0.843759406975847  0.093759406975863
      vertex  0.750000000000025  0.812507525716602  0.062507525716621
    endloop
  endfacet
  facet normal -0.447192055901512 -0.000000000000000  0.894437960474945
    outer loop
      vertex  1.000000000000000  0.843759406975847  0.250000000000000
      vertex  1.000000000000000  0.875007525490070  0.250000000000000
      vertex  0.750000000000025  0.875007525490070  0.125007525490083
    endloop
  endfacet
  facet normal -0.404205681658538 -0.646768029093460  0.646768029093521
    outer loop
      vertex  1.000000000000000  0.843759406975847  0.250000000000000
      vertex  0.750000000000025  0.875007525490070  0.125007525490083
      vertex  0.750000000000025  0.843759406975847  0.093759406975863
    endloop
  endfacet
  facet normal -0.351092553339288 -0.000000000000000  0.936340760081339
    outer loop
      vertex  1.000000000000000  0.875007525490070  0.250000000000000
      vertex  1.000000000000000  0.906259406749315  0.250000000000000
      vertex  0.750000000000025  0.906259406749315  0.156259406749324
    endloop
  endfacet
  facet normal -0.333315494955676 -0.666671126126805  0.666671126126871
    outer loop
      vertex  1.000000000000000  0.875007525490070  0.250000000000000
      vertex  0.750000000000025  0.906259406749315  0.156259406749324
      vertex  0.750000000000025  0.875007525490070  0.125007525490083
    endloop
  endfacet
  facet normal -0.242508140215471 -0.000000000000000  0.970149370936885
    outer loop
      vertex  1.000000000000000  0.906259406749315  0.250000000000000
      vertex  1.000000000000000  0.937507525263538  0.250000000000000
      vertex  0.750000000000025  0.937507525263538  0.187507525263544
    endloop
  endfacet
  facet normal -0.256283269019688 -0.683490631252720  0.683490631252792
    outer loop
      vertex  1.000000000000000  0.906259406749315  0.250000000000000
      vertex  0.750000000000025  0.937507525263538  0.187507525263544
      vertex  0.750000000000025  0.906259406749315  0.156259406749324
    endloop
  endfacet
  facet normal -0.124012678341469 -0.000000000000000  0.992280633495674
    outer loop
      vertex  1.000000000000000  0.937507525263538  0.250000000000000
      vertex  1.000000000000000  0.968755643777761  0.250000000000000
      vertex  0.750000000000025  0.968755643777761  0.218755643777765
    endloop
  endfacet
  facet normal -0.174057331302614 -0.696313164251445  0.696313164251512
    outer loop
      vertex  1.000000000000000  0.937507525263538  0.250000000000000
      vertex  0.750000000000025  0.968755643777761  0.218755643777765
      vertex  0.750000000000025  0.937507525263538  0.187507525263544
    endloop
  endfacet
  facet normal  0.000000000000000  0.000000000000000  1.000000000000000
    outer loop
      vertex  1.000000000000000  0.968755643777761  0.250000000000000
      vertex  1.000000000000000  1.000000000000000  0.250000000000000
      vertex  0.750000000000025  1.000000000000000  0.250000000000000
    endloop
  endfacet
  facet normal -0.088029312841584 -0.704361711083352  0.704361711083425
    outer loop
      vertex  1.000000000000000  0.968755643777761  0.250000000000000
      vertex  0.750000000000025  1.000000000000000  0.250000000000000
      vertex  0.750000000000025  0.968755643777761  0.218755643777765
    endloop
  endfacet
  facet normal  0.000000000000000 -0.000000000000000 -1.000000000000000
    outer loop
      vertex  1.000000000000000  0.750000000000025  0.000000000000000
      vertex  0.750000000000025  1.000000000000000  0.000000000000000
      vertex  1.000000000000000  1.000000000000000  0.000000000000000
    endloop
  endfacet
  facet normal  0.000000000000000 -0.000000000000000 -1.000000000000000
    outer loop
      vertex  1.000000000000000  0.750000000000025  0.000000000000000
      vertex  0.750000000000025  0.750000000000025  0.000000000000050
      vertex  0.750000000000025  1.000000000000000  0.000000000000000
    endloop
  endfacet
  facet normal -0.000000000000000 -1.000000000000000 -0.000000000000000
    outer loop
      vertex  1.000000000000000  0.750000000000025  0.250000000000000
      vertex  0.750000000000025  0.750000000000025  0.000000000000050
      vertex  1.000000000000000  0.750000000000025  0.000000000000000
    endloop
  endfacet
  facet normal -0.000000000000000  1.000000000000000 -0.000000000000000
    outer loop
      vertex  1.000000000000000  1.000000000000000  0.250000000000000
      vertex  0.750000000000025  1.000000000000000  0.000000000000000
      vertex  0.750000000000025  1.000000000000000  0.250000000000000
    endloop
  endfacet
  facet normal -0.000000000000000  1.000000000000000 -0.000000000000000
    outer loop
      vertex  1.000000000000000  1.000000000000000  0.250000000000000
      vertex  1.000000000000000  1.000000000000000  0.000000000000000
      vertex  0.750000000000025  1.000000000000000  0.000000000000000
    endloop
  endfacet
  facet normal -1.000000000000000 -0.000000000000000  0.000000000000799
    outer loop
      vertex  0.750000000000025  1.000000000000000  0.000000000000000
      vertex  0.750000000000025  0.750000000000025  0.000000000000050
      vertex  0.750000000000025  0.781255644457358  0.031255644457379
    endloop
  endfacet
  facet normal -1.000000000000000 -0.000000000000100  0.000000000000100
    outer loop
      vertex  0.750000000000025  1.000000000000000  0.000000000000000
      vertex  0.750000000000025  0.781255644457358  0.031255644457379
      vertex  0.750000000000025  0.812507525716602  0.062507525716621
    endloop
  endfacet
  facet normal -1.000000000000000 -0.000000000000100  0.000000000000100
    outer loop
      vertex  0.750000000000025  1.000000000000000  0.000000000000000
      vertex  0.750000000000025  0.812507525716602  0.062507525716621
      vertex  0.750000000000025  0.843759406975847  0.093759406975863
    endloop
  endfacet
  facet normal -1.000000000000000 -0.000000000000101  0.000000000000098
    outer loop
      vertex  0.750000000000025  1.000000000000000  0.000000000000000
      vertex  0.750000000000025  0.843759406975847  0.093759406975863
      vertex  0.750000000000025  0.875007525490070  0.125007525490083
    endloop
  endfacet
  facet normal -1.000000000000000 -0.000000000000099  0.000000000000099
    outer loop
      vertex  0.750000000000025  1.000000000000000  0.000000000000000
      vertex  0.750000000000025  0.875007525490070  0.125007525490083
      vertex  0.750000000000025  0.906259406749315  0.156259406749324
    endloop
  endfacet
  facet normal -1.000000000000000 -0.000000000000097  0.000000000000101
    outer loop
      vertex  0.750000000000025  1.000000000000000  0.000000000000000
      vertex  0.750000000000025  0.906259406749315  0.156259406749324
      vertex  0.750000000000025  0.937507525263538  0.187507525263544
    endloop
  endfacet
  facet normal -1.000000000000000 -0.000000000000100  0.000000000000100
    outer loop
      vertex  0.750000000000025  1.000000000000000  0.000000000000000
      vertex  0.750000000000025  0.937507525263538  0.187507525263544
      vertex  0.750000000000025  0.968755643777761  0.218755643777765
    endloop
  endfacet
  facet normal -1.000000000000000 -0.000000000000800 -0.000000000000000
    outer loop
      vertex  0.750000000000025  1.000000000000000  0.000000000000000
      vertex  0.750000000000025  0.968755643777761  0.218755643777765
      vertex  0.750000000000025  1.000000000000000  0.250000000000000
    endloop
  endfacet
  facet normal  1.000000000000000  0.000000000000000  0.000000000000000
    outer loop
      vertex  1.000000000000000  1.000000000000000  0.000000000000000
      vertex  1.000000000000000  1.000000000000000  0.250000000000000
      vertex  1.000000000000000  0.968755643777761  0.250000000000000
    endloop
  endfacet
  facet normal  1.000000000000000  0.000000000000000  0.000000000000000
    outer loop
      vertex  1.000000000000000  1.000000000000000  0.000000000000000
      vertex  1.000000000000000  0.968755643777761  0.250000000000000
      vertex  1.000000000000000  0.937507525263538  0.250000000000000
    endloop
  endfacet
  facet normal  1.000000000000000  0.000000000000000  0.000000000000000
    outer loop
      vertex  1.000000000000000  1.000000000000000  0.000000000000000
      vertex  1.000000000000000  0.937507525263538  0.250000000000000
      vertex  1.000000000000000  0.906259406749315  0.250000000000000
    endloop
  endfacet
  facet normal  1.000000000000000  0.000000000000000  0.000000000000000
    outer loop
      vertex  1.000000000000000  1.000000000000000  0.000000000000000
      vertex  1.000000000000000  0.906259406749315  0.250000000000000
      vertex  1.000000000000000  0.875007525490070  0.250000000000000
    endloop
  endfacet
  facet normal  1.000000000000000  0.000000000000000  0.000000000000000
    outer loop
      vertex  1.000000000000000  1.000000000000000  0.000000000000000
      vertex  1.000000000000000  0.875007525490070  0.250000000000000
      vertex  1.000000000000000  0.843759406975847  0.250000000000000
    endloop
  endfacet
  facet normal  1.000000000000000  0.000000000000000  0.000000000000000
    outer loop
      vertex  1.000000000000000  1.000000000000000  0.000000000000000
      vertex  1.000000000000000  0.843759406975847  0.250000000000000
      vertex  1.000000000000000  0.812507525716602  0.250000000000000
    endloop
  endfacet
  facet normal  1.000000000000000  0.000000000000000  0.000000000000000
    outer loop
      vertex  1.000000000000000  1.000000000000000  0.000000000000000
      vertex  1.000000000000000  0.812507525716602  0.250000000000000
      vertex  1.000000000000000  0.781255644457358  0.250000000000000
    endloop
  endfacet
  facet normal  1.000000000000000 -0.000000000000000 -0.000000000000000
    outer loop
      vertex  1.000000000000000  1.000000000000000  0.000000000000000
      vertex  1.000000000000000  0.750000000000025  0.250000000000000
      vertex  1.000000000000000  0.750000000000025  0.000000000000000
    endloop
  endfacet
  facet normal  1.000000000000000 -0.000000000000000  0.000000000000000
    outer loop
      vertex  1.000000000000000  1.000000000000000  0.000000000000000
      vertex  1.000000000000000  0.781255644457358  0.250000000000000
      vertex  1.000000000000000  0.750000000000025  0.250000000000000
    endloop
  endfacet
  facet normal  0.658494984175250 -0.000000000000000 -0.752585115329846
    outer loop
      vertex  0.000000000000000  0.249999999999975  0.750000000000000
      vertex  0.249999999999975  0.218744355542643  0.968744355542621
      vertex  0.000000000000000  0.218744355542643  0.750000000000000
    endloop
  endfacet
  facet normal  0.577350269189607  0.577350269189606 -0.577350269189664
    outer loop
      vertex  0.000000000000000  0.249999999999975  0.750000000000000
      vertex  0.249999999999975  0.249999999999975  0.999999999999950
      vertex  0.249999999999975  0.218744355542643  0.968744355542621
    endloop
  endfacet
  facet normal  0.599984586998340 -0.000000000000000 -0.800011559519256
    outer loop
      vertex  0.000000000000000  0.218744355542643  0.750000000000000
      vertex  0.249999999999975  0.187492474283398  0.937492474283379
      vertex  0.000000000000000  0.187492474283398  0.750000000000000
    endloop
  endfacet
  facet normal  0.526142401514499  0.601321117760089 -0.601321117760147
    outer loop
      vertex  0.000000000000000  0.218744355542643  0.750000000000000
      vertex  0.249999999999975  0.218744355542643  0.968744355542621
      vertex  0.249999999999975  0.187492474283398  0.937492474283379
    endloop
  endfacet
  facet normal  0.529975994056079 -0.000000000000000 -0.848012644790318
    outer loop
      vertex  0.000000000000000  0.187492474283398  0.750000000000000
      vertex  0.249999999999975  0.156240593024153  0.906240593024138
      vertex  0.000000000000000  0.156240593024153  0.750000000000000
    endloop
  endfacet
  facet normal  0.468506608311621  0.624700551451758 -0.624700551451822
    outer loop
      vertex  0.000000000000000  0.187492474283398  0.750000000000000
      vertex  0.249999999999975  0.187492474283398  0.937492474283379
      vertex  0.249999999999975  0.156240593024153  0.906240593024138
    endloop
  endfacet
  facet normal  0.447192055901513 -0.000000000000000 -0.894437960474945
    outer loop
      vertex  0.000000000000000  0.156240593024153  0.750000000000000
      vertex  0.249999999999975  0.124992474509930  0.874992474509917
      vertex  0.000000000000000  0.124992474509930  0.750000000000000
    endloop
  endfacet
  facet normal  0.404205681658539  0.646768029093458 -0.646768029093523
    outer loop
      vertex  0.000000000000000  0.156240593024153  0.750000000000000
      vertex  0.249999999999975  0.156240593024153  0.906240593024138
      vertex  0.249999999999975  0.124992474509930  0.874992474509917
    endloop
  endfacet
  facet normal  0.351092553339288 -0.000000000000000 -0.936340760081339
    outer loop
      vertex  0.000000000000000  0.124992474509930  0.750000000000000
      vertex  0.249999999999975  0.093740593250685  0.843740593250676
      vertex  0.000000000000000  0.093740593250685  0.750000000000000
    endloop
  endfacet
  facet normal  0.333315494955676  0.666671126126806 -0.666671126126870
    outer loop
      vertex  0.000000000000000  0.124992474509930  0.750000000000000
      vertex  0.249999999999975  0.124992474509930  0.874992474509917
      vertex  0.249999999999975  0.093740593250685  0.843740593250676
    endloop
  endfacet
  facet normal  0.242508140215471 -0.000000000000000 -0.970149370936885
    outer loop
      vertex  0.000000000000000  0.093740593250685  0.750000000000000
      vertex  0.249999999999975  0.062492474736462  0.812492474736456
      vertex  0.000000000000000  0.062492474736462  0.750000000000000
    endloop
  endfacet
  facet normal  0.256283269019688  0.683490631252721 -0.683490631252792
    outer loop
      vertex  0.000000000000000  0.093740593250685  0.750000000000000
      vertex  0.249999999999975  0.093740593250685  0.843740593250676
      vertex  0.249999999999975  0.062492474736462  0.812492474736456
    endloop
  endfacet
  facet normal  0.124012678341469 -0.000000000000000 -0.992280633495674
    outer loop
      vertex  0.000000000000000  0.062492474736462  0.750000000000000
      vertex  0.249999999999975  0.031244356222239  0.781244356222235
      vertex  0.000000000000000  0.031244356222239  0.750000000000000
    endloop
  endfacet
  facet normal  0.174057331302614  0.696313164251444 -0.696313164251513
    outer loop
      vertex  0.000000000000000  0.062492474736462  0.750000000000000
      vertex  0.249999999999975  0.062492474736462  0.812492474736456
      vertex  0.249999999999975  0.031244356222239  0.781244356222235
    endloop
  endfacet
  facet normal -0.000000000000000  0.000000000000000 -1.000000000000000
    outer loop
      vertex  0.000000000000000  0.031244356222239  0.750000000000000
      vertex  0.249999999999975  0.000000000000000  0.750000000000000
      vertex  0.000000000000000  0.000000000000000  0.750000000000000
    endloop
  endfacet
  facet normal  0.088029312841584  0.704361711083354 -0.704361711083424
    outer loop
      vertex  0.000000000000000  0.031244356222239  0.750000000000000
      vertex  0.249999999999975  0.031244356222239  0.781244356222235
      vertex  0.249999999999975  0.000000000000000  0.750000000000000
    endloop
  endfacet
  facet normal -0.000000000000000 -0.000000000000000  1.000000000000000
    outer loop
      vertex  0.000000000000000  0.249999999999975  1.000000000000000
      vertex  0.249999999999975  0.000000000000000  1.000000000000000
      vertex  0.249999999999975  0.249999999999975  0.999999999999950
    endloop
  endfacet
  facet normal -0.000000000000000 -0.000000000000000  1.000000000000000
    outer loop
      vertex  0.000000000000000  0.249999999999975  1.000000000000000
      vertex  0.000000000000000  0.000000000000000  1.000000000000000
      vertex  0.249999999999975  0.000000000000000  1.000000000000000
    endloop
  endfacet
  facet normal -0.000000000000000  1.000000000000000  0.000000000000000
    outer loop
      vertex  0.000000000000000  0.249999999999975  0.750000000000000
      vertex  0.000000000000000  0.249999999999975  1.000000000000000
      vertex  0.249999999999975  0.249999999999975  0.999999999999950
    endloop
  endfacet
  facet normal -0.000000000000000 -1.000000000000000 -0.000000000000000
    outer loop
      vertex  0.000000000000000  0.000000000000000  0.750000000000000
      vertex  0.249999999999975  0.000000000000000  1.000000000000000
      vertex  0.000000000000000  0.000000000000000  1.000000000000000
    endloop
  endfacet
  facet normal -0.000000000000000 -1.000000000000000  0.000000000000000
    outer loop
      vertex  0.000000000000000  0.000000000000000  0.750000000000000
      vertex  0.249999999999975  0.000000000000000  0.750000000000000
      vertex  0.249999999999975  0.000000000000000  1.000000000000000
    endloop
  endfacet
  facet normal  1.000000000000000  0.000000000000800 -0.000000000000000
    outer loop
      vertex  0.249999999999975  0.000000000000000  1.000000000000000
      vertex  0.249999999999975  0.000000000000000  0.750000000000000
      vertex  0.249999999999975  0.031244356222239  0.781244356222235
    endloop
  endfacet
  facet normal  1.000000000000000  0.000000000000100 -0.000000000000100
    outer loop
      vertex  0.249999999999975  0.000000000000000  1.000000000000000
      vertex  0.249999999999975  0.031244356222239  0.781244356222235
      vertex  0.249999999999975  0.062492474736462  0.812492474736456
    endloop
  endfacet
  facet normal  1.000000000000000  0.000000000000101 -0.000000000000100
    outer loop
      vertex  0.249999999999975  0.000000000000000  1.000000000000000
      vertex  0.249999999999975  0.062492474736462  0.812492474736456
      vertex  0.249999999999975  0.093740593250685  0.843740593250676
    endloop
  endfacet
  facet normal  1.000000000000000  0.000000000000100 -0.000000000000100
    outer loop
      vertex  0.249999999999975  0.000000000000000  1.000000000000000
      vertex  0.249999999999975  0.093740593250685  0.843740593250676
      vertex  0.249999999999975  0.124992474509930  0.874992474509917
    endloop
  endfacet
  facet normal  1.000000000000000  0.000000000000100 -0.000000000000101
    outer loop
      vertex  0.249999999999975  0.000000000000000  1.000000000000000
      vertex  0.249999999999975  0.124992474509930  0.874992474509917
      vertex  0.249999999999975  0.156240593024153  0.906240593024138
    endloop
  endfacet
  facet normal  1.000000000000000  0.000000000000100 -0.000000000000099
    outer loop
      vertex  0.249999999999975  0.000000000000000  1.000000000000000
      vertex  0.249999999999975  0.156240593024153  0.906240593024138
      vertex  0.249999999999975  0.187492474283398  0.937492474283379
    endloop
  endfacet
  facet normal  1.000000000000000  0.000000000000100 -0.000000000000101
    outer loop
      vertex  0.249999999999975  0.000000000000000  1.000000000000000
      vertex  0.249999999999975  0.187492474283398  0.937492474283379
      vertex  0.249999999999975  0.218744355542643  0.968744355542621
    endloop
  endfacet
  facet normal  1.000000000000000 -0.000000000000000 -0.000000000000800
    outer loop
      vertex  0.249999999999975  0.000000000000000  1.000000000000000
      vertex  0.249999999999975  0.218744355542643  0.968744355542621
      vertex  0.249999999999975  0.249999999999975  0.999999999999950
    endloop
  endfacet
  facet normal -1.000000000000000 -0.000000000000000  0.000000000000000
    outer loop
      vertex  0.000000000000000  0.249999999999975  1.000000000000000
      vertex  0.000000000000000  0.249999999999975  0.750000000000000
      vertex  0.000000000000000  0.218744355542643  0.750000000000000
    endloop
  endfacet
  facet normal -1.000000000000000 -0.000000000000000  0.000000000000000
    outer loop
      vertex  0.000000000000000  0.249999999999975  1.000000000000000
      vertex  0.000000000000000  0.218744355542643  0.750000000000000
      vertex  0.000000000000000  0.187492474283398  0.750000000000000
    endloop
  endfacet
  facet normal -1.000000000000000 -0.000000000000000  0.000000000000000
    outer loop
      vertex  0.000000000000000  0.249999999999975  1.000000000000000
      vertex  0.000000000000000  0.187492474283398  0.750000000000000
      vertex  0.000000000000000  0.156240593024153  0.750000000000000
    endloop
  endfacet
  facet normal -1.000000000000000  0.000000000000000 -0.000000000000000
    outer loop
      vertex  0.000000000000000  0.249999999999975  1.000000000000000
      vertex  0.000000000000000  0.156240593024153  0.750000000000000
      vertex  0.000000000000000  0.124992474509930  0.750000000000000
    endloop
  endfacet
  facet normal -1.000000000000000 -0.000000000000000  0.000000000000000
    outer loop
      vertex  0.000000000000000  0.249999999999975  1.000000000000000
      vertex  0.000000000000000  0.124992474509930  0.750000000000000
      vertex  0.000000000000000  0.093740593250685  0.750000000000000
    endloop
  endfacet
  facet normal -1.000000000000000 -0.000000000000000  0.000000000000000
    outer loop
      vertex  0.000000000000000  0.249999999999975  1.000000000000000
      vertex  0.000000000000000  0.093740593250685  0.750000000000000
      vertex  0.000000000000000  0.062492474736462  0.750000000000000
    endloop
  endfacet
  facet normal -1.000000000000000 -0.000000000000000  0.000000000000000
    outer loop
      vertex  0.000000000000000  0.249999999999975  1.000000000000000
      vertex  0.000000000000000  0.062492474736462  0.750000000000000
      vertex  0.000000000000000  0.031244356222239  0.750000000000000
    endloop
  endfacet
  facet normal -1.000000000000000 -0.000000000000000 -0.000000000000000
    outer loop
      vertex  0.000000000000000  0.249999999999975  1.000000000000000
      vertex  0.000000000000000  0.000000000000000  0.750000000000000
      vertex  0.000000000000000  0.000000000000000  1.000000000000000
    endloop
  endfacet
  facet normal -1.000000000000000  0.000000000000000 -0.000000000000000
    outer loop
      vertex  0.000000000000000  0.249999999999975  1.000000000000000
      vertex  0.000000000000000  0.031244356222239  0.750000000000000
      vertex  0.000000000000000  0.000000000000000  0.750000000000000
    endloop
  endfacet
  facet normal -0.658494984175250 -0.000000000000000 -0.752585115329846
    outer loop
      vertex  1.000000000000000  0.249999999999975  0.750000000000000
      vertex  1.000000000000000  0.218744355542643  0.750000000000000
      vertex  0.750000000000025  0.218744355542643  0.968744355542621
    endloop
  endfacet
  facet normal -0.577350269189607  0.577350269189606 -0.577350269189664
    outer loop
      vertex  1.000000000000000  0.249999999999975  0.750000000000000
      vertex  0.750000000000025  0.218744355542643  0.968744355542621
      vertex  0.750000000000025  0.249999999999975  0.999999999999950
    endloop
  endfacet
  facet normal -0.599984586998340 -0.000000000000000 -0.800011559519256
    outer loop
      vertex  1.000000000000000  0.218744355542643  0.750000000000000
      vertex  1.000000000000000  0.187492474283398  0.750000000000000
      vertex  0.750000000000025  0.187492474283398  0.937492474283379
    endloop
  endfacet
  facet normal -0.526142401514499  0.601321117760089 -0.601321117760147
    outer loop
      vertex  1.000000000000000  0.218744355542643  0.750000000000000
      vertex  0.750000000000025  0.187492474283398  0.937492474283379
      vertex  0.750000000000025  0.218744355542643  0.968744355542621
    endloop
  endfacet
  facet normal -0.529975994056079 -0.000000000000000 -0.848012644790318
    outer loop
      vertex  1.000000000000000  0.187492474283398  0.750000000000000
      vertex  1.000000000000000  0.156240593024153  0.750000000000000
      vertex  0.750000000000025  0.156240593024153  0.906240593024138
    endloop
  endfacet
  facet normal -0.468506608311621  0.624700551451758 -0.624700551451822
    outer loop
      vertex  1.000000000000000  0.187492474283398  0.750000000000000
      vertex  0.750000000000025  0.156240593024153  0.906240593024138
      vertex  0.750000000000025  0.187492474283398  0.937492474283379
    endloop
  endfacet
  facet normal -0.447192055901512 -0.000000000000000 -0.894437960474945
    outer loop
      vertex  1.000000000000000  0.156240593024153  0.750000000000000
      vertex  1.000000000000000  0.124992474509930  0.750000000000000
      vertex  0.750000000000025  0.124992474509930  0.874992474509917
    endloop
  endfacet
  facet normal -0.404205681658538  0.646768029093459 -0.646768029093522
    outer loop
      vertex  1.000000000000000  0.156240593024153  0.750000000000000
      vertex  0.750000000000025  0.124992474509930  0.874992474509917
      vertex  0.750000000000025  0.156240593024153  0.906240593024138
    endloop
  endfacet
  facet normal -0.351092553339288 -0.000000000000000 -0.936340760081339
    outer loop
      vertex  1.000000000000000  0.124992474509930  0.750000000000000
      vertex  1.000000000000000  0.093740593250685  0.750000000000000
      vertex  0.750000000000025  0.093740593250685  0.843740593250676
    endloop
  endfacet
  facet normal -0.333315494955676  0.666671126126806 -0.666671126126870
    outer loop
      vertex  1.000000000000000  0.124992474509930  0.750000000000000
      vertex  0.750000000000025  0.093740593250685  0.843740593250676
      vertex  0.750000000000025  0.124992474509930  0.874992474509917
    endloop
  endfacet
  facet normal -0.242508140215470 -0.000000000000000 -0.970149370936885
    outer loop
      vertex  1.000000000000000  0.093740593250685  0.750000000000000
      vertex  1.000000000000000  0.062492474736462  0.750000000000000
      vertex  0.750000000000025  0.062492474736462  0.812492474736456
    endloop
  endfacet
  facet normal -0.256283269019688  0.683490631252720 -0.683490631252792
    outer loop
      vertex  1.000000000000000  0.093740593250685  0.750000000000000
      vertex  0.750000000000025  0.062492474736462  0.812492474736456
      vertex  0.750000000000025  0.093740593250685  0.843740593250676
    endloop
  endfacet
  facet normal -0.124012678341469 -0.000000000000000 -0.992280633495674
    outer loop
      vertex  1.000000000000000  0.062492474736462  0.750000000000000
      vertex  1.000000000000000  0.031244356222239  0.750000000000000
      vertex  0.750000000000025  0.031244356222239  0.781244356222235
    endloop
  endfacet
  facet normal -0.174057331302614  0.696313164251444 -0.696313164251513
    outer loop
      vertex  1.000000000000000  0.062492474736462  0.750000000000000
      vertex  0.750000000000025  0.031244356222239  0.781244356222235
      vertex  0.750000000000025  0.062492474736462  0.812492474736456
    endloop
  endfacet
  facet normal -0.000000000000000  0.000000000000000 -1.000000000000000
    outer loop
      vertex  1.000000000000000  0.031244356222239  0.750000000000000
      vertex  1.000000000000000  0.000000000000000  0.750000000000000
      vertex  0.750000000000025  0.000000000000000  0.750000000000000
    endloop
  endfacet
  facet normal -0.088029312841584  0.704361711083354 -0.704361711083424
    outer loop
      vertex  1.000000000000000  0.031244356222239  0.750000000000000
      vertex  0.750000000000025  0.000000000000000  0.750000000000000
      vertex  0.750000000000025  0.031244356222239  0.781244356222235
    endloop
  endfacet
  facet normal -0.000000000000000 -0.000000000000000  1.000000000000000
    outer loop
      vertex  1.000000000000000  0.249999999999975  1.000000000000000
      vertex  0.750000000000025  0.000000000000000  1.000000000000000
      vertex  1.000000000000000  0.000000000000000  1.000000000000000
    endloop
  endfacet
  facet normal -0.000000000000000 -0.000000000000000  1.000000000000000
    outer loop
      vertex  1.000000000000000  0.249999999999975  1.000000000000000
      vertex  0.750000000000025  0.249999999999975  0.999999999999950
      vertex  0.750000000000025  0.000000000000000  1.000000000000000
    endloop
  endfacet
  facet normal -0.000000000000000  1.000000000000000 -0.000000000000000
    outer loop
      vertex  1.000000000000000  0.249999999999975  0.750000000000000
      vertex  0.750000000000025  0.249999999999975  0.999999999999950
      vertex  1.000000000000000  0.249999999999975  1.000000000000000
    endloop
  endfacet
  facet normal  0.000000000000000 -1.000000000000000 -0.000000000000000
    outer loop
      vertex  1.000000000000000  0.000000000000000  0.750000000000000
      vertex  0.750000000000025  0.000000000000000  1.000000000000000
      vertex  0.750000000000025  0.000000000000000  0.750000000000000
    endloop
  endfacet
  facet normal -0.000000000000000 -1.000000000000000 -0.000000000000000
    outer loop
      vertex  1.000000000000000  0.000000000000000  0.750000000000000
      vertex  1.000000000000000  0.000000000000000  1.000000000000000
      vertex  0.750000000000025  0.000000000000000  1.000000000000000
    endloop
  endfacet
  facet normal -1.000000000000000 -0.000000000000000 -0.000000000000799
    outer loop
      vertex  0.750000000000025  0.000000000000000  1.000000000000000
      vertex  0.750000000000025  0.249999999999975  0.999999999999950
      vertex  0.750000000000025  0.218744355542643  0.968744355542621
    endloop
  endfacet
  facet normal -1.000000000000000  0.000000000000100 -0.000000000000100
    outer loop
      vertex  0.750000000000025  0.000000000000000  1.000000000000000
      vertex  0.750000000000025  0.218744355542643  0.968744355542621
      vertex  0.750000000000025  0.187492474283398  0.937492474283379
    endloop
  endfacet
  facet normal -1.000000000000000  0.000000000000100 -0.000000000000100
    outer loop
      vertex  0.750000000000025  0.000000000000000  1.000000000000000
      vertex  0.750000000000025  0.187492474283398  0.937492474283379
      vertex  0.750000000000025  0.156240593024153  0.906240593024138
    endloop
  endfacet
  facet normal -1.000000000000000  0.000000000000101 -0.000000000000098
    outer loop
      vertex  0.750000000000025  0.000000000000000  1.000000000000000
      vertex  0.750000000000025  0.156240593024153  0.906240593024138
      vertex  0.750000000000025  0.124992474509930  0.874992474509917
    endloop
  endfacet
  facet normal -1.000000000000000  0.000000000000099 -0.000000000000099
    outer loop
      vertex  0.750000000000025  0.000000000000000  1.000000000000000
      vertex  0.750000000000025  0.124992474509930  0.874992474509917
      vertex  0.750000000000025  0.093740593250685  0.843740593250676
    endloop
  endfacet
  facet normal -1.000000000000000  0.000000000000097 -0.000000000000101
    outer loop
      vertex  0.750000000000025  0.000000000000000  1.000000000000000
      vertex  0.750000000000025  0.093740593250685  0.843740593250676
      vertex  0.750000000000025  0.062492474736462  0.812492474736456
    endloop
  endfacet
  facet normal -1.000000000000000  0.000000000000100 -0.000000000000100
    outer loop
      vertex  0.750000000000025  0.000000000000000  1.000000000000000
      vertex  0.750000000000025  0.062492474736462  0.812492474736456
      vertex  0.750000000000025  0.031244356222239  0.781244356222235
    endloop
  endfacet
  facet normal -1.000000000000000  0.000000000000800 -0.000000000000000
    outer loop
      vertex  0.750000000000025  0.000000000000000  1.000000000000000
      vertex  0.750000000000025  0.031244356222239  0.781244356222235
      vertex  0.750000000000025  0.000000000000000  0.750000000000000
    endloop
  endfacet
  facet normal  1.000000000000000 -0.000000000000000 -0.000000000000000
    outer loop
      vertex  1.000000000000000  0.000000000000000  1.000000000000000
      vertex  1.000000000000000  0.000000000000000  0.750000000000000
      vertex  1.000000000000000  0.031244356222239  0.750000000000000
    endloop
  endfacet
  facet normal  1.000000000000000 -0.000000000000000 -0.000000000000000
    outer loop
      vertex  1.000000000000000  0.000000000000000  1.000000000000000
      vertex  1.000000000000000  0.031244356222239  0.750000000000000
      vertex  1.000000000000000  0.062492474736462  0.750000000000000
    endloop
  endfacet
  facet normal  1.000000000000000 -0.000000000000000 -0.000000000000000
    outer loop
      vertex  1.000000000000000  0.000000000000000  1.000000000000000
      vertex  1.000000000000000  0.062492474736462  0.750000000000000
      vertex  1.000000000000000  0.093740593250685  0.750000000000000
    endloop
  endfacet
  facet normal  1.000000000000000 -0.000000000000000 -0.000000000000000
    outer loop
      vertex  1.000000000000000  0.000000000000000  1.000000000000000
      vertex  1.000000000000000  0.093740593250685  0.750000000000000
      vertex  1.000000000000000  0.124992474509930  0.750000000000000
    endloop
  endfacet
  facet normal  1.000000000000000 -0.000000000000000 -0.000000000000000
    outer loop
      vertex  1.000000000000000  0.000000000000000  1.000000000000000
      vertex  1.000000000000000  0.124992474509930  0.750000000000000
      vertex  1.000000000000000  0.156240593024153  0.750000000000000
    endloop
  endfacet
  facet normal  1.000000000000000 -0.000000000000000 -0.000000000000000
    outer loop
      vertex  1.000000000000000  0.000000000000000  1.000000000000000
      vertex  1.000000000000000  0.156240593024153  0.750000000000000
      vertex  1.000000000000000  0.187492474283398  0.750000000000000
    endloop
  endfacet
  facet normal  1.000000000000000 -0.000000000000000 -0.000000000000000
    outer loop
      vertex  1.000000000000000  0.000000000000000  1.000000000000000
      vertex  1.000000000000000  0.187492474283398  0.750000000000000
      vertex  1.000000000000000  0.218744355542643  0.750000000000000
    endloop
  endfacet
  facet normal  1.000000000000000 -0.000000000000000 -0.000000000000000
    outer loop
      vertex  1.000000000000000  0.000000000000000  1.000000000000000
      vertex  1.000000000000000  0.249999999999975  0.750000000000000
      vertex  1.000000000000000  0.249999999999975  1.000000000000000
    endloop
  endfacet
  facet normal  1.000000000000000 -0.000000000000000 -0.000000000000000
    outer loop
      vertex  1.000000000000000  0.000000000000000  1.000000000000000
      vertex  1.000000000000000  0.218744355542643  0.750000000000000
      vertex  1.000000000000000  0.249999999999975  0.750000000000000
    endloop
  endfacet
  facet normal  0.371376026969081 -0.557075219600034 -0.742796773216089
    outer loop
      vertex  0.187492474283398  0.750000000000025  0.937492474283379
      vertex  0.187492474283398  0.875007525490070  0.843740593250685
      vertex  0.249999999999975  0.875007525490070  0.874992474509917
    endloop
  endfacet
  facet normal  0.577350269189606 -0.577350269189607 -0.577350269189664
    outer loop
      vertex  0.187492474283398  0.750000000000025  0.937492474283379
      vertex  0.249999999999975  0.875007525490070  0.874992474509917
      vertex  0.249999999999975  0.750000000000025  0.999999999999950
    endloop
  endfacet
  facet normal  0.000000000000000 -0.599984586998340 -0.800011559519256
    outer loop
      vertex  0.187492474283398  0.875007525490070  0.843740593250685
      vertex  0.187492474283398  1.000000000000000  0.750000000000000
      vertex  0.249999999999975  1.000000000000000  0.750000000000000
    endloop
  endfacet
  facet normal  0.333315494955677 -0.666671126126804 -0.666671126126871
    outer loop
      vertex  0.187492474283398  0.875007525490070  0.843740593250685
      vertex  0.249999999999975  1.000000000000000  0.750000000000000
      vertex  0.249999999999975  0.875007525490070  0.874992474509917
    endloop
  endfacet
  facet normal  0.408231904538858 -0.408231904538858 -0.816512966359478
    outer loop
      vertex  0.124992474509930  0.750000000000025  0.874992474509917
      vertex  0.124992474509930  0.875007525490070  0.812492474736462
      vertex  0.187492474283398  0.875007525490070  0.843740593250685
    endloop
  endfacet
  facet normal  0.624700551451759 -0.468506608311621 -0.624700551451821
    outer loop
      vertex  0.124992474509930  0.750000000000025  0.874992474509917
      vertex  0.187492474283398  0.875007525490070  0.843740593250685
      vertex  0.187492474283398  0.750000000000025  0.937492474283379
    endloop
  endfacet
  facet normal  0.000000000000000 -0.447192055901512 -0.894437960474945
    outer loop
      vertex  0.124992474509930  0.875007525490070  0.812492474736462
      vertex  0.124992474509930  1.000000000000000  0.750000000000000
      vertex  0.187492474283398  1.000000000000000  0.750000000000000
    endloop
  endfacet
  facet normal  0.371376026969082 -0.557075219600033 -0.742796773216089
    outer loop
      vertex  0.124992474509930  0.875007525490070  0.812492474736462
      vertex  0.187492474283398  1.000000000000000  0.750000000000000
      vertex  0.187492474283398  0.875007525490070  0.843740593250685
    endloop
  endfacet
  facet normal  0.436417011876337 -0.218195368930612 -0.872886574946690
    outer loop
      vertex  0.062492474736462  0.750000000000025  0.812492474736456
      vertex  0.062492474736462  0.875007525490070  0.781244356222238
      vertex  0.124992474509930  0.875007525490070  0.812492474736462
    endloop
  endfacet
  facet normal  0.666671126126804 -0.333315494955677 -0.666671126126871
    outer loop
      vertex  0.062492474736462  0.750000000000025  0.812492474736456
      vertex  0.124992474509930  0.875007525490070  0.812492474736462
      vertex  0.124992474509930  0.750000000000025  0.874992474509917
    endloop
  endfacet
  facet normal  0.000000000000000 -0.242508140215469 -0.970149370936885
    outer loop
      vertex  0.062492474736462  0.875007525490070  0.781244356222238
      vertex  0.062492474736462  1.000000000000000  0.750000000000000
      vertex  0.124992474509930  1.000000000000000  0.750000000000000
    endloop
  endfacet
  facet normal  0.408231904538857 -0.408231904538856 -0.816512966359479
    outer loop
      vertex  0.062492474736462  0.875007525490070  0.781244356222238
      vertex  0.124992474509930  1.000000000000000  0.750000000000000
      vertex  0.124992474509930  0.875007525490070  0.812492474736462
    endloop
  endfacet
  facet normal  0.447192055901511 -0.000000000000000 -0.894437960474945
    outer loop
      vertex  0.000000000000000  0.750000000000025  0.750000000000000
      vertex  0.000000000000000  0.875007525490070  0.750000000000000
      vertex  0.062492474736462  0.875007525490070  0.781244356222238
    endloop
  endfacet
  facet normal  0.696313164251443 -0.174057331302615 -0.696313164251513
    outer loop
      vertex  0.000000000000000  0.750000000000025  0.750000000000000
      vertex  0.062492474736462  0.875007525490070  0.781244356222238
      vertex  0.062492474736462  0.750000000000025  0.812492474736456
    endloop
  endfacet
  facet normal  0.000000000000000 -0.000000000000000 -1.000000000000000
    outer loop
      vertex  0.000000000000000  0.875007525490070  0.750000000000000
      vertex  0.000000000000000  1.000000000000000  0.750000000000000
      vertex  0.062492474736462  1.000000000000000  0.750000000000000
    endloop
  endfacet
  facet normal  0.436417011876335 -0.218195368930610 -0.872886574946691
    outer loop
      vertex  0.000000000000000  0.875007525490070  0.750000000000000
      vertex  0.062492474736462  1.000000000000000  0.750000000000000
      vertex  0.062492474736462  0.875007525490070  0.781244356222238
    endloop
  endfacet
  facet normal  0.000000000000000  0.000000000000000  1.000000000000000
    outer loop
      vertex  0.000000000000000  0.750000000000025  1.000000000000000
      vertex  0.249999999999975  1.000000000000000  1.000000000000000
      vertex  0.000000000000000  1.000000000000000  1.000000000000000
    endloop
  endfacet
  facet normal  0.000000000000000 -0.000000000000000  1.000000000000000
    outer loop
      vertex  0.000000000000000  0.750000000000025  1.000000000000000
      vertex  0.249999999999975  0.750000000000025  0.999999999999950
      vertex  0.249999999999975  1.000000000000000  1.000000000000000
    endloop
  endfacet
  facet normal  0.000000000000400 -1.000000000000000 -0.000000000000000
    outer loop
      vertex  0.000000000000000  0.750000000000025  1.000000000000000
      vertex  0.000000000000000  0.750000000000025  0.750000000000000
      vertex  0.062492474736462  0.750000000000025  0.812492474736456
    endloop
  endfacet
  facet normal  0.000000000000100 -1.000000000000000 -0.000000000000100
    outer loop
      vertex  0.000000000000000  0.750000000000025  1.000000000000000
      vertex  0.062492474736462  0.750000000000025  0.812492474736456
      vertex  0.124992474509930  0.750000000000025  0.874992474509917
    endloop
  endfacet
  facet normal  0.000000000000100 -1.000000000000000 -0.000000000000100
    outer loop
      vertex  0.000000000000000  0.750000000000025  1.000000000000000
      vertex  0.124992474509930  0.750000000000025  0.874992474509917
      vertex  0.187492474283398  0.750000000000025  0.937492474283379
    endloop
  endfacet
  facet normal -0.000000000000000 -1.000000000000000 -0.000000000000400
    outer loop
      vertex  0.000000000000000  0.750000000000025  1.000000000000000
      vertex  0.187492474283398  0.750000000000025  0.937492474283379
      vertex  0.249999999999975  0.750000000000025  0.999999999999950
    endloop
  endfacet
  facet normal  0.000000000000000  1.000000000000000 -0.000000000000000
    outer loop
      vertex  0.249999999999975  1.000000000000000  1.000000000000000
      vertex  0.249999999999975  1.000000000000000  0.750000000000000
      vertex  0.187492474283398  1.000000000000000  0.750000000000000
    endloop
  endfacet
  facet normal -0.000000000000000  1.000000000000000  0.000000000000000
    outer loop
      vertex  0.249999999999975  1.000000000000000  1.000000000000000
      vertex  0.187492474283398  1.000000000000000  0.750000000000000
      vertex  0.124992474509930  1.000000000000000  0.750000000000000
    endloop
  endfacet
  facet normal -0.000000000000000  1.000000000000000 -0.000000000000000
    outer loop
      vertex  0.249999999999975  1.000000000000000  1.000000000000000
      vertex  0.124992474509930  1.000000000000000  0.750000000000000
      vertex  0.062492474736462  1.000000000000000  0.750000000000000
    endloop
  endfacet
  facet normal -0.000000000000000  1.000000000000000 -0.000000000000000
    outer loop
      vertex  0.249999999999975  1.000000000000000  1.000000000000000
      vertex  0.000000000000000  1.000000000000000  0.750000000000000
      vertex  0.000000000000000  1.000000000000000  1.000000000000000
    endloop
  endfacet
  facet normal -0.000000000000000  1.000000000000000 -0.000000000000000
    outer loop
      vertex  0.249999999999975  1.000000000000000  1.000000000000000
      vertex  0.062492474736462  1.000000000000000  0.750000000000000
      vertex  0.000000000000000  1.000000000000000  0.750000000000000
    endloop
  endfacet
  facet normal  1.000000000000000 -0.000000000000000 -0.000000000000200
    outer loop
      vertex  0.249999999999975  1.000000000000000  1.000000000000000
      vertex  0.249999999999975  0.750000000000025  0.999999999999950
      vertex  0.249999999999975  0.875007525490070  0.874992474509917
    endloop
  endfacet
  facet normal  1.000000000000000 -0.000000000000200 -0.000000000000000
    outer loop
      vertex  0.249999999999975  1.000000000000000  1.000000000000000
      vertex  0.249999999999975  0.875007525490070  0.874992474509917
      vertex  0.249999999999975  1.000000000000000  0.750000000000000
    endloop
  endfacet
  facet normal -1.000000000000000 -0.000000000000000  0.000000000000000
    outer loop
      vertex  0.000000000000000  1.000000000000000  1.000000000000000
      vertex  0.000000000000000  1.000000000000000  0.750000000000000
      vertex  0.000000000000000  0.875007525490070  0.750000000000000
    endloop
  endfacet
  facet normal -1.000000000000000 -0.000000000000000 -0.000000000000000
    outer loop
      vertex  0.000000000000000  1.000000000000000  1.000000000000000
      vertex  0.000000000000000  0.750000000000025  0.750000000000000
      vertex  0.000000000000000  0.750000000000025  1.000000000000000
    endloop
  endfacet
  facet normal -1.000000000000000 -0.000000000000000  0.000000000000000
    outer loop
      vertex  0.000000000000000  1.000000000000000  1.000000000000000
      vertex  0.000000000000000  0.875007525490070  0.750000000000000
      vertex  0.000000000000000  0.750000000000025  0.750000000000000
    endloop
  endfacet
  facet normal -0.658494984175250 -0.000000000000000 -0.752585115329846
    outer loop
      vertex  1.000000000000000  0.750000000000025  0.750000000000000
      vertex  0.750000000000025  0.781255644457358  0.968744355542621
      vertex  1.000000000000000  0.781255644457358  0.750000000000000
    endloop
  endfacet
  facet normal -0.577350269189607 -0.577350269189605 -0.577350269189665
    outer loop
      vertex  1.000000000000000  0.750000000000025  0.750000000000000
      vertex  0.750000000000025  0.750000000000025  0.999999999999950
      vertex  0.750000000000025  0.781255644457358  0.968744355542621
    endloop
  endfacet
  facet normal -0.599984586998340 -0.000000000000000 -0.800011559519256
    outer loop
      vertex  1.000000000000000  0.781255644457358  0.750000000000000
      vertex  0.750000000000025  0.812507525716602  0.937492474283379
      vertex  1.000000000000000  0.812507525716602  0.750000000000000
    endloop
  endfacet
  facet normal -0.526142401514498 -0.601321117760091 -0.601321117760146
    outer loop
      vertex  1.000000000000000  0.781255644457358  0.750000000000000
      vertex  0.750000000000025  0.781255644457358  0.968744355542621
      vertex  0.750000000000025  0.812507525716602  0.937492474283379
    endloop
  endfacet
  facet normal -0.529975994056079 -0.000000000000000 -0.848012644790318
    outer loop
      vertex  1.000000000000000  0.812507525716602  0.750000000000000
      vertex  0.750000000000025  0.843759406975847  0.906240593024138
      vertex  1.000000000000000  0.843759406975847  0.750000000000000
    endloop
  endfacet
  facet normal -0.468506608311621 -0.624700551451757 -0.624700551451823
    outer loop
      vertex  1.000000000000000  0.812507525716602  0.750000000000000
      vertex  0.750000000000025  0.812507525716602  0.937492474283379
      vertex  0.750000000000025  0.843759406975847  0.906240593024138
    endloop
  endfacet
  facet normal -0.447192055901512 -0.000000000000000 -0.894437960474945
    outer loop
      vertex  1.000000000000000  0.843759406975847  0.750000000000000
      vertex  0.750000000000025  0.875007525490070  0.874992474509917
      vertex  1.000000000000000  0.875007525490070  0.750000000000000
    endloop
  endfacet
  facet normal -0.404205681658538 -0.646768029093460 -0.646768029093521
    outer loop
      vertex  1.000000000000000  0.843759406975847  0.750000000000000
      vertex  0.750000000000025  0.843759406975847  0.906240593024138
      vertex  0.750000000000025  0.875007525490070  0.874992474509917
    endloop
  endfacet
  facet normal -0.351092553339288 -0.000000000000000 -0.936340760081339
    outer loop
      vertex  1.000000000000000  0.875007525490070  0.750000000000000
      vertex  0.750000000000025  0.906259406749315  0.843740593250676
      vertex  1.000000000000000  0.906259406749315  0.750000000000000
    endloop
  endfacet
  facet normal -0.333315494955676 -0.666671126126806 -0.666671126126870
    outer loop
      vertex  1.000000000000000  0.875007525490070  0.750000000000000
      vertex  0.750000000000025  0.875007525490070  0.874992474509917
      vertex  0.750000000000025  0.906259406749315  0.843740593250676
    endloop
  endfacet
  facet normal -0.242508140215471 -0.000000000000000 -0.970149370936885
    outer loop
      vertex  1.000000000000000  0.906259406749315  0.750000000000000
      vertex  0.750000000000025  0.937507525263538  0.812492474736456
      vertex  1.000000000000000  0.937507525263538  0.750000000000000
    endloop
  endfacet
  facet normal -0.256283269019688 -0.683490631252719 -0.683490631252793
    outer loop
      vertex  1.000000000000000  0.906259406749315  0.750000000000000
      vertex  0.750000000000025  0.906259406749315  0.843740593250676
      vertex  0.750000000000025  0.937507525263538  0.812492474736456
    endloop
  endfacet
  facet normal -0.124012678341469 -0.000000000000000 -0.992280633495674
    outer loop
      vertex  1.000000000000000  0.937507525263538  0.750000000000000
      vertex  0.750000000000025  0.968755643777761  0.781244356222235
      vertex  1.000000000000000  0.968755643777761  0.750000000000000
    endloop
  endfacet
  facet normal -0.174057331302614 -0.696313164251445 -0.696313164251512
    outer loop
      vertex  1.000000000000000  0.937507525263538  0.750000000000000
      vertex  0.750000000000025  0.937507525263538  0.812492474736456
      vertex  0.750000000000025  0.968755643777761  0.781244356222235
    endloop
  endfacet
  facet normal  0.000000000000000 -0.000000000000000 -1.000000000000000
    outer loop
      vertex  1.000000000000000  0.968755643777761  0.750000000000000
      vertex  0.750000000000025  1.000000000000000  0.750000000000000
      vertex  1.000000000000000  1.000000000000000  0.750000000000000
    endloop
  endfacet
  facet normal -0.088029312841584 -0.704361711083352 -0.704361711083425
    outer loop
      vertex  1.000000000000000  0.968755643777761  0.750000000000000
      vertex  0.750000000000025  0.968755643777761  0.781244356222235
      vertex  0.750000000000025  1.000000000000000  0.750000000000000
    endloop
  endfacet
  facet normal -0.000000000000000 -0.000000000000000  1.000000000000000
    outer loop
      vertex  1.000000000000000  0.750000000000025  1.000000000000000
      vertex  0.750000000000025  1.000000000000000  1.000000000000000
      vertex  0.750000000000025  0.750000000000025  0.999999999999950
    endloop
  endfacet
  facet normal  0.000000000000000  0.000000000000000  1.000000000000000
    outer loop
      vertex  1.000000000000000  0.750000000000025  1.000000000000000
      vertex  1.000000000000000  1.000000000000000  1.000000000000000
      vertex  0.750000000000025  1.000000000000000  1.000000000000000
    endloop
  endfacet
  facet normal -0.000000000000000 -1.000000000000000 -0.000000000000000
    outer loop
      vertex  1.000000000000000  0.750000000000025  0.750000000000000
      vertex  1.000000000000000  0.750000000000025  1.000000000000000
      vertex  0.750000000000025  0.750000000000025  0.999999999999950
    endloop
  endfacet
  facet normal -0.000000000000000  1.000000000000000 -0.000000000000000
    outer loop
      vertex  1.000000000000000  1.000000000000000  0.750000000000000
      vertex  0.750000000000025  1.000000000000000  1.000000000000000
      vertex  1.000000000000000  1.000000000000000  1.000000000000000
    endloop
  endfacet
  facet normal -0.000000000000000  1.000000000000000 -0.000000000000000
    outer loop
      vertex  1.000000000000000  1.000000000000000  0.750000000000000
      vertex  0.750000000000025  1.000000000000000  0.750000000000000
      vertex  0.750000000000025  1.000000000000000  1.000000000000000
    endloop
  endfacet
  facet normal -1.000000000000000 -0.000000000000800 -0.000000000000000
    outer loop
      vertex  0.750000000000025  1.000000000000000  1.000000000000000
      vertex  0.750000000000025  1.000000000000000  0.750000000000000
      vertex  0.750000000000025  0.968755643777761  0.781244356222235
    endloop
  endfacet
  facet normal -1.000000000000000 -0.000000000000100 -0.000000000000100
    outer loop
      vertex  0.750000000000025  1.000000000000000  1.000000000000000
      vertex  0.750000000000025  0.968755643777761  0.781244356222235
      vertex  0.750000000000025  0.937507525263538  0.812492474736456
    endloop
  endfacet
  facet normal -1.000000000000000 -0.000000000000097 -0.000000000000101
    outer loop
      vertex  0.750000000000025  1.000000000000000  1.000000000000000
      vertex  0.750000000000025  0.937507525263538  0.812492474736456
      vertex  0.750000000000025  0.906259406749315  0.843740593250676
    endloop
  endfacet
  facet normal -1.000000000000000 -0.000000000000099 -0.000000000000099
    outer loop
      vertex  0.750000000000025  1.000000000000000  1.000000000000000
      vertex  0.750000000000025  0.906259406749315  0.843740593250676
      vertex  0.750000000000025  0.875007525490070  0.874992474509917
    endloop
  endfacet
  facet normal -1.000000000000000 -0.000000000000101 -0.000000000000098
    outer loop
      vertex  0.750000000000025  1.000000000000000  1.000000000000000
      vertex  0.750000000000025  0.875007525490070  0.874992474509917
      vertex  0.750000000000025  0.843759406975847  0.906240593024138
    endloop
  endfacet
  facet normal -1.000000000000000 -0.000000000000100 -0.000000000000100
    outer loop
      vertex  0.750000000000025  1.000000000000000  1.000000000000000
      vertex  0.750000000000025  0.843759406975847  0.906240593024138
      vertex  0.750000000000025  0.812507525716602  0.937492474283379
    endloop
  endfacet
  facet normal -1.000000000000000 -0.000000000000100 -0.000000000000100
    outer loop
      vertex  0.750000000000025  1.000000000000000  1.000000000000000
      vertex  0.750000000000025  0.812507525716602  0.937492474283379
      vertex  0.750000000000025  0.781255644457358  0.968744355542621
    endloop
  endfacet
  facet normal -1.000000000000000  0.000000000000000 -0.000000000000799
    outer loop
      vertex  0.750000000000025  1.000000000000000  1.000000000000000
      vertex  0.750000000000025  0.781255644457358  0.968744355542621
      vertex  0.750000000000025  0.750000000000025  0.999999999999950
    endloop
  endfacet
  facet normal  1.000000000000000 -0.000000000000000 -0.000000000000000
    outer loop
      vertex  1.000000000000000  0.750000000000025  1.000000000000000
      vertex  1.000000000000000  0.750000000000025  0.750000000000000
      vertex  1.000000000000000  0.781255644457358  0.750000000000000
    endloop
  endfacet
  facet normal  1.000000000000000 -0.000000000000000 -0.000000000000000
    outer loop
      vertex  1.000000000000000  0.750000000000025  1.000000000000000
      vertex  1.000000000000000  0.781255644457358  0.750000000000000
      vertex  1.000000000000000  0.812507525716602  0.750000000000000
    endloop
  endfacet
  facet normal  1.000000000000000 -0.000000000000000 -0.000000000000000
    outer loop
      vertex  1.000000000000000  0.750000000000025  1.000000000000000
      vertex  1.000000000000000  0.812507525716602  0.750000000000000
      vertex  1.000000000000000  0.843759406975847  0.750000000000000
    endloop
  endfacet
  facet normal  1.000000000000000 -0.000000000000000 -0.000000000000000
    outer loop
      vertex  1.000000000000000  0.750000000000025  1.000000000000000
      vertex  1.000000000000000  0.843759406975847  0.750000000000000
      vertex  1.000000000000000  0.875007525490070  0.750000000000000
    endloop
  endfacet
  facet normal  1.000000000000000 -0.000000000000000 -0.000000000000000
    outer loop
      vertex  1.000000000000000  0.750000000000025  1.000000000000000
      vertex  1.000000000000000  0.875007525490070  0.750000000000000
      vertex  1.000000000000000  0.906259406749315  0.750000000000000
    endloop
  endfacet
  facet normal  1.000000000000000 -0.000000000000000 -0.000000000000000
    outer loop
      vertex  1.000000000000000  0.750000000000025  1.000000000000000
      vertex  1.000000000000000  0.906259406749315  0.750000000000000
      vertex  1.000000000000000  0.937507525263538  0.750000000000000
    endloop
  endfacet
  facet normal  1.000000000000000 -0.000000000000000 -0.000000000000000
    outer loop
      vertex  1.000000000000000  0.750000000000025  1.000000000000000
      vertex  1.000000000000000  0.937507525263538  0.750000000000000
      vertex  1.000000000000000  0.968755643777761  0.750000000000000
    endloop
  endfacet
  facet normal  1.000000000000000 -0.000000000000000 -0.000000000000000
    outer loop
      vertex  1.000000000000000  0.750000000000025  1.000000000000000
      vertex  1.000000000000000  1.000000000000000  0.750000000000000
      vertex  1.000000000000000  1.000000000000000  1.000000000000000
    endloop
  endfacet
  facet normal  1.000000000000000  0.000000000000000  0.000000000000000
    outer loop
      vertex  1.000000000000000  0.750000000000025  1.000000000000000
      vertex  1.000000000000000  0.968755643777761  0.750000000000000
      vertex  1.000000000000000  1.000000000000000  0.750000000000000
    endloop
  endfacet
endsolid

