solid irit2stl
  facet normal  0.000000000000000  0.000000000000000  1.000000000000000
    outer loop
      vertex  0.360000000000000  0.360000000000000  0.500000000000000
      vertex  0.500000000000000  0.500000000000000  0.500000000000000
      vertex  0.360000000000000  0.500000000000000  0.500000000000000
    endloop
  endfacet
  facet normal  0.000000000000000 -0.000000000000000  1.000000000000000
    outer loop
      vertex  0.360000000000000  0.360000000000000  0.500000000000000
      vertex  0.500000000000000  0.360000000000000  0.500000000000000
      vertex  0.500000000000000  0.500000000000000  0.500000000000000
    endloop
  endfacet
  facet normal -0.421942283990625 -0.632913425985938 -0.649141975370194
    outer loop
      vertex  0.500000000000000  0.500000000000000  0.360000000000000
      vertex  0.500000000000000  0.453333333333333  0.405500000000000
      vertex  0.453333333333333  0.453333333333333  0.435833333333333
    endloop
  endfacet
  facet normal -0.632913425985938 -0.421942283990625 -0.649141975370194
    outer loop
      vertex  0.453333333333333  0.453333333333333  0.435833333333333
      vertex  0.453333333333333  0.500000000000000  0.405500000000000
      vertex  0.500000000000000  0.500000000000000  0.360000000000000
    endloop
  endfacet
  facet normal -0.226644614220182 -0.679933842660547 -0.697368043754406
    outer loop
      vertex  0.500000000000000  0.453333333333333  0.405500000000000
      vertex  0.500000000000000  0.406666666666667  0.451000000000000
      vertex  0.453333333333333  0.406666666666667  0.466166666666667
    endloop
  endfacet
  facet normal -0.478536612991001 -0.478536612991003 -0.736210173832310
    outer loop
      vertex  0.453333333333333  0.406666666666667  0.466166666666667
      vertex  0.453333333333333  0.453333333333333  0.435833333333333
      vertex  0.500000000000000  0.453333333333333  0.405500000000000
    endloop
  endfacet
  facet normal  0.000000000000001 -0.698100136129540 -0.716000139620041
    outer loop
      vertex  0.500000000000000  0.406666666666667  0.451000000000000
      vertex  0.500000000000000  0.360000000000000  0.496500000000000
      vertex  0.453333333333333  0.360000000000000  0.496500000000000
    endloop
  endfacet
  facet normal -0.262908072140678 -0.525816144281355 -0.808947914279010
    outer loop
      vertex  0.453333333333333  0.360000000000000  0.496500000000000
      vertex  0.453333333333333  0.406666666666667  0.466166666666667
      vertex  0.500000000000000  0.406666666666667  0.451000000000000
    endloop
  endfacet
  facet normal -0.478536612991002 -0.478536612991001 -0.736210173832311
    outer loop
      vertex  0.453333333333333  0.500000000000000  0.405500000000000
      vertex  0.453333333333333  0.453333333333333  0.435833333333333
      vertex  0.406666666666667  0.453333333333333  0.466166666666667
    endloop
  endfacet
  facet normal -0.679933842660547 -0.226644614220180 -0.697368043754406
    outer loop
      vertex  0.406666666666667  0.453333333333333  0.466166666666667
      vertex  0.406666666666667  0.500000000000000  0.451000000000000
      vertex  0.453333333333333  0.500000000000000  0.405500000000000
    endloop
  endfacet
  facet normal -0.262908072140678 -0.525816144281357 -0.808947914279009
    outer loop
      vertex  0.453333333333333  0.453333333333333  0.435833333333333
      vertex  0.453333333333333  0.406666666666667  0.466166666666667
      vertex  0.406666666666667  0.406666666666667  0.481333333333333
    endloop
  endfacet
  facet normal -0.525816144281356 -0.262908072140680 -0.808947914279009
    outer loop
      vertex  0.406666666666667  0.406666666666667  0.481333333333333
      vertex  0.406666666666667  0.453333333333333  0.466166666666667
      vertex  0.453333333333333  0.453333333333333  0.435833333333333
    endloop
  endfacet
  facet normal -0.000000000000001 -0.544988350595413 -0.838443616300638
    outer loop
      vertex  0.453333333333333  0.406666666666667  0.466166666666667
      vertex  0.453333333333333  0.360000000000000  0.496500000000000
      vertex  0.406666666666667  0.360000000000000  0.496500000000000
    endloop
  endfacet
  facet normal -0.295302052775766 -0.295302052775765 -0.908621700848509
    outer loop
      vertex  0.406666666666667  0.360000000000000  0.496500000000000
      vertex  0.406666666666667  0.406666666666667  0.481333333333333
      vertex  0.453333333333333  0.406666666666667  0.466166666666667
    endloop
  endfacet
  facet normal -0.525816144281357 -0.262908072140677 -0.808947914279010
    outer loop
      vertex  0.406666666666667  0.500000000000000  0.451000000000000
      vertex  0.406666666666667  0.453333333333333  0.466166666666667
      vertex  0.360000000000000  0.453333333333333  0.496500000000000
    endloop
  endfacet
  facet normal -0.698100136129540  0.000000000000001 -0.716000139620041
    outer loop
      vertex  0.360000000000000  0.453333333333333  0.496500000000000
      vertex  0.360000000000000  0.500000000000000  0.496500000000000
      vertex  0.406666666666667  0.500000000000000  0.451000000000000
    endloop
  endfacet
  facet normal -0.295302052775765 -0.295302052775767 -0.908621700848509
    outer loop
      vertex  0.406666666666667  0.453333333333333  0.466166666666667
      vertex  0.406666666666667  0.406666666666667  0.481333333333333
      vertex  0.360000000000000  0.406666666666667  0.496500000000000
    endloop
  endfacet
  facet normal -0.544988350595414 -0.000000000000001 -0.838443616300637
    outer loop
      vertex  0.360000000000000  0.406666666666667  0.496500000000000
      vertex  0.360000000000000  0.453333333333333  0.496500000000000
      vertex  0.406666666666667  0.453333333333333  0.466166666666667
    endloop
  endfacet
  facet normal -0.000000000000000 -0.309086072337558 -0.951034068730948
    outer loop
      vertex  0.406666666666667  0.406666666666667  0.481333333333333
      vertex  0.406666666666667  0.360000000000000  0.496500000000000
      vertex  0.360000000000000  0.360000000000000  0.496500000000000
    endloop
  endfacet
  facet normal -0.309086072337558 -0.000000000000000 -0.951034068730948
    outer loop
      vertex  0.360000000000000  0.360000000000000  0.496500000000000
      vertex  0.360000000000000  0.406666666666667  0.496500000000000
      vertex  0.406666666666667  0.406666666666667  0.481333333333333
    endloop
  endfacet
  facet normal  0.000000000000000  1.000000000000000  0.000000000000000
    outer loop
      vertex  0.360000000000000  0.500000000000000  0.496500000000000
      vertex  0.500000000000000  0.500000000000000  0.500000000000000
      vertex  0.500000000000000  0.500000000000000  0.360000000000000
    endloop
  endfacet
  facet normal -0.000000000000000  1.000000000000000  0.000000000000000
    outer loop
      vertex  0.360000000000000  0.500000000000000  0.496500000000000
      vertex  0.360000000000000  0.500000000000000  0.500000000000000
      vertex  0.500000000000000  0.500000000000000  0.500000000000000
    endloop
  endfacet
  facet normal -0.000000000000000 -1.000000000000000  0.000000000000000
    outer loop
      vertex  0.360000000000000  0.360000000000000  0.500000000000000
      vertex  0.360000000000000  0.360000000000000  0.496500000000000
      vertex  0.406666666666667  0.360000000000000  0.496500000000000
    endloop
  endfacet
  facet normal  0.000000000000000 -1.000000000000000  0.000000000000000
    outer loop
      vertex  0.360000000000000  0.360000000000000  0.500000000000000
      vertex  0.406666666666667  0.360000000000000  0.496500000000000
      vertex  0.453333333333333  0.360000000000000  0.496500000000000
    endloop
  endfacet
  facet normal -0.000000000000000 -1.000000000000000  0.000000000000000
    outer loop
      vertex  0.360000000000000  0.360000000000000  0.500000000000000
      vertex  0.500000000000000  0.360000000000000  0.496500000000000
      vertex  0.500000000000000  0.360000000000000  0.500000000000000
    endloop
  endfacet
  facet normal -0.000000000000000 -1.000000000000000  0.000000000000000
    outer loop
      vertex  0.360000000000000  0.360000000000000  0.500000000000000
      vertex  0.453333333333333  0.360000000000000  0.496500000000000
      vertex  0.500000000000000  0.360000000000000  0.496500000000000
    endloop
  endfacet
  facet normal  1.000000000000000  0.000000000000000  0.000000000000000
    outer loop
      vertex  0.500000000000000  0.360000000000000  0.496500000000000
      vertex  0.500000000000000  0.500000000000000  0.500000000000000
      vertex  0.500000000000000  0.360000000000000  0.500000000000000
    endloop
  endfacet
  facet normal  1.000000000000000  0.000000000000000 -0.000000000000000
    outer loop
      vertex  0.500000000000000  0.360000000000000  0.496500000000000
      vertex  0.500000000000000  0.500000000000000  0.360000000000000
      vertex  0.500000000000000  0.500000000000000  0.500000000000000
    endloop
  endfacet
  facet normal -1.000000000000000 -0.000000000000000  0.000000000000000
    outer loop
      vertex  0.360000000000000  0.500000000000000  0.500000000000000
      vertex  0.360000000000000  0.500000000000000  0.496500000000000
      vertex  0.360000000000000  0.453333333333333  0.496500000000000
    endloop
  endfacet
  facet normal -1.000000000000000 -0.000000000000000 -0.000000000000000
    outer loop
      vertex  0.360000000000000  0.500000000000000  0.500000000000000
      vertex  0.360000000000000  0.453333333333333  0.496500000000000
      vertex  0.360000000000000  0.406666666666667  0.496500000000000
    endloop
  endfacet
  facet normal -1.000000000000000 -0.000000000000000 -0.000000000000000
    outer loop
      vertex  0.360000000000000  0.500000000000000  0.500000000000000
      vertex  0.360000000000000  0.360000000000000  0.496500000000000
      vertex  0.360000000000000  0.360000000000000  0.500000000000000
    endloop
  endfacet
  facet normal -1.000000000000000  0.000000000000000 -0.000000000000000
    outer loop
      vertex  0.360000000000000  0.500000000000000  0.500000000000000
      vertex  0.360000000000000  0.406666666666667  0.496500000000000
      vertex  0.360000000000000  0.360000000000000  0.496500000000000
    endloop
  endfacet
  facet normal -0.000000000000000 -0.000000000000000  1.000000000000000
    outer loop
      vertex  0.640000000000000  0.360000000000000  0.500000000000000
      vertex  0.500000000000000  0.500000000000000  0.500000000000000
      vertex  0.500000000000000  0.360000000000000  0.500000000000000
    endloop
  endfacet
  facet normal  0.000000000000000  0.000000000000000  1.000000000000000
    outer loop
      vertex  0.640000000000000  0.360000000000000  0.500000000000000
      vertex  0.640000000000000  0.500000000000000  0.500000000000000
      vertex  0.500000000000000  0.500000000000000  0.500000000000000
    endloop
  endfacet
  facet normal  0.421942283990626 -0.632913425985938 -0.649141975370193
    outer loop
      vertex  0.500000000000000  0.500000000000000  0.360000000000000
      vertex  0.546666666666667  0.453333333333333  0.435833333333333
      vertex  0.500000000000000  0.453333333333333  0.405500000000000
    endloop
  endfacet
  facet normal  0.632913425985939 -0.421942283990625 -0.649141975370193
    outer loop
      vertex  0.546666666666667  0.453333333333333  0.435833333333333
      vertex  0.500000000000000  0.500000000000000  0.360000000000000
      vertex  0.546666666666667  0.500000000000000  0.405500000000000
    endloop
  endfacet
  facet normal  0.226644614220182 -0.679933842660547 -0.697368043754406
    outer loop
      vertex  0.500000000000000  0.453333333333333  0.405500000000000
      vertex  0.546666666666667  0.406666666666667  0.466166666666667
      vertex  0.500000000000000  0.406666666666667  0.451000000000000
    endloop
  endfacet
  facet normal  0.478536612991002 -0.478536612991003 -0.736210173832310
    outer loop
      vertex  0.546666666666667  0.406666666666667  0.466166666666667
      vertex  0.500000000000000  0.453333333333333  0.405500000000000
      vertex  0.546666666666667  0.453333333333333  0.435833333333333
    endloop
  endfacet
  facet normal -0.000000000000001 -0.698100136129539 -0.716000139620041
    outer loop
      vertex  0.500000000000000  0.406666666666667  0.451000000000000
      vertex  0.546666666666667  0.360000000000000  0.496500000000000
      vertex  0.500000000000000  0.360000000000000  0.496500000000000
    endloop
  endfacet
  facet normal  0.262908072140678 -0.525816144281355 -0.808947914279010
    outer loop
      vertex  0.546666666666667  0.360000000000000  0.496500000000000
      vertex  0.500000000000000  0.406666666666667  0.451000000000000
      vertex  0.546666666666667  0.406666666666667  0.466166666666667
    endloop
  endfacet
  facet normal  0.478536612991001 -0.478536612991002 -0.736210173832311
    outer loop
      vertex  0.546666666666667  0.500000000000000  0.405500000000000
      vertex  0.593333333333333  0.453333333333333  0.466166666666667
      vertex  0.546666666666667  0.453333333333333  0.435833333333333
    endloop
  endfacet
  facet normal  0.679933842660546 -0.226644614220181 -0.697368043754407
    outer loop
      vertex  0.593333333333333  0.453333333333333  0.466166666666667
      vertex  0.546666666666667  0.500000000000000  0.405500000000000
      vertex  0.593333333333333  0.500000000000000  0.451000000000000
    endloop
  endfacet
  facet normal  0.262908072140678 -0.525816144281357 -0.808947914279009
    outer loop
      vertex  0.546666666666667  0.453333333333333  0.435833333333333
      vertex  0.593333333333333  0.406666666666667  0.481333333333333
      vertex  0.546666666666667  0.406666666666667  0.466166666666667
    endloop
  endfacet
  facet normal  0.525816144281355 -0.262908072140679 -0.808947914279010
    outer loop
      vertex  0.593333333333333  0.406666666666667  0.481333333333333
      vertex  0.546666666666667  0.453333333333333  0.435833333333333
      vertex  0.593333333333333  0.453333333333333  0.466166666666667
    endloop
  endfacet
  facet normal  0.000000000000001 -0.544988350595413 -0.838443616300638
    outer loop
      vertex  0.546666666666667  0.406666666666667  0.466166666666667
      vertex  0.593333333333333  0.360000000000000  0.496500000000000
      vertex  0.546666666666667  0.360000000000000  0.496500000000000
    endloop
  endfacet
  facet normal  0.295302052775765 -0.295302052775765 -0.908621700848510
    outer loop
      vertex  0.593333333333333  0.360000000000000  0.496500000000000
      vertex  0.546666666666667  0.406666666666667  0.466166666666667
      vertex  0.593333333333333  0.406666666666667  0.481333333333333
    endloop
  endfacet
  facet normal  0.525816144281357 -0.262908072140677 -0.808947914279010
    outer loop
      vertex  0.593333333333333  0.500000000000000  0.451000000000000
      vertex  0.640000000000000  0.453333333333333  0.496500000000000
      vertex  0.593333333333333  0.453333333333333  0.466166666666667
    endloop
  endfacet
  facet normal  0.698100136129540  0.000000000000001 -0.716000139620041
    outer loop
      vertex  0.640000000000000  0.453333333333333  0.496500000000000
      vertex  0.593333333333333  0.500000000000000  0.451000000000000
      vertex  0.640000000000000  0.500000000000000  0.496500000000000
    endloop
  endfacet
  facet normal  0.295302052775765 -0.295302052775767 -0.908621700848509
    outer loop
      vertex  0.593333333333333  0.453333333333333  0.466166666666667
      vertex  0.640000000000000  0.406666666666667  0.496500000000000
      vertex  0.593333333333333  0.406666666666667  0.481333333333333
    endloop
  endfacet
  facet normal  0.544988350595414  0.000000000000000 -0.838443616300637
    outer loop
      vertex  0.640000000000000  0.406666666666667  0.496500000000000
      vertex  0.593333333333333  0.453333333333333  0.466166666666667
      vertex  0.640000000000000  0.453333333333333  0.496500000000000
    endloop
  endfacet
  facet normal -0.000000000000000 -0.309086072337558 -0.951034068730948
    outer loop
      vertex  0.593333333333333  0.406666666666667  0.481333333333333
      vertex  0.640000000000000  0.360000000000000  0.496500000000000
      vertex  0.593333333333333  0.360000000000000  0.496500000000000
    endloop
  endfacet
  facet normal  0.309086072337558 -0.000000000000001 -0.951034068730948
    outer loop
      vertex  0.640000000000000  0.360000000000000  0.496500000000000
      vertex  0.593333333333333  0.406666666666667  0.481333333333333
      vertex  0.640000000000000  0.406666666666667  0.496500000000000
    endloop
  endfacet
  facet normal -0.000000000000000  1.000000000000000 -0.000000000000000
    outer loop
      vertex  0.640000000000000  0.500000000000000  0.496500000000000
      vertex  0.500000000000000  0.500000000000000  0.500000000000000
      vertex  0.640000000000000  0.500000000000000  0.500000000000000
    endloop
  endfacet
  facet normal -0.000000000000000  1.000000000000000 -0.000000000000000
    outer loop
      vertex  0.640000000000000  0.500000000000000  0.496500000000000
      vertex  0.500000000000000  0.500000000000000  0.360000000000000
      vertex  0.500000000000000  0.500000000000000  0.500000000000000
    endloop
  endfacet
  facet normal  0.000000000000000 -1.000000000000000  0.000000000000000
    outer loop
      vertex  0.500000000000000  0.360000000000000  0.500000000000000
      vertex  0.500000000000000  0.360000000000000  0.496500000000000
      vertex  0.546666666666667  0.360000000000000  0.496500000000000
    endloop
  endfacet
  facet normal  0.000000000000000 -1.000000000000000 -0.000000000000000
    outer loop
      vertex  0.500000000000000  0.360000000000000  0.500000000000000
      vertex  0.546666666666667  0.360000000000000  0.496500000000000
      vertex  0.593333333333333  0.360000000000000  0.496500000000000
    endloop
  endfacet
  facet normal -0.000000000000000 -1.000000000000000  0.000000000000000
    outer loop
      vertex  0.500000000000000  0.360000000000000  0.500000000000000
      vertex  0.640000000000000  0.360000000000000  0.496500000000000
      vertex  0.640000000000000  0.360000000000000  0.500000000000000
    endloop
  endfacet
  facet normal -0.000000000000000 -1.000000000000000 -0.000000000000000
    outer loop
      vertex  0.500000000000000  0.360000000000000  0.500000000000000
      vertex  0.593333333333333  0.360000000000000  0.496500000000000
      vertex  0.640000000000000  0.360000000000000  0.496500000000000
    endloop
  endfacet
  facet normal -1.000000000000000 -0.000000000000000 -0.000000000000000
    outer loop
      vertex  0.500000000000000  0.360000000000000  0.496500000000000
      vertex  0.500000000000000  0.500000000000000  0.500000000000000
      vertex  0.500000000000000  0.500000000000000  0.360000000000000
    endloop
  endfacet
  facet normal -1.000000000000000  0.000000000000000 -0.000000000000000
    outer loop
      vertex  0.500000000000000  0.360000000000000  0.496500000000000
      vertex  0.500000000000000  0.360000000000000  0.500000000000000
      vertex  0.500000000000000  0.500000000000000  0.500000000000000
    endloop
  endfacet
  facet normal  1.000000000000000 -0.000000000000002 -0.000000000000000
    outer loop
      vertex  0.640000000000000  0.360000000000000  0.500000000000000
      vertex  0.640000000000000  0.360000000000000  0.496500000000000
      vertex  0.640000000000000  0.406666666666667  0.496500000000000
    endloop
  endfacet
  facet normal  1.000000000000000  0.000000000000002  0.000000000000063
    outer loop
      vertex  0.640000000000000  0.360000000000000  0.500000000000000
      vertex  0.640000000000000  0.406666666666667  0.496500000000000
      vertex  0.640000000000000  0.453333333333333  0.496500000000000
    endloop
  endfacet
  facet normal  1.000000000000000 -0.000000000000000 -0.000000000000000
    outer loop
      vertex  0.640000000000000  0.360000000000000  0.500000000000000
      vertex  0.640000000000000  0.500000000000000  0.496500000000000
      vertex  0.640000000000000  0.500000000000000  0.500000000000000
    endloop
  endfacet
  facet normal  1.000000000000000 -0.000000000000000 -0.000000000000000
    outer loop
      vertex  0.640000000000000  0.360000000000000  0.500000000000000
      vertex  0.640000000000000  0.453333333333333  0.496500000000000
      vertex  0.640000000000000  0.500000000000000  0.496500000000000
    endloop
  endfacet
  facet normal -0.000000000000000 -0.000000000000000  1.000000000000000
    outer loop
      vertex  0.360000000000000  0.640000000000000  0.500000000000000
      vertex  0.500000000000000  0.500000000000000  0.500000000000000
      vertex  0.500000000000000  0.640000000000000  0.500000000000000
    endloop
  endfacet
  facet normal -0.000000000000000 -0.000000000000000  1.000000000000000
    outer loop
      vertex  0.360000000000000  0.640000000000000  0.500000000000000
      vertex  0.360000000000000  0.500000000000000  0.500000000000000
      vertex  0.500000000000000  0.500000000000000  0.500000000000000
    endloop
  endfacet
  facet normal -0.421942283990625  0.632913425985939 -0.649141975370193
    outer loop
      vertex  0.500000000000000  0.500000000000000  0.360000000000000
      vertex  0.453333333333333  0.546666666666667  0.435833333333333
      vertex  0.500000000000000  0.546666666666667  0.405500000000000
    endloop
  endfacet
  facet normal -0.632913425985938  0.421942283990625 -0.649141975370193
    outer loop
      vertex  0.453333333333333  0.546666666666667  0.435833333333333
      vertex  0.500000000000000  0.500000000000000  0.360000000000000
      vertex  0.453333333333333  0.500000000000000  0.405500000000000
    endloop
  endfacet
  facet normal -0.226644614220182  0.679933842660546 -0.697368043754407
    outer loop
      vertex  0.500000000000000  0.546666666666667  0.405500000000000
      vertex  0.453333333333333  0.593333333333333  0.466166666666667
      vertex  0.500000000000000  0.593333333333333  0.451000000000000
    endloop
  endfacet
  facet normal -0.478536612991001  0.478536612991002 -0.736210173832310
    outer loop
      vertex  0.453333333333333  0.593333333333333  0.466166666666667
      vertex  0.500000000000000  0.546666666666667  0.405500000000000
      vertex  0.453333333333333  0.546666666666667  0.435833333333333
    endloop
  endfacet
  facet normal  0.000000000000001  0.698100136129540 -0.716000139620041
    outer loop
      vertex  0.500000000000000  0.593333333333333  0.451000000000000
      vertex  0.453333333333333  0.640000000000000  0.496500000000000
      vertex  0.500000000000000  0.640000000000000  0.496500000000000
    endloop
  endfacet
  facet normal -0.262908072140678  0.525816144281356 -0.808947914279010
    outer loop
      vertex  0.453333333333333  0.640000000000000  0.496500000000000
      vertex  0.500000000000000  0.593333333333333  0.451000000000000
      vertex  0.453333333333333  0.593333333333333  0.466166666666667
    endloop
  endfacet
  facet normal -0.478536612991001  0.478536612991002 -0.736210173832311
    outer loop
      vertex  0.453333333333333  0.500000000000000  0.405500000000000
      vertex  0.406666666666667  0.546666666666667  0.466166666666667
      vertex  0.453333333333333  0.546666666666667  0.435833333333333
    endloop
  endfacet
  facet normal -0.679933842660547  0.226644614220180 -0.697368043754406
    outer loop
      vertex  0.406666666666667  0.546666666666667  0.466166666666667
      vertex  0.453333333333333  0.500000000000000  0.405500000000000
      vertex  0.406666666666667  0.500000000000000  0.451000000000000
    endloop
  endfacet
  facet normal -0.262908072140677  0.525816144281357 -0.808947914279010
    outer loop
      vertex  0.453333333333333  0.546666666666667  0.435833333333333
      vertex  0.406666666666667  0.593333333333333  0.481333333333333
      vertex  0.453333333333333  0.593333333333333  0.466166666666667
    endloop
  endfacet
  facet normal -0.525816144281356  0.262908072140679 -0.808947914279010
    outer loop
      vertex  0.406666666666667  0.593333333333333  0.481333333333333
      vertex  0.453333333333333  0.546666666666667  0.435833333333333
      vertex  0.406666666666667  0.546666666666667  0.466166666666667
    endloop
  endfacet
  facet normal  0.000000000000000  0.544988350595414 -0.838443616300637
    outer loop
      vertex  0.453333333333333  0.593333333333333  0.466166666666667
      vertex  0.406666666666667  0.640000000000000  0.496500000000000
      vertex  0.453333333333333  0.640000000000000  0.496500000000000
    endloop
  endfacet
  facet normal -0.295302052775765  0.295302052775766 -0.908621700848509
    outer loop
      vertex  0.406666666666667  0.640000000000000  0.496500000000000
      vertex  0.453333333333333  0.593333333333333  0.466166666666667
      vertex  0.406666666666667  0.593333333333333  0.481333333333333
    endloop
  endfacet
  facet normal -0.525816144281357  0.262908072140676 -0.808947914279010
    outer loop
      vertex  0.406666666666667  0.500000000000000  0.451000000000000
      vertex  0.360000000000000  0.546666666666667  0.496500000000000
      vertex  0.406666666666667  0.546666666666667  0.466166666666667
    endloop
  endfacet
  facet normal -0.698100136129539 -0.000000000000001 -0.716000139620041
    outer loop
      vertex  0.360000000000000  0.546666666666667  0.496500000000000
      vertex  0.406666666666667  0.500000000000000  0.451000000000000
      vertex  0.360000000000000  0.500000000000000  0.496500000000000
    endloop
  endfacet
  facet normal -0.295302052775766  0.295302052775766 -0.908621700848509
    outer loop
      vertex  0.406666666666667  0.546666666666667  0.466166666666667
      vertex  0.360000000000000  0.593333333333333  0.496500000000000
      vertex  0.406666666666667  0.593333333333333  0.481333333333333
    endloop
  endfacet
  facet normal -0.544988350595414  0.000000000000001 -0.838443616300637
    outer loop
      vertex  0.360000000000000  0.593333333333333  0.496500000000000
      vertex  0.406666666666667  0.546666666666667  0.466166666666667
      vertex  0.360000000000000  0.546666666666667  0.496500000000000
    endloop
  endfacet
  facet normal -0.000000000000001  0.309086072337558 -0.951034068730948
    outer loop
      vertex  0.406666666666667  0.593333333333333  0.481333333333333
      vertex  0.360000000000000  0.640000000000000  0.496500000000000
      vertex  0.406666666666667  0.640000000000000  0.496500000000000
    endloop
  endfacet
  facet normal -0.309086072337558  0.000000000000000 -0.951034068730948
    outer loop
      vertex  0.360000000000000  0.640000000000000  0.496500000000000
      vertex  0.406666666666667  0.593333333333333  0.481333333333333
      vertex  0.360000000000000  0.593333333333333  0.496500000000000
    endloop
  endfacet
  facet normal -0.000000000000000 -1.000000000000000 -0.000000000000000
    outer loop
      vertex  0.360000000000000  0.500000000000000  0.496500000000000
      vertex  0.500000000000000  0.500000000000000  0.500000000000000
      vertex  0.360000000000000  0.500000000000000  0.500000000000000
    endloop
  endfacet
  facet normal -0.000000000000000 -1.000000000000000  0.000000000000000
    outer loop
      vertex  0.360000000000000  0.500000000000000  0.496500000000000
      vertex  0.500000000000000  0.500000000000000  0.360000000000000
      vertex  0.500000000000000  0.500000000000000  0.500000000000000
    endloop
  endfacet
  facet normal  0.000000000000000  1.000000000000000 -0.000000000000000
    outer loop
      vertex  0.500000000000000  0.640000000000000  0.500000000000000
      vertex  0.500000000000000  0.640000000000000  0.496500000000000
      vertex  0.453333333333333  0.640000000000000  0.496500000000000
    endloop
  endfacet
  facet normal  0.000000000000002  1.000000000000000 -0.000000000000032
    outer loop
      vertex  0.500000000000000  0.640000000000000  0.500000000000000
      vertex  0.453333333333333  0.640000000000000  0.496500000000000
      vertex  0.406666666666667  0.640000000000000  0.496500000000000
    endloop
  endfacet
  facet normal -0.000000000000000  1.000000000000000 -0.000000000000000
    outer loop
      vertex  0.500000000000000  0.640000000000000  0.500000000000000
      vertex  0.360000000000000  0.640000000000000  0.496500000000000
      vertex  0.360000000000000  0.640000000000000  0.500000000000000
    endloop
  endfacet
  facet normal -0.000000000000002  1.000000000000000  0.000000000000095
    outer loop
      vertex  0.500000000000000  0.640000000000000  0.500000000000000
      vertex  0.406666666666667  0.640000000000000  0.496500000000000
      vertex  0.360000000000000  0.640000000000000  0.496500000000000
    endloop
  endfacet
  facet normal  1.000000000000000 -0.000000000000000 -0.000000000000000
    outer loop
      vertex  0.500000000000000  0.640000000000000  0.496500000000000
      vertex  0.500000000000000  0.500000000000000  0.500000000000000
      vertex  0.500000000000000  0.500000000000000  0.360000000000000
    endloop
  endfacet
  facet normal  1.000000000000000  0.000000000000000  0.000000000000000
    outer loop
      vertex  0.500000000000000  0.640000000000000  0.496500000000000
      vertex  0.500000000000000  0.640000000000000  0.500000000000000
      vertex  0.500000000000000  0.500000000000000  0.500000000000000
    endloop
  endfacet
  facet normal -1.000000000000000 -0.000000000000000  0.000000000000000
    outer loop
      vertex  0.360000000000000  0.640000000000000  0.500000000000000
      vertex  0.360000000000000  0.640000000000000  0.496500000000000
      vertex  0.360000000000000  0.593333333333333  0.496500000000000
    endloop
  endfacet
  facet normal -1.000000000000000 -0.000000000000000  0.000000000000000
    outer loop
      vertex  0.360000000000000  0.640000000000000  0.500000000000000
      vertex  0.360000000000000  0.593333333333333  0.496500000000000
      vertex  0.360000000000000  0.546666666666667  0.496500000000000
    endloop
  endfacet
  facet normal -1.000000000000000 -0.000000000000000 -0.000000000000000
    outer loop
      vertex  0.360000000000000  0.640000000000000  0.500000000000000
      vertex  0.360000000000000  0.500000000000000  0.496500000000000
      vertex  0.360000000000000  0.500000000000000  0.500000000000000
    endloop
  endfacet
  facet normal -1.000000000000000 -0.000000000000000  0.000000000000000
    outer loop
      vertex  0.360000000000000  0.640000000000000  0.500000000000000
      vertex  0.360000000000000  0.546666666666667  0.496500000000000
      vertex  0.360000000000000  0.500000000000000  0.496500000000000
    endloop
  endfacet
  facet normal -0.000000000000000 -0.000000000000000  1.000000000000000
    outer loop
      vertex  0.640000000000000  0.640000000000000  0.500000000000000
      vertex  0.500000000000000  0.500000000000000  0.500000000000000
      vertex  0.640000000000000  0.500000000000000  0.500000000000000
    endloop
  endfacet
  facet normal -0.000000000000000 -0.000000000000000  1.000000000000000
    outer loop
      vertex  0.640000000000000  0.640000000000000  0.500000000000000
      vertex  0.500000000000000  0.640000000000000  0.500000000000000
      vertex  0.500000000000000  0.500000000000000  0.500000000000000
    endloop
  endfacet
  facet normal  0.421942283990626  0.632913425985938 -0.649141975370193
    outer loop
      vertex  0.500000000000000  0.500000000000000  0.360000000000000
      vertex  0.500000000000000  0.546666666666667  0.405500000000000
      vertex  0.546666666666667  0.546666666666667  0.435833333333333
    endloop
  endfacet
  facet normal  0.632913425985938  0.421942283990626 -0.649141975370193
    outer loop
      vertex  0.546666666666667  0.546666666666667  0.435833333333333
      vertex  0.546666666666667  0.500000000000000  0.405500000000000
      vertex  0.500000000000000  0.500000000000000  0.360000000000000
    endloop
  endfacet
  facet normal  0.226644614220182  0.679933842660546 -0.697368043754407
    outer loop
      vertex  0.500000000000000  0.546666666666667  0.405500000000000
      vertex  0.500000000000000  0.593333333333333  0.451000000000000
      vertex  0.546666666666667  0.593333333333333  0.466166666666667
    endloop
  endfacet
  facet normal  0.478536612991002  0.478536612991002 -0.736210173832310
    outer loop
      vertex  0.546666666666667  0.593333333333333  0.466166666666667
      vertex  0.546666666666667  0.546666666666667  0.435833333333333
      vertex  0.500000000000000  0.546666666666667  0.405500000000000
    endloop
  endfacet
  facet normal -0.000000000000001  0.698100136129540 -0.716000139620041
    outer loop
      vertex  0.500000000000000  0.593333333333333  0.451000000000000
      vertex  0.500000000000000  0.640000000000000  0.496500000000000
      vertex  0.546666666666667  0.640000000000000  0.496500000000000
    endloop
  endfacet
  facet normal  0.262908072140678  0.525816144281356 -0.808947914279010
    outer loop
      vertex  0.546666666666667  0.640000000000000  0.496500000000000
      vertex  0.546666666666667  0.593333333333333  0.466166666666667
      vertex  0.500000000000000  0.593333333333333  0.451000000000000
    endloop
  endfacet
  facet normal  0.478536612991000  0.478536612991002 -0.736210173832311
    outer loop
      vertex  0.546666666666667  0.500000000000000  0.405500000000000
      vertex  0.546666666666667  0.546666666666667  0.435833333333333
      vertex  0.593333333333333  0.546666666666667  0.466166666666667
    endloop
  endfacet
  facet normal  0.679933842660546  0.226644614220181 -0.697368043754407
    outer loop
      vertex  0.593333333333333  0.546666666666667  0.466166666666667
      vertex  0.593333333333333  0.500000000000000  0.451000000000000
      vertex  0.546666666666667  0.500000000000000  0.405500000000000
    endloop
  endfacet
  facet normal  0.262908072140676  0.525816144281356 -0.808947914279010
    outer loop
      vertex  0.546666666666667  0.546666666666667  0.435833333333333
      vertex  0.546666666666667  0.593333333333333  0.466166666666667
      vertex  0.593333333333333  0.593333333333333  0.481333333333333
    endloop
  endfacet
  facet normal  0.525816144281355  0.262908072140679 -0.808947914279010
    outer loop
      vertex  0.593333333333333  0.593333333333333  0.481333333333333
      vertex  0.593333333333333  0.546666666666667  0.466166666666667
      vertex  0.546666666666667  0.546666666666667  0.435833333333333
    endloop
  endfacet
  facet normal -0.000000000000000  0.544988350595414 -0.838443616300637
    outer loop
      vertex  0.546666666666667  0.593333333333333  0.466166666666667
      vertex  0.546666666666667  0.640000000000000  0.496500000000000
      vertex  0.593333333333333  0.640000000000000  0.496500000000000
    endloop
  endfacet
  facet normal  0.295302052775764  0.295302052775766 -0.908621700848510
    outer loop
      vertex  0.593333333333333  0.640000000000000  0.496500000000000
      vertex  0.593333333333333  0.593333333333333  0.481333333333333
      vertex  0.546666666666667  0.593333333333333  0.466166666666667
    endloop
  endfacet
  facet normal  0.525816144281357  0.262908072140677 -0.808947914279010
    outer loop
      vertex  0.593333333333333  0.500000000000000  0.451000000000000
      vertex  0.593333333333333  0.546666666666667  0.466166666666667
      vertex  0.640000000000000  0.546666666666667  0.496500000000000
    endloop
  endfacet
  facet normal  0.698100136129540 -0.000000000000001 -0.716000139620041
    outer loop
      vertex  0.640000000000000  0.546666666666667  0.496500000000000
      vertex  0.640000000000000  0.500000000000000  0.496500000000000
      vertex  0.593333333333333  0.500000000000000  0.451000000000000
    endloop
  endfacet
  facet normal  0.295302052775766  0.295302052775766 -0.908621700848509
    outer loop
      vertex  0.593333333333333  0.546666666666667  0.466166666666667
      vertex  0.593333333333333  0.593333333333333  0.481333333333333
      vertex  0.640000000000000  0.593333333333333  0.496500000000000
    endloop
  endfacet
  facet normal  0.544988350595414 -0.000000000000000 -0.838443616300637
    outer loop
      vertex  0.640000000000000  0.593333333333333  0.496500000000000
      vertex  0.640000000000000  0.546666666666667  0.496500000000000
      vertex  0.593333333333333  0.546666666666667  0.466166666666667
    endloop
  endfacet
  facet normal  0.000000000000001  0.309086072337558 -0.951034068730948
    outer loop
      vertex  0.593333333333333  0.593333333333333  0.481333333333333
      vertex  0.593333333333333  0.640000000000000  0.496500000000000
      vertex  0.640000000000000  0.640000000000000  0.496500000000000
    endloop
  endfacet
  facet normal  0.309086072337558  0.000000000000001 -0.951034068730948
    outer loop
      vertex  0.640000000000000  0.640000000000000  0.496500000000000
      vertex  0.640000000000000  0.593333333333333  0.496500000000000
      vertex  0.593333333333333  0.593333333333333  0.481333333333333
    endloop
  endfacet
  facet normal  0.000000000000000 -1.000000000000000 -0.000000000000000
    outer loop
      vertex  0.640000000000000  0.500000000000000  0.496500000000000
      vertex  0.500000000000000  0.500000000000000  0.500000000000000
      vertex  0.500000000000000  0.500000000000000  0.360000000000000
    endloop
  endfacet
  facet normal -0.000000000000000 -1.000000000000000 -0.000000000000000
    outer loop
      vertex  0.640000000000000  0.500000000000000  0.496500000000000
      vertex  0.640000000000000  0.500000000000000  0.500000000000000
      vertex  0.500000000000000  0.500000000000000  0.500000000000000
    endloop
  endfacet
  facet normal  0.000000000000002  1.000000000000000 -0.000000000000000
    outer loop
      vertex  0.640000000000000  0.640000000000000  0.500000000000000
      vertex  0.640000000000000  0.640000000000000  0.496500000000000
      vertex  0.593333333333333  0.640000000000000  0.496500000000000
    endloop
  endfacet
  facet normal -0.000000000000002  1.000000000000000  0.000000000000063
    outer loop
      vertex  0.640000000000000  0.640000000000000  0.500000000000000
      vertex  0.593333333333333  0.640000000000000  0.496500000000000
      vertex  0.546666666666667  0.640000000000000  0.496500000000000
    endloop
  endfacet
  facet normal -0.000000000000000  1.000000000000000 -0.000000000000000
    outer loop
      vertex  0.640000000000000  0.640000000000000  0.500000000000000
      vertex  0.500000000000000  0.640000000000000  0.496500000000000
      vertex  0.500000000000000  0.640000000000000  0.500000000000000
    endloop
  endfacet
  facet normal -0.000000000000000  1.000000000000000 -0.000000000000000
    outer loop
      vertex  0.640000000000000  0.640000000000000  0.500000000000000
      vertex  0.546666666666667  0.640000000000000  0.496500000000000
      vertex  0.500000000000000  0.640000000000000  0.496500000000000
    endloop
  endfacet
  facet normal -1.000000000000000  0.000000000000000 -0.000000000000000
    outer loop
      vertex  0.500000000000000  0.640000000000000  0.496500000000000
      vertex  0.500000000000000  0.500000000000000  0.500000000000000
      vertex  0.500000000000000  0.640000000000000  0.500000000000000
    endloop
  endfacet
  facet normal -1.000000000000000  0.000000000000000 -0.000000000000000
    outer loop
      vertex  0.500000000000000  0.640000000000000  0.496500000000000
      vertex  0.500000000000000  0.500000000000000  0.360000000000000
      vertex  0.500000000000000  0.500000000000000  0.500000000000000
    endloop
  endfacet
  facet normal  1.000000000000000 -0.000000000000000 -0.000000000000000
    outer loop
      vertex  0.640000000000000  0.500000000000000  0.500000000000000
      vertex  0.640000000000000  0.500000000000000  0.496500000000000
      vertex  0.640000000000000  0.546666666666667  0.496500000000000
    endloop
  endfacet
  facet normal  1.000000000000000 -0.000000000000002 -0.000000000000032
    outer loop
      vertex  0.640000000000000  0.500000000000000  0.500000000000000
      vertex  0.640000000000000  0.546666666666667  0.496500000000000
      vertex  0.640000000000000  0.593333333333333  0.496500000000000
    endloop
  endfacet
  facet normal  1.000000000000000 -0.000000000000000 -0.000000000000000
    outer loop
      vertex  0.640000000000000  0.500000000000000  0.500000000000000
      vertex  0.640000000000000  0.640000000000000  0.496500000000000
      vertex  0.640000000000000  0.640000000000000  0.500000000000000
    endloop
  endfacet
  facet normal  1.000000000000000  0.000000000000002  0.000000000000095
    outer loop
      vertex  0.640000000000000  0.500000000000000  0.500000000000000
      vertex  0.640000000000000  0.593333333333333  0.496500000000000
      vertex  0.640000000000000  0.640000000000000  0.496500000000000
    endloop
  endfacet
  facet normal -0.000000000000000 -0.000000000000000 -1.000000000000000
    outer loop
      vertex  0.360000000000000  0.360000000000000  0.500000000000000
      vertex  0.500000000000000  0.500000000000000  0.500000000000000
      vertex  0.500000000000000  0.360000000000000  0.500000000000000
    endloop
  endfacet
  facet normal  0.000000000000000 -0.000000000000000 -1.000000000000000
    outer loop
      vertex  0.360000000000000  0.360000000000000  0.500000000000000
      vertex  0.360000000000000  0.500000000000000  0.500000000000000
      vertex  0.500000000000000  0.500000000000000  0.500000000000000
    endloop
  endfacet
  facet normal -0.421942283990625 -0.632913425985938  0.649141975370194
    outer loop
      vertex  0.500000000000000  0.500000000000000  0.640000000000000
      vertex  0.453333333333333  0.453333333333333  0.564166666666667
      vertex  0.500000000000000  0.453333333333333  0.594500000000000
    endloop
  endfacet
  facet normal -0.632913425985938 -0.421942283990625  0.649141975370194
    outer loop
      vertex  0.453333333333333  0.453333333333333  0.564166666666667
      vertex  0.500000000000000  0.500000000000000  0.640000000000000
      vertex  0.453333333333333  0.500000000000000  0.594500000000000
    endloop
  endfacet
  facet normal -0.226644614220180 -0.679933842660548  0.697368043754406
    outer loop
      vertex  0.500000000000000  0.453333333333333  0.594500000000000
      vertex  0.453333333333333  0.406666666666667  0.533833333333333
      vertex  0.500000000000000  0.406666666666667  0.549000000000000
    endloop
  endfacet
  facet normal -0.478536612991001 -0.478536612991003  0.736210173832310
    outer loop
      vertex  0.453333333333333  0.406666666666667  0.533833333333333
      vertex  0.500000000000000  0.453333333333333  0.594500000000000
      vertex  0.453333333333333  0.453333333333333  0.564166666666667
    endloop
  endfacet
  facet normal -0.000000000000000 -0.698100136129540  0.716000139620041
    outer loop
      vertex  0.500000000000000  0.406666666666667  0.549000000000000
      vertex  0.453333333333333  0.360000000000000  0.503500000000000
      vertex  0.500000000000000  0.360000000000000  0.503500000000000
    endloop
  endfacet
  facet normal -0.262908072140676 -0.525816144281358  0.808947914279009
    outer loop
      vertex  0.453333333333333  0.360000000000000  0.503500000000000
      vertex  0.500000000000000  0.406666666666667  0.549000000000000
      vertex  0.453333333333333  0.406666666666667  0.533833333333333
    endloop
  endfacet
  facet normal -0.478536612991003 -0.478536612991000  0.736210173832310
    outer loop
      vertex  0.453333333333333  0.500000000000000  0.594500000000000
      vertex  0.406666666666667  0.453333333333333  0.533833333333333
      vertex  0.453333333333333  0.453333333333333  0.564166666666667
    endloop
  endfacet
  facet normal -0.679933842660548 -0.226644614220181  0.697368043754406
    outer loop
      vertex  0.406666666666667  0.453333333333333  0.533833333333333
      vertex  0.453333333333333  0.500000000000000  0.594500000000000
      vertex  0.406666666666667  0.500000000000000  0.549000000000000
    endloop
  endfacet
  facet normal -0.262908072140680 -0.525816144281356  0.808947914279009
    outer loop
      vertex  0.453333333333333  0.453333333333333  0.564166666666667
      vertex  0.406666666666667  0.406666666666667  0.518666666666667
      vertex  0.453333333333333  0.406666666666667  0.533833333333333
    endloop
  endfacet
  facet normal -0.525816144281358 -0.262908072140679  0.808947914279008
    outer loop
      vertex  0.406666666666667  0.406666666666667  0.518666666666667
      vertex  0.453333333333333  0.453333333333333  0.564166666666667
      vertex  0.406666666666667  0.453333333333333  0.533833333333333
    endloop
  endfacet
  facet normal -0.000000000000000 -0.544988350595415  0.838443616300636
    outer loop
      vertex  0.453333333333333  0.406666666666667  0.533833333333333
      vertex  0.406666666666667  0.360000000000000  0.503500000000000
      vertex  0.453333333333333  0.360000000000000  0.503500000000000
    endloop
  endfacet
  facet normal -0.295302052775768 -0.295302052775765  0.908621700848509
    outer loop
      vertex  0.406666666666667  0.360000000000000  0.503500000000000
      vertex  0.453333333333333  0.406666666666667  0.533833333333333
      vertex  0.406666666666667  0.406666666666667  0.518666666666667
    endloop
  endfacet
  facet normal -0.525816144281357 -0.262908072140677  0.808947914279010
    outer loop
      vertex  0.406666666666667  0.500000000000000  0.549000000000000
      vertex  0.360000000000000  0.453333333333333  0.503500000000000
      vertex  0.406666666666667  0.453333333333333  0.533833333333333
    endloop
  endfacet
  facet normal -0.698100136129540 -0.000000000000000  0.716000139620041
    outer loop
      vertex  0.360000000000000  0.453333333333333  0.503500000000000
      vertex  0.406666666666667  0.500000000000000  0.549000000000000
      vertex  0.360000000000000  0.500000000000000  0.503500000000000
    endloop
  endfacet
  facet normal -0.295302052775765 -0.295302052775766  0.908621700848509
    outer loop
      vertex  0.406666666666667  0.453333333333333  0.533833333333333
      vertex  0.360000000000000  0.406666666666667  0.503500000000000
      vertex  0.406666666666667  0.406666666666667  0.518666666666667
    endloop
  endfacet
  facet normal -0.544988350595414 -0.000000000000000  0.838443616300637
    outer loop
      vertex  0.360000000000000  0.406666666666667  0.503500000000000
      vertex  0.406666666666667  0.453333333333333  0.533833333333333
      vertex  0.360000000000000  0.453333333333333  0.503500000000000
    endloop
  endfacet
  facet normal -0.000000000000000 -0.309086072337558  0.951034068730948
    outer loop
      vertex  0.406666666666667  0.406666666666667  0.518666666666667
      vertex  0.360000000000000  0.360000000000000  0.503500000000000
      vertex  0.406666666666667  0.360000000000000  0.503500000000000
    endloop
  endfacet
  facet normal -0.309086072337558 -0.000000000000000  0.951034068730948
    outer loop
      vertex  0.360000000000000  0.360000000000000  0.503500000000000
      vertex  0.406666666666667  0.406666666666667  0.518666666666667
      vertex  0.360000000000000  0.406666666666667  0.503500000000000
    endloop
  endfacet
  facet normal -0.000000000000000  1.000000000000000 -0.000000000000000
    outer loop
      vertex  0.360000000000000  0.500000000000000  0.503500000000000
      vertex  0.500000000000000  0.500000000000000  0.500000000000000
      vertex  0.360000000000000  0.500000000000000  0.500000000000000
    endloop
  endfacet
  facet normal -0.000000000000000  1.000000000000000 -0.000000000000000
    outer loop
      vertex  0.360000000000000  0.500000000000000  0.503500000000000
      vertex  0.500000000000000  0.500000000000000  0.640000000000000
      vertex  0.500000000000000  0.500000000000000  0.500000000000000
    endloop
  endfacet
  facet normal -0.000000000000000 -1.000000000000000 -0.000000000000000
    outer loop
      vertex  0.500000000000000  0.360000000000000  0.500000000000000
      vertex  0.500000000000000  0.360000000000000  0.503500000000000
      vertex  0.453333333333333  0.360000000000000  0.503500000000000
    endloop
  endfacet
  facet normal -0.000000000000000 -1.000000000000000 -0.000000000000000
    outer loop
      vertex  0.500000000000000  0.360000000000000  0.500000000000000
      vertex  0.453333333333333  0.360000000000000  0.503500000000000
      vertex  0.406666666666667  0.360000000000000  0.503500000000000
    endloop
  endfacet
  facet normal  0.000000000000000 -1.000000000000000 -0.000000000000000
    outer loop
      vertex  0.500000000000000  0.360000000000000  0.500000000000000
      vertex  0.360000000000000  0.360000000000000  0.503500000000000
      vertex  0.360000000000000  0.360000000000000  0.500000000000000
    endloop
  endfacet
  facet normal -0.000000000000000 -1.000000000000000 -0.000000000000000
    outer loop
      vertex  0.500000000000000  0.360000000000000  0.500000000000000
      vertex  0.406666666666667  0.360000000000000  0.503500000000000
      vertex  0.360000000000000  0.360000000000000  0.503500000000000
    endloop
  endfacet
  facet normal  1.000000000000000 -0.000000000000000  0.000000000000000
    outer loop
      vertex  0.500000000000000  0.360000000000000  0.503500000000000
      vertex  0.500000000000000  0.500000000000000  0.500000000000000
      vertex  0.500000000000000  0.500000000000000  0.640000000000000
    endloop
  endfacet
  facet normal  1.000000000000000 -0.000000000000000 -0.000000000000000
    outer loop
      vertex  0.500000000000000  0.360000000000000  0.503500000000000
      vertex  0.500000000000000  0.360000000000000  0.500000000000000
      vertex  0.500000000000000  0.500000000000000  0.500000000000000
    endloop
  endfacet
  facet normal -1.000000000000000  0.000000000000000 -0.000000000000000
    outer loop
      vertex  0.360000000000000  0.360000000000000  0.500000000000000
      vertex  0.360000000000000  0.360000000000000  0.503500000000000
      vertex  0.360000000000000  0.406666666666667  0.503500000000000
    endloop
  endfacet
  facet normal -1.000000000000000  0.000000000000000 -0.000000000000000
    outer loop
      vertex  0.360000000000000  0.360000000000000  0.500000000000000
      vertex  0.360000000000000  0.406666666666667  0.503500000000000
      vertex  0.360000000000000  0.453333333333333  0.503500000000000
    endloop
  endfacet
  facet normal -1.000000000000000 -0.000000000000000 -0.000000000000000
    outer loop
      vertex  0.360000000000000  0.360000000000000  0.500000000000000
      vertex  0.360000000000000  0.500000000000000  0.503500000000000
      vertex  0.360000000000000  0.500000000000000  0.500000000000000
    endloop
  endfacet
  facet normal -1.000000000000000  0.000000000000000 -0.000000000000000
    outer loop
      vertex  0.360000000000000  0.360000000000000  0.500000000000000
      vertex  0.360000000000000  0.453333333333333  0.503500000000000
      vertex  0.360000000000000  0.500000000000000  0.503500000000000
    endloop
  endfacet
  facet normal  0.000000000000000 -0.000000000000000 -1.000000000000000
    outer loop
      vertex  0.640000000000000  0.360000000000000  0.500000000000000
      vertex  0.500000000000000  0.500000000000000  0.500000000000000
      vertex  0.640000000000000  0.500000000000000  0.500000000000000
    endloop
  endfacet
  facet normal  0.000000000000000 -0.000000000000000 -1.000000000000000
    outer loop
      vertex  0.640000000000000  0.360000000000000  0.500000000000000
      vertex  0.500000000000000  0.360000000000000  0.500000000000000
      vertex  0.500000000000000  0.500000000000000  0.500000000000000
    endloop
  endfacet
  facet normal  0.421942283990626 -0.632913425985938  0.649141975370193
    outer loop
      vertex  0.500000000000000  0.500000000000000  0.640000000000000
      vertex  0.500000000000000  0.453333333333333  0.594500000000000
      vertex  0.546666666666667  0.453333333333333  0.564166666666667
    endloop
  endfacet
  facet normal  0.632913425985939 -0.421942283990625  0.649141975370193
    outer loop
      vertex  0.546666666666667  0.453333333333333  0.564166666666667
      vertex  0.546666666666667  0.500000000000000  0.594500000000000
      vertex  0.500000000000000  0.500000000000000  0.640000000000000
    endloop
  endfacet
  facet normal  0.226644614220180 -0.679933842660548  0.697368043754406
    outer loop
      vertex  0.500000000000000  0.453333333333333  0.594500000000000
      vertex  0.500000000000000  0.406666666666667  0.549000000000000
      vertex  0.546666666666667  0.406666666666667  0.533833333333333
    endloop
  endfacet
  facet normal  0.478536612991002 -0.478536612991002  0.736210173832310
    outer loop
      vertex  0.546666666666667  0.406666666666667  0.533833333333333
      vertex  0.546666666666667  0.453333333333333  0.564166666666667
      vertex  0.500000000000000  0.453333333333333  0.594500000000000
    endloop
  endfacet
  facet normal -0.000000000000000 -0.698100136129539  0.716000139620041
    outer loop
      vertex  0.500000000000000  0.406666666666667  0.549000000000000
      vertex  0.500000000000000  0.360000000000000  0.503500000000000
      vertex  0.546666666666667  0.360000000000000  0.503500000000000
    endloop
  endfacet
  facet normal  0.262908072140676 -0.525816144281358  0.808947914279009
    outer loop
      vertex  0.546666666666667  0.360000000000000  0.503500000000000
      vertex  0.546666666666667  0.406666666666667  0.533833333333333
      vertex  0.500000000000000  0.406666666666667  0.549000000000000
    endloop
  endfacet
  facet normal  0.478536612991002 -0.478536612991001  0.736210173832310
    outer loop
      vertex  0.546666666666667  0.500000000000000  0.594500000000000
      vertex  0.546666666666667  0.453333333333333  0.564166666666667
      vertex  0.593333333333333  0.453333333333333  0.533833333333333
    endloop
  endfacet
  facet normal  0.679933842660547 -0.226644614220182  0.697368043754406
    outer loop
      vertex  0.593333333333333  0.453333333333333  0.533833333333333
      vertex  0.593333333333333  0.500000000000000  0.549000000000000
      vertex  0.546666666666667  0.500000000000000  0.594500000000000
    endloop
  endfacet
  facet normal  0.262908072140679 -0.525816144281356  0.808947914279009
    outer loop
      vertex  0.546666666666667  0.453333333333333  0.564166666666667
      vertex  0.546666666666667  0.406666666666667  0.533833333333333
      vertex  0.593333333333333  0.406666666666667  0.518666666666667
    endloop
  endfacet
  facet normal  0.525816144281357 -0.262908072140678  0.808947914279009
    outer loop
      vertex  0.593333333333333  0.406666666666667  0.518666666666667
      vertex  0.593333333333333  0.453333333333333  0.533833333333333
      vertex  0.546666666666667  0.453333333333333  0.564166666666667
    endloop
  endfacet
  facet normal -0.000000000000000 -0.544988350595415  0.838443616300636
    outer loop
      vertex  0.546666666666667  0.406666666666667  0.533833333333333
      vertex  0.546666666666667  0.360000000000000  0.503500000000000
      vertex  0.593333333333333  0.360000000000000  0.503500000000000
    endloop
  endfacet
  facet normal  0.295302052775767 -0.295302052775765  0.908621700848509
    outer loop
      vertex  0.593333333333333  0.360000000000000  0.503500000000000
      vertex  0.593333333333333  0.406666666666667  0.518666666666667
      vertex  0.546666666666667  0.406666666666667  0.533833333333333
    endloop
  endfacet
  facet normal  0.525816144281356 -0.262908072140678  0.808947914279009
    outer loop
      vertex  0.593333333333333  0.500000000000000  0.549000000000000
      vertex  0.593333333333333  0.453333333333333  0.533833333333333
      vertex  0.640000000000000  0.453333333333333  0.503500000000000
    endloop
  endfacet
  facet normal  0.698100136129540 -0.000000000000000  0.716000139620041
    outer loop
      vertex  0.640000000000000  0.453333333333333  0.503500000000000
      vertex  0.640000000000000  0.500000000000000  0.503500000000000
      vertex  0.593333333333333  0.500000000000000  0.549000000000000
    endloop
  endfacet
  facet normal  0.295302052775765 -0.295302052775766  0.908621700848509
    outer loop
      vertex  0.593333333333333  0.453333333333333  0.533833333333333
      vertex  0.593333333333333  0.406666666666667  0.518666666666667
      vertex  0.640000000000000  0.406666666666667  0.503500000000000
    endloop
  endfacet
  facet normal  0.544988350595414  0.000000000000001  0.838443616300637
    outer loop
      vertex  0.640000000000000  0.406666666666667  0.503500000000000
      vertex  0.640000000000000  0.453333333333333  0.503500000000000
      vertex  0.593333333333333  0.453333333333333  0.533833333333333
    endloop
  endfacet
  facet normal -0.000000000000000 -0.309086072337558  0.951034068730948
    outer loop
      vertex  0.593333333333333  0.406666666666667  0.518666666666667
      vertex  0.593333333333333  0.360000000000000  0.503500000000000
      vertex  0.640000000000000  0.360000000000000  0.503500000000000
    endloop
  endfacet
  facet normal  0.309086072337558 -0.000000000000001  0.951034068730948
    outer loop
      vertex  0.640000000000000  0.360000000000000  0.503500000000000
      vertex  0.640000000000000  0.406666666666667  0.503500000000000
      vertex  0.593333333333333  0.406666666666667  0.518666666666667
    endloop
  endfacet
  facet normal -0.000000000000000  1.000000000000000  0.000000000000000
    outer loop
      vertex  0.640000000000000  0.500000000000000  0.503500000000000
      vertex  0.500000000000000  0.500000000000000  0.500000000000000
      vertex  0.500000000000000  0.500000000000000  0.640000000000000
    endloop
  endfacet
  facet normal -0.000000000000000  1.000000000000000 -0.000000000000000
    outer loop
      vertex  0.640000000000000  0.500000000000000  0.503500000000000
      vertex  0.640000000000000  0.500000000000000  0.500000000000000
      vertex  0.500000000000000  0.500000000000000  0.500000000000000
    endloop
  endfacet
  facet normal -0.000000000000000 -1.000000000000000 -0.000000000000000
    outer loop
      vertex  0.640000000000000  0.360000000000000  0.500000000000000
      vertex  0.640000000000000  0.360000000000000  0.503500000000000
      vertex  0.593333333333333  0.360000000000000  0.503500000000000
    endloop
  endfacet
  facet normal  0.000000000000000 -1.000000000000000  0.000000000000000
    outer loop
      vertex  0.640000000000000  0.360000000000000  0.500000000000000
      vertex  0.593333333333333  0.360000000000000  0.503500000000000
      vertex  0.546666666666667  0.360000000000000  0.503500000000000
    endloop
  endfacet
  facet normal  0.000000000000000 -1.000000000000000 -0.000000000000000
    outer loop
      vertex  0.640000000000000  0.360000000000000  0.500000000000000
      vertex  0.500000000000000  0.360000000000000  0.503500000000000
      vertex  0.500000000000000  0.360000000000000  0.500000000000000
    endloop
  endfacet
  facet normal -0.000000000000000 -1.000000000000000 -0.000000000000000
    outer loop
      vertex  0.640000000000000  0.360000000000000  0.500000000000000
      vertex  0.546666666666667  0.360000000000000  0.503500000000000
      vertex  0.500000000000000  0.360000000000000  0.503500000000000
    endloop
  endfacet
  facet normal -1.000000000000000 -0.000000000000000  0.000000000000000
    outer loop
      vertex  0.500000000000000  0.360000000000000  0.503500000000000
      vertex  0.500000000000000  0.500000000000000  0.500000000000000
      vertex  0.500000000000000  0.360000000000000  0.500000000000000
    endloop
  endfacet
  facet normal -1.000000000000000 -0.000000000000000  0.000000000000000
    outer loop
      vertex  0.500000000000000  0.360000000000000  0.503500000000000
      vertex  0.500000000000000  0.500000000000000  0.640000000000000
      vertex  0.500000000000000  0.500000000000000  0.500000000000000
    endloop
  endfacet
  facet normal  1.000000000000000  0.000000000000000  0.000000000000000
    outer loop
      vertex  0.640000000000000  0.500000000000000  0.500000000000000
      vertex  0.640000000000000  0.500000000000000  0.503500000000000
      vertex  0.640000000000000  0.453333333333333  0.503500000000000
    endloop
  endfacet
  facet normal  1.000000000000000  0.000000000000002  0.000000000000032
    outer loop
      vertex  0.640000000000000  0.500000000000000  0.500000000000000
      vertex  0.640000000000000  0.453333333333333  0.503500000000000
      vertex  0.640000000000000  0.406666666666667  0.503500000000000
    endloop
  endfacet
  facet normal  1.000000000000000 -0.000000000000000 -0.000000000000000
    outer loop
      vertex  0.640000000000000  0.500000000000000  0.500000000000000
      vertex  0.640000000000000  0.360000000000000  0.503500000000000
      vertex  0.640000000000000  0.360000000000000  0.500000000000000
    endloop
  endfacet
  facet normal  1.000000000000000 -0.000000000000002 -0.000000000000095
    outer loop
      vertex  0.640000000000000  0.500000000000000  0.500000000000000
      vertex  0.640000000000000  0.406666666666667  0.503500000000000
      vertex  0.640000000000000  0.360000000000000  0.503500000000000
    endloop
  endfacet
  facet normal -0.000000000000000  0.000000000000000 -1.000000000000000
    outer loop
      vertex  0.360000000000000  0.640000000000000  0.500000000000000
      vertex  0.500000000000000  0.500000000000000  0.500000000000000
      vertex  0.360000000000000  0.500000000000000  0.500000000000000
    endloop
  endfacet
  facet normal -0.000000000000000 -0.000000000000000 -1.000000000000000
    outer loop
      vertex  0.360000000000000  0.640000000000000  0.500000000000000
      vertex  0.500000000000000  0.640000000000000  0.500000000000000
      vertex  0.500000000000000  0.500000000000000  0.500000000000000
    endloop
  endfacet
  facet normal -0.421942283990625  0.632913425985939  0.649141975370193
    outer loop
      vertex  0.500000000000000  0.500000000000000  0.640000000000000
      vertex  0.500000000000000  0.546666666666667  0.594500000000000
      vertex  0.453333333333333  0.546666666666667  0.564166666666667
    endloop
  endfacet
  facet normal -0.632913425985938  0.421942283990625  0.649141975370193
    outer loop
      vertex  0.453333333333333  0.546666666666667  0.564166666666667
      vertex  0.453333333333333  0.500000000000000  0.594500000000000
      vertex  0.500000000000000  0.500000000000000  0.640000000000000
    endloop
  endfacet
  facet normal -0.226644614220180  0.679933842660547  0.697368043754407
    outer loop
      vertex  0.500000000000000  0.546666666666667  0.594500000000000
      vertex  0.500000000000000  0.593333333333333  0.549000000000000
      vertex  0.453333333333333  0.593333333333333  0.533833333333333
    endloop
  endfacet
  facet normal -0.478536612991001  0.478536612991002  0.736210173832311
    outer loop
      vertex  0.453333333333333  0.593333333333333  0.533833333333333
      vertex  0.453333333333333  0.546666666666667  0.564166666666667
      vertex  0.500000000000000  0.546666666666667  0.594500000000000
    endloop
  endfacet
  facet normal  0.000000000000000  0.698100136129540  0.716000139620041
    outer loop
      vertex  0.500000000000000  0.593333333333333  0.549000000000000
      vertex  0.500000000000000  0.640000000000000  0.503500000000000
      vertex  0.453333333333333  0.640000000000000  0.503500000000000
    endloop
  endfacet
  facet normal -0.262908072140676  0.525816144281358  0.808947914279009
    outer loop
      vertex  0.453333333333333  0.640000000000000  0.503500000000000
      vertex  0.453333333333333  0.593333333333333  0.533833333333333
      vertex  0.500000000000000  0.593333333333333  0.549000000000000
    endloop
  endfacet
  facet normal -0.478536612991002  0.478536612991001  0.736210173832310
    outer loop
      vertex  0.453333333333333  0.500000000000000  0.594500000000000
      vertex  0.453333333333333  0.546666666666667  0.564166666666667
      vertex  0.406666666666667  0.546666666666667  0.533833333333333
    endloop
  endfacet
  facet normal -0.679933842660548  0.226644614220181  0.697368043754406
    outer loop
      vertex  0.406666666666667  0.546666666666667  0.533833333333333
      vertex  0.406666666666667  0.500000000000000  0.549000000000000
      vertex  0.453333333333333  0.500000000000000  0.594500000000000
    endloop
  endfacet
  facet normal -0.262908072140679  0.525816144281356  0.808947914279010
    outer loop
      vertex  0.453333333333333  0.546666666666667  0.564166666666667
      vertex  0.453333333333333  0.593333333333333  0.533833333333333
      vertex  0.406666666666667  0.593333333333333  0.518666666666667
    endloop
  endfacet
  facet normal -0.525816144281357  0.262908072140678  0.808947914279009
    outer loop
      vertex  0.406666666666667  0.593333333333333  0.518666666666667
      vertex  0.406666666666667  0.546666666666667  0.533833333333333
      vertex  0.453333333333333  0.546666666666667  0.564166666666667
    endloop
  endfacet
  facet normal  0.000000000000001  0.544988350595416  0.838443616300636
    outer loop
      vertex  0.453333333333333  0.593333333333333  0.533833333333333
      vertex  0.453333333333333  0.640000000000000  0.503500000000000
      vertex  0.406666666666667  0.640000000000000  0.503500000000000
    endloop
  endfacet
  facet normal -0.295302052775767  0.295302052775765  0.908621700848509
    outer loop
      vertex  0.406666666666667  0.640000000000000  0.503500000000000
      vertex  0.406666666666667  0.593333333333333  0.518666666666667
      vertex  0.453333333333333  0.593333333333333  0.533833333333333
    endloop
  endfacet
  facet normal -0.525816144281357  0.262908072140677  0.808947914279010
    outer loop
      vertex  0.406666666666667  0.500000000000000  0.549000000000000
      vertex  0.406666666666667  0.546666666666667  0.533833333333333
      vertex  0.360000000000000  0.546666666666667  0.503500000000000
    endloop
  endfacet
  facet normal -0.698100136129539 -0.000000000000000  0.716000139620041
    outer loop
      vertex  0.360000000000000  0.546666666666667  0.503500000000000
      vertex  0.360000000000000  0.500000000000000  0.503500000000000
      vertex  0.406666666666667  0.500000000000000  0.549000000000000
    endloop
  endfacet
  facet normal -0.295302052775766  0.295302052775765  0.908621700848509
    outer loop
      vertex  0.406666666666667  0.546666666666667  0.533833333333333
      vertex  0.406666666666667  0.593333333333333  0.518666666666667
      vertex  0.360000000000000  0.593333333333333  0.503500000000000
    endloop
  endfacet
  facet normal -0.544988350595414 -0.000000000000000  0.838443616300637
    outer loop
      vertex  0.360000000000000  0.593333333333333  0.503500000000000
      vertex  0.360000000000000  0.546666666666667  0.503500000000000
      vertex  0.406666666666667  0.546666666666667  0.533833333333333
    endloop
  endfacet
  facet normal -0.000000000000001  0.309086072337558  0.951034068730948
    outer loop
      vertex  0.406666666666667  0.593333333333333  0.518666666666667
      vertex  0.406666666666667  0.640000000000000  0.503500000000000
      vertex  0.360000000000000  0.640000000000000  0.503500000000000
    endloop
  endfacet
  facet normal -0.309086072337558 -0.000000000000000  0.951034068730948
    outer loop
      vertex  0.360000000000000  0.640000000000000  0.503500000000000
      vertex  0.360000000000000  0.593333333333333  0.503500000000000
      vertex  0.406666666666667  0.593333333333333  0.518666666666667
    endloop
  endfacet
  facet normal -0.000000000000000 -1.000000000000000 -0.000000000000000
    outer loop
      vertex  0.360000000000000  0.500000000000000  0.503500000000000
      vertex  0.500000000000000  0.500000000000000  0.500000000000000
      vertex  0.500000000000000  0.500000000000000  0.640000000000000
    endloop
  endfacet
  facet normal -0.000000000000000 -1.000000000000000  0.000000000000000
    outer loop
      vertex  0.360000000000000  0.500000000000000  0.503500000000000
      vertex  0.360000000000000  0.500000000000000  0.500000000000000
      vertex  0.500000000000000  0.500000000000000  0.500000000000000
    endloop
  endfacet
  facet normal -0.000000000000002  1.000000000000000 -0.000000000000000
    outer loop
      vertex  0.360000000000000  0.640000000000000  0.500000000000000
      vertex  0.360000000000000  0.640000000000000  0.503500000000000
      vertex  0.406666666666667  0.640000000000000  0.503500000000000
    endloop
  endfacet
  facet normal  0.000000000000002  1.000000000000000 -0.000000000000063
    outer loop
      vertex  0.360000000000000  0.640000000000000  0.500000000000000
      vertex  0.406666666666667  0.640000000000000  0.503500000000000
      vertex  0.453333333333333  0.640000000000000  0.503500000000000
    endloop
  endfacet
  facet normal  0.000000000000000  1.000000000000000  0.000000000000000
    outer loop
      vertex  0.360000000000000  0.640000000000000  0.500000000000000
      vertex  0.500000000000000  0.640000000000000  0.503500000000000
      vertex  0.500000000000000  0.640000000000000  0.500000000000000
    endloop
  endfacet
  facet normal -0.000000000000000  1.000000000000000  0.000000000000000
    outer loop
      vertex  0.360000000000000  0.640000000000000  0.500000000000000
      vertex  0.453333333333333  0.640000000000000  0.503500000000000
      vertex  0.500000000000000  0.640000000000000  0.503500000000000
    endloop
  endfacet
  facet normal  1.000000000000000 -0.000000000000000 -0.000000000000000
    outer loop
      vertex  0.500000000000000  0.640000000000000  0.503500000000000
      vertex  0.500000000000000  0.500000000000000  0.500000000000000
      vertex  0.500000000000000  0.640000000000000  0.500000000000000
    endloop
  endfacet
  facet normal  1.000000000000000 -0.000000000000000 -0.000000000000000
    outer loop
      vertex  0.500000000000000  0.640000000000000  0.503500000000000
      vertex  0.500000000000000  0.500000000000000  0.640000000000000
      vertex  0.500000000000000  0.500000000000000  0.500000000000000
    endloop
  endfacet
  facet normal -1.000000000000000  0.000000000000000 -0.000000000000000
    outer loop
      vertex  0.360000000000000  0.500000000000000  0.500000000000000
      vertex  0.360000000000000  0.500000000000000  0.503500000000000
      vertex  0.360000000000000  0.546666666666667  0.503500000000000
    endloop
  endfacet
  facet normal -1.000000000000000 -0.000000000000000  0.000000000000000
    outer loop
      vertex  0.360000000000000  0.500000000000000  0.500000000000000
      vertex  0.360000000000000  0.546666666666667  0.503500000000000
      vertex  0.360000000000000  0.593333333333333  0.503500000000000
    endloop
  endfacet
  facet normal -1.000000000000000 -0.000000000000000 -0.000000000000000
    outer loop
      vertex  0.360000000000000  0.500000000000000  0.500000000000000
      vertex  0.360000000000000  0.640000000000000  0.503500000000000
      vertex  0.360000000000000  0.640000000000000  0.500000000000000
    endloop
  endfacet
  facet normal -1.000000000000000  0.000000000000000 -0.000000000000000
    outer loop
      vertex  0.360000000000000  0.500000000000000  0.500000000000000
      vertex  0.360000000000000  0.593333333333333  0.503500000000000
      vertex  0.360000000000000  0.640000000000000  0.503500000000000
    endloop
  endfacet
  facet normal -0.000000000000000 -0.000000000000000 -1.000000000000000
    outer loop
      vertex  0.640000000000000  0.640000000000000  0.500000000000000
      vertex  0.500000000000000  0.500000000000000  0.500000000000000
      vertex  0.500000000000000  0.640000000000000  0.500000000000000
    endloop
  endfacet
  facet normal -0.000000000000000  0.000000000000000 -1.000000000000000
    outer loop
      vertex  0.640000000000000  0.640000000000000  0.500000000000000
      vertex  0.640000000000000  0.500000000000000  0.500000000000000
      vertex  0.500000000000000  0.500000000000000  0.500000000000000
    endloop
  endfacet
  facet normal  0.421942283990626  0.632913425985938  0.649141975370193
    outer loop
      vertex  0.500000000000000  0.500000000000000  0.640000000000000
      vertex  0.546666666666667  0.546666666666667  0.564166666666667
      vertex  0.500000000000000  0.546666666666667  0.594500000000000
    endloop
  endfacet
  facet normal  0.632913425985938  0.421942283990626  0.649141975370193
    outer loop
      vertex  0.546666666666667  0.546666666666667  0.564166666666667
      vertex  0.500000000000000  0.500000000000000  0.640000000000000
      vertex  0.546666666666667  0.500000000000000  0.594500000000000
    endloop
  endfacet
  facet normal  0.226644614220181  0.679933842660547  0.697368043754407
    outer loop
      vertex  0.500000000000000  0.546666666666667  0.594500000000000
      vertex  0.546666666666667  0.593333333333333  0.533833333333333
      vertex  0.500000000000000  0.593333333333333  0.549000000000000
    endloop
  endfacet
  facet normal  0.478536612991002  0.478536612991001  0.736210173832310
    outer loop
      vertex  0.546666666666667  0.593333333333333  0.533833333333333
      vertex  0.500000000000000  0.546666666666667  0.594500000000000
      vertex  0.546666666666667  0.546666666666667  0.564166666666667
    endloop
  endfacet
  facet normal  0.000000000000000  0.698100136129540  0.716000139620041
    outer loop
      vertex  0.500000000000000  0.593333333333333  0.549000000000000
      vertex  0.546666666666667  0.640000000000000  0.503500000000000
      vertex  0.500000000000000  0.640000000000000  0.503500000000000
    endloop
  endfacet
  facet normal  0.262908072140676  0.525816144281358  0.808947914279009
    outer loop
      vertex  0.546666666666667  0.640000000000000  0.503500000000000
      vertex  0.500000000000000  0.593333333333333  0.549000000000000
      vertex  0.546666666666667  0.593333333333333  0.533833333333333
    endloop
  endfacet
  facet normal  0.478536612991001  0.478536612991002  0.736210173832310
    outer loop
      vertex  0.546666666666667  0.500000000000000  0.594500000000000
      vertex  0.593333333333333  0.546666666666667  0.533833333333333
      vertex  0.546666666666667  0.546666666666667  0.564166666666667
    endloop
  endfacet
  facet normal  0.679933842660547  0.226644614220182  0.697368043754407
    outer loop
      vertex  0.593333333333333  0.546666666666667  0.533833333333333
      vertex  0.546666666666667  0.500000000000000  0.594500000000000
      vertex  0.593333333333333  0.500000000000000  0.549000000000000
    endloop
  endfacet
  facet normal  0.262908072140678  0.525816144281355  0.808947914279010
    outer loop
      vertex  0.546666666666667  0.546666666666667  0.564166666666667
      vertex  0.593333333333333  0.593333333333333  0.518666666666667
      vertex  0.546666666666667  0.593333333333333  0.533833333333333
    endloop
  endfacet
  facet normal  0.525816144281357  0.262908072140678  0.808947914279010
    outer loop
      vertex  0.593333333333333  0.593333333333333  0.518666666666667
      vertex  0.546666666666667  0.546666666666667  0.564166666666667
      vertex  0.593333333333333  0.546666666666667  0.533833333333333
    endloop
  endfacet
  facet normal -0.000000000000001  0.544988350595416  0.838443616300636
    outer loop
      vertex  0.546666666666667  0.593333333333333  0.533833333333333
      vertex  0.593333333333333  0.640000000000000  0.503500000000000
      vertex  0.546666666666667  0.640000000000000  0.503500000000000
    endloop
  endfacet
  facet normal  0.295302052775766  0.295302052775766  0.908621700848509
    outer loop
      vertex  0.593333333333333  0.640000000000000  0.503500000000000
      vertex  0.546666666666667  0.593333333333333  0.533833333333333
      vertex  0.593333333333333  0.593333333333333  0.518666666666667
    endloop
  endfacet
  facet normal  0.525816144281357  0.262908072140678  0.808947914279009
    outer loop
      vertex  0.593333333333333  0.500000000000000  0.549000000000000
      vertex  0.640000000000000  0.546666666666667  0.503500000000000
      vertex  0.593333333333333  0.546666666666667  0.533833333333333
    endloop
  endfacet
  facet normal  0.698100136129540 -0.000000000000000  0.716000139620041
    outer loop
      vertex  0.640000000000000  0.546666666666667  0.503500000000000
      vertex  0.593333333333333  0.500000000000000  0.549000000000000
      vertex  0.640000000000000  0.500000000000000  0.503500000000000
    endloop
  endfacet
  facet normal  0.295302052775766  0.295302052775765  0.908621700848510
    outer loop
      vertex  0.593333333333333  0.546666666666667  0.533833333333333
      vertex  0.640000000000000  0.593333333333333  0.503500000000000
      vertex  0.593333333333333  0.593333333333333  0.518666666666667
    endloop
  endfacet
  facet normal  0.544988350595414 -0.000000000000001  0.838443616300637
    outer loop
      vertex  0.640000000000000  0.593333333333333  0.503500000000000
      vertex  0.593333333333333  0.546666666666667  0.533833333333333
      vertex  0.640000000000000  0.546666666666667  0.503500000000000
    endloop
  endfacet
  facet normal  0.000000000000001  0.309086072337558  0.951034068730948
    outer loop
      vertex  0.593333333333333  0.593333333333333  0.518666666666667
      vertex  0.640000000000000  0.640000000000000  0.503500000000000
      vertex  0.593333333333333  0.640000000000000  0.503500000000000
    endloop
  endfacet
  facet normal  0.309086072337558  0.000000000000001  0.951034068730948
    outer loop
      vertex  0.640000000000000  0.640000000000000  0.503500000000000
      vertex  0.593333333333333  0.593333333333333  0.518666666666667
      vertex  0.640000000000000  0.593333333333333  0.503500000000000
    endloop
  endfacet
  facet normal -0.000000000000000 -1.000000000000000 -0.000000000000000
    outer loop
      vertex  0.640000000000000  0.500000000000000  0.503500000000000
      vertex  0.500000000000000  0.500000000000000  0.500000000000000
      vertex  0.640000000000000  0.500000000000000  0.500000000000000
    endloop
  endfacet
  facet normal -0.000000000000000 -1.000000000000000  0.000000000000000
    outer loop
      vertex  0.640000000000000  0.500000000000000  0.503500000000000
      vertex  0.500000000000000  0.500000000000000  0.640000000000000
      vertex  0.500000000000000  0.500000000000000  0.500000000000000
    endloop
  endfacet
  facet normal -0.000000000000000  1.000000000000000  0.000000000000000
    outer loop
      vertex  0.500000000000000  0.640000000000000  0.500000000000000
      vertex  0.500000000000000  0.640000000000000  0.503500000000000
      vertex  0.546666666666667  0.640000000000000  0.503500000000000
    endloop
  endfacet
  facet normal -0.000000000000002  1.000000000000000  0.000000000000032
    outer loop
      vertex  0.500000000000000  0.640000000000000  0.500000000000000
      vertex  0.546666666666667  0.640000000000000  0.503500000000000
      vertex  0.593333333333333  0.640000000000000  0.503500000000000
    endloop
  endfacet
  facet normal  0.000000000000000  1.000000000000000  0.000000000000000
    outer loop
      vertex  0.500000000000000  0.640000000000000  0.500000000000000
      vertex  0.640000000000000  0.640000000000000  0.503500000000000
      vertex  0.640000000000000  0.640000000000000  0.500000000000000
    endloop
  endfacet
  facet normal  0.000000000000002  1.000000000000000 -0.000000000000095
    outer loop
      vertex  0.500000000000000  0.640000000000000  0.500000000000000
      vertex  0.593333333333333  0.640000000000000  0.503500000000000
      vertex  0.640000000000000  0.640000000000000  0.503500000000000
    endloop
  endfacet
  facet normal -1.000000000000000 -0.000000000000000 -0.000000000000000
    outer loop
      vertex  0.500000000000000  0.640000000000000  0.503500000000000
      vertex  0.500000000000000  0.500000000000000  0.500000000000000
      vertex  0.500000000000000  0.500000000000000  0.640000000000000
    endloop
  endfacet
  facet normal -1.000000000000000 -0.000000000000000  0.000000000000000
    outer loop
      vertex  0.500000000000000  0.640000000000000  0.503500000000000
      vertex  0.500000000000000  0.640000000000000  0.500000000000000
      vertex  0.500000000000000  0.500000000000000  0.500000000000000
    endloop
  endfacet
  facet normal  1.000000000000000  0.000000000000002 -0.000000000000000
    outer loop
      vertex  0.640000000000000  0.640000000000000  0.500000000000000
      vertex  0.640000000000000  0.640000000000000  0.503500000000000
      vertex  0.640000000000000  0.593333333333333  0.503500000000000
    endloop
  endfacet
  facet normal  1.000000000000000 -0.000000000000002 -0.000000000000063
    outer loop
      vertex  0.640000000000000  0.640000000000000  0.500000000000000
      vertex  0.640000000000000  0.593333333333333  0.503500000000000
      vertex  0.640000000000000  0.546666666666667  0.503500000000000
    endloop
  endfacet
  facet normal  1.000000000000000 -0.000000000000000 -0.000000000000000
    outer loop
      vertex  0.640000000000000  0.640000000000000  0.500000000000000
      vertex  0.640000000000000  0.500000000000000  0.503500000000000
      vertex  0.640000000000000  0.500000000000000  0.500000000000000
    endloop
  endfacet
  facet normal  1.000000000000000  0.000000000000000  0.000000000000000
    outer loop
      vertex  0.640000000000000  0.640000000000000  0.500000000000000
      vertex  0.640000000000000  0.546666666666667  0.503500000000000
      vertex  0.640000000000000  0.500000000000000  0.503500000000000
    endloop
  endfacet
  facet normal  0.426401432711221  0.639602149066831  0.639602149066831
    outer loop
      vertex  0.370000000000000  0.370000000000000  0.000000000000000
      vertex  0.246666666666667  0.246666666666667  0.205555555555556
      vertex  0.370000000000000  0.246666666666667  0.123333333333333
    endloop
  endfacet
  facet normal  0.639602149066831  0.426401432711221  0.639602149066831
    outer loop
      vertex  0.246666666666667  0.246666666666667  0.205555555555556
      vertex  0.370000000000000  0.370000000000000  0.000000000000000
      vertex  0.246666666666667  0.370000000000000  0.123333333333333
    endloop
  endfacet
  facet normal  0.229415733870562  0.688247201611685  0.688247201611685
    outer loop
      vertex  0.370000000000000  0.246666666666667  0.123333333333333
      vertex  0.246666666666667  0.123333333333333  0.287777777777778
      vertex  0.370000000000000  0.123333333333333  0.246666666666667
    endloop
  endfacet
  facet normal  0.485071250072666  0.485071250072666  0.727606875108999
    outer loop
      vertex  0.246666666666667  0.123333333333333  0.287777777777778
      vertex  0.370000000000000  0.246666666666667  0.123333333333333
      vertex  0.246666666666667  0.246666666666667  0.205555555555556
    endloop
  endfacet
  facet normal -0.000000000000000  0.707106781186547  0.707106781186548
    outer loop
      vertex  0.370000000000000  0.123333333333333  0.246666666666667
      vertex  0.246666666666667  0.000000000000000  0.370000000000000
      vertex  0.370000000000000  0.000000000000000  0.370000000000000
    endloop
  endfacet
  facet normal  0.267261241912424  0.534522483824849  0.801783725737273
    outer loop
      vertex  0.246666666666667  0.000000000000000  0.370000000000000
      vertex  0.370000000000000  0.123333333333333  0.246666666666667
      vertex  0.246666666666667  0.123333333333333  0.287777777777778
    endloop
  endfacet
  facet normal  0.485071250072666  0.485071250072666  0.727606875108999
    outer loop
      vertex  0.246666666666667  0.370000000000000  0.123333333333333
      vertex  0.123333333333333  0.246666666666667  0.287777777777778
      vertex  0.246666666666667  0.246666666666667  0.205555555555556
    endloop
  endfacet
  facet normal  0.688247201611685  0.229415733870562  0.688247201611685
    outer loop
      vertex  0.123333333333333  0.246666666666667  0.287777777777778
      vertex  0.246666666666667  0.370000000000000  0.123333333333333
      vertex  0.123333333333333  0.370000000000000  0.246666666666667
    endloop
  endfacet
  facet normal  0.267261241912424  0.534522483824849  0.801783725737273
    outer loop
      vertex  0.246666666666667  0.246666666666667  0.205555555555556
      vertex  0.123333333333333  0.123333333333333  0.328888888888889
      vertex  0.246666666666667  0.123333333333333  0.287777777777778
    endloop
  endfacet
  facet normal  0.534522483824849  0.267261241912424  0.801783725737273
    outer loop
      vertex  0.123333333333333  0.123333333333333  0.328888888888889
      vertex  0.246666666666667  0.246666666666667  0.205555555555556
      vertex  0.123333333333333  0.246666666666667  0.287777777777778
    endloop
  endfacet
  facet normal -0.000000000000000  0.554700196225229  0.832050294337844
    outer loop
      vertex  0.246666666666667  0.123333333333333  0.287777777777778
      vertex  0.123333333333333  0.000000000000000  0.370000000000000
      vertex  0.246666666666667  0.000000000000000  0.370000000000000
    endloop
  endfacet
  facet normal  0.301511344577764  0.301511344577764  0.904534033733291
    outer loop
      vertex  0.123333333333333  0.000000000000000  0.370000000000000
      vertex  0.246666666666667  0.123333333333333  0.287777777777778
      vertex  0.123333333333333  0.123333333333333  0.328888888888889
    endloop
  endfacet
  facet normal  0.534522483824849  0.267261241912424  0.801783725737273
    outer loop
      vertex  0.123333333333333  0.370000000000000  0.246666666666667
      vertex  0.000000000000000  0.246666666666667  0.370000000000000
      vertex  0.123333333333333  0.246666666666667  0.287777777777778
    endloop
  endfacet
  facet normal  0.707106781186547  0.000000000000000  0.707106781186548
    outer loop
      vertex  0.000000000000000  0.246666666666667  0.370000000000000
      vertex  0.123333333333333  0.370000000000000  0.246666666666667
      vertex  0.000000000000000  0.370000000000000  0.370000000000000
    endloop
  endfacet
  facet normal  0.301511344577764  0.301511344577764  0.904534033733291
    outer loop
      vertex  0.123333333333333  0.246666666666667  0.287777777777778
      vertex  0.000000000000000  0.123333333333333  0.370000000000000
      vertex  0.123333333333333  0.123333333333333  0.328888888888889
    endloop
  endfacet
  facet normal  0.554700196225229  0.000000000000000  0.832050294337844
    outer loop
      vertex  0.000000000000000  0.123333333333333  0.370000000000000
      vertex  0.123333333333333  0.246666666666667  0.287777777777778
      vertex  0.000000000000000  0.246666666666667  0.370000000000000
    endloop
  endfacet
  facet normal -0.000000000000000  0.316227766016838  0.948683298050514
    outer loop
      vertex  0.123333333333333  0.123333333333333  0.328888888888889
      vertex  0.000000000000000  0.000000000000000  0.370000000000000
      vertex  0.123333333333333  0.000000000000000  0.370000000000000
    endloop
  endfacet
  facet normal  0.316227766016838  0.000000000000000  0.948683298050514
    outer loop
      vertex  0.000000000000000  0.000000000000000  0.370000000000000
      vertex  0.123333333333333  0.123333333333333  0.328888888888889
      vertex  0.000000000000000  0.123333333333333  0.370000000000000
    endloop
  endfacet
  facet normal  0.421942283990625  0.632913425985938  0.649141975370194
    outer loop
      vertex  0.500000000000000  0.500000000000000  0.360000000000000
      vertex  0.453333333333333  0.453333333333333  0.435833333333333
      vertex  0.500000000000000  0.453333333333333  0.405500000000000
    endloop
  endfacet
  facet normal  0.632913425985938  0.421942283990625  0.649141975370194
    outer loop
      vertex  0.453333333333333  0.453333333333333  0.435833333333333
      vertex  0.500000000000000  0.500000000000000  0.360000000000000
      vertex  0.453333333333333  0.500000000000000  0.405500000000000
    endloop
  endfacet
  facet normal  0.226644614220182  0.679933842660547  0.697368043754406
    outer loop
      vertex  0.500000000000000  0.453333333333333  0.405500000000000
      vertex  0.453333333333333  0.406666666666667  0.466166666666667
      vertex  0.500000000000000  0.406666666666667  0.451000000000000
    endloop
  endfacet
  facet normal  0.478536612991001  0.478536612991003  0.736210173832310
    outer loop
      vertex  0.453333333333333  0.406666666666667  0.466166666666667
      vertex  0.500000000000000  0.453333333333333  0.405500000000000
      vertex  0.453333333333333  0.453333333333333  0.435833333333333
    endloop
  endfacet
  facet normal -0.000000000000001  0.698100136129540  0.716000139620041
    outer loop
      vertex  0.500000000000000  0.406666666666667  0.451000000000000
      vertex  0.453333333333333  0.360000000000000  0.496500000000000
      vertex  0.500000000000000  0.360000000000000  0.496500000000000
    endloop
  endfacet
  facet normal  0.262908072140678  0.525816144281355  0.808947914279010
    outer loop
      vertex  0.453333333333333  0.360000000000000  0.496500000000000
      vertex  0.500000000000000  0.406666666666667  0.451000000000000
      vertex  0.453333333333333  0.406666666666667  0.466166666666667
    endloop
  endfacet
  facet normal  0.478536612991002  0.478536612991001  0.736210173832311
    outer loop
      vertex  0.453333333333333  0.500000000000000  0.405500000000000
      vertex  0.406666666666667  0.453333333333333  0.466166666666667
      vertex  0.453333333333333  0.453333333333333  0.435833333333333
    endloop
  endfacet
  facet normal  0.679933842660547  0.226644614220180  0.697368043754406
    outer loop
      vertex  0.406666666666667  0.453333333333333  0.466166666666667
      vertex  0.453333333333333  0.500000000000000  0.405500000000000
      vertex  0.406666666666667  0.500000000000000  0.451000000000000
    endloop
  endfacet
  facet normal  0.262908072140678  0.525816144281357  0.808947914279009
    outer loop
      vertex  0.453333333333333  0.453333333333333  0.435833333333333
      vertex  0.406666666666667  0.406666666666667  0.481333333333333
      vertex  0.453333333333333  0.406666666666667  0.466166666666667
    endloop
  endfacet
  facet normal  0.525816144281356  0.262908072140680  0.808947914279009
    outer loop
      vertex  0.406666666666667  0.406666666666667  0.481333333333333
      vertex  0.453333333333333  0.453333333333333  0.435833333333333
      vertex  0.406666666666667  0.453333333333333  0.466166666666667
    endloop
  endfacet
  facet normal  0.000000000000001  0.544988350595413  0.838443616300638
    outer loop
      vertex  0.453333333333333  0.406666666666667  0.466166666666667
      vertex  0.406666666666667  0.360000000000000  0.496500000000000
      vertex  0.453333333333333  0.360000000000000  0.496500000000000
    endloop
  endfacet
  facet normal  0.295302052775766  0.295302052775765  0.908621700848509
    outer loop
      vertex  0.406666666666667  0.360000000000000  0.496500000000000
      vertex  0.453333333333333  0.406666666666667  0.466166666666667
      vertex  0.406666666666667  0.406666666666667  0.481333333333333
    endloop
  endfacet
  facet normal  0.525816144281357  0.262908072140676  0.808947914279010
    outer loop
      vertex  0.406666666666667  0.500000000000000  0.451000000000000
      vertex  0.360000000000000  0.453333333333333  0.496500000000000
      vertex  0.406666666666667  0.453333333333333  0.466166666666667
    endloop
  endfacet
  facet normal  0.698100136129540 -0.000000000000001  0.716000139620041
    outer loop
      vertex  0.360000000000000  0.453333333333333  0.496500000000000
      vertex  0.406666666666667  0.500000000000000  0.451000000000000
      vertex  0.360000000000000  0.500000000000000  0.496500000000000
    endloop
  endfacet
  facet normal  0.295302052775765  0.295302052775767  0.908621700848509
    outer loop
      vertex  0.406666666666667  0.453333333333333  0.466166666666667
      vertex  0.360000000000000  0.406666666666667  0.496500000000000
      vertex  0.406666666666667  0.406666666666667  0.481333333333333
    endloop
  endfacet
  facet normal  0.544988350595414  0.000000000000001  0.838443616300637
    outer loop
      vertex  0.360000000000000  0.406666666666667  0.496500000000000
      vertex  0.406666666666667  0.453333333333333  0.466166666666667
      vertex  0.360000000000000  0.453333333333333  0.496500000000000
    endloop
  endfacet
  facet normal -0.000000000000000  0.309086072337558  0.951034068730948
    outer loop
      vertex  0.406666666666667  0.406666666666667  0.481333333333333
      vertex  0.360000000000000  0.360000000000000  0.496500000000000
      vertex  0.406666666666667  0.360000000000000  0.496500000000000
    endloop
  endfacet
  facet normal  0.309086072337558  0.000000000000000  0.951034068730948
    outer loop
      vertex  0.360000000000000  0.360000000000000  0.496500000000000
      vertex  0.406666666666667  0.406666666666667  0.481333333333333
      vertex  0.360000000000000  0.406666666666667  0.496500000000000
    endloop
  endfacet
  facet normal  0.429926221395259  0.793856712886112  0.430063906370265
    outer loop
      vertex  0.370000000000000  0.370000000000000  0.000000000000000
      vertex  0.252624412050535  0.348922798833819  0.156244501457726
      vertex  0.348922798833819  0.348922798833819  0.059976944606414
    endloop
  endfacet
  facet normal  0.430300287253115  0.793525882110831  0.430300287253115
    outer loop
      vertex  0.252624412050535  0.348922798833819  0.156244501457726
      vertex  0.370000000000000  0.370000000000000  0.000000000000000
      vertex  0.246666666666667  0.370000000000000  0.123333333333333
    endloop
  endfacet
  facet normal  0.002915064868054  0.999991488677295  0.002919755089553
    outer loop
      vertex  0.348922798833819  0.348922798833819  0.059976944606414
      vertex  0.274872303206997  0.348727696793003  0.200729290573372
      vertex  0.348727696793003  0.348727696793003  0.126992536443149
    endloop
  endfacet
  facet normal  0.002922986617872  0.999991453376081  0.002923922711833
    outer loop
      vertex  0.274872303206997  0.348727696793003  0.200729290573372
      vertex  0.348922798833819  0.348922798833819  0.059976944606414
      vertex  0.252624412050535  0.348922798833819  0.156244501457726
    endloop
  endfacet
  facet normal -0.183769256949182  0.965478592272617 -0.184607551480513
    outer loop
      vertex  0.348727696793003  0.348727696793003  0.126992536443149
      vertex  0.308349465500486  0.364815160349854  0.251323199222546
      vertex  0.364815160349854  0.364815160349854  0.195113912536443
    endloop
  endfacet
  facet normal -0.184534825872571  0.965289660048834 -0.184831734945565
    outer loop
      vertex  0.308349465500486  0.364815160349854  0.251323199222546
      vertex  0.348727696793003  0.348727696793003  0.126992536443149
      vertex  0.274872303206997  0.348727696793003  0.200729290573372
    endloop
  endfacet
  facet normal -0.278191395807233  0.918520110466844 -0.280945464399765
    outer loop
      vertex  0.364815160349854  0.364815160349854  0.195113912536443
      vertex  0.347995024295432  0.392585655976676  0.302561725947522
      vertex  0.392585655976676  0.392585655976676  0.258408209912536
    endloop
  endfacet
  facet normal -0.279784350671480  0.918000891598283 -0.281060634283949
    outer loop
      vertex  0.347995024295432  0.392585655976676  0.302561725947522
      vertex  0.364815160349854  0.364815160349854  0.195113912536443
      vertex  0.308349465500486  0.364815160349854  0.251323199222546
    endloop
  endfacet
  facet normal -0.343977078301058  0.871353853911728 -0.349888883613995
    outer loop
      vertex  0.392585655976676  0.392585655976676  0.258408209912536
      vertex  0.388748104956268  0.427439650145773  0.348980369290573
      vertex  0.427439650145773  0.427439650145773  0.310942565597668
    endloop
  endfacet
  facet normal -0.346244809762008  0.870542132240957 -0.349672600737087
    outer loop
      vertex  0.388748104956268  0.427439650145773  0.348980369290573
      vertex  0.392585655976676  0.392585655976676  0.258408209912536
      vertex  0.347995024295432  0.392585655976676  0.302561725947522
    endloop
  endfacet
  facet normal -0.409014102084558  0.810847216323175 -0.418609909195806
    outer loop
      vertex  0.427439650145773  0.427439650145773  0.310942565597668
      vertex  0.425547832847425  0.464777609329446  0.385114627793975
      vertex  0.464777609329446  0.464777609329446  0.346784116618076
    endloop
  endfacet
  facet normal -0.411154192572650  0.809965310981968 -0.418220545807850
    outer loop
      vertex  0.425547832847425  0.464777609329446  0.385114627793975
      vertex  0.427439650145773  0.427439650145773  0.310942565597668
      vertex  0.388748104956268  0.427439650145773  0.348980369290573
    endloop
  endfacet
  facet normal -0.501904384691978  0.695053953087108 -0.514773727889208
    outer loop
      vertex  0.464777609329446  0.464777609329446  0.346784116618076
      vertex  0.453333333333333  0.500000000000000  0.405500000000000
      vertex  0.500000000000000  0.500000000000000  0.360000000000000
    endloop
  endfacet
  facet normal -0.502824841760540  0.694501161651288 -0.514621525952325
    outer loop
      vertex  0.453333333333333  0.500000000000000  0.405500000000000
      vertex  0.464777609329446  0.464777609329446  0.346784116618076
      vertex  0.425547832847425  0.464777609329446  0.385114627793975
    endloop
  endfacet
  facet normal  0.430201318731014  0.793558499056703  0.430339091806647
    outer loop
      vertex  0.246666666666667  0.370000000000000  0.123333333333333
      vertex  0.156326025267250  0.348922798833819  0.252512058309038
      vertex  0.252624412050535  0.348922798833819  0.156244501457726
    endloop
  endfacet
  facet normal  0.430515276682371  0.793292627651489  0.430515276682371
    outer loop
      vertex  0.156326025267250  0.348922798833819  0.252512058309038
      vertex  0.246666666666667  0.370000000000000  0.123333333333333
      vertex  0.123333333333333  0.370000000000000  0.246666666666667
    endloop
  endfacet
  facet normal  0.002920478276866  0.999991457035976  0.002925177208321
    outer loop
      vertex  0.252624412050535  0.348922798833819  0.156244501457726
      vertex  0.201016909620991  0.348727696793003  0.274466044703596
      vertex  0.274872303206997  0.348727696793003  0.200729290573372
    endloop
  endfacet
  facet normal  0.002927153824612  0.999991428989319  0.002928091253131
    outer loop
      vertex  0.201016909620991  0.348727696793003  0.274466044703596
      vertex  0.252624412050535  0.348922798833819  0.156244501457726
      vertex  0.156326025267250  0.348922798833819  0.252512058309038
    endloop
  endfacet
  facet normal -0.184211551389061  0.965309231356537 -0.185051863521249
    outer loop
      vertex  0.274872303206997  0.348727696793003  0.200729290573372
      vertex  0.251883770651118  0.364815160349854  0.307532485908649
      vertex  0.308349465500486  0.364815160349854  0.251323199222546
    endloop
  endfacet
  facet normal -0.184874548964684  0.965159432344368 -0.185172004638397
    outer loop
      vertex  0.251883770651118  0.364815160349854  0.307532485908649
      vertex  0.274872303206997  0.348727696793003  0.200729290573372
      vertex  0.201016909620991  0.348727696793003  0.274466044703596
    endloop
  endfacet
  facet normal -0.278961389777330  0.918048282233296 -0.281723081237578
    outer loop
      vertex  0.308349465500486  0.364815160349854  0.251323199222546
      vertex  0.303404392614189  0.392585655976676  0.346715241982507
      vertex  0.347995024295432  0.392585655976676  0.302561725947522
    endloop
  endfacet
  facet normal -0.280395473437697  0.917626192571360 -0.281674544789973
    outer loop
      vertex  0.303404392614189  0.392585655976676  0.346715241982507
      vertex  0.308349465500486  0.364815160349854  0.251323199222546
      vertex  0.251883770651118  0.364815160349854  0.307532485908649
    endloop
  endfacet
  facet normal -0.344930994085326  0.870586259546232 -0.350859193991848
    outer loop
      vertex  0.347995024295432  0.392585655976676  0.302561725947522
      vertex  0.350056559766764  0.427439650145773  0.387018172983479
      vertex  0.388748104956268  0.427439650145773  0.348980369290573
    endloop
  endfacet
  facet normal -0.347076432593987  0.869872960688178 -0.350512456556705
    outer loop
      vertex  0.350056559766764  0.427439650145773  0.387018172983479
      vertex  0.347995024295432  0.392585655976676  0.302561725947522
      vertex  0.303404392614189  0.392585655976676  0.346715241982507
    endloop
  endfacet
  facet normal -0.409882500990460  0.809948882115505 -0.419498681454007
    outer loop
      vertex  0.388748104956268  0.427439650145773  0.348980369290573
      vertex  0.386318056365403  0.464777609329446  0.423445138969874
      vertex  0.425547832847425  0.464777609329446  0.385114627793975
    endloop
  endfacet
  facet normal -0.412037506834302  0.809051495403176 -0.419119041261140
    outer loop
      vertex  0.386318056365403  0.464777609329446  0.423445138969874
      vertex  0.388748104956268  0.427439650145773  0.348980369290573
      vertex  0.350056559766764  0.427439650145773  0.387018172983479
    endloop
  endfacet
  facet normal -0.502319960490233  0.694437656703481 -0.515199959477161
    outer loop
      vertex  0.425547832847425  0.464777609329446  0.385114627793975
      vertex  0.406666666666667  0.500000000000000  0.451000000000000
      vertex  0.453333333333333  0.500000000000000  0.405500000000000
    endloop
  endfacet
  facet normal -0.503319600690200  0.693766988333521 -0.515127892333248
    outer loop
      vertex  0.406666666666667  0.500000000000000  0.451000000000000
      vertex  0.425547832847425  0.464777609329446  0.385114627793975
      vertex  0.386318056365403  0.464777609329446  0.423445138969874
    endloop
  endfacet
  facet normal  0.430476664687519  0.793259712330110  0.430614525943401
    outer loop
      vertex  0.123333333333333  0.370000000000000  0.246666666666667
      vertex  0.060027638483965  0.348922798833819  0.348779615160350
      vertex  0.156326025267250  0.348922798833819  0.252512058309038
    endloop
  endfacet
  facet normal  0.430730417700828  0.793059023361149  0.430730417700828
    outer loop
      vertex  0.060027638483965  0.348922798833819  0.348779615160350
      vertex  0.123333333333333  0.370000000000000  0.246666666666667
      vertex  0.000000000000000  0.370000000000000  0.370000000000000
    endloop
  endfacet
  facet normal  0.002925911828808  0.999991425217887  0.002930619502628
    outer loop
      vertex  0.156326025267250  0.348922798833819  0.252512058309038
      vertex  0.127161516034985  0.348727696793003  0.348202798833819
      vertex  0.201016909620991  0.348727696793003  0.274466044703596
    endloop
  endfacet
  facet normal  0.002931332930316  0.999991404498031  0.002932271697205
    outer loop
      vertex  0.127161516034985  0.348727696793003  0.348202798833819
      vertex  0.156326025267250  0.348922798833819  0.252512058309038
      vertex  0.060027638483965  0.348922798833819  0.348779615160350
    endloop
  endfacet
  facet normal -0.184655901549423  0.965138643271018 -0.185498240659983
    outer loop
      vertex  0.201016909620991  0.348727696793003  0.274466044703596
      vertex  0.195418075801749  0.364815160349854  0.363741772594752
      vertex  0.251883770651118  0.364815160349854  0.307532485908649
    endloop
  endfacet
  facet normal -0.185215478987223  0.965028483462130 -0.185513483203556
    outer loop
      vertex  0.195418075801749  0.364815160349854  0.363741772594752
      vertex  0.201016909620991  0.348727696793003  0.274466044703596
      vertex  0.127161516034985  0.348727696793003  0.348202798833819
    endloop
  endfacet
  facet normal -0.279735257450295  0.917572520837399 -0.282504610127549
    outer loop
      vertex  0.251883770651118  0.364815160349854  0.307532485908649
      vertex  0.258813760932945  0.392585655976676  0.390868758017493
      vertex  0.303404392614189  0.392585655976676  0.346715241982507
    endloop
  endfacet
  facet normal -0.281009019797695  0.917249030659704 -0.282290889945411
    outer loop
      vertex  0.258813760932945  0.392585655976676  0.390868758017493
      vertex  0.251883770651118  0.364815160349854  0.307532485908649
      vertex  0.195418075801749  0.364815160349854  0.363741772594752
    endloop
  endfacet
  facet normal -0.345889364120470  0.869812255306530 -0.351834035174121
    outer loop
      vertex  0.303404392614189  0.392585655976676  0.346715241982507
      vertex  0.311365014577260  0.427439650145773  0.425055976676385
      vertex  0.350056559766764  0.427439650145773  0.387018172983479
    endloop
  endfacet
  facet normal -0.347911413434998  0.869198951868215 -0.351355703629325
    outer loop
      vertex  0.311365014577260  0.427439650145773  0.425055976676385
      vertex  0.303404392614189  0.392585655976676  0.346715241982507
      vertex  0.258813760932945  0.392585655976676  0.390868758017493
    endloop
  endfacet
  facet normal -0.410753623358329  0.809044810941950 -0.420390241068830
    outer loop
      vertex  0.350056559766764  0.427439650145773  0.387018172983479
      vertex  0.347088279883382  0.464777609329446  0.461775650145773
      vertex  0.386318056365403  0.464777609329446  0.423445138969874
    endloop
  endfacet
  facet normal -0.412923617834884  0.808131774491053 -0.420020381519865
    outer loop
      vertex  0.347088279883382  0.464777609329446  0.461775650145773
      vertex  0.350056559766764  0.427439650145773  0.387018172983479
      vertex  0.311365014577260  0.427439650145773  0.425055976676385
    endloop
  endfacet
  facet normal -0.502735855025021  0.693819828221907 -0.515626517974381
    outer loop
      vertex  0.386318056365403  0.464777609329446  0.423445138969874
      vertex  0.360000000000000  0.500000000000000  0.496500000000000
      vertex  0.406666666666667  0.500000000000000  0.451000000000000
    endloop
  endfacet
  facet normal -0.503814808604321  0.693030645775941 -0.515634718232175
    outer loop
      vertex  0.360000000000000  0.500000000000000  0.496500000000000
      vertex  0.386318056365403  0.464777609329446  0.423445138969874
      vertex  0.347088279883382  0.464777609329446  0.461775650145773
    endloop
  endfacet
  facet normal -0.000000000000000  0.333297169473509  0.942821826657056
    outer loop
      vertex  0.060027638483965  0.060027638483965  0.348779615160350
      vertex  0.000000000000000  0.000000000000000  0.370000000000000
      vertex  0.123333333333333  0.000000000000000  0.370000000000000
    endloop
  endfacet
  facet normal -0.000000000000000  0.333297169473509  0.942821826657056
    outer loop
      vertex  0.060027638483965  0.060027638483965  0.348779615160350
      vertex  0.123333333333333  0.000000000000000  0.370000000000000
      vertex  0.246666666666667  0.000000000000000  0.370000000000000
    endloop
  endfacet
  facet normal  0.000000000000000  0.333297169473509  0.942821826657056
    outer loop
      vertex  0.060027638483965  0.060027638483965  0.348779615160350
      vertex  0.370000000000000  0.000000000000000  0.370000000000000
      vertex  0.348922798833819  0.060027638483965  0.348779615160350
    endloop
  endfacet
  facet normal -0.000000000000000  0.333297169473509  0.942821826657056
    outer loop
      vertex  0.060027638483965  0.060027638483965  0.348779615160350
      vertex  0.246666666666667  0.000000000000000  0.370000000000000
      vertex  0.370000000000000  0.000000000000000  0.370000000000000
    endloop
  endfacet
  facet normal  0.000000000000000  0.008591713417989  0.999963090549118
    outer loop
      vertex  0.127161516034985  0.127161516034985  0.348202798833819
      vertex  0.348922798833819  0.060027638483965  0.348779615160350
      vertex  0.348727696793003  0.127161516034985  0.348202798833819
    endloop
  endfacet
  facet normal -0.000000000000000  0.008591713417989  0.999963090549118
    outer loop
      vertex  0.127161516034985  0.127161516034985  0.348202798833819
      vertex  0.060027638483965  0.060027638483965  0.348779615160350
      vertex  0.348922798833819  0.060027638483965  0.348779615160350
    endloop
  endfacet
  facet normal -0.000000000000000 -0.221975879467818  0.975052157032888
    outer loop
      vertex  0.195418075801749  0.195418075801749  0.363741772594752
      vertex  0.348727696793003  0.127161516034985  0.348202798833819
      vertex  0.364815160349854  0.195418075801749  0.363741772594752
    endloop
  endfacet
  facet normal -0.000000000000000 -0.221975879467818  0.975052157032888
    outer loop
      vertex  0.195418075801749  0.195418075801749  0.363741772594752
      vertex  0.127161516034985  0.127161516034985  0.348202798833819
      vertex  0.348727696793003  0.127161516034985  0.348202798833819
    endloop
  endfacet
  facet normal -0.000000000000000 -0.393397385166436  0.919368531843575
    outer loop
      vertex  0.258813760932945  0.258813760932945  0.390868758017493
      vertex  0.364815160349854  0.195418075801749  0.363741772594752
      vertex  0.392585655976676  0.258813760932945  0.390868758017493
    endloop
  endfacet
  facet normal -0.000000000000000 -0.393397385166436  0.919368531843575
    outer loop
      vertex  0.258813760932945  0.258813760932945  0.390868758017493
      vertex  0.195418075801749  0.195418075801749  0.363741772594752
      vertex  0.364815160349854  0.195418075801749  0.363741772594752
    endloop
  endfacet
  facet normal -0.000000000000000 -0.545312413686425  0.838232886183479
    outer loop
      vertex  0.311365014577260  0.311365014577260  0.425055976676385
      vertex  0.392585655976676  0.258813760932945  0.390868758017493
      vertex  0.427439650145773  0.311365014577260  0.425055976676385
    endloop
  endfacet
  facet normal -0.000000000000000 -0.545312413686425  0.838232886183479
    outer loop
      vertex  0.311365014577260  0.311365014577260  0.425055976676385
      vertex  0.258813760932945  0.258813760932945  0.390868758017493
      vertex  0.392585655976676  0.258813760932945  0.390868758017493
    endloop
  endfacet
  facet normal -0.000000000000000 -0.716764804294540  0.697315004373640
    outer loop
      vertex  0.347088279883382  0.347088279883382  0.461775650145773
      vertex  0.427439650145773  0.311365014577260  0.425055976676385
      vertex  0.464777609329446  0.347088279883382  0.461775650145773
    endloop
  endfacet
  facet normal -0.000000000000000 -0.716764804294540  0.697315004373640
    outer loop
      vertex  0.347088279883382  0.347088279883382  0.461775650145773
      vertex  0.311365014577260  0.311365014577260  0.425055976676385
      vertex  0.427439650145773  0.311365014577260  0.425055976676385
    endloop
  endfacet
  facet normal -0.000000000000000 -0.937300946997780  0.348521067881219
    outer loop
      vertex  0.464777609329446  0.347088279883382  0.461775650145773
      vertex  0.500000000000000  0.360000000000000  0.496500000000000
      vertex  0.453333333333333  0.360000000000000  0.496500000000000
    endloop
  endfacet
  facet normal  0.000000000000000 -0.937300946997779  0.348521067881220
    outer loop
      vertex  0.464777609329446  0.347088279883382  0.461775650145773
      vertex  0.453333333333333  0.360000000000000  0.496500000000000
      vertex  0.406666666666667  0.360000000000000  0.496500000000000
    endloop
  endfacet
  facet normal -0.000000000000000 -0.937300946997780  0.348521067881219
    outer loop
      vertex  0.464777609329446  0.347088279883382  0.461775650145773
      vertex  0.360000000000000  0.360000000000000  0.496500000000000
      vertex  0.347088279883382  0.347088279883382  0.461775650145773
    endloop
  endfacet
  facet normal -0.000000000000000 -0.937300946997780  0.348521067881219
    outer loop
      vertex  0.464777609329446  0.347088279883382  0.461775650145773
      vertex  0.406666666666667  0.360000000000000  0.496500000000000
      vertex  0.360000000000000  0.360000000000000  0.496500000000000
    endloop
  endfacet
  facet normal  0.793856712886112  0.429926221395259  0.430063906370265
    outer loop
      vertex  0.370000000000000  0.370000000000000  0.000000000000000
      vertex  0.348922798833819  0.348922798833819  0.059976944606414
      vertex  0.348922798833819  0.252624412050535  0.156244501457726
    endloop
  endfacet
  facet normal  0.793525882110831  0.430300287253115  0.430300287253115
    outer loop
      vertex  0.348922798833819  0.252624412050535  0.156244501457726
      vertex  0.370000000000000  0.246666666666667  0.123333333333333
      vertex  0.370000000000000  0.370000000000000  0.000000000000000
    endloop
  endfacet
  facet normal  0.999991488677295  0.002915064868054  0.002919755089553
    outer loop
      vertex  0.348922798833819  0.348922798833819  0.059976944606414
      vertex  0.348727696793003  0.348727696793003  0.126992536443149
      vertex  0.348727696793003  0.274872303206997  0.200729290573372
    endloop
  endfacet
  facet normal  0.999991453376081  0.002922986617872  0.002923922711833
    outer loop
      vertex  0.348727696793003  0.274872303206997  0.200729290573372
      vertex  0.348922798833819  0.252624412050535  0.156244501457726
      vertex  0.348922798833819  0.348922798833819  0.059976944606414
    endloop
  endfacet
  facet normal  0.965478592272617 -0.183769256949182 -0.184607551480513
    outer loop
      vertex  0.348727696793003  0.348727696793003  0.126992536443149
      vertex  0.364815160349854  0.364815160349854  0.195113912536443
      vertex  0.364815160349854  0.308349465500486  0.251323199222546
    endloop
  endfacet
  facet normal  0.965289660048834 -0.184534825872571 -0.184831734945565
    outer loop
      vertex  0.364815160349854  0.308349465500486  0.251323199222546
      vertex  0.348727696793003  0.274872303206997  0.200729290573372
      vertex  0.348727696793003  0.348727696793003  0.126992536443149
    endloop
  endfacet
  facet normal  0.918520110466844 -0.278191395807233 -0.280945464399765
    outer loop
      vertex  0.364815160349854  0.364815160349854  0.195113912536443
      vertex  0.392585655976676  0.392585655976676  0.258408209912536
      vertex  0.392585655976676  0.347995024295432  0.302561725947522
    endloop
  endfacet
  facet normal  0.918000891598283 -0.279784350671480 -0.281060634283949
    outer loop
      vertex  0.392585655976676  0.347995024295432  0.302561725947522
      vertex  0.364815160349854  0.308349465500486  0.251323199222546
      vertex  0.364815160349854  0.364815160349854  0.195113912536443
    endloop
  endfacet
  facet normal  0.871353853911728 -0.343977078301058 -0.349888883613995
    outer loop
      vertex  0.392585655976676  0.392585655976676  0.258408209912536
      vertex  0.427439650145773  0.427439650145773  0.310942565597668
      vertex  0.427439650145773  0.388748104956268  0.348980369290573
    endloop
  endfacet
  facet normal  0.870542132240957 -0.346244809762008 -0.349672600737087
    outer loop
      vertex  0.427439650145773  0.388748104956268  0.348980369290573
      vertex  0.392585655976676  0.347995024295432  0.302561725947522
      vertex  0.392585655976676  0.392585655976676  0.258408209912536
    endloop
  endfacet
  facet normal  0.810847216323175 -0.409014102084558 -0.418609909195806
    outer loop
      vertex  0.427439650145773  0.427439650145773  0.310942565597668
      vertex  0.464777609329446  0.464777609329446  0.346784116618076
      vertex  0.464777609329446  0.425547832847425  0.385114627793975
    endloop
  endfacet
  facet normal  0.809965310981968 -0.411154192572650 -0.418220545807850
    outer loop
      vertex  0.464777609329446  0.425547832847425  0.385114627793975
      vertex  0.427439650145773  0.388748104956268  0.348980369290573
      vertex  0.427439650145773  0.427439650145773  0.310942565597668
    endloop
  endfacet
  facet normal  0.695053953087108 -0.501904384691978 -0.514773727889208
    outer loop
      vertex  0.464777609329446  0.464777609329446  0.346784116618076
      vertex  0.500000000000000  0.500000000000000  0.360000000000000
      vertex  0.500000000000000  0.453333333333333  0.405500000000000
    endloop
  endfacet
  facet normal  0.694501161651288 -0.502824841760540 -0.514621525952325
    outer loop
      vertex  0.500000000000000  0.453333333333333  0.405500000000000
      vertex  0.464777609329446  0.425547832847425  0.385114627793975
      vertex  0.464777609329446  0.464777609329446  0.346784116618076
    endloop
  endfacet
  facet normal  0.793558499056703  0.430201318731014  0.430339091806647
    outer loop
      vertex  0.370000000000000  0.246666666666667  0.123333333333333
      vertex  0.348922798833819  0.252624412050535  0.156244501457726
      vertex  0.348922798833819  0.156326025267250  0.252512058309038
    endloop
  endfacet
  facet normal  0.793292627651489  0.430515276682371  0.430515276682371
    outer loop
      vertex  0.348922798833819  0.156326025267250  0.252512058309038
      vertex  0.370000000000000  0.123333333333333  0.246666666666667
      vertex  0.370000000000000  0.246666666666667  0.123333333333333
    endloop
  endfacet
  facet normal  0.999991457035976  0.002920478276866  0.002925177208321
    outer loop
      vertex  0.348922798833819  0.252624412050535  0.156244501457726
      vertex  0.348727696793003  0.274872303206997  0.200729290573372
      vertex  0.348727696793003  0.201016909620991  0.274466044703596
    endloop
  endfacet
  facet normal  0.999991428989319  0.002927153824612  0.002928091253131
    outer loop
      vertex  0.348727696793003  0.201016909620991  0.274466044703596
      vertex  0.348922798833819  0.156326025267250  0.252512058309038
      vertex  0.348922798833819  0.252624412050535  0.156244501457726
    endloop
  endfacet
  facet normal  0.965309231356537 -0.184211551389061 -0.185051863521249
    outer loop
      vertex  0.348727696793003  0.274872303206997  0.200729290573372
      vertex  0.364815160349854  0.308349465500486  0.251323199222546
      vertex  0.364815160349854  0.251883770651118  0.307532485908649
    endloop
  endfacet
  facet normal  0.965159432344368 -0.184874548964684 -0.185172004638397
    outer loop
      vertex  0.364815160349854  0.251883770651118  0.307532485908649
      vertex  0.348727696793003  0.201016909620991  0.274466044703596
      vertex  0.348727696793003  0.274872303206997  0.200729290573372
    endloop
  endfacet
  facet normal  0.918048282233296 -0.278961389777330 -0.281723081237578
    outer loop
      vertex  0.364815160349854  0.308349465500486  0.251323199222546
      vertex  0.392585655976676  0.347995024295432  0.302561725947522
      vertex  0.392585655976676  0.303404392614189  0.346715241982507
    endloop
  endfacet
  facet normal  0.917626192571360 -0.280395473437697 -0.281674544789973
    outer loop
      vertex  0.392585655976676  0.303404392614189  0.346715241982507
      vertex  0.364815160349854  0.251883770651118  0.307532485908649
      vertex  0.364815160349854  0.308349465500486  0.251323199222546
    endloop
  endfacet
  facet normal  0.870586259546232 -0.344930994085326 -0.350859193991848
    outer loop
      vertex  0.392585655976676  0.347995024295432  0.302561725947522
      vertex  0.427439650145773  0.388748104956268  0.348980369290573
      vertex  0.427439650145773  0.350056559766764  0.387018172983479
    endloop
  endfacet
  facet normal  0.869872960688178 -0.347076432593987 -0.350512456556705
    outer loop
      vertex  0.427439650145773  0.350056559766764  0.387018172983479
      vertex  0.392585655976676  0.303404392614189  0.346715241982507
      vertex  0.392585655976676  0.347995024295432  0.302561725947522
    endloop
  endfacet
  facet normal  0.809948882115505 -0.409882500990460 -0.419498681454007
    outer loop
      vertex  0.427439650145773  0.388748104956268  0.348980369290573
      vertex  0.464777609329446  0.425547832847425  0.385114627793975
      vertex  0.464777609329446  0.386318056365403  0.423445138969874
    endloop
  endfacet
  facet normal  0.809051495403176 -0.412037506834302 -0.419119041261140
    outer loop
      vertex  0.464777609329446  0.386318056365403  0.423445138969874
      vertex  0.427439650145773  0.350056559766764  0.387018172983479
      vertex  0.427439650145773  0.388748104956268  0.348980369290573
    endloop
  endfacet
  facet normal  0.694437656703481 -0.502319960490233 -0.515199959477161
    outer loop
      vertex  0.464777609329446  0.425547832847425  0.385114627793975
      vertex  0.500000000000000  0.453333333333333  0.405500000000000
      vertex  0.500000000000000  0.406666666666667  0.451000000000000
    endloop
  endfacet
  facet normal  0.693766988333521 -0.503319600690200 -0.515127892333248
    outer loop
      vertex  0.500000000000000  0.406666666666667  0.451000000000000
      vertex  0.464777609329446  0.386318056365403  0.423445138969874
      vertex  0.464777609329446  0.425547832847425  0.385114627793975
    endloop
  endfacet
  facet normal  0.793259712330110  0.430476664687519  0.430614525943401
    outer loop
      vertex  0.370000000000000  0.123333333333333  0.246666666666667
      vertex  0.348922798833819  0.156326025267250  0.252512058309038
      vertex  0.348922798833819  0.060027638483965  0.348779615160350
    endloop
  endfacet
  facet normal  0.793059023361149  0.430730417700828  0.430730417700828
    outer loop
      vertex  0.348922798833819  0.060027638483965  0.348779615160350
      vertex  0.370000000000000  0.000000000000000  0.370000000000000
      vertex  0.370000000000000  0.123333333333333  0.246666666666667
    endloop
  endfacet
  facet normal  0.999991425217887  0.002925911828808  0.002930619502628
    outer loop
      vertex  0.348922798833819  0.156326025267250  0.252512058309038
      vertex  0.348727696793003  0.201016909620991  0.274466044703596
      vertex  0.348727696793003  0.127161516034985  0.348202798833819
    endloop
  endfacet
  facet normal  0.999991404498031  0.002931332930316  0.002932271697205
    outer loop
      vertex  0.348727696793003  0.127161516034985  0.348202798833819
      vertex  0.348922798833819  0.060027638483965  0.348779615160350
      vertex  0.348922798833819  0.156326025267250  0.252512058309038
    endloop
  endfacet
  facet normal  0.965138643271018 -0.184655901549423 -0.185498240659983
    outer loop
      vertex  0.348727696793003  0.201016909620991  0.274466044703596
      vertex  0.364815160349854  0.251883770651118  0.307532485908649
      vertex  0.364815160349854  0.195418075801749  0.363741772594752
    endloop
  endfacet
  facet normal  0.965028483462130 -0.185215478987223 -0.185513483203556
    outer loop
      vertex  0.364815160349854  0.195418075801749  0.363741772594752
      vertex  0.348727696793003  0.127161516034985  0.348202798833819
      vertex  0.348727696793003  0.201016909620991  0.274466044703596
    endloop
  endfacet
  facet normal  0.917572520837399 -0.279735257450295 -0.282504610127549
    outer loop
      vertex  0.364815160349854  0.251883770651118  0.307532485908649
      vertex  0.392585655976676  0.303404392614189  0.346715241982507
      vertex  0.392585655976676  0.258813760932945  0.390868758017493
    endloop
  endfacet
  facet normal  0.917249030659704 -0.281009019797695 -0.282290889945411
    outer loop
      vertex  0.392585655976676  0.258813760932945  0.390868758017493
      vertex  0.364815160349854  0.195418075801749  0.363741772594752
      vertex  0.364815160349854  0.251883770651118  0.307532485908649
    endloop
  endfacet
  facet normal  0.869812255306530 -0.345889364120470 -0.351834035174121
    outer loop
      vertex  0.392585655976676  0.303404392614189  0.346715241982507
      vertex  0.427439650145773  0.350056559766764  0.387018172983479
      vertex  0.427439650145773  0.311365014577260  0.425055976676385
    endloop
  endfacet
  facet normal  0.869198951868215 -0.347911413434998 -0.351355703629325
    outer loop
      vertex  0.427439650145773  0.311365014577260  0.425055976676385
      vertex  0.392585655976676  0.258813760932945  0.390868758017493
      vertex  0.392585655976676  0.303404392614189  0.346715241982507
    endloop
  endfacet
  facet normal  0.809044810941950 -0.410753623358329 -0.420390241068830
    outer loop
      vertex  0.427439650145773  0.350056559766764  0.387018172983479
      vertex  0.464777609329446  0.386318056365403  0.423445138969874
      vertex  0.464777609329446  0.347088279883382  0.461775650145773
    endloop
  endfacet
  facet normal  0.808131774491053 -0.412923617834884 -0.420020381519865
    outer loop
      vertex  0.464777609329446  0.347088279883382  0.461775650145773
      vertex  0.427439650145773  0.311365014577260  0.425055976676385
      vertex  0.427439650145773  0.350056559766764  0.387018172983479
    endloop
  endfacet
  facet normal  0.693819828221907 -0.502735855025021 -0.515626517974381
    outer loop
      vertex  0.464777609329446  0.386318056365403  0.423445138969874
      vertex  0.500000000000000  0.406666666666667  0.451000000000000
      vertex  0.500000000000000  0.360000000000000  0.496500000000000
    endloop
  endfacet
  facet normal  0.693030645775941 -0.503814808604321 -0.515634718232175
    outer loop
      vertex  0.500000000000000  0.360000000000000  0.496500000000000
      vertex  0.464777609329446  0.347088279883382  0.461775650145773
      vertex  0.464777609329446  0.386318056365403  0.423445138969874
    endloop
  endfacet
  facet normal  0.333297169473509 -0.000000000000000  0.942821826657056
    outer loop
      vertex  0.060027638483965  0.348922798833819  0.348779615160350
      vertex  0.000000000000000  0.370000000000000  0.370000000000000
      vertex  0.000000000000000  0.246666666666667  0.370000000000000
    endloop
  endfacet
  facet normal  0.333297169473509  0.000000000000000  0.942821826657056
    outer loop
      vertex  0.060027638483965  0.348922798833819  0.348779615160350
      vertex  0.000000000000000  0.246666666666667  0.370000000000000
      vertex  0.000000000000000  0.123333333333333  0.370000000000000
    endloop
  endfacet
  facet normal  0.333297169473509 -0.000000000000000  0.942821826657056
    outer loop
      vertex  0.060027638483965  0.348922798833819  0.348779615160350
      vertex  0.000000000000000  0.000000000000000  0.370000000000000
      vertex  0.060027638483965  0.060027638483965  0.348779615160350
    endloop
  endfacet
  facet normal  0.333297169473509  0.000000000000000  0.942821826657056
    outer loop
      vertex  0.060027638483965  0.348922798833819  0.348779615160350
      vertex  0.000000000000000  0.123333333333333  0.370000000000000
      vertex  0.000000000000000  0.000000000000000  0.370000000000000
    endloop
  endfacet
  facet normal  0.008591713417989  0.000000000000000  0.999963090549118
    outer loop
      vertex  0.127161516034985  0.127161516034985  0.348202798833819
      vertex  0.060027638483965  0.348922798833819  0.348779615160350
      vertex  0.060027638483965  0.060027638483965  0.348779615160350
    endloop
  endfacet
  facet normal  0.008591713417989 -0.000000000000000  0.999963090549118
    outer loop
      vertex  0.127161516034985  0.127161516034985  0.348202798833819
      vertex  0.127161516034985  0.348727696793003  0.348202798833819
      vertex  0.060027638483965  0.348922798833819  0.348779615160350
    endloop
  endfacet
  facet normal -0.221975879467818 -0.000000000000000  0.975052157032888
    outer loop
      vertex  0.195418075801749  0.195418075801749  0.363741772594752
      vertex  0.127161516034985  0.348727696793003  0.348202798833819
      vertex  0.127161516034985  0.127161516034985  0.348202798833819
    endloop
  endfacet
  facet normal -0.221975879467818 -0.000000000000000  0.975052157032888
    outer loop
      vertex  0.195418075801749  0.195418075801749  0.363741772594752
      vertex  0.195418075801749  0.364815160349854  0.363741772594752
      vertex  0.127161516034985  0.348727696793003  0.348202798833819
    endloop
  endfacet
  facet normal -0.393397385166436 -0.000000000000000  0.919368531843575
    outer loop
      vertex  0.258813760932945  0.258813760932945  0.390868758017493
      vertex  0.195418075801749  0.364815160349854  0.363741772594752
      vertex  0.195418075801749  0.195418075801749  0.363741772594752
    endloop
  endfacet
  facet normal -0.393397385166436 -0.000000000000000  0.919368531843575
    outer loop
      vertex  0.258813760932945  0.258813760932945  0.390868758017493
      vertex  0.258813760932945  0.392585655976676  0.390868758017493
      vertex  0.195418075801749  0.364815160349854  0.363741772594752
    endloop
  endfacet
  facet normal -0.545312413686425 -0.000000000000000  0.838232886183479
    outer loop
      vertex  0.311365014577260  0.311365014577260  0.425055976676385
      vertex  0.258813760932945  0.392585655976676  0.390868758017493
      vertex  0.258813760932945  0.258813760932945  0.390868758017493
    endloop
  endfacet
  facet normal -0.545312413686425 -0.000000000000000  0.838232886183479
    outer loop
      vertex  0.311365014577260  0.311365014577260  0.425055976676385
      vertex  0.311365014577260  0.427439650145773  0.425055976676385
      vertex  0.258813760932945  0.392585655976676  0.390868758017493
    endloop
  endfacet
  facet normal -0.716764804294540 -0.000000000000000  0.697315004373640
    outer loop
      vertex  0.347088279883382  0.347088279883382  0.461775650145773
      vertex  0.311365014577260  0.427439650145773  0.425055976676385
      vertex  0.311365014577260  0.311365014577260  0.425055976676385
    endloop
  endfacet
  facet normal -0.716764804294540 -0.000000000000000  0.697315004373640
    outer loop
      vertex  0.347088279883382  0.347088279883382  0.461775650145773
      vertex  0.347088279883382  0.464777609329446  0.461775650145773
      vertex  0.311365014577260  0.427439650145773  0.425055976676385
    endloop
  endfacet
  facet normal -0.937300946997780 -0.000000000000000  0.348521067881219
    outer loop
      vertex  0.347088279883382  0.347088279883382  0.461775650145773
      vertex  0.360000000000000  0.360000000000000  0.496500000000000
      vertex  0.360000000000000  0.406666666666667  0.496500000000000
    endloop
  endfacet
  facet normal -0.937300946997780  0.000000000000000  0.348521067881218
    outer loop
      vertex  0.347088279883382  0.347088279883382  0.461775650145773
      vertex  0.360000000000000  0.406666666666667  0.496500000000000
      vertex  0.360000000000000  0.453333333333333  0.496500000000000
    endloop
  endfacet
  facet normal -0.937300946997780 -0.000000000000000  0.348521067881219
    outer loop
      vertex  0.347088279883382  0.347088279883382  0.461775650145773
      vertex  0.360000000000000  0.500000000000000  0.496500000000000
      vertex  0.347088279883382  0.464777609329446  0.461775650145773
    endloop
  endfacet
  facet normal -0.937300946997779 -0.000000000000000  0.348521067881221
    outer loop
      vertex  0.347088279883382  0.347088279883382  0.461775650145773
      vertex  0.360000000000000  0.453333333333333  0.496500000000000
      vertex  0.360000000000000  0.500000000000000  0.496500000000000
    endloop
  endfacet
  facet normal  0.426401432711221 -0.639602149066831 -0.639602149066831
    outer loop
      vertex  0.630000000000000  0.370000000000000  0.000000000000000
      vertex  0.753333333333333  0.246666666666667  0.205555555555556
      vertex  0.630000000000000  0.246666666666667  0.123333333333333
    endloop
  endfacet
  facet normal  0.639602149066831 -0.426401432711221 -0.639602149066831
    outer loop
      vertex  0.753333333333333  0.246666666666667  0.205555555555556
      vertex  0.630000000000000  0.370000000000000  0.000000000000000
      vertex  0.753333333333333  0.370000000000000  0.123333333333333
    endloop
  endfacet
  facet normal  0.229415733870562 -0.688247201611686 -0.688247201611685
    outer loop
      vertex  0.630000000000000  0.246666666666667  0.123333333333333
      vertex  0.753333333333333  0.123333333333333  0.287777777777778
      vertex  0.630000000000000  0.123333333333333  0.246666666666667
    endloop
  endfacet
  facet normal  0.485071250072666 -0.485071250072666 -0.727606875108999
    outer loop
      vertex  0.753333333333333  0.123333333333333  0.287777777777778
      vertex  0.630000000000000  0.246666666666667  0.123333333333333
      vertex  0.753333333333333  0.246666666666667  0.205555555555556
    endloop
  endfacet
  facet normal -0.000000000000000 -0.707106781186547 -0.707106781186548
    outer loop
      vertex  0.630000000000000  0.123333333333333  0.246666666666667
      vertex  0.753333333333333  0.000000000000000  0.370000000000000
      vertex  0.630000000000000  0.000000000000000  0.370000000000000
    endloop
  endfacet
  facet normal  0.267261241912424 -0.534522483824849 -0.801783725737273
    outer loop
      vertex  0.753333333333333  0.000000000000000  0.370000000000000
      vertex  0.630000000000000  0.123333333333333  0.246666666666667
      vertex  0.753333333333333  0.123333333333333  0.287777777777778
    endloop
  endfacet
  facet normal  0.485071250072666 -0.485071250072666 -0.727606875108999
    outer loop
      vertex  0.753333333333333  0.370000000000000  0.123333333333333
      vertex  0.876666666666667  0.246666666666667  0.287777777777778
      vertex  0.753333333333333  0.246666666666667  0.205555555555556
    endloop
  endfacet
  facet normal  0.688247201611685 -0.229415733870562 -0.688247201611685
    outer loop
      vertex  0.876666666666667  0.246666666666667  0.287777777777778
      vertex  0.753333333333333  0.370000000000000  0.123333333333333
      vertex  0.876666666666667  0.370000000000000  0.246666666666667
    endloop
  endfacet
  facet normal  0.267261241912424 -0.534522483824849 -0.801783725737273
    outer loop
      vertex  0.753333333333333  0.246666666666667  0.205555555555556
      vertex  0.876666666666667  0.123333333333333  0.328888888888889
      vertex  0.753333333333333  0.123333333333333  0.287777777777778
    endloop
  endfacet
  facet normal  0.534522483824849 -0.267261241912424 -0.801783725737273
    outer loop
      vertex  0.876666666666667  0.123333333333333  0.328888888888889
      vertex  0.753333333333333  0.246666666666667  0.205555555555556
      vertex  0.876666666666667  0.246666666666667  0.287777777777778
    endloop
  endfacet
  facet normal -0.000000000000000 -0.554700196225229 -0.832050294337844
    outer loop
      vertex  0.753333333333333  0.123333333333333  0.287777777777778
      vertex  0.876666666666667  0.000000000000000  0.370000000000000
      vertex  0.753333333333333  0.000000000000000  0.370000000000000
    endloop
  endfacet
  facet normal  0.301511344577764 -0.301511344577764 -0.904534033733291
    outer loop
      vertex  0.876666666666667  0.000000000000000  0.370000000000000
      vertex  0.753333333333333  0.123333333333333  0.287777777777778
      vertex  0.876666666666667  0.123333333333333  0.328888888888889
    endloop
  endfacet
  facet normal  0.534522483824849 -0.267261241912424 -0.801783725737273
    outer loop
      vertex  0.876666666666667  0.370000000000000  0.246666666666667
      vertex  1.000000000000000  0.246666666666667  0.370000000000000
      vertex  0.876666666666667  0.246666666666667  0.287777777777778
    endloop
  endfacet
  facet normal  0.707106781186547 -0.000000000000000 -0.707106781186547
    outer loop
      vertex  1.000000000000000  0.246666666666667  0.370000000000000
      vertex  0.876666666666667  0.370000000000000  0.246666666666667
      vertex  1.000000000000000  0.370000000000000  0.370000000000000
    endloop
  endfacet
  facet normal  0.301511344577764 -0.301511344577764 -0.904534033733291
    outer loop
      vertex  0.876666666666667  0.246666666666667  0.287777777777778
      vertex  1.000000000000000  0.123333333333333  0.370000000000000
      vertex  0.876666666666667  0.123333333333333  0.328888888888889
    endloop
  endfacet
  facet normal  0.554700196225229 -0.000000000000000 -0.832050294337844
    outer loop
      vertex  1.000000000000000  0.123333333333333  0.370000000000000
      vertex  0.876666666666667  0.246666666666667  0.287777777777778
      vertex  1.000000000000000  0.246666666666667  0.370000000000000
    endloop
  endfacet
  facet normal -0.000000000000000 -0.316227766016838 -0.948683298050514
    outer loop
      vertex  0.876666666666667  0.123333333333333  0.328888888888889
      vertex  1.000000000000000  0.000000000000000  0.370000000000000
      vertex  0.876666666666667  0.000000000000000  0.370000000000000
    endloop
  endfacet
  facet normal  0.316227766016838 -0.000000000000000 -0.948683298050514
    outer loop
      vertex  1.000000000000000  0.000000000000000  0.370000000000000
      vertex  0.876666666666667  0.123333333333333  0.328888888888889
      vertex  1.000000000000000  0.123333333333333  0.370000000000000
    endloop
  endfacet
  facet normal -0.421942283990626  0.632913425985938  0.649141975370193
    outer loop
      vertex  0.500000000000000  0.500000000000000  0.360000000000000
      vertex  0.500000000000000  0.453333333333333  0.405500000000000
      vertex  0.546666666666667  0.453333333333333  0.435833333333333
    endloop
  endfacet
  facet normal -0.632913425985939  0.421942283990625  0.649141975370193
    outer loop
      vertex  0.546666666666667  0.453333333333333  0.435833333333333
      vertex  0.546666666666667  0.500000000000000  0.405500000000000
      vertex  0.500000000000000  0.500000000000000  0.360000000000000
    endloop
  endfacet
  facet normal -0.226644614220182  0.679933842660547  0.697368043754406
    outer loop
      vertex  0.500000000000000  0.453333333333333  0.405500000000000
      vertex  0.500000000000000  0.406666666666667  0.451000000000000
      vertex  0.546666666666667  0.406666666666667  0.466166666666667
    endloop
  endfacet
  facet normal -0.478536612991002  0.478536612991003  0.736210173832310
    outer loop
      vertex  0.546666666666667  0.406666666666667  0.466166666666667
      vertex  0.546666666666667  0.453333333333333  0.435833333333333
      vertex  0.500000000000000  0.453333333333333  0.405500000000000
    endloop
  endfacet
  facet normal  0.000000000000001  0.698100136129539  0.716000139620041
    outer loop
      vertex  0.500000000000000  0.406666666666667  0.451000000000000
      vertex  0.500000000000000  0.360000000000000  0.496500000000000
      vertex  0.546666666666667  0.360000000000000  0.496500000000000
    endloop
  endfacet
  facet normal -0.262908072140678  0.525816144281355  0.808947914279010
    outer loop
      vertex  0.546666666666667  0.360000000000000  0.496500000000000
      vertex  0.546666666666667  0.406666666666667  0.466166666666667
      vertex  0.500000000000000  0.406666666666667  0.451000000000000
    endloop
  endfacet
  facet normal -0.478536612991001  0.478536612991002  0.736210173832311
    outer loop
      vertex  0.546666666666667  0.500000000000000  0.405500000000000
      vertex  0.546666666666667  0.453333333333333  0.435833333333333
      vertex  0.593333333333333  0.453333333333333  0.466166666666667
    endloop
  endfacet
  facet normal -0.679933842660546  0.226644614220181  0.697368043754407
    outer loop
      vertex  0.593333333333333  0.453333333333333  0.466166666666667
      vertex  0.593333333333333  0.500000000000000  0.451000000000000
      vertex  0.546666666666667  0.500000000000000  0.405500000000000
    endloop
  endfacet
  facet normal -0.262908072140678  0.525816144281357  0.808947914279009
    outer loop
      vertex  0.546666666666667  0.453333333333333  0.435833333333333
      vertex  0.546666666666667  0.406666666666667  0.466166666666667
      vertex  0.593333333333333  0.406666666666667  0.481333333333333
    endloop
  endfacet
  facet normal -0.525816144281355  0.262908072140679  0.808947914279010
    outer loop
      vertex  0.593333333333333  0.406666666666667  0.481333333333333
      vertex  0.593333333333333  0.453333333333333  0.466166666666667
      vertex  0.546666666666667  0.453333333333333  0.435833333333333
    endloop
  endfacet
  facet normal -0.000000000000001  0.544988350595413  0.838443616300638
    outer loop
      vertex  0.546666666666667  0.406666666666667  0.466166666666667
      vertex  0.546666666666667  0.360000000000000  0.496500000000000
      vertex  0.593333333333333  0.360000000000000  0.496500000000000
    endloop
  endfacet
  facet normal -0.295302052775765  0.295302052775765  0.908621700848510
    outer loop
      vertex  0.593333333333333  0.360000000000000  0.496500000000000
      vertex  0.593333333333333  0.406666666666667  0.481333333333333
      vertex  0.546666666666667  0.406666666666667  0.466166666666667
    endloop
  endfacet
  facet normal -0.525816144281357  0.262908072140677  0.808947914279010
    outer loop
      vertex  0.593333333333333  0.500000000000000  0.451000000000000
      vertex  0.593333333333333  0.453333333333333  0.466166666666667
      vertex  0.640000000000000  0.453333333333333  0.496500000000000
    endloop
  endfacet
  facet normal -0.698100136129540 -0.000000000000001  0.716000139620041
    outer loop
      vertex  0.640000000000000  0.453333333333333  0.496500000000000
      vertex  0.640000000000000  0.500000000000000  0.496500000000000
      vertex  0.593333333333333  0.500000000000000  0.451000000000000
    endloop
  endfacet
  facet normal -0.295302052775765  0.295302052775767  0.908621700848509
    outer loop
      vertex  0.593333333333333  0.453333333333333  0.466166666666667
      vertex  0.593333333333333  0.406666666666667  0.481333333333333
      vertex  0.640000000000000  0.406666666666667  0.496500000000000
    endloop
  endfacet
  facet normal -0.544988350595414 -0.000000000000000  0.838443616300637
    outer loop
      vertex  0.640000000000000  0.406666666666667  0.496500000000000
      vertex  0.640000000000000  0.453333333333333  0.496500000000000
      vertex  0.593333333333333  0.453333333333333  0.466166666666667
    endloop
  endfacet
  facet normal -0.000000000000000  0.309086072337558  0.951034068730948
    outer loop
      vertex  0.593333333333333  0.406666666666667  0.481333333333333
      vertex  0.593333333333333  0.360000000000000  0.496500000000000
      vertex  0.640000000000000  0.360000000000000  0.496500000000000
    endloop
  endfacet
  facet normal -0.309086072337558  0.000000000000001  0.951034068730948
    outer loop
      vertex  0.640000000000000  0.360000000000000  0.496500000000000
      vertex  0.640000000000000  0.406666666666667  0.496500000000000
      vertex  0.593333333333333  0.406666666666667  0.481333333333333
    endloop
  endfacet
  facet normal -0.429926221395260  0.793856712886111  0.430063906370265
    outer loop
      vertex  0.630000000000000  0.370000000000000  0.000000000000000
      vertex  0.651077201166181  0.348922798833819  0.059976944606414
      vertex  0.747375587949466  0.348922798833819  0.156244501457726
    endloop
  endfacet
  facet normal -0.430300287253116  0.793525882110831  0.430300287253116
    outer loop
      vertex  0.747375587949466  0.348922798833819  0.156244501457726
      vertex  0.753333333333333  0.370000000000000  0.123333333333333
      vertex  0.630000000000000  0.370000000000000  0.000000000000000
    endloop
  endfacet
  facet normal -0.002915064868054  0.999991488677295  0.002919755089553
    outer loop
      vertex  0.651077201166181  0.348922798833819  0.059976944606414
      vertex  0.651272303206997  0.348727696793003  0.126992536443149
      vertex  0.725127696793003  0.348727696793003  0.200729290573372
    endloop
  endfacet
  facet normal -0.002922986617872  0.999991453376081  0.002923922711833
    outer loop
      vertex  0.725127696793003  0.348727696793003  0.200729290573372
      vertex  0.747375587949466  0.348922798833819  0.156244501457726
      vertex  0.651077201166181  0.348922798833819  0.059976944606414
    endloop
  endfacet
  facet normal  0.183769256949182  0.965478592272618 -0.184607551480513
    outer loop
      vertex  0.651272303206997  0.348727696793003  0.126992536443149
      vertex  0.635184839650146  0.364815160349854  0.195113912536443
      vertex  0.691650534499514  0.364815160349854  0.251323199222546
    endloop
  endfacet
  facet normal  0.184534825872571  0.965289660048833 -0.184831734945565
    outer loop
      vertex  0.691650534499514  0.364815160349854  0.251323199222546
      vertex  0.725127696793003  0.348727696793003  0.200729290573372
      vertex  0.651272303206997  0.348727696793003  0.126992536443149
    endloop
  endfacet
  facet normal  0.278191395807232  0.918520110466845 -0.280945464399764
    outer loop
      vertex  0.635184839650146  0.364815160349854  0.195113912536443
      vertex  0.607414344023324  0.392585655976676  0.258408209912536
      vertex  0.652004975704567  0.392585655976676  0.302561725947522
    endloop
  endfacet
  facet normal  0.279784350671480  0.918000891598283 -0.281060634283949
    outer loop
      vertex  0.652004975704567  0.392585655976676  0.302561725947522
      vertex  0.691650534499514  0.364815160349854  0.251323199222546
      vertex  0.635184839650146  0.364815160349854  0.195113912536443
    endloop
  endfacet
  facet normal  0.343977078301059  0.871353853911727 -0.349888883613995
    outer loop
      vertex  0.607414344023324  0.392585655976676  0.258408209912536
      vertex  0.572560349854227  0.427439650145773  0.310942565597668
      vertex  0.611251895043732  0.427439650145773  0.348980369290573
    endloop
  endfacet
  facet normal  0.346244809762009  0.870542132240957 -0.349672600737088
    outer loop
      vertex  0.611251895043732  0.427439650145773  0.348980369290573
      vertex  0.652004975704567  0.392585655976676  0.302561725947522
      vertex  0.607414344023324  0.392585655976676  0.258408209912536
    endloop
  endfacet
  facet normal  0.409014102084560  0.810847216323174 -0.418609909195806
    outer loop
      vertex  0.572560349854227  0.427439650145773  0.310942565597668
      vertex  0.535222390670554  0.464777609329446  0.346784116618076
      vertex  0.574452167152575  0.464777609329446  0.385114627793975
    endloop
  endfacet
  facet normal  0.411154192572650  0.809965310981968 -0.418220545807850
    outer loop
      vertex  0.574452167152575  0.464777609329446  0.385114627793975
      vertex  0.611251895043732  0.427439650145773  0.348980369290573
      vertex  0.572560349854227  0.427439650145773  0.310942565597668
    endloop
  endfacet
  facet normal  0.501904384691976  0.695053953087110 -0.514773727889206
    outer loop
      vertex  0.535222390670554  0.464777609329446  0.346784116618076
      vertex  0.500000000000000  0.500000000000000  0.360000000000000
      vertex  0.546666666666667  0.500000000000000  0.405500000000000
    endloop
  endfacet
  facet normal  0.502824841760541  0.694501161651290 -0.514621525952322
    outer loop
      vertex  0.546666666666667  0.500000000000000  0.405500000000000
      vertex  0.574452167152575  0.464777609329446  0.385114627793975
      vertex  0.535222390670554  0.464777609329446  0.346784116618076
    endloop
  endfacet
  facet normal -0.430201318731014  0.793558499056703  0.430339091806647
    outer loop
      vertex  0.753333333333333  0.370000000000000  0.123333333333333
      vertex  0.747375587949466  0.348922798833819  0.156244501457726
      vertex  0.843673974732750  0.348922798833819  0.252512058309038
    endloop
  endfacet
  facet normal -0.430515276682371  0.793292627651489  0.430515276682371
    outer loop
      vertex  0.843673974732750  0.348922798833819  0.252512058309038
      vertex  0.876666666666667  0.370000000000000  0.246666666666667
      vertex  0.753333333333333  0.370000000000000  0.123333333333333
    endloop
  endfacet
  facet normal -0.002920478276866  0.999991457035976  0.002925177208321
    outer loop
      vertex  0.747375587949466  0.348922798833819  0.156244501457726
      vertex  0.725127696793003  0.348727696793003  0.200729290573372
      vertex  0.798983090379009  0.348727696793003  0.274466044703596
    endloop
  endfacet
  facet normal -0.002927153824612  0.999991428989319  0.002928091253131
    outer loop
      vertex  0.798983090379009  0.348727696793003  0.274466044703596
      vertex  0.843673974732750  0.348922798833819  0.252512058309038
      vertex  0.747375587949466  0.348922798833819  0.156244501457726
    endloop
  endfacet
  facet normal  0.184211551389061  0.965309231356537 -0.185051863521249
    outer loop
      vertex  0.725127696793003  0.348727696793003  0.200729290573372
      vertex  0.691650534499514  0.364815160349854  0.251323199222546
      vertex  0.748116229348883  0.364815160349854  0.307532485908649
    endloop
  endfacet
  facet normal  0.184874548964684  0.965159432344368 -0.185172004638397
    outer loop
      vertex  0.748116229348883  0.364815160349854  0.307532485908649
      vertex  0.798983090379009  0.348727696793003  0.274466044703596
      vertex  0.725127696793003  0.348727696793003  0.200729290573372
    endloop
  endfacet
  facet normal  0.278961389777330  0.918048282233296 -0.281723081237577
    outer loop
      vertex  0.691650534499514  0.364815160349854  0.251323199222546
      vertex  0.652004975704567  0.392585655976676  0.302561725947522
      vertex  0.696595607385811  0.392585655976676  0.346715241982507
    endloop
  endfacet
  facet normal  0.280395473437696  0.917626192571361 -0.281674544789972
    outer loop
      vertex  0.696595607385811  0.392585655976676  0.346715241982507
      vertex  0.748116229348883  0.364815160349854  0.307532485908649
      vertex  0.691650534499514  0.364815160349854  0.251323199222546
    endloop
  endfacet
  facet normal  0.344930994085327  0.870586259546231 -0.350859193991849
    outer loop
      vertex  0.652004975704567  0.392585655976676  0.302561725947522
      vertex  0.611251895043732  0.427439650145773  0.348980369290573
      vertex  0.649943440233236  0.427439650145773  0.387018172983479
    endloop
  endfacet
  facet normal  0.347076432593987  0.869872960688177 -0.350512456556705
    outer loop
      vertex  0.649943440233236  0.427439650145773  0.387018172983479
      vertex  0.696595607385811  0.392585655976676  0.346715241982507
      vertex  0.652004975704567  0.392585655976676  0.302561725947522
    endloop
  endfacet
  facet normal  0.409882500990459  0.809948882115505 -0.419498681454008
    outer loop
      vertex  0.611251895043732  0.427439650145773  0.348980369290573
      vertex  0.574452167152575  0.464777609329446  0.385114627793975
      vertex  0.613681943634597  0.464777609329446  0.423445138969874
    endloop
  endfacet
  facet normal  0.412037506834303  0.809051495403175 -0.419119041261141
    outer loop
      vertex  0.613681943634597  0.464777609329446  0.423445138969874
      vertex  0.649943440233236  0.427439650145773  0.387018172983479
      vertex  0.611251895043732  0.427439650145773  0.348980369290573
    endloop
  endfacet
  facet normal  0.502319960490232  0.694437656703482 -0.515199959477161
    outer loop
      vertex  0.574452167152575  0.464777609329446  0.385114627793975
      vertex  0.546666666666667  0.500000000000000  0.405500000000000
      vertex  0.593333333333333  0.500000000000000  0.451000000000000
    endloop
  endfacet
  facet normal  0.503319600690197  0.693766988333523 -0.515127892333248
    outer loop
      vertex  0.593333333333333  0.500000000000000  0.451000000000000
      vertex  0.613681943634597  0.464777609329446  0.423445138969874
      vertex  0.574452167152575  0.464777609329446  0.385114627793975
    endloop
  endfacet
  facet normal -0.430476664687520  0.793259712330110  0.430614525943401
    outer loop
      vertex  0.876666666666667  0.370000000000000  0.246666666666667
      vertex  0.843673974732750  0.348922798833819  0.252512058309038
      vertex  0.939972361516035  0.348922798833819  0.348779615160350
    endloop
  endfacet
  facet normal -0.430730417700828  0.793059023361150  0.430730417700828
    outer loop
      vertex  0.939972361516035  0.348922798833819  0.348779615160350
      vertex  1.000000000000000  0.370000000000000  0.370000000000000
      vertex  0.876666666666667  0.370000000000000  0.246666666666667
    endloop
  endfacet
  facet normal -0.002925911828808  0.999991425217887  0.002930619502628
    outer loop
      vertex  0.843673974732750  0.348922798833819  0.252512058309038
      vertex  0.798983090379009  0.348727696793003  0.274466044703596
      vertex  0.872838483965015  0.348727696793003  0.348202798833819
    endloop
  endfacet
  facet normal -0.002931332930316  0.999991404498031  0.002932271697204
    outer loop
      vertex  0.872838483965015  0.348727696793003  0.348202798833819
      vertex  0.939972361516035  0.348922798833819  0.348779615160350
      vertex  0.843673974732750  0.348922798833819  0.252512058309038
    endloop
  endfacet
  facet normal  0.184655901549424  0.965138643271018 -0.185498240659983
    outer loop
      vertex  0.798983090379009  0.348727696793003  0.274466044703596
      vertex  0.748116229348883  0.364815160349854  0.307532485908649
      vertex  0.804581924198251  0.364815160349854  0.363741772594752
    endloop
  endfacet
  facet normal  0.185215478987223  0.965028483462130 -0.185513483203555
    outer loop
      vertex  0.804581924198251  0.364815160349854  0.363741772594752
      vertex  0.872838483965015  0.348727696793003  0.348202798833819
      vertex  0.798983090379009  0.348727696793003  0.274466044703596
    endloop
  endfacet
  facet normal  0.279735257450294  0.917572520837399 -0.282504610127548
    outer loop
      vertex  0.748116229348883  0.364815160349854  0.307532485908649
      vertex  0.696595607385811  0.392585655976676  0.346715241982507
      vertex  0.741186239067055  0.392585655976676  0.390868758017493
    endloop
  endfacet
  facet normal  0.281009019797695  0.917249030659704 -0.282290889945410
    outer loop
      vertex  0.741186239067055  0.392585655976676  0.390868758017493
      vertex  0.804581924198251  0.364815160349854  0.363741772594752
      vertex  0.748116229348883  0.364815160349854  0.307532485908649
    endloop
  endfacet
  facet normal  0.345889364120471  0.869812255306530 -0.351834035174121
    outer loop
      vertex  0.696595607385811  0.392585655976676  0.346715241982507
      vertex  0.649943440233236  0.427439650145773  0.387018172983479
      vertex  0.688634985422741  0.427439650145773  0.425055976676385
    endloop
  endfacet
  facet normal  0.347911413434999  0.869198951868214 -0.351355703629325
    outer loop
      vertex  0.688634985422741  0.427439650145773  0.425055976676385
      vertex  0.741186239067055  0.392585655976676  0.390868758017493
      vertex  0.696595607385811  0.392585655976676  0.346715241982507
    endloop
  endfacet
  facet normal  0.410753623358330  0.809044810941949 -0.420390241068830
    outer loop
      vertex  0.649943440233236  0.427439650145773  0.387018172983479
      vertex  0.613681943634597  0.464777609329446  0.423445138969874
      vertex  0.652911720116618  0.464777609329446  0.461775650145773
    endloop
  endfacet
  facet normal  0.412923617834884  0.808131774491052 -0.420020381519866
    outer loop
      vertex  0.652911720116618  0.464777609329446  0.461775650145773
      vertex  0.688634985422741  0.427439650145773  0.425055976676385
      vertex  0.649943440233236  0.427439650145773  0.387018172983479
    endloop
  endfacet
  facet normal  0.502735855025020  0.693819828221908 -0.515626517974380
    outer loop
      vertex  0.613681943634597  0.464777609329446  0.423445138969874
      vertex  0.593333333333333  0.500000000000000  0.451000000000000
      vertex  0.640000000000000  0.500000000000000  0.496500000000000
    endloop
  endfacet
  facet normal  0.503814808604320  0.693030645775943 -0.515634718232173
    outer loop
      vertex  0.640000000000000  0.500000000000000  0.496500000000000
      vertex  0.652911720116618  0.464777609329446  0.461775650145773
      vertex  0.613681943634597  0.464777609329446  0.423445138969874
    endloop
  endfacet
  facet normal -0.000000000000000  0.333297169473509  0.942821826657056
    outer loop
      vertex  0.651077201166181  0.060027638483965  0.348779615160350
      vertex  0.630000000000000  0.000000000000000  0.370000000000000
      vertex  0.753333333333333  0.000000000000000  0.370000000000000
    endloop
  endfacet
  facet normal -0.000000000000000  0.333297169473509  0.942821826657056
    outer loop
      vertex  0.651077201166181  0.060027638483965  0.348779615160350
      vertex  0.753333333333333  0.000000000000000  0.370000000000000
      vertex  0.876666666666667  0.000000000000000  0.370000000000000
    endloop
  endfacet
  facet normal  0.000000000000000  0.333297169473509  0.942821826657056
    outer loop
      vertex  0.651077201166181  0.060027638483965  0.348779615160350
      vertex  1.000000000000000  0.000000000000000  0.370000000000000
      vertex  0.939972361516035  0.060027638483965  0.348779615160350
    endloop
  endfacet
  facet normal -0.000000000000000  0.333297169473509  0.942821826657056
    outer loop
      vertex  0.651077201166181  0.060027638483965  0.348779615160350
      vertex  0.876666666666667  0.000000000000000  0.370000000000000
      vertex  1.000000000000000  0.000000000000000  0.370000000000000
    endloop
  endfacet
  facet normal -0.000000000000000  0.008591713417989  0.999963090549118
    outer loop
      vertex  0.872838483965015  0.127161516034985  0.348202798833819
      vertex  0.651077201166181  0.060027638483965  0.348779615160350
      vertex  0.939972361516035  0.060027638483965  0.348779615160350
    endloop
  endfacet
  facet normal -0.000000000000000  0.008591713417989  0.999963090549118
    outer loop
      vertex  0.872838483965015  0.127161516034985  0.348202798833819
      vertex  0.651272303206997  0.127161516034985  0.348202798833819
      vertex  0.651077201166181  0.060027638483965  0.348779615160350
    endloop
  endfacet
  facet normal -0.000000000000000 -0.221975879467818  0.975052157032889
    outer loop
      vertex  0.804581924198251  0.195418075801749  0.363741772594752
      vertex  0.651272303206997  0.127161516034985  0.348202798833819
      vertex  0.872838483965015  0.127161516034985  0.348202798833819
    endloop
  endfacet
  facet normal -0.000000000000000 -0.221975879467818  0.975052157032888
    outer loop
      vertex  0.804581924198251  0.195418075801749  0.363741772594752
      vertex  0.635184839650146  0.195418075801749  0.363741772594752
      vertex  0.651272303206997  0.127161516034985  0.348202798833819
    endloop
  endfacet
  facet normal -0.000000000000000 -0.393397385166436  0.919368531843575
    outer loop
      vertex  0.741186239067055  0.258813760932945  0.390868758017493
      vertex  0.635184839650146  0.195418075801749  0.363741772594752
      vertex  0.804581924198251  0.195418075801749  0.363741772594752
    endloop
  endfacet
  facet normal -0.000000000000000 -0.393397385166436  0.919368531843575
    outer loop
      vertex  0.741186239067055  0.258813760932945  0.390868758017493
      vertex  0.607414344023324  0.258813760932945  0.390868758017493
      vertex  0.635184839650146  0.195418075801749  0.363741772594752
    endloop
  endfacet
  facet normal -0.000000000000000 -0.545312413686425  0.838232886183479
    outer loop
      vertex  0.688634985422741  0.311365014577260  0.425055976676385
      vertex  0.607414344023324  0.258813760932945  0.390868758017493
      vertex  0.741186239067055  0.258813760932945  0.390868758017493
    endloop
  endfacet
  facet normal -0.000000000000000 -0.545312413686425  0.838232886183479
    outer loop
      vertex  0.688634985422741  0.311365014577260  0.425055976676385
      vertex  0.572560349854227  0.311365014577260  0.425055976676385
      vertex  0.607414344023324  0.258813760932945  0.390868758017493
    endloop
  endfacet
  facet normal -0.000000000000000 -0.716764804294540  0.697315004373640
    outer loop
      vertex  0.652911720116618  0.347088279883382  0.461775650145773
      vertex  0.572560349854227  0.311365014577260  0.425055976676385
      vertex  0.688634985422741  0.311365014577260  0.425055976676385
    endloop
  endfacet
  facet normal -0.000000000000000 -0.716764804294540  0.697315004373640
    outer loop
      vertex  0.652911720116618  0.347088279883382  0.461775650145773
      vertex  0.535222390670554  0.347088279883382  0.461775650145773
      vertex  0.572560349854227  0.311365014577260  0.425055976676385
    endloop
  endfacet
  facet normal -0.000000000000000 -0.937300946997780  0.348521067881219
    outer loop
      vertex  0.652911720116618  0.347088279883382  0.461775650145773
      vertex  0.640000000000000  0.360000000000000  0.496500000000000
      vertex  0.593333333333333  0.360000000000000  0.496500000000000
    endloop
  endfacet
  facet normal -0.000000000000000 -0.937300946997780  0.348521067881218
    outer loop
      vertex  0.652911720116618  0.347088279883382  0.461775650145773
      vertex  0.593333333333333  0.360000000000000  0.496500000000000
      vertex  0.546666666666667  0.360000000000000  0.496500000000000
    endloop
  endfacet
  facet normal -0.000000000000000 -0.937300946997780  0.348521067881219
    outer loop
      vertex  0.652911720116618  0.347088279883382  0.461775650145773
      vertex  0.500000000000000  0.360000000000000  0.496500000000000
      vertex  0.535222390670554  0.347088279883382  0.461775650145773
    endloop
  endfacet
  facet normal  0.000000000000000 -0.937300946997779  0.348521067881220
    outer loop
      vertex  0.652911720116618  0.347088279883382  0.461775650145773
      vertex  0.546666666666667  0.360000000000000  0.496500000000000
      vertex  0.500000000000000  0.360000000000000  0.496500000000000
    endloop
  endfacet
  facet normal -0.793856712886111  0.429926221395260  0.430063906370266
    outer loop
      vertex  0.630000000000000  0.370000000000000  0.000000000000000
      vertex  0.651077201166181  0.252624412050535  0.156244501457726
      vertex  0.651077201166181  0.348922798833819  0.059976944606414
    endloop
  endfacet
  facet normal -0.793525882110830  0.430300287253117  0.430300287253117
    outer loop
      vertex  0.651077201166181  0.252624412050535  0.156244501457726
      vertex  0.630000000000000  0.370000000000000  0.000000000000000
      vertex  0.630000000000000  0.246666666666667  0.123333333333333
    endloop
  endfacet
  facet normal -0.999991488677295  0.002915064868054  0.002919755089553
    outer loop
      vertex  0.651077201166181  0.348922798833819  0.059976944606414
      vertex  0.651272303206997  0.274872303206997  0.200729290573372
      vertex  0.651272303206997  0.348727696793003  0.126992536443149
    endloop
  endfacet
  facet normal -0.999991453376081  0.002922986617872  0.002923922711833
    outer loop
      vertex  0.651272303206997  0.274872303206997  0.200729290573372
      vertex  0.651077201166181  0.348922798833819  0.059976944606414
      vertex  0.651077201166181  0.252624412050535  0.156244501457726
    endloop
  endfacet
  facet normal -0.965478592272617 -0.183769256949183 -0.184607551480514
    outer loop
      vertex  0.651272303206997  0.348727696793003  0.126992536443149
      vertex  0.635184839650146  0.308349465500486  0.251323199222546
      vertex  0.635184839650146  0.364815160349854  0.195113912536443
    endloop
  endfacet
  facet normal -0.965289660048833 -0.184534825872572 -0.184831734945566
    outer loop
      vertex  0.635184839650146  0.308349465500486  0.251323199222546
      vertex  0.651272303206997  0.348727696793003  0.126992536443149
      vertex  0.651272303206997  0.274872303206997  0.200729290573372
    endloop
  endfacet
  facet normal -0.918520110466844 -0.278191395807234 -0.280945464399766
    outer loop
      vertex  0.635184839650146  0.364815160349854  0.195113912536443
      vertex  0.607414344023324  0.347995024295432  0.302561725947522
      vertex  0.607414344023324  0.392585655976676  0.258408209912536
    endloop
  endfacet
  facet normal -0.918000891598282 -0.279784350671482 -0.281060634283951
    outer loop
      vertex  0.607414344023324  0.347995024295432  0.302561725947522
      vertex  0.635184839650146  0.364815160349854  0.195113912536443
      vertex  0.635184839650146  0.308349465500486  0.251323199222546
    endloop
  endfacet
  facet normal -0.871353853911729 -0.343977078301056 -0.349888883613993
    outer loop
      vertex  0.607414344023324  0.392585655976676  0.258408209912536
      vertex  0.572560349854227  0.388748104956268  0.348980369290573
      vertex  0.572560349854227  0.427439650145773  0.310942565597668
    endloop
  endfacet
  facet normal -0.870542132240959 -0.346244809762006 -0.349672600737086
    outer loop
      vertex  0.572560349854227  0.388748104956268  0.348980369290573
      vertex  0.607414344023324  0.392585655976676  0.258408209912536
      vertex  0.607414344023324  0.347995024295432  0.302561725947522
    endloop
  endfacet
  facet normal -0.810847216323177 -0.409014102084556 -0.418609909195804
    outer loop
      vertex  0.572560349854227  0.427439650145773  0.310942565597668
      vertex  0.535222390670554  0.425547832847425  0.385114627793975
      vertex  0.535222390670554  0.464777609329446  0.346784116618076
    endloop
  endfacet
  facet normal -0.809965310981970 -0.411154192572649 -0.418220545807848
    outer loop
      vertex  0.535222390670554  0.425547832847425  0.385114627793975
      vertex  0.572560349854227  0.427439650145773  0.310942565597668
      vertex  0.572560349854227  0.388748104956268  0.348980369290573
    endloop
  endfacet
  facet normal -0.695053953087105 -0.501904384691979 -0.514773727889210
    outer loop
      vertex  0.535222390670554  0.464777609329446  0.346784116618076
      vertex  0.500000000000000  0.453333333333333  0.405500000000000
      vertex  0.500000000000000  0.500000000000000  0.360000000000000
    endloop
  endfacet
  facet normal -0.694501161651286 -0.502824841760542 -0.514621525952327
    outer loop
      vertex  0.500000000000000  0.453333333333333  0.405500000000000
      vertex  0.535222390670554  0.464777609329446  0.346784116618076
      vertex  0.535222390670554  0.425547832847425  0.385114627793975
    endloop
  endfacet
  facet normal -0.793558499056701  0.430201318731015  0.430339091806648
    outer loop
      vertex  0.630000000000000  0.246666666666667  0.123333333333333
      vertex  0.651077201166181  0.156326025267250  0.252512058309038
      vertex  0.651077201166181  0.252624412050535  0.156244501457726
    endloop
  endfacet
  facet normal -0.793292627651487  0.430515276682372  0.430515276682372
    outer loop
      vertex  0.651077201166181  0.156326025267250  0.252512058309038
      vertex  0.630000000000000  0.246666666666667  0.123333333333333
      vertex  0.630000000000000  0.123333333333333  0.246666666666667
    endloop
  endfacet
  facet normal -0.999991457035976  0.002920478276866  0.002925177208321
    outer loop
      vertex  0.651077201166181  0.252624412050535  0.156244501457726
      vertex  0.651272303206997  0.201016909620991  0.274466044703596
      vertex  0.651272303206997  0.274872303206997  0.200729290573372
    endloop
  endfacet
  facet normal -0.999991428989319  0.002927153824612  0.002928091253131
    outer loop
      vertex  0.651272303206997  0.201016909620991  0.274466044703596
      vertex  0.651077201166181  0.252624412050535  0.156244501457726
      vertex  0.651077201166181  0.156326025267250  0.252512058309038
    endloop
  endfacet
  facet normal -0.965309231356537 -0.184211551389063 -0.185051863521250
    outer loop
      vertex  0.651272303206997  0.274872303206997  0.200729290573372
      vertex  0.635184839650146  0.251883770651118  0.307532485908649
      vertex  0.635184839650146  0.308349465500486  0.251323199222546
    endloop
  endfacet
  facet normal -0.965159432344367 -0.184874548964685 -0.185172004638398
    outer loop
      vertex  0.635184839650146  0.251883770651118  0.307532485908649
      vertex  0.651272303206997  0.274872303206997  0.200729290573372
      vertex  0.651272303206997  0.201016909620991  0.274466044703596
    endloop
  endfacet
  facet normal -0.918048282233295 -0.278961389777332 -0.281723081237579
    outer loop
      vertex  0.635184839650146  0.308349465500486  0.251323199222546
      vertex  0.607414344023324  0.303404392614189  0.346715241982507
      vertex  0.607414344023324  0.347995024295432  0.302561725947522
    endloop
  endfacet
  facet normal -0.917626192571360 -0.280395473437698 -0.281674544789974
    outer loop
      vertex  0.607414344023324  0.303404392614189  0.346715241982507
      vertex  0.635184839650146  0.308349465500486  0.251323199222546
      vertex  0.635184839650146  0.251883770651118  0.307532485908649
    endloop
  endfacet
  facet normal -0.870586259546233 -0.344930994085325 -0.350859193991847
    outer loop
      vertex  0.607414344023324  0.347995024295432  0.302561725947522
      vertex  0.572560349854227  0.350056559766764  0.387018172983479
      vertex  0.572560349854227  0.388748104956268  0.348980369290573
    endloop
  endfacet
  facet normal -0.869872960688179 -0.347076432593985 -0.350512456556703
    outer loop
      vertex  0.572560349854227  0.350056559766764  0.387018172983479
      vertex  0.607414344023324  0.347995024295432  0.302561725947522
      vertex  0.607414344023324  0.303404392614189  0.346715241982507
    endloop
  endfacet
  facet normal -0.809948882115506 -0.409882500990459 -0.419498681454004
    outer loop
      vertex  0.572560349854227  0.388748104956268  0.348980369290573
      vertex  0.535222390670554  0.386318056365403  0.423445138969874
      vertex  0.535222390670554  0.425547832847425  0.385114627793975
    endloop
  endfacet
  facet normal -0.809051495403178 -0.412037506834300 -0.419119041261138
    outer loop
      vertex  0.535222390670554  0.386318056365403  0.423445138969874
      vertex  0.572560349854227  0.388748104956268  0.348980369290573
      vertex  0.572560349854227  0.350056559766764  0.387018172983479
    endloop
  endfacet
  facet normal -0.694437656703478 -0.502319960490235 -0.515199959477163
    outer loop
      vertex  0.535222390670554  0.425547832847425  0.385114627793975
      vertex  0.500000000000000  0.406666666666667  0.451000000000000
      vertex  0.500000000000000  0.453333333333333  0.405500000000000
    endloop
  endfacet
  facet normal -0.693766988333517 -0.503319600690203 -0.515127892333250
    outer loop
      vertex  0.500000000000000  0.406666666666667  0.451000000000000
      vertex  0.535222390670554  0.425547832847425  0.385114627793975
      vertex  0.535222390670554  0.386318056365403  0.423445138969874
    endloop
  endfacet
  facet normal -0.793259712330109  0.430476664687521  0.430614525943402
    outer loop
      vertex  0.630000000000000  0.123333333333333  0.246666666666667
      vertex  0.651077201166181  0.060027638483965  0.348779615160350
      vertex  0.651077201166181  0.156326025267250  0.252512058309038
    endloop
  endfacet
  facet normal -0.793059023361148  0.430730417700830  0.430730417700830
    outer loop
      vertex  0.651077201166181  0.060027638483965  0.348779615160350
      vertex  0.630000000000000  0.123333333333333  0.246666666666667
      vertex  0.630000000000000  0.000000000000000  0.370000000000000
    endloop
  endfacet
  facet normal -0.999991425217887  0.002925911828808  0.002930619502628
    outer loop
      vertex  0.651077201166181  0.156326025267250  0.252512058309038
      vertex  0.651272303206997  0.127161516034985  0.348202798833819
      vertex  0.651272303206997  0.201016909620991  0.274466044703596
    endloop
  endfacet
  facet normal -0.999991404498031  0.002931332930316  0.002932271697205
    outer loop
      vertex  0.651272303206997  0.127161516034985  0.348202798833819
      vertex  0.651077201166181  0.156326025267250  0.252512058309038
      vertex  0.651077201166181  0.060027638483965  0.348779615160350
    endloop
  endfacet
  facet normal -0.965138643271017 -0.184655901549425 -0.185498240659985
    outer loop
      vertex  0.651272303206997  0.201016909620991  0.274466044703596
      vertex  0.635184839650146  0.195418075801749  0.363741772594752
      vertex  0.635184839650146  0.251883770651118  0.307532485908649
    endloop
  endfacet
  facet normal -0.965028483462129 -0.185215478987224 -0.185513483203557
    outer loop
      vertex  0.635184839650146  0.195418075801749  0.363741772594752
      vertex  0.651272303206997  0.201016909620991  0.274466044703596
      vertex  0.651272303206997  0.127161516034985  0.348202798833819
    endloop
  endfacet
  facet normal -0.917572520837398 -0.279735257450297 -0.282504610127551
    outer loop
      vertex  0.635184839650146  0.251883770651118  0.307532485908649
      vertex  0.607414344023324  0.258813760932945  0.390868758017493
      vertex  0.607414344023324  0.303404392614189  0.346715241982507
    endloop
  endfacet
  facet normal -0.917249030659703 -0.281009019797696 -0.282290889945412
    outer loop
      vertex  0.607414344023324  0.258813760932945  0.390868758017493
      vertex  0.635184839650146  0.251883770651118  0.307532485908649
      vertex  0.635184839650146  0.195418075801749  0.363741772594752
    endloop
  endfacet
  facet normal -0.869812255306532 -0.345889364120469 -0.351834035174119
    outer loop
      vertex  0.607414344023324  0.303404392614189  0.346715241982507
      vertex  0.572560349854227  0.311365014577260  0.425055976676385
      vertex  0.572560349854227  0.350056559766764  0.387018172983479
    endloop
  endfacet
  facet normal -0.869198951868217 -0.347911413434997 -0.351355703629323
    outer loop
      vertex  0.572560349854227  0.311365014577260  0.425055976676385
      vertex  0.607414344023324  0.303404392614189  0.346715241982507
      vertex  0.607414344023324  0.258813760932945  0.390868758017493
    endloop
  endfacet
  facet normal -0.809044810941952 -0.410753623358327 -0.420390241068828
    outer loop
      vertex  0.572560349854227  0.350056559766764  0.387018172983479
      vertex  0.535222390670554  0.347088279883382  0.461775650145773
      vertex  0.535222390670554  0.386318056365403  0.423445138969874
    endloop
  endfacet
  facet normal -0.808131774491055 -0.412923617834882 -0.420020381519864
    outer loop
      vertex  0.535222390670554  0.347088279883382  0.461775650145773
      vertex  0.572560349854227  0.350056559766764  0.387018172983479
      vertex  0.572560349854227  0.311365014577260  0.425055976676385
    endloop
  endfacet
  facet normal -0.693819828221903 -0.502735855025023 -0.515626517974383
    outer loop
      vertex  0.535222390670554  0.386318056365403  0.423445138969874
      vertex  0.500000000000000  0.360000000000000  0.496500000000000
      vertex  0.500000000000000  0.406666666666667  0.451000000000000
    endloop
  endfacet
  facet normal -0.693030645775938 -0.503814808604322 -0.515634718232177
    outer loop
      vertex  0.500000000000000  0.360000000000000  0.496500000000000
      vertex  0.535222390670554  0.386318056365403  0.423445138969874
      vertex  0.535222390670554  0.347088279883382  0.461775650145773
    endloop
  endfacet
  facet normal -0.333297169473509 -0.000000000000000  0.942821826657056
    outer loop
      vertex  0.939972361516035  0.060027638483965  0.348779615160350
      vertex  1.000000000000000  0.000000000000000  0.370000000000000
      vertex  1.000000000000000  0.123333333333333  0.370000000000000
    endloop
  endfacet
  facet normal -0.333297169473508 -0.000000000000000  0.942821826657056
    outer loop
      vertex  0.939972361516035  0.060027638483965  0.348779615160350
      vertex  1.000000000000000  0.123333333333333  0.370000000000000
      vertex  1.000000000000000  0.246666666666667  0.370000000000000
    endloop
  endfacet
  facet normal -0.333297169473508 -0.000000000000000  0.942821826657056
    outer loop
      vertex  0.939972361516035  0.060027638483965  0.348779615160350
      vertex  1.000000000000000  0.370000000000000  0.370000000000000
      vertex  0.939972361516035  0.348922798833819  0.348779615160350
    endloop
  endfacet
  facet normal -0.333297169473509 -0.000000000000000  0.942821826657056
    outer loop
      vertex  0.939972361516035  0.060027638483965  0.348779615160350
      vertex  1.000000000000000  0.246666666666667  0.370000000000000
      vertex  1.000000000000000  0.370000000000000  0.370000000000000
    endloop
  endfacet
  facet normal -0.008591713417989 -0.000000000000000  0.999963090549118
    outer loop
      vertex  0.872838483965015  0.127161516034985  0.348202798833819
      vertex  0.939972361516035  0.348922798833819  0.348779615160350
      vertex  0.872838483965015  0.348727696793003  0.348202798833819
    endloop
  endfacet
  facet normal -0.008591713417989 -0.000000000000000  0.999963090549118
    outer loop
      vertex  0.872838483965015  0.127161516034985  0.348202798833819
      vertex  0.939972361516035  0.060027638483965  0.348779615160350
      vertex  0.939972361516035  0.348922798833819  0.348779615160350
    endloop
  endfacet
  facet normal  0.221975879467819  0.000000000000000  0.975052157032888
    outer loop
      vertex  0.804581924198251  0.195418075801749  0.363741772594752
      vertex  0.872838483965015  0.348727696793003  0.348202798833819
      vertex  0.804581924198251  0.364815160349854  0.363741772594752
    endloop
  endfacet
  facet normal  0.221975879467819 -0.000000000000000  0.975052157032888
    outer loop
      vertex  0.804581924198251  0.195418075801749  0.363741772594752
      vertex  0.872838483965015  0.127161516034985  0.348202798833819
      vertex  0.872838483965015  0.348727696793003  0.348202798833819
    endloop
  endfacet
  facet normal  0.393397385166435 -0.000000000000000  0.919368531843575
    outer loop
      vertex  0.741186239067055  0.258813760932945  0.390868758017493
      vertex  0.804581924198251  0.364815160349854  0.363741772594752
      vertex  0.741186239067055  0.392585655976676  0.390868758017493
    endloop
  endfacet
  facet normal  0.393397385166435 -0.000000000000000  0.919368531843575
    outer loop
      vertex  0.741186239067055  0.258813760932945  0.390868758017493
      vertex  0.804581924198251  0.195418075801749  0.363741772594752
      vertex  0.804581924198251  0.364815160349854  0.363741772594752
    endloop
  endfacet
  facet normal  0.545312413686427  0.000000000000000  0.838232886183478
    outer loop
      vertex  0.688634985422741  0.311365014577260  0.425055976676385
      vertex  0.741186239067055  0.392585655976676  0.390868758017493
      vertex  0.688634985422741  0.427439650145773  0.425055976676385
    endloop
  endfacet
  facet normal  0.545312413686427 -0.000000000000000  0.838232886183478
    outer loop
      vertex  0.688634985422741  0.311365014577260  0.425055976676385
      vertex  0.741186239067055  0.258813760932945  0.390868758017493
      vertex  0.741186239067055  0.392585655976676  0.390868758017493
    endloop
  endfacet
  facet normal  0.716764804294541  0.000000000000000  0.697315004373639
    outer loop
      vertex  0.652911720116618  0.347088279883382  0.461775650145773
      vertex  0.688634985422741  0.427439650145773  0.425055976676385
      vertex  0.652911720116618  0.464777609329446  0.461775650145773
    endloop
  endfacet
  facet normal  0.716764804294541 -0.000000000000000  0.697315004373639
    outer loop
      vertex  0.652911720116618  0.347088279883382  0.461775650145773
      vertex  0.688634985422741  0.311365014577260  0.425055976676385
      vertex  0.688634985422741  0.427439650145773  0.425055976676385
    endloop
  endfacet
  facet normal  0.937300946997778 -0.000000000000000  0.348521067881225
    outer loop
      vertex  0.652911720116618  0.464777609329446  0.461775650145773
      vertex  0.640000000000000  0.500000000000000  0.496500000000000
      vertex  0.640000000000000  0.453333333333333  0.496500000000000
    endloop
  endfacet
  facet normal  0.937300946997777  0.000000000000003  0.348521067881225
    outer loop
      vertex  0.652911720116618  0.464777609329446  0.461775650145773
      vertex  0.640000000000000  0.453333333333333  0.496500000000000
      vertex  0.640000000000000  0.406666666666667  0.496500000000000
    endloop
  endfacet
  facet normal  0.937300946997778 -0.000000000000000  0.348521067881224
    outer loop
      vertex  0.652911720116618  0.464777609329446  0.461775650145773
      vertex  0.640000000000000  0.360000000000000  0.496500000000000
      vertex  0.652911720116618  0.347088279883382  0.461775650145773
    endloop
  endfacet
  facet normal  0.937300946997780 -0.000000000000002  0.348521067881218
    outer loop
      vertex  0.652911720116618  0.464777609329446  0.461775650145773
      vertex  0.640000000000000  0.406666666666667  0.496500000000000
      vertex  0.640000000000000  0.360000000000000  0.496500000000000
    endloop
  endfacet
  facet normal -0.426401432711221  0.639602149066831 -0.639602149066831
    outer loop
      vertex  0.370000000000000  0.630000000000000  0.000000000000000
      vertex  0.246666666666667  0.753333333333333  0.205555555555556
      vertex  0.370000000000000  0.753333333333333  0.123333333333333
    endloop
  endfacet
  facet normal -0.639602149066831  0.426401432711221 -0.639602149066831
    outer loop
      vertex  0.246666666666667  0.753333333333333  0.205555555555556
      vertex  0.370000000000000  0.630000000000000  0.000000000000000
      vertex  0.246666666666667  0.630000000000000  0.123333333333333
    endloop
  endfacet
  facet normal -0.229415733870562  0.688247201611685 -0.688247201611685
    outer loop
      vertex  0.370000000000000  0.753333333333333  0.123333333333333
      vertex  0.246666666666667  0.876666666666667  0.287777777777778
      vertex  0.370000000000000  0.876666666666667  0.246666666666667
    endloop
  endfacet
  facet normal -0.485071250072666  0.485071250072666 -0.727606875108999
    outer loop
      vertex  0.246666666666667  0.876666666666667  0.287777777777778
      vertex  0.370000000000000  0.753333333333333  0.123333333333333
      vertex  0.246666666666667  0.753333333333333  0.205555555555556
    endloop
  endfacet
  facet normal -0.000000000000000  0.707106781186547 -0.707106781186547
    outer loop
      vertex  0.370000000000000  0.876666666666667  0.246666666666667
      vertex  0.246666666666667  1.000000000000000  0.370000000000000
      vertex  0.370000000000000  1.000000000000000  0.370000000000000
    endloop
  endfacet
  facet normal -0.267261241912424  0.534522483824849 -0.801783725737273
    outer loop
      vertex  0.246666666666667  1.000000000000000  0.370000000000000
      vertex  0.370000000000000  0.876666666666667  0.246666666666667
      vertex  0.246666666666667  0.876666666666667  0.287777777777778
    endloop
  endfacet
  facet normal -0.485071250072666  0.485071250072666 -0.727606875108999
    outer loop
      vertex  0.246666666666667  0.630000000000000  0.123333333333333
      vertex  0.123333333333333  0.753333333333333  0.287777777777778
      vertex  0.246666666666667  0.753333333333333  0.205555555555556
    endloop
  endfacet
  facet normal -0.688247201611686  0.229415733870562 -0.688247201611685
    outer loop
      vertex  0.123333333333333  0.753333333333333  0.287777777777778
      vertex  0.246666666666667  0.630000000000000  0.123333333333333
      vertex  0.123333333333333  0.630000000000000  0.246666666666667
    endloop
  endfacet
  facet normal -0.267261241912424  0.534522483824849 -0.801783725737273
    outer loop
      vertex  0.246666666666667  0.753333333333333  0.205555555555556
      vertex  0.123333333333333  0.876666666666667  0.328888888888889
      vertex  0.246666666666667  0.876666666666667  0.287777777777778
    endloop
  endfacet
  facet normal -0.534522483824849  0.267261241912424 -0.801783725737273
    outer loop
      vertex  0.123333333333333  0.876666666666667  0.328888888888889
      vertex  0.246666666666667  0.753333333333333  0.205555555555556
      vertex  0.123333333333333  0.753333333333333  0.287777777777778
    endloop
  endfacet
  facet normal -0.000000000000000  0.554700196225229 -0.832050294337844
    outer loop
      vertex  0.246666666666667  0.876666666666667  0.287777777777778
      vertex  0.123333333333333  1.000000000000000  0.370000000000000
      vertex  0.246666666666667  1.000000000000000  0.370000000000000
    endloop
  endfacet
  facet normal -0.301511344577764  0.301511344577764 -0.904534033733291
    outer loop
      vertex  0.123333333333333  1.000000000000000  0.370000000000000
      vertex  0.246666666666667  0.876666666666667  0.287777777777778
      vertex  0.123333333333333  0.876666666666667  0.328888888888889
    endloop
  endfacet
  facet normal -0.534522483824849  0.267261241912424 -0.801783725737273
    outer loop
      vertex  0.123333333333333  0.630000000000000  0.246666666666667
      vertex  0.000000000000000  0.753333333333333  0.370000000000000
      vertex  0.123333333333333  0.753333333333333  0.287777777777778
    endloop
  endfacet
  facet normal -0.707106781186547  0.000000000000000 -0.707106781186548
    outer loop
      vertex  0.000000000000000  0.753333333333333  0.370000000000000
      vertex  0.123333333333333  0.630000000000000  0.246666666666667
      vertex  0.000000000000000  0.630000000000000  0.370000000000000
    endloop
  endfacet
  facet normal -0.301511344577764  0.301511344577764 -0.904534033733291
    outer loop
      vertex  0.123333333333333  0.753333333333333  0.287777777777778
      vertex  0.000000000000000  0.876666666666667  0.370000000000000
      vertex  0.123333333333333  0.876666666666667  0.328888888888889
    endloop
  endfacet
  facet normal -0.554700196225229  0.000000000000000 -0.832050294337844
    outer loop
      vertex  0.000000000000000  0.876666666666667  0.370000000000000
      vertex  0.123333333333333  0.753333333333333  0.287777777777778
      vertex  0.000000000000000  0.753333333333333  0.370000000000000
    endloop
  endfacet
  facet normal -0.000000000000000  0.316227766016838 -0.948683298050514
    outer loop
      vertex  0.123333333333333  0.876666666666667  0.328888888888889
      vertex  0.000000000000000  1.000000000000000  0.370000000000000
      vertex  0.123333333333333  1.000000000000000  0.370000000000000
    endloop
  endfacet
  facet normal -0.316227766016838  0.000000000000000 -0.948683298050514
    outer loop
      vertex  0.000000000000000  1.000000000000000  0.370000000000000
      vertex  0.123333333333333  0.876666666666667  0.328888888888889
      vertex  0.000000000000000  0.876666666666667  0.370000000000000
    endloop
  endfacet
  facet normal  0.421942283990625 -0.632913425985939  0.649141975370193
    outer loop
      vertex  0.500000000000000  0.500000000000000  0.360000000000000
      vertex  0.500000000000000  0.546666666666667  0.405500000000000
      vertex  0.453333333333333  0.546666666666667  0.435833333333333
    endloop
  endfacet
  facet normal  0.632913425985938 -0.421942283990625  0.649141975370193
    outer loop
      vertex  0.453333333333333  0.546666666666667  0.435833333333333
      vertex  0.453333333333333  0.500000000000000  0.405500000000000
      vertex  0.500000000000000  0.500000000000000  0.360000000000000
    endloop
  endfacet
  facet normal  0.226644614220182 -0.679933842660546  0.697368043754407
    outer loop
      vertex  0.500000000000000  0.546666666666667  0.405500000000000
      vertex  0.500000000000000  0.593333333333333  0.451000000000000
      vertex  0.453333333333333  0.593333333333333  0.466166666666667
    endloop
  endfacet
  facet normal  0.478536612991001 -0.478536612991002  0.736210173832310
    outer loop
      vertex  0.453333333333333  0.593333333333333  0.466166666666667
      vertex  0.453333333333333  0.546666666666667  0.435833333333333
      vertex  0.500000000000000  0.546666666666667  0.405500000000000
    endloop
  endfacet
  facet normal -0.000000000000001 -0.698100136129540  0.716000139620041
    outer loop
      vertex  0.500000000000000  0.593333333333333  0.451000000000000
      vertex  0.500000000000000  0.640000000000000  0.496500000000000
      vertex  0.453333333333333  0.640000000000000  0.496500000000000
    endloop
  endfacet
  facet normal  0.262908072140678 -0.525816144281356  0.808947914279010
    outer loop
      vertex  0.453333333333333  0.640000000000000  0.496500000000000
      vertex  0.453333333333333  0.593333333333333  0.466166666666667
      vertex  0.500000000000000  0.593333333333333  0.451000000000000
    endloop
  endfacet
  facet normal  0.478536612991001 -0.478536612991002  0.736210173832311
    outer loop
      vertex  0.453333333333333  0.500000000000000  0.405500000000000
      vertex  0.453333333333333  0.546666666666667  0.435833333333333
      vertex  0.406666666666667  0.546666666666667  0.466166666666667
    endloop
  endfacet
  facet normal  0.679933842660547 -0.226644614220180  0.697368043754406
    outer loop
      vertex  0.406666666666667  0.546666666666667  0.466166666666667
      vertex  0.406666666666667  0.500000000000000  0.451000000000000
      vertex  0.453333333333333  0.500000000000000  0.405500000000000
    endloop
  endfacet
  facet normal  0.262908072140677 -0.525816144281357  0.808947914279010
    outer loop
      vertex  0.453333333333333  0.546666666666667  0.435833333333333
      vertex  0.453333333333333  0.593333333333333  0.466166666666667
      vertex  0.406666666666667  0.593333333333333  0.481333333333333
    endloop
  endfacet
  facet normal  0.525816144281356 -0.262908072140679  0.808947914279010
    outer loop
      vertex  0.406666666666667  0.593333333333333  0.481333333333333
      vertex  0.406666666666667  0.546666666666667  0.466166666666667
      vertex  0.453333333333333  0.546666666666667  0.435833333333333
    endloop
  endfacet
  facet normal -0.000000000000000 -0.544988350595414  0.838443616300637
    outer loop
      vertex  0.453333333333333  0.593333333333333  0.466166666666667
      vertex  0.453333333333333  0.640000000000000  0.496500000000000
      vertex  0.406666666666667  0.640000000000000  0.496500000000000
    endloop
  endfacet
  facet normal  0.295302052775765 -0.295302052775766  0.908621700848509
    outer loop
      vertex  0.406666666666667  0.640000000000000  0.496500000000000
      vertex  0.406666666666667  0.593333333333333  0.481333333333333
      vertex  0.453333333333333  0.593333333333333  0.466166666666667
    endloop
  endfacet
  facet normal  0.525816144281357 -0.262908072140676  0.808947914279010
    outer loop
      vertex  0.406666666666667  0.500000000000000  0.451000000000000
      vertex  0.406666666666667  0.546666666666667  0.466166666666667
      vertex  0.360000000000000  0.546666666666667  0.496500000000000
    endloop
  endfacet
  facet normal  0.698100136129539  0.000000000000001  0.716000139620041
    outer loop
      vertex  0.360000000000000  0.546666666666667  0.496500000000000
      vertex  0.360000000000000  0.500000000000000  0.496500000000000
      vertex  0.406666666666667  0.500000000000000  0.451000000000000
    endloop
  endfacet
  facet normal  0.295302052775766 -0.295302052775766  0.908621700848509
    outer loop
      vertex  0.406666666666667  0.546666666666667  0.466166666666667
      vertex  0.406666666666667  0.593333333333333  0.481333333333333
      vertex  0.360000000000000  0.593333333333333  0.496500000000000
    endloop
  endfacet
  facet normal  0.544988350595414 -0.000000000000001  0.838443616300637
    outer loop
      vertex  0.360000000000000  0.593333333333333  0.496500000000000
      vertex  0.360000000000000  0.546666666666667  0.496500000000000
      vertex  0.406666666666667  0.546666666666667  0.466166666666667
    endloop
  endfacet
  facet normal  0.000000000000001 -0.309086072337558  0.951034068730948
    outer loop
      vertex  0.406666666666667  0.593333333333333  0.481333333333333
      vertex  0.406666666666667  0.640000000000000  0.496500000000000
      vertex  0.360000000000000  0.640000000000000  0.496500000000000
    endloop
  endfacet
  facet normal  0.309086072337558 -0.000000000000000  0.951034068730948
    outer loop
      vertex  0.360000000000000  0.640000000000000  0.496500000000000
      vertex  0.360000000000000  0.593333333333333  0.496500000000000
      vertex  0.406666666666667  0.593333333333333  0.481333333333333
    endloop
  endfacet
  facet normal  0.429926221395260 -0.793856712886111  0.430063906370266
    outer loop
      vertex  0.370000000000000  0.630000000000000  0.000000000000000
      vertex  0.348922798833819  0.651077201166181  0.059976944606414
      vertex  0.252624412050535  0.651077201166181  0.156244501457726
    endloop
  endfacet
  facet normal  0.430300287253117 -0.793525882110830  0.430300287253117
    outer loop
      vertex  0.252624412050535  0.651077201166181  0.156244501457726
      vertex  0.246666666666667  0.630000000000000  0.123333333333333
      vertex  0.370000000000000  0.630000000000000  0.000000000000000
    endloop
  endfacet
  facet normal  0.002915064868054 -0.999991488677295  0.002919755089553
    outer loop
      vertex  0.348922798833819  0.651077201166181  0.059976944606414
      vertex  0.348727696793003  0.651272303206997  0.126992536443149
      vertex  0.274872303206997  0.651272303206997  0.200729290573372
    endloop
  endfacet
  facet normal  0.002922986617872 -0.999991453376081  0.002923922711833
    outer loop
      vertex  0.274872303206997  0.651272303206997  0.200729290573372
      vertex  0.252624412050535  0.651077201166181  0.156244501457726
      vertex  0.348922798833819  0.651077201166181  0.059976944606414
    endloop
  endfacet
  facet normal -0.183769256949183 -0.965478592272617 -0.184607551480514
    outer loop
      vertex  0.348727696793003  0.651272303206997  0.126992536443149
      vertex  0.364815160349854  0.635184839650146  0.195113912536443
      vertex  0.308349465500486  0.635184839650146  0.251323199222546
    endloop
  endfacet
  facet normal -0.184534825872572 -0.965289660048833 -0.184831734945566
    outer loop
      vertex  0.308349465500486  0.635184839650146  0.251323199222546
      vertex  0.274872303206997  0.651272303206997  0.200729290573372
      vertex  0.348727696793003  0.651272303206997  0.126992536443149
    endloop
  endfacet
  facet normal -0.278191395807234 -0.918520110466844 -0.280945464399766
    outer loop
      vertex  0.364815160349854  0.635184839650146  0.195113912536443
      vertex  0.392585655976676  0.607414344023324  0.258408209912536
      vertex  0.347995024295432  0.607414344023324  0.302561725947522
    endloop
  endfacet
  facet normal -0.279784350671482 -0.918000891598282 -0.281060634283951
    outer loop
      vertex  0.347995024295432  0.607414344023324  0.302561725947522
      vertex  0.308349465500486  0.635184839650146  0.251323199222546
      vertex  0.364815160349854  0.635184839650146  0.195113912536443
    endloop
  endfacet
  facet normal -0.343977078301056 -0.871353853911729 -0.349888883613993
    outer loop
      vertex  0.392585655976676  0.607414344023324  0.258408209912536
      vertex  0.427439650145773  0.572560349854227  0.310942565597668
      vertex  0.388748104956268  0.572560349854227  0.348980369290573
    endloop
  endfacet
  facet normal -0.346244809762006 -0.870542132240959 -0.349672600737086
    outer loop
      vertex  0.388748104956268  0.572560349854227  0.348980369290573
      vertex  0.347995024295432  0.607414344023324  0.302561725947522
      vertex  0.392585655976676  0.607414344023324  0.258408209912536
    endloop
  endfacet
  facet normal -0.409014102084556 -0.810847216323177 -0.418609909195804
    outer loop
      vertex  0.427439650145773  0.572560349854227  0.310942565597668
      vertex  0.464777609329446  0.535222390670554  0.346784116618076
      vertex  0.425547832847425  0.535222390670554  0.385114627793975
    endloop
  endfacet
  facet normal -0.411154192572649 -0.809965310981970 -0.418220545807848
    outer loop
      vertex  0.425547832847425  0.535222390670554  0.385114627793975
      vertex  0.388748104956268  0.572560349854227  0.348980369290573
      vertex  0.427439650145773  0.572560349854227  0.310942565597668
    endloop
  endfacet
  facet normal -0.501904384691979 -0.695053953087105 -0.514773727889210
    outer loop
      vertex  0.464777609329446  0.535222390670554  0.346784116618076
      vertex  0.500000000000000  0.500000000000000  0.360000000000000
      vertex  0.453333333333333  0.500000000000000  0.405500000000000
    endloop
  endfacet
  facet normal -0.502824841760542 -0.694501161651286 -0.514621525952327
    outer loop
      vertex  0.453333333333333  0.500000000000000  0.405500000000000
      vertex  0.425547832847425  0.535222390670554  0.385114627793975
      vertex  0.464777609329446  0.535222390670554  0.346784116618076
    endloop
  endfacet
  facet normal  0.430201318731015 -0.793558499056701  0.430339091806648
    outer loop
      vertex  0.246666666666667  0.630000000000000  0.123333333333333
      vertex  0.252624412050535  0.651077201166181  0.156244501457726
      vertex  0.156326025267250  0.651077201166181  0.252512058309038
    endloop
  endfacet
  facet normal  0.430515276682372 -0.793292627651487  0.430515276682372
    outer loop
      vertex  0.156326025267250  0.651077201166181  0.252512058309038
      vertex  0.123333333333333  0.630000000000000  0.246666666666667
      vertex  0.246666666666667  0.630000000000000  0.123333333333333
    endloop
  endfacet
  facet normal  0.002920478276866 -0.999991457035976  0.002925177208321
    outer loop
      vertex  0.252624412050535  0.651077201166181  0.156244501457726
      vertex  0.274872303206997  0.651272303206997  0.200729290573372
      vertex  0.201016909620991  0.651272303206997  0.274466044703596
    endloop
  endfacet
  facet normal  0.002927153824612 -0.999991428989319  0.002928091253131
    outer loop
      vertex  0.201016909620991  0.651272303206997  0.274466044703596
      vertex  0.156326025267250  0.651077201166181  0.252512058309038
      vertex  0.252624412050535  0.651077201166181  0.156244501457726
    endloop
  endfacet
  facet normal -0.184211551389063 -0.965309231356537 -0.185051863521250
    outer loop
      vertex  0.274872303206997  0.651272303206997  0.200729290573372
      vertex  0.308349465500486  0.635184839650146  0.251323199222546
      vertex  0.251883770651118  0.635184839650146  0.307532485908649
    endloop
  endfacet
  facet normal -0.184874548964685 -0.965159432344367 -0.185172004638398
    outer loop
      vertex  0.251883770651118  0.635184839650146  0.307532485908649
      vertex  0.201016909620991  0.651272303206997  0.274466044703596
      vertex  0.274872303206997  0.651272303206997  0.200729290573372
    endloop
  endfacet
  facet normal -0.278961389777332 -0.918048282233295 -0.281723081237579
    outer loop
      vertex  0.308349465500486  0.635184839650146  0.251323199222546
      vertex  0.347995024295432  0.607414344023324  0.302561725947522
      vertex  0.303404392614189  0.607414344023324  0.346715241982507
    endloop
  endfacet
  facet normal -0.280395473437698 -0.917626192571360 -0.281674544789974
    outer loop
      vertex  0.303404392614189  0.607414344023324  0.346715241982507
      vertex  0.251883770651118  0.635184839650146  0.307532485908649
      vertex  0.308349465500486  0.635184839650146  0.251323199222546
    endloop
  endfacet
  facet normal -0.344930994085325 -0.870586259546233 -0.350859193991847
    outer loop
      vertex  0.347995024295432  0.607414344023324  0.302561725947522
      vertex  0.388748104956268  0.572560349854227  0.348980369290573
      vertex  0.350056559766764  0.572560349854227  0.387018172983479
    endloop
  endfacet
  facet normal -0.347076432593985 -0.869872960688179 -0.350512456556703
    outer loop
      vertex  0.350056559766764  0.572560349854227  0.387018172983479
      vertex  0.303404392614189  0.607414344023324  0.346715241982507
      vertex  0.347995024295432  0.607414344023324  0.302561725947522
    endloop
  endfacet
  facet normal -0.409882500990459 -0.809948882115506 -0.419498681454004
    outer loop
      vertex  0.388748104956268  0.572560349854227  0.348980369290573
      vertex  0.425547832847425  0.535222390670554  0.385114627793975
      vertex  0.386318056365403  0.535222390670554  0.423445138969874
    endloop
  endfacet
  facet normal -0.412037506834300 -0.809051495403178 -0.419119041261138
    outer loop
      vertex  0.386318056365403  0.535222390670554  0.423445138969874
      vertex  0.350056559766764  0.572560349854227  0.387018172983479
      vertex  0.388748104956268  0.572560349854227  0.348980369290573
    endloop
  endfacet
  facet normal -0.502319960490235 -0.694437656703478 -0.515199959477163
    outer loop
      vertex  0.425547832847425  0.535222390670554  0.385114627793975
      vertex  0.453333333333333  0.500000000000000  0.405500000000000
      vertex  0.406666666666667  0.500000000000000  0.451000000000000
    endloop
  endfacet
  facet normal -0.503319600690203 -0.693766988333517 -0.515127892333250
    outer loop
      vertex  0.406666666666667  0.500000000000000  0.451000000000000
      vertex  0.386318056365403  0.535222390670554  0.423445138969874
      vertex  0.425547832847425  0.535222390670554  0.385114627793975
    endloop
  endfacet
  facet normal  0.430476664687521 -0.793259712330109  0.430614525943402
    outer loop
      vertex  0.123333333333333  0.630000000000000  0.246666666666667
      vertex  0.156326025267250  0.651077201166181  0.252512058309038
      vertex  0.060027638483965  0.651077201166181  0.348779615160350
    endloop
  endfacet
  facet normal  0.430730417700830 -0.793059023361148  0.430730417700830
    outer loop
      vertex  0.060027638483965  0.651077201166181  0.348779615160350
      vertex  0.000000000000000  0.630000000000000  0.370000000000000
      vertex  0.123333333333333  0.630000000000000  0.246666666666667
    endloop
  endfacet
  facet normal  0.002925911828808 -0.999991425217887  0.002930619502628
    outer loop
      vertex  0.156326025267250  0.651077201166181  0.252512058309038
      vertex  0.201016909620991  0.651272303206997  0.274466044703596
      vertex  0.127161516034985  0.651272303206997  0.348202798833819
    endloop
  endfacet
  facet normal  0.002931332930316 -0.999991404498031  0.002932271697205
    outer loop
      vertex  0.127161516034985  0.651272303206997  0.348202798833819
      vertex  0.060027638483965  0.651077201166181  0.348779615160350
      vertex  0.156326025267250  0.651077201166181  0.252512058309038
    endloop
  endfacet
  facet normal -0.184655901549425 -0.965138643271017 -0.185498240659985
    outer loop
      vertex  0.201016909620991  0.651272303206997  0.274466044703596
      vertex  0.251883770651118  0.635184839650146  0.307532485908649
      vertex  0.195418075801749  0.635184839650146  0.363741772594752
    endloop
  endfacet
  facet normal -0.185215478987224 -0.965028483462129 -0.185513483203557
    outer loop
      vertex  0.195418075801749  0.635184839650146  0.363741772594752
      vertex  0.127161516034985  0.651272303206997  0.348202798833819
      vertex  0.201016909620991  0.651272303206997  0.274466044703596
    endloop
  endfacet
  facet normal -0.279735257450297 -0.917572520837398 -0.282504610127551
    outer loop
      vertex  0.251883770651118  0.635184839650146  0.307532485908649
      vertex  0.303404392614189  0.607414344023324  0.346715241982507
      vertex  0.258813760932945  0.607414344023324  0.390868758017493
    endloop
  endfacet
  facet normal -0.281009019797696 -0.917249030659703 -0.282290889945412
    outer loop
      vertex  0.258813760932945  0.607414344023324  0.390868758017493
      vertex  0.195418075801749  0.635184839650146  0.363741772594752
      vertex  0.251883770651118  0.635184839650146  0.307532485908649
    endloop
  endfacet
  facet normal -0.345889364120469 -0.869812255306532 -0.351834035174119
    outer loop
      vertex  0.303404392614189  0.607414344023324  0.346715241982507
      vertex  0.350056559766764  0.572560349854227  0.387018172983479
      vertex  0.311365014577260  0.572560349854227  0.425055976676385
    endloop
  endfacet
  facet normal -0.347911413434997 -0.869198951868217 -0.351355703629323
    outer loop
      vertex  0.311365014577260  0.572560349854227  0.425055976676385
      vertex  0.258813760932945  0.607414344023324  0.390868758017493
      vertex  0.303404392614189  0.607414344023324  0.346715241982507
    endloop
  endfacet
  facet normal -0.410753623358327 -0.809044810941952 -0.420390241068828
    outer loop
      vertex  0.350056559766764  0.572560349854227  0.387018172983479
      vertex  0.386318056365403  0.535222390670554  0.423445138969874
      vertex  0.347088279883382  0.535222390670554  0.461775650145773
    endloop
  endfacet
  facet normal -0.412923617834882 -0.808131774491055 -0.420020381519864
    outer loop
      vertex  0.347088279883382  0.535222390670554  0.461775650145773
      vertex  0.311365014577260  0.572560349854227  0.425055976676385
      vertex  0.350056559766764  0.572560349854227  0.387018172983479
    endloop
  endfacet
  facet normal -0.502735855025023 -0.693819828221903 -0.515626517974383
    outer loop
      vertex  0.386318056365403  0.535222390670554  0.423445138969874
      vertex  0.406666666666667  0.500000000000000  0.451000000000000
      vertex  0.360000000000000  0.500000000000000  0.496500000000000
    endloop
  endfacet
  facet normal -0.503814808604322 -0.693030645775938 -0.515634718232177
    outer loop
      vertex  0.360000000000000  0.500000000000000  0.496500000000000
      vertex  0.347088279883382  0.535222390670554  0.461775650145773
      vertex  0.386318056365403  0.535222390670554  0.423445138969874
    endloop
  endfacet
  facet normal -0.000000000000000 -0.333297169473508  0.942821826657056
    outer loop
      vertex  0.348922798833819  0.939972361516035  0.348779615160350
      vertex  0.370000000000000  1.000000000000000  0.370000000000000
      vertex  0.246666666666667  1.000000000000000  0.370000000000000
    endloop
  endfacet
  facet normal -0.000000000000000 -0.333297169473509  0.942821826657056
    outer loop
      vertex  0.348922798833819  0.939972361516035  0.348779615160350
      vertex  0.246666666666667  1.000000000000000  0.370000000000000
      vertex  0.123333333333333  1.000000000000000  0.370000000000000
    endloop
  endfacet
  facet normal -0.000000000000000 -0.333297169473508  0.942821826657056
    outer loop
      vertex  0.348922798833819  0.939972361516035  0.348779615160350
      vertex  0.000000000000000  1.000000000000000  0.370000000000000
      vertex  0.060027638483965  0.939972361516035  0.348779615160350
    endloop
  endfacet
  facet normal -0.000000000000000 -0.333297169473509  0.942821826657056
    outer loop
      vertex  0.348922798833819  0.939972361516035  0.348779615160350
      vertex  0.123333333333333  1.000000000000000  0.370000000000000
      vertex  0.000000000000000  1.000000000000000  0.370000000000000
    endloop
  endfacet
  facet normal -0.000000000000000 -0.008591713417989  0.999963090549118
    outer loop
      vertex  0.127161516034985  0.872838483965015  0.348202798833819
      vertex  0.348922798833819  0.939972361516035  0.348779615160350
      vertex  0.060027638483965  0.939972361516035  0.348779615160350
    endloop
  endfacet
  facet normal -0.000000000000000 -0.008591713417989  0.999963090549118
    outer loop
      vertex  0.127161516034985  0.872838483965015  0.348202798833819
      vertex  0.348727696793003  0.872838483965015  0.348202798833819
      vertex  0.348922798833819  0.939972361516035  0.348779615160350
    endloop
  endfacet
  facet normal  0.000000000000000  0.221975879467819  0.975052157032888
    outer loop
      vertex  0.195418075801749  0.804581924198251  0.363741772594752
      vertex  0.348727696793003  0.872838483965015  0.348202798833819
      vertex  0.127161516034985  0.872838483965015  0.348202798833819
    endloop
  endfacet
  facet normal -0.000000000000000  0.221975879467819  0.975052157032888
    outer loop
      vertex  0.195418075801749  0.804581924198251  0.363741772594752
      vertex  0.364815160349854  0.804581924198251  0.363741772594752
      vertex  0.348727696793003  0.872838483965015  0.348202798833819
    endloop
  endfacet
  facet normal -0.000000000000000  0.393397385166435  0.919368531843575
    outer loop
      vertex  0.258813760932945  0.741186239067055  0.390868758017493
      vertex  0.364815160349854  0.804581924198251  0.363741772594752
      vertex  0.195418075801749  0.804581924198251  0.363741772594752
    endloop
  endfacet
  facet normal -0.000000000000000  0.393397385166435  0.919368531843575
    outer loop
      vertex  0.258813760932945  0.741186239067055  0.390868758017493
      vertex  0.392585655976676  0.741186239067055  0.390868758017493
      vertex  0.364815160349854  0.804581924198251  0.363741772594752
    endloop
  endfacet
  facet normal  0.000000000000000  0.545312413686427  0.838232886183478
    outer loop
      vertex  0.311365014577260  0.688634985422741  0.425055976676385
      vertex  0.392585655976676  0.741186239067055  0.390868758017493
      vertex  0.258813760932945  0.741186239067055  0.390868758017493
    endloop
  endfacet
  facet normal -0.000000000000000  0.545312413686427  0.838232886183478
    outer loop
      vertex  0.311365014577260  0.688634985422741  0.425055976676385
      vertex  0.427439650145773  0.688634985422741  0.425055976676385
      vertex  0.392585655976676  0.741186239067055  0.390868758017493
    endloop
  endfacet
  facet normal  0.000000000000000  0.716764804294541  0.697315004373639
    outer loop
      vertex  0.347088279883382  0.652911720116618  0.461775650145773
      vertex  0.427439650145773  0.688634985422741  0.425055976676385
      vertex  0.311365014577260  0.688634985422741  0.425055976676385
    endloop
  endfacet
  facet normal -0.000000000000000  0.716764804294541  0.697315004373639
    outer loop
      vertex  0.347088279883382  0.652911720116618  0.461775650145773
      vertex  0.464777609329446  0.652911720116618  0.461775650145773
      vertex  0.427439650145773  0.688634985422741  0.425055976676385
    endloop
  endfacet
  facet normal -0.000000000000002  0.937300946997778  0.348521067881225
    outer loop
      vertex  0.347088279883382  0.652911720116618  0.461775650145773
      vertex  0.360000000000000  0.640000000000000  0.496500000000000
      vertex  0.406666666666667  0.640000000000000  0.496500000000000
    endloop
  endfacet
  facet normal  0.000000000000003  0.937300946997780  0.348521067881218
    outer loop
      vertex  0.347088279883382  0.652911720116618  0.461775650145773
      vertex  0.406666666666667  0.640000000000000  0.496500000000000
      vertex  0.453333333333333  0.640000000000000  0.496500000000000
    endloop
  endfacet
  facet normal  0.000000000000000  0.937300946997778  0.348521067881224
    outer loop
      vertex  0.347088279883382  0.652911720116618  0.461775650145773
      vertex  0.500000000000000  0.640000000000000  0.496500000000000
      vertex  0.464777609329446  0.652911720116618  0.461775650145773
    endloop
  endfacet
  facet normal -0.000000000000000  0.937300946997777  0.348521067881226
    outer loop
      vertex  0.347088279883382  0.652911720116618  0.461775650145773
      vertex  0.453333333333333  0.640000000000000  0.496500000000000
      vertex  0.500000000000000  0.640000000000000  0.496500000000000
    endloop
  endfacet
  facet normal  0.793856712886111 -0.429926221395260  0.430063906370265
    outer loop
      vertex  0.370000000000000  0.630000000000000  0.000000000000000
      vertex  0.348922798833819  0.747375587949466  0.156244501457726
      vertex  0.348922798833819  0.651077201166181  0.059976944606414
    endloop
  endfacet
  facet normal  0.793525882110831 -0.430300287253116  0.430300287253116
    outer loop
      vertex  0.348922798833819  0.747375587949466  0.156244501457726
      vertex  0.370000000000000  0.630000000000000  0.000000000000000
      vertex  0.370000000000000  0.753333333333333  0.123333333333333
    endloop
  endfacet
  facet normal  0.999991488677295 -0.002915064868054  0.002919755089553
    outer loop
      vertex  0.348922798833819  0.651077201166181  0.059976944606414
      vertex  0.348727696793003  0.725127696793003  0.200729290573372
      vertex  0.348727696793003  0.651272303206997  0.126992536443149
    endloop
  endfacet
  facet normal  0.999991453376081 -0.002922986617872  0.002923922711833
    outer loop
      vertex  0.348727696793003  0.725127696793003  0.200729290573372
      vertex  0.348922798833819  0.651077201166181  0.059976944606414
      vertex  0.348922798833819  0.747375587949466  0.156244501457726
    endloop
  endfacet
  facet normal  0.965478592272618  0.183769256949182 -0.184607551480513
    outer loop
      vertex  0.348727696793003  0.651272303206997  0.126992536443149
      vertex  0.364815160349854  0.691650534499514  0.251323199222546
      vertex  0.364815160349854  0.635184839650146  0.195113912536443
    endloop
  endfacet
  facet normal  0.965289660048833  0.184534825872571 -0.184831734945565
    outer loop
      vertex  0.364815160349854  0.691650534499514  0.251323199222546
      vertex  0.348727696793003  0.651272303206997  0.126992536443149
      vertex  0.348727696793003  0.725127696793003  0.200729290573372
    endloop
  endfacet
  facet normal  0.918520110466845  0.278191395807232 -0.280945464399764
    outer loop
      vertex  0.364815160349854  0.635184839650146  0.195113912536443
      vertex  0.392585655976676  0.652004975704567  0.302561725947522
      vertex  0.392585655976676  0.607414344023324  0.258408209912536
    endloop
  endfacet
  facet normal  0.918000891598283  0.279784350671480 -0.281060634283949
    outer loop
      vertex  0.392585655976676  0.652004975704567  0.302561725947522
      vertex  0.364815160349854  0.635184839650146  0.195113912536443
      vertex  0.364815160349854  0.691650534499514  0.251323199222546
    endloop
  endfacet
  facet normal  0.871353853911727  0.343977078301059 -0.349888883613995
    outer loop
      vertex  0.392585655976676  0.607414344023324  0.258408209912536
      vertex  0.427439650145773  0.611251895043732  0.348980369290573
      vertex  0.427439650145773  0.572560349854227  0.310942565597668
    endloop
  endfacet
  facet normal  0.870542132240957  0.346244809762009 -0.349672600737088
    outer loop
      vertex  0.427439650145773  0.611251895043732  0.348980369290573
      vertex  0.392585655976676  0.607414344023324  0.258408209912536
      vertex  0.392585655976676  0.652004975704567  0.302561725947522
    endloop
  endfacet
  facet normal  0.810847216323174  0.409014102084560 -0.418609909195806
    outer loop
      vertex  0.427439650145773  0.572560349854227  0.310942565597668
      vertex  0.464777609329446  0.574452167152575  0.385114627793975
      vertex  0.464777609329446  0.535222390670554  0.346784116618076
    endloop
  endfacet
  facet normal  0.809965310981968  0.411154192572650 -0.418220545807850
    outer loop
      vertex  0.464777609329446  0.574452167152575  0.385114627793975
      vertex  0.427439650145773  0.572560349854227  0.310942565597668
      vertex  0.427439650145773  0.611251895043732  0.348980369290573
    endloop
  endfacet
  facet normal  0.695053953087110  0.501904384691976 -0.514773727889206
    outer loop
      vertex  0.464777609329446  0.535222390670554  0.346784116618076
      vertex  0.500000000000000  0.546666666666667  0.405500000000000
      vertex  0.500000000000000  0.500000000000000  0.360000000000000
    endloop
  endfacet
  facet normal  0.694501161651290  0.502824841760541 -0.514621525952322
    outer loop
      vertex  0.500000000000000  0.546666666666667  0.405500000000000
      vertex  0.464777609329446  0.535222390670554  0.346784116618076
      vertex  0.464777609329446  0.574452167152575  0.385114627793975
    endloop
  endfacet
  facet normal  0.793558499056703 -0.430201318731014  0.430339091806647
    outer loop
      vertex  0.370000000000000  0.753333333333333  0.123333333333333
      vertex  0.348922798833819  0.843673974732750  0.252512058309038
      vertex  0.348922798833819  0.747375587949466  0.156244501457726
    endloop
  endfacet
  facet normal  0.793292627651489 -0.430515276682371  0.430515276682371
    outer loop
      vertex  0.348922798833819  0.843673974732750  0.252512058309038
      vertex  0.370000000000000  0.753333333333333  0.123333333333333
      vertex  0.370000000000000  0.876666666666667  0.246666666666667
    endloop
  endfacet
  facet normal  0.999991457035976 -0.002920478276866  0.002925177208321
    outer loop
      vertex  0.348922798833819  0.747375587949466  0.156244501457726
      vertex  0.348727696793003  0.798983090379009  0.274466044703596
      vertex  0.348727696793003  0.725127696793003  0.200729290573372
    endloop
  endfacet
  facet normal  0.999991428989319 -0.002927153824612  0.002928091253131
    outer loop
      vertex  0.348727696793003  0.798983090379009  0.274466044703596
      vertex  0.348922798833819  0.747375587949466  0.156244501457726
      vertex  0.348922798833819  0.843673974732750  0.252512058309038
    endloop
  endfacet
  facet normal  0.965309231356537  0.184211551389061 -0.185051863521249
    outer loop
      vertex  0.348727696793003  0.725127696793003  0.200729290573372
      vertex  0.364815160349854  0.748116229348883  0.307532485908649
      vertex  0.364815160349854  0.691650534499514  0.251323199222546
    endloop
  endfacet
  facet normal  0.965159432344368  0.184874548964684 -0.185172004638397
    outer loop
      vertex  0.364815160349854  0.748116229348883  0.307532485908649
      vertex  0.348727696793003  0.725127696793003  0.200729290573372
      vertex  0.348727696793003  0.798983090379009  0.274466044703596
    endloop
  endfacet
  facet normal  0.918048282233296  0.278961389777330 -0.281723081237577
    outer loop
      vertex  0.364815160349854  0.691650534499514  0.251323199222546
      vertex  0.392585655976676  0.696595607385811  0.346715241982507
      vertex  0.392585655976676  0.652004975704567  0.302561725947522
    endloop
  endfacet
  facet normal  0.917626192571361  0.280395473437696 -0.281674544789972
    outer loop
      vertex  0.392585655976676  0.696595607385811  0.346715241982507
      vertex  0.364815160349854  0.691650534499514  0.251323199222546
      vertex  0.364815160349854  0.748116229348883  0.307532485908649
    endloop
  endfacet
  facet normal  0.870586259546231  0.344930994085327 -0.350859193991849
    outer loop
      vertex  0.392585655976676  0.652004975704567  0.302561725947522
      vertex  0.427439650145773  0.649943440233236  0.387018172983479
      vertex  0.427439650145773  0.611251895043732  0.348980369290573
    endloop
  endfacet
  facet normal  0.869872960688177  0.347076432593987 -0.350512456556705
    outer loop
      vertex  0.427439650145773  0.649943440233236  0.387018172983479
      vertex  0.392585655976676  0.652004975704567  0.302561725947522
      vertex  0.392585655976676  0.696595607385811  0.346715241982507
    endloop
  endfacet
  facet normal  0.809948882115505  0.409882500990459 -0.419498681454008
    outer loop
      vertex  0.427439650145773  0.611251895043732  0.348980369290573
      vertex  0.464777609329446  0.613681943634597  0.423445138969874
      vertex  0.464777609329446  0.574452167152575  0.385114627793975
    endloop
  endfacet
  facet normal  0.809051495403175  0.412037506834303 -0.419119041261141
    outer loop
      vertex  0.464777609329446  0.613681943634597  0.423445138969874
      vertex  0.427439650145773  0.611251895043732  0.348980369290573
      vertex  0.427439650145773  0.649943440233236  0.387018172983479
    endloop
  endfacet
  facet normal  0.694437656703482  0.502319960490232 -0.515199959477161
    outer loop
      vertex  0.464777609329446  0.574452167152575  0.385114627793975
      vertex  0.500000000000000  0.593333333333333  0.451000000000000
      vertex  0.500000000000000  0.546666666666667  0.405500000000000
    endloop
  endfacet
  facet normal  0.693766988333523  0.503319600690197 -0.515127892333248
    outer loop
      vertex  0.500000000000000  0.593333333333333  0.451000000000000
      vertex  0.464777609329446  0.574452167152575  0.385114627793975
      vertex  0.464777609329446  0.613681943634597  0.423445138969874
    endloop
  endfacet
  facet normal  0.793259712330110 -0.430476664687520  0.430614525943401
    outer loop
      vertex  0.370000000000000  0.876666666666667  0.246666666666667
      vertex  0.348922798833819  0.939972361516035  0.348779615160350
      vertex  0.348922798833819  0.843673974732750  0.252512058309038
    endloop
  endfacet
  facet normal  0.793059023361150 -0.430730417700828  0.430730417700828
    outer loop
      vertex  0.348922798833819  0.939972361516035  0.348779615160350
      vertex  0.370000000000000  0.876666666666667  0.246666666666667
      vertex  0.370000000000000  1.000000000000000  0.370000000000000
    endloop
  endfacet
  facet normal  0.999991425217887 -0.002925911828808  0.002930619502628
    outer loop
      vertex  0.348922798833819  0.843673974732750  0.252512058309038
      vertex  0.348727696793003  0.872838483965015  0.348202798833819
      vertex  0.348727696793003  0.798983090379009  0.274466044703596
    endloop
  endfacet
  facet normal  0.999991404498031 -0.002931332930316  0.002932271697204
    outer loop
      vertex  0.348727696793003  0.872838483965015  0.348202798833819
      vertex  0.348922798833819  0.843673974732750  0.252512058309038
      vertex  0.348922798833819  0.939972361516035  0.348779615160350
    endloop
  endfacet
  facet normal  0.965138643271018  0.184655901549424 -0.185498240659983
    outer loop
      vertex  0.348727696793003  0.798983090379009  0.274466044703596
      vertex  0.364815160349854  0.804581924198251  0.363741772594752
      vertex  0.364815160349854  0.748116229348883  0.307532485908649
    endloop
  endfacet
  facet normal  0.965028483462130  0.185215478987223 -0.185513483203555
    outer loop
      vertex  0.364815160349854  0.804581924198251  0.363741772594752
      vertex  0.348727696793003  0.798983090379009  0.274466044703596
      vertex  0.348727696793003  0.872838483965015  0.348202798833819
    endloop
  endfacet
  facet normal  0.917572520837399  0.279735257450294 -0.282504610127548
    outer loop
      vertex  0.364815160349854  0.748116229348883  0.307532485908649
      vertex  0.392585655976676  0.741186239067055  0.390868758017493
      vertex  0.392585655976676  0.696595607385811  0.346715241982507
    endloop
  endfacet
  facet normal  0.917249030659704  0.281009019797695 -0.282290889945410
    outer loop
      vertex  0.392585655976676  0.741186239067055  0.390868758017493
      vertex  0.364815160349854  0.748116229348883  0.307532485908649
      vertex  0.364815160349854  0.804581924198251  0.363741772594752
    endloop
  endfacet
  facet normal  0.869812255306530  0.345889364120471 -0.351834035174121
    outer loop
      vertex  0.392585655976676  0.696595607385811  0.346715241982507
      vertex  0.427439650145773  0.688634985422741  0.425055976676385
      vertex  0.427439650145773  0.649943440233236  0.387018172983479
    endloop
  endfacet
  facet normal  0.869198951868214  0.347911413434999 -0.351355703629325
    outer loop
      vertex  0.427439650145773  0.688634985422741  0.425055976676385
      vertex  0.392585655976676  0.696595607385811  0.346715241982507
      vertex  0.392585655976676  0.741186239067055  0.390868758017493
    endloop
  endfacet
  facet normal  0.809044810941949  0.410753623358330 -0.420390241068830
    outer loop
      vertex  0.427439650145773  0.649943440233236  0.387018172983479
      vertex  0.464777609329446  0.652911720116618  0.461775650145773
      vertex  0.464777609329446  0.613681943634597  0.423445138969874
    endloop
  endfacet
  facet normal  0.808131774491052  0.412923617834884 -0.420020381519866
    outer loop
      vertex  0.464777609329446  0.652911720116618  0.461775650145773
      vertex  0.427439650145773  0.649943440233236  0.387018172983479
      vertex  0.427439650145773  0.688634985422741  0.425055976676385
    endloop
  endfacet
  facet normal  0.693819828221908  0.502735855025020 -0.515626517974380
    outer loop
      vertex  0.464777609329446  0.613681943634597  0.423445138969874
      vertex  0.500000000000000  0.640000000000000  0.496500000000000
      vertex  0.500000000000000  0.593333333333333  0.451000000000000
    endloop
  endfacet
  facet normal  0.693030645775943  0.503814808604320 -0.515634718232173
    outer loop
      vertex  0.500000000000000  0.640000000000000  0.496500000000000
      vertex  0.464777609329446  0.613681943634597  0.423445138969874
      vertex  0.464777609329446  0.652911720116618  0.461775650145773
    endloop
  endfacet
  facet normal  0.333297169473509  0.000000000000000  0.942821826657056
    outer loop
      vertex  0.060027638483965  0.939972361516035  0.348779615160350
      vertex  0.000000000000000  1.000000000000000  0.370000000000000
      vertex  0.000000000000000  0.876666666666667  0.370000000000000
    endloop
  endfacet
  facet normal  0.333297169473509  0.000000000000000  0.942821826657056
    outer loop
      vertex  0.060027638483965  0.939972361516035  0.348779615160350
      vertex  0.000000000000000  0.876666666666667  0.370000000000000
      vertex  0.000000000000000  0.753333333333333  0.370000000000000
    endloop
  endfacet
  facet normal  0.333297169473509 -0.000000000000000  0.942821826657056
    outer loop
      vertex  0.060027638483965  0.939972361516035  0.348779615160350
      vertex  0.000000000000000  0.630000000000000  0.370000000000000
      vertex  0.060027638483965  0.651077201166181  0.348779615160350
    endloop
  endfacet
  facet normal  0.333297169473509  0.000000000000000  0.942821826657056
    outer loop
      vertex  0.060027638483965  0.939972361516035  0.348779615160350
      vertex  0.000000000000000  0.753333333333333  0.370000000000000
      vertex  0.000000000000000  0.630000000000000  0.370000000000000
    endloop
  endfacet
  facet normal  0.008591713417989 -0.000000000000000  0.999963090549118
    outer loop
      vertex  0.127161516034985  0.872838483965015  0.348202798833819
      vertex  0.060027638483965  0.651077201166181  0.348779615160350
      vertex  0.127161516034985  0.651272303206997  0.348202798833819
    endloop
  endfacet
  facet normal  0.008591713417989  0.000000000000000  0.999963090549118
    outer loop
      vertex  0.127161516034985  0.872838483965015  0.348202798833819
      vertex  0.060027638483965  0.939972361516035  0.348779615160350
      vertex  0.060027638483965  0.651077201166181  0.348779615160350
    endloop
  endfacet
  facet normal -0.221975879467818 -0.000000000000000  0.975052157032888
    outer loop
      vertex  0.195418075801749  0.804581924198251  0.363741772594752
      vertex  0.127161516034985  0.651272303206997  0.348202798833819
      vertex  0.195418075801749  0.635184839650146  0.363741772594752
    endloop
  endfacet
  facet normal -0.221975879467818 -0.000000000000000  0.975052157032889
    outer loop
      vertex  0.195418075801749  0.804581924198251  0.363741772594752
      vertex  0.127161516034985  0.872838483965015  0.348202798833819
      vertex  0.127161516034985  0.651272303206997  0.348202798833819
    endloop
  endfacet
  facet normal -0.393397385166436 -0.000000000000000  0.919368531843575
    outer loop
      vertex  0.258813760932945  0.741186239067055  0.390868758017493
      vertex  0.195418075801749  0.635184839650146  0.363741772594752
      vertex  0.258813760932945  0.607414344023324  0.390868758017493
    endloop
  endfacet
  facet normal -0.393397385166436 -0.000000000000000  0.919368531843575
    outer loop
      vertex  0.258813760932945  0.741186239067055  0.390868758017493
      vertex  0.195418075801749  0.804581924198251  0.363741772594752
      vertex  0.195418075801749  0.635184839650146  0.363741772594752
    endloop
  endfacet
  facet normal -0.545312413686425 -0.000000000000000  0.838232886183479
    outer loop
      vertex  0.311365014577260  0.688634985422741  0.425055976676385
      vertex  0.258813760932945  0.607414344023324  0.390868758017493
      vertex  0.311365014577260  0.572560349854227  0.425055976676385
    endloop
  endfacet
  facet normal -0.545312413686425 -0.000000000000000  0.838232886183479
    outer loop
      vertex  0.311365014577260  0.688634985422741  0.425055976676385
      vertex  0.258813760932945  0.741186239067055  0.390868758017493
      vertex  0.258813760932945  0.607414344023324  0.390868758017493
    endloop
  endfacet
  facet normal -0.716764804294540 -0.000000000000000  0.697315004373640
    outer loop
      vertex  0.347088279883382  0.652911720116618  0.461775650145773
      vertex  0.311365014577260  0.572560349854227  0.425055976676385
      vertex  0.347088279883382  0.535222390670554  0.461775650145773
    endloop
  endfacet
  facet normal -0.716764804294540 -0.000000000000000  0.697315004373640
    outer loop
      vertex  0.347088279883382  0.652911720116618  0.461775650145773
      vertex  0.311365014577260  0.688634985422741  0.425055976676385
      vertex  0.311365014577260  0.572560349854227  0.425055976676385
    endloop
  endfacet
  facet normal -0.937300946997780  0.000000000000000  0.348521067881219
    outer loop
      vertex  0.347088279883382  0.535222390670554  0.461775650145773
      vertex  0.360000000000000  0.500000000000000  0.496500000000000
      vertex  0.360000000000000  0.546666666666667  0.496500000000000
    endloop
  endfacet
  facet normal -0.937300946997779 -0.000000000000000  0.348521067881219
    outer loop
      vertex  0.347088279883382  0.535222390670554  0.461775650145773
      vertex  0.360000000000000  0.546666666666667  0.496500000000000
      vertex  0.360000000000000  0.593333333333333  0.496500000000000
    endloop
  endfacet
  facet normal -0.937300946997780 -0.000000000000000  0.348521067881219
    outer loop
      vertex  0.347088279883382  0.535222390670554  0.461775650145773
      vertex  0.360000000000000  0.640000000000000  0.496500000000000
      vertex  0.347088279883382  0.652911720116618  0.461775650145773
    endloop
  endfacet
  facet normal -0.937300946997780 -0.000000000000000  0.348521067881219
    outer loop
      vertex  0.347088279883382  0.535222390670554  0.461775650145773
      vertex  0.360000000000000  0.593333333333333  0.496500000000000
      vertex  0.360000000000000  0.640000000000000  0.496500000000000
    endloop
  endfacet
  facet normal -0.426401432711221 -0.639602149066831  0.639602149066831
    outer loop
      vertex  0.630000000000000  0.630000000000000  0.000000000000000
      vertex  0.753333333333333  0.753333333333333  0.205555555555556
      vertex  0.630000000000000  0.753333333333333  0.123333333333333
    endloop
  endfacet
  facet normal -0.639602149066831 -0.426401432711221  0.639602149066831
    outer loop
      vertex  0.753333333333333  0.753333333333333  0.205555555555556
      vertex  0.630000000000000  0.630000000000000  0.000000000000000
      vertex  0.753333333333333  0.630000000000000  0.123333333333333
    endloop
  endfacet
  facet normal -0.229415733870562 -0.688247201611686  0.688247201611685
    outer loop
      vertex  0.630000000000000  0.753333333333333  0.123333333333333
      vertex  0.753333333333333  0.876666666666667  0.287777777777778
      vertex  0.630000000000000  0.876666666666667  0.246666666666667
    endloop
  endfacet
  facet normal -0.485071250072666 -0.485071250072666  0.727606875108999
    outer loop
      vertex  0.753333333333333  0.876666666666667  0.287777777777778
      vertex  0.630000000000000  0.753333333333333  0.123333333333333
      vertex  0.753333333333333  0.753333333333333  0.205555555555556
    endloop
  endfacet
  facet normal -0.000000000000000 -0.707106781186547  0.707106781186547
    outer loop
      vertex  0.630000000000000  0.876666666666667  0.246666666666667
      vertex  0.753333333333333  1.000000000000000  0.370000000000000
      vertex  0.630000000000000  1.000000000000000  0.370000000000000
    endloop
  endfacet
  facet normal -0.267261241912424 -0.534522483824849  0.801783725737273
    outer loop
      vertex  0.753333333333333  1.000000000000000  0.370000000000000
      vertex  0.630000000000000  0.876666666666667  0.246666666666667
      vertex  0.753333333333333  0.876666666666667  0.287777777777778
    endloop
  endfacet
  facet normal -0.485071250072666 -0.485071250072666  0.727606875108999
    outer loop
      vertex  0.753333333333333  0.630000000000000  0.123333333333333
      vertex  0.876666666666667  0.753333333333333  0.287777777777778
      vertex  0.753333333333333  0.753333333333333  0.205555555555556
    endloop
  endfacet
  facet normal -0.688247201611686 -0.229415733870562  0.688247201611685
    outer loop
      vertex  0.876666666666667  0.753333333333333  0.287777777777778
      vertex  0.753333333333333  0.630000000000000  0.123333333333333
      vertex  0.876666666666667  0.630000000000000  0.246666666666667
    endloop
  endfacet
  facet normal -0.267261241912424 -0.534522483824849  0.801783725737273
    outer loop
      vertex  0.753333333333333  0.753333333333333  0.205555555555556
      vertex  0.876666666666667  0.876666666666667  0.328888888888889
      vertex  0.753333333333333  0.876666666666667  0.287777777777778
    endloop
  endfacet
  facet normal -0.534522483824849 -0.267261241912424  0.801783725737273
    outer loop
      vertex  0.876666666666667  0.876666666666667  0.328888888888889
      vertex  0.753333333333333  0.753333333333333  0.205555555555556
      vertex  0.876666666666667  0.753333333333333  0.287777777777778
    endloop
  endfacet
  facet normal -0.000000000000000 -0.554700196225229  0.832050294337844
    outer loop
      vertex  0.753333333333333  0.876666666666667  0.287777777777778
      vertex  0.876666666666667  1.000000000000000  0.370000000000000
      vertex  0.753333333333333  1.000000000000000  0.370000000000000
    endloop
  endfacet
  facet normal -0.301511344577764 -0.301511344577764  0.904534033733291
    outer loop
      vertex  0.876666666666667  1.000000000000000  0.370000000000000
      vertex  0.753333333333333  0.876666666666667  0.287777777777778
      vertex  0.876666666666667  0.876666666666667  0.328888888888889
    endloop
  endfacet
  facet normal -0.534522483824849 -0.267261241912424  0.801783725737273
    outer loop
      vertex  0.876666666666667  0.630000000000000  0.246666666666667
      vertex  1.000000000000000  0.753333333333333  0.370000000000000
      vertex  0.876666666666667  0.753333333333333  0.287777777777778
    endloop
  endfacet
  facet normal -0.707106781186547 -0.000000000000000  0.707106781186547
    outer loop
      vertex  1.000000000000000  0.753333333333333  0.370000000000000
      vertex  0.876666666666667  0.630000000000000  0.246666666666667
      vertex  1.000000000000000  0.630000000000000  0.370000000000000
    endloop
  endfacet
  facet normal -0.301511344577764 -0.301511344577764  0.904534033733291
    outer loop
      vertex  0.876666666666667  0.753333333333333  0.287777777777778
      vertex  1.000000000000000  0.876666666666667  0.370000000000000
      vertex  0.876666666666667  0.876666666666667  0.328888888888889
    endloop
  endfacet
  facet normal -0.554700196225229 -0.000000000000000  0.832050294337844
    outer loop
      vertex  1.000000000000000  0.876666666666667  0.370000000000000
      vertex  0.876666666666667  0.753333333333333  0.287777777777778
      vertex  1.000000000000000  0.753333333333333  0.370000000000000
    endloop
  endfacet
  facet normal -0.000000000000000 -0.316227766016838  0.948683298050514
    outer loop
      vertex  0.876666666666667  0.876666666666667  0.328888888888889
      vertex  1.000000000000000  1.000000000000000  0.370000000000000
      vertex  0.876666666666667  1.000000000000000  0.370000000000000
    endloop
  endfacet
  facet normal -0.316227766016838 -0.000000000000000  0.948683298050514
    outer loop
      vertex  1.000000000000000  1.000000000000000  0.370000000000000
      vertex  0.876666666666667  0.876666666666667  0.328888888888889
      vertex  1.000000000000000  0.876666666666667  0.370000000000000
    endloop
  endfacet
  facet normal -0.421942283990626 -0.632913425985938  0.649141975370193
    outer loop
      vertex  0.500000000000000  0.500000000000000  0.360000000000000
      vertex  0.546666666666667  0.546666666666667  0.435833333333333
      vertex  0.500000000000000  0.546666666666667  0.405500000000000
    endloop
  endfacet
  facet normal -0.632913425985938 -0.421942283990626  0.649141975370193
    outer loop
      vertex  0.546666666666667  0.546666666666667  0.435833333333333
      vertex  0.500000000000000  0.500000000000000  0.360000000000000
      vertex  0.546666666666667  0.500000000000000  0.405500000000000
    endloop
  endfacet
  facet normal -0.226644614220182 -0.679933842660546  0.697368043754407
    outer loop
      vertex  0.500000000000000  0.546666666666667  0.405500000000000
      vertex  0.546666666666667  0.593333333333333  0.466166666666667
      vertex  0.500000000000000  0.593333333333333  0.451000000000000
    endloop
  endfacet
  facet normal -0.478536612991002 -0.478536612991002  0.736210173832310
    outer loop
      vertex  0.546666666666667  0.593333333333333  0.466166666666667
      vertex  0.500000000000000  0.546666666666667  0.405500000000000
      vertex  0.546666666666667  0.546666666666667  0.435833333333333
    endloop
  endfacet
  facet normal  0.000000000000001 -0.698100136129540  0.716000139620041
    outer loop
      vertex  0.500000000000000  0.593333333333333  0.451000000000000
      vertex  0.546666666666667  0.640000000000000  0.496500000000000
      vertex  0.500000000000000  0.640000000000000  0.496500000000000
    endloop
  endfacet
  facet normal -0.262908072140678 -0.525816144281356  0.808947914279010
    outer loop
      vertex  0.546666666666667  0.640000000000000  0.496500000000000
      vertex  0.500000000000000  0.593333333333333  0.451000000000000
      vertex  0.546666666666667  0.593333333333333  0.466166666666667
    endloop
  endfacet
  facet normal -0.478536612991000 -0.478536612991002  0.736210173832311
    outer loop
      vertex  0.546666666666667  0.500000000000000  0.405500000000000
      vertex  0.593333333333333  0.546666666666667  0.466166666666667
      vertex  0.546666666666667  0.546666666666667  0.435833333333333
    endloop
  endfacet
  facet normal -0.679933842660546 -0.226644614220181  0.697368043754407
    outer loop
      vertex  0.593333333333333  0.546666666666667  0.466166666666667
      vertex  0.546666666666667  0.500000000000000  0.405500000000000
      vertex  0.593333333333333  0.500000000000000  0.451000000000000
    endloop
  endfacet
  facet normal -0.262908072140677 -0.525816144281356  0.808947914279010
    outer loop
      vertex  0.546666666666667  0.546666666666667  0.435833333333333
      vertex  0.593333333333333  0.593333333333333  0.481333333333333
      vertex  0.546666666666667  0.593333333333333  0.466166666666667
    endloop
  endfacet
  facet normal -0.525816144281355 -0.262908072140679  0.808947914279010
    outer loop
      vertex  0.593333333333333  0.593333333333333  0.481333333333333
      vertex  0.546666666666667  0.546666666666667  0.435833333333333
      vertex  0.593333333333333  0.546666666666667  0.466166666666667
    endloop
  endfacet
  facet normal  0.000000000000000 -0.544988350595414  0.838443616300637
    outer loop
      vertex  0.546666666666667  0.593333333333333  0.466166666666667
      vertex  0.593333333333333  0.640000000000000  0.496500000000000
      vertex  0.546666666666667  0.640000000000000  0.496500000000000
    endloop
  endfacet
  facet normal -0.295302052775764 -0.295302052775766  0.908621700848510
    outer loop
      vertex  0.593333333333333  0.640000000000000  0.496500000000000
      vertex  0.546666666666667  0.593333333333333  0.466166666666667
      vertex  0.593333333333333  0.593333333333333  0.481333333333333
    endloop
  endfacet
  facet normal -0.525816144281357 -0.262908072140677  0.808947914279010
    outer loop
      vertex  0.593333333333333  0.500000000000000  0.451000000000000
      vertex  0.640000000000000  0.546666666666667  0.496500000000000
      vertex  0.593333333333333  0.546666666666667  0.466166666666667
    endloop
  endfacet
  facet normal -0.698100136129540  0.000000000000001  0.716000139620041
    outer loop
      vertex  0.640000000000000  0.546666666666667  0.496500000000000
      vertex  0.593333333333333  0.500000000000000  0.451000000000000
      vertex  0.640000000000000  0.500000000000000  0.496500000000000
    endloop
  endfacet
  facet normal -0.295302052775766 -0.295302052775766  0.908621700848509
    outer loop
      vertex  0.593333333333333  0.546666666666667  0.466166666666667
      vertex  0.640000000000000  0.593333333333333  0.496500000000000
      vertex  0.593333333333333  0.593333333333333  0.481333333333333
    endloop
  endfacet
  facet normal -0.544988350595414  0.000000000000000  0.838443616300637
    outer loop
      vertex  0.640000000000000  0.593333333333333  0.496500000000000
      vertex  0.593333333333333  0.546666666666667  0.466166666666667
      vertex  0.640000000000000  0.546666666666667  0.496500000000000
    endloop
  endfacet
  facet normal -0.000000000000001 -0.309086072337558  0.951034068730948
    outer loop
      vertex  0.593333333333333  0.593333333333333  0.481333333333333
      vertex  0.640000000000000  0.640000000000000  0.496500000000000
      vertex  0.593333333333333  0.640000000000000  0.496500000000000
    endloop
  endfacet
  facet normal -0.309086072337558 -0.000000000000001  0.951034068730948
    outer loop
      vertex  0.640000000000000  0.640000000000000  0.496500000000000
      vertex  0.593333333333333  0.593333333333333  0.481333333333333
      vertex  0.640000000000000  0.593333333333333  0.496500000000000
    endloop
  endfacet
  facet normal -0.429926221395261 -0.793856712886110  0.430063906370267
    outer loop
      vertex  0.630000000000000  0.630000000000000  0.000000000000000
      vertex  0.747375587949466  0.651077201166181  0.156244501457726
      vertex  0.651077201166181  0.651077201166181  0.059976944606414
    endloop
  endfacet
  facet normal -0.430300287253117 -0.793525882110829  0.430300287253117
    outer loop
      vertex  0.747375587949466  0.651077201166181  0.156244501457726
      vertex  0.630000000000000  0.630000000000000  0.000000000000000
      vertex  0.753333333333333  0.630000000000000  0.123333333333333
    endloop
  endfacet
  facet normal -0.002915064868054 -0.999991488677295  0.002919755089553
    outer loop
      vertex  0.651077201166181  0.651077201166181  0.059976944606414
      vertex  0.725127696793003  0.651272303206997  0.200729290573372
      vertex  0.651272303206997  0.651272303206997  0.126992536443149
    endloop
  endfacet
  facet normal -0.002922986617872 -0.999991453376081  0.002923922711833
    outer loop
      vertex  0.725127696793003  0.651272303206997  0.200729290573372
      vertex  0.651077201166181  0.651077201166181  0.059976944606414
      vertex  0.747375587949466  0.651077201166181  0.156244501457726
    endloop
  endfacet
  facet normal  0.183769256949183 -0.965478592272617 -0.184607551480514
    outer loop
      vertex  0.651272303206997  0.651272303206997  0.126992536443149
      vertex  0.691650534499514  0.635184839650146  0.251323199222546
      vertex  0.635184839650146  0.635184839650146  0.195113912536443
    endloop
  endfacet
  facet normal  0.184534825872572 -0.965289660048833 -0.184831734945566
    outer loop
      vertex  0.691650534499514  0.635184839650146  0.251323199222546
      vertex  0.651272303206997  0.651272303206997  0.126992536443149
      vertex  0.725127696793003  0.651272303206997  0.200729290573372
    endloop
  endfacet
  facet normal  0.278191395807234 -0.918520110466844 -0.280945464399766
    outer loop
      vertex  0.635184839650146  0.635184839650146  0.195113912536443
      vertex  0.652004975704567  0.607414344023324  0.302561725947522
      vertex  0.607414344023324  0.607414344023324  0.258408209912536
    endloop
  endfacet
  facet normal  0.279784350671481 -0.918000891598282 -0.281060634283950
    outer loop
      vertex  0.652004975704567  0.607414344023324  0.302561725947522
      vertex  0.635184839650146  0.635184839650146  0.195113912536443
      vertex  0.691650534499514  0.635184839650146  0.251323199222546
    endloop
  endfacet
  facet normal  0.343977078301057 -0.871353853911728 -0.349888883613994
    outer loop
      vertex  0.607414344023324  0.607414344023324  0.258408209912536
      vertex  0.611251895043732  0.572560349854227  0.348980369290573
      vertex  0.572560349854227  0.572560349854227  0.310942565597668
    endloop
  endfacet
  facet normal  0.346244809762007 -0.870542132240958 -0.349672600737086
    outer loop
      vertex  0.611251895043732  0.572560349854227  0.348980369290573
      vertex  0.607414344023324  0.607414344023324  0.258408209912536
      vertex  0.652004975704567  0.607414344023324  0.302561725947522
    endloop
  endfacet
  facet normal  0.409014102084558 -0.810847216323176 -0.418609909195804
    outer loop
      vertex  0.572560349854227  0.572560349854227  0.310942565597668
      vertex  0.574452167152575  0.535222390670554  0.385114627793975
      vertex  0.535222390670554  0.535222390670554  0.346784116618076
    endloop
  endfacet
  facet normal  0.411154192572649 -0.809965310981970 -0.418220545807848
    outer loop
      vertex  0.574452167152575  0.535222390670554  0.385114627793975
      vertex  0.572560349854227  0.572560349854227  0.310942565597668
      vertex  0.611251895043732  0.572560349854227  0.348980369290573
    endloop
  endfacet
  facet normal  0.501904384691978 -0.695053953087107 -0.514773727889208
    outer loop
      vertex  0.535222390670554  0.535222390670554  0.346784116618076
      vertex  0.546666666666667  0.500000000000000  0.405500000000000
      vertex  0.500000000000000  0.500000000000000  0.360000000000000
    endloop
  endfacet
  facet normal  0.502824841760542 -0.694501161651287 -0.514621525952324
    outer loop
      vertex  0.546666666666667  0.500000000000000  0.405500000000000
      vertex  0.535222390670554  0.535222390670554  0.346784116618076
      vertex  0.574452167152575  0.535222390670554  0.385114627793975
    endloop
  endfacet
  facet normal -0.430201318731016 -0.793558499056701  0.430339091806649
    outer loop
      vertex  0.753333333333333  0.630000000000000  0.123333333333333
      vertex  0.843673974732750  0.651077201166181  0.252512058309038
      vertex  0.747375587949466  0.651077201166181  0.156244501457726
    endloop
  endfacet
  facet normal -0.430515276682372 -0.793292627651487  0.430515276682372
    outer loop
      vertex  0.843673974732750  0.651077201166181  0.252512058309038
      vertex  0.753333333333333  0.630000000000000  0.123333333333333
      vertex  0.876666666666667  0.630000000000000  0.246666666666667
    endloop
  endfacet
  facet normal -0.002920478276866 -0.999991457035976  0.002925177208321
    outer loop
      vertex  0.747375587949466  0.651077201166181  0.156244501457726
      vertex  0.798983090379009  0.651272303206997  0.274466044703596
      vertex  0.725127696793003  0.651272303206997  0.200729290573372
    endloop
  endfacet
  facet normal -0.002927153824612 -0.999991428989319  0.002928091253131
    outer loop
      vertex  0.798983090379009  0.651272303206997  0.274466044703596
      vertex  0.747375587949466  0.651077201166181  0.156244501457726
      vertex  0.843673974732750  0.651077201166181  0.252512058309038
    endloop
  endfacet
  facet normal  0.184211551389062 -0.965309231356537 -0.185051863521250
    outer loop
      vertex  0.725127696793003  0.651272303206997  0.200729290573372
      vertex  0.748116229348883  0.635184839650146  0.307532485908649
      vertex  0.691650534499514  0.635184839650146  0.251323199222546
    endloop
  endfacet
  facet normal  0.184874548964685 -0.965159432344367 -0.185172004638398
    outer loop
      vertex  0.748116229348883  0.635184839650146  0.307532485908649
      vertex  0.725127696793003  0.651272303206997  0.200729290573372
      vertex  0.798983090379009  0.651272303206997  0.274466044703596
    endloop
  endfacet
  facet normal  0.278961389777331 -0.918048282233296 -0.281723081237579
    outer loop
      vertex  0.691650534499514  0.635184839650146  0.251323199222546
      vertex  0.696595607385811  0.607414344023324  0.346715241982507
      vertex  0.652004975704567  0.607414344023324  0.302561725947522
    endloop
  endfacet
  facet normal  0.280395473437697 -0.917626192571360 -0.281674544789974
    outer loop
      vertex  0.696595607385811  0.607414344023324  0.346715241982507
      vertex  0.691650534499514  0.635184839650146  0.251323199222546
      vertex  0.748116229348883  0.635184839650146  0.307532485908649
    endloop
  endfacet
  facet normal  0.344930994085325 -0.870586259546233 -0.350859193991848
    outer loop
      vertex  0.652004975704567  0.607414344023324  0.302561725947522
      vertex  0.649943440233236  0.572560349854227  0.387018172983479
      vertex  0.611251895043732  0.572560349854227  0.348980369290573
    endloop
  endfacet
  facet normal  0.347076432593986 -0.869872960688179 -0.350512456556704
    outer loop
      vertex  0.649943440233236  0.572560349854227  0.387018172983479
      vertex  0.652004975704567  0.607414344023324  0.302561725947522
      vertex  0.696595607385811  0.607414344023324  0.346715241982507
    endloop
  endfacet
  facet normal  0.409882500990458 -0.809948882115506 -0.419498681454006
    outer loop
      vertex  0.611251895043732  0.572560349854227  0.348980369290573
      vertex  0.613681943634597  0.535222390670554  0.423445138969874
      vertex  0.574452167152575  0.535222390670554  0.385114627793975
    endloop
  endfacet
  facet normal  0.412037506834301 -0.809051495403177 -0.419119041261139
    outer loop
      vertex  0.613681943634597  0.535222390670554  0.423445138969874
      vertex  0.611251895043732  0.572560349854227  0.348980369290573
      vertex  0.649943440233236  0.572560349854227  0.387018172983479
    endloop
  endfacet
  facet normal  0.502319960490234 -0.694437656703479 -0.515199959477163
    outer loop
      vertex  0.574452167152575  0.535222390670554  0.385114627793975
      vertex  0.593333333333333  0.500000000000000  0.451000000000000
      vertex  0.546666666666667  0.500000000000000  0.405500000000000
    endloop
  endfacet
  facet normal  0.503319600690200 -0.693766988333519 -0.515127892333250
    outer loop
      vertex  0.593333333333333  0.500000000000000  0.451000000000000
      vertex  0.574452167152575  0.535222390670554  0.385114627793975
      vertex  0.613681943634597  0.535222390670554  0.423445138969874
    endloop
  endfacet
  facet normal -0.430476664687521 -0.793259712330108  0.430614525943402
    outer loop
      vertex  0.876666666666667  0.630000000000000  0.246666666666667
      vertex  0.939972361516035  0.651077201166181  0.348779615160350
      vertex  0.843673974732750  0.651077201166181  0.252512058309038
    endloop
  endfacet
  facet normal -0.430730417700829 -0.793059023361148  0.430730417700829
    outer loop
      vertex  0.939972361516035  0.651077201166181  0.348779615160350
      vertex  0.876666666666667  0.630000000000000  0.246666666666667
      vertex  1.000000000000000  0.630000000000000  0.370000000000000
    endloop
  endfacet
  facet normal -0.002925911828808 -0.999991425217887  0.002930619502628
    outer loop
      vertex  0.843673974732750  0.651077201166181  0.252512058309038
      vertex  0.872838483965015  0.651272303206997  0.348202798833819
      vertex  0.798983090379009  0.651272303206997  0.274466044703596
    endloop
  endfacet
  facet normal -0.002931332930316 -0.999991404498031  0.002932271697204
    outer loop
      vertex  0.872838483965015  0.651272303206997  0.348202798833819
      vertex  0.843673974732750  0.651077201166181  0.252512058309038
      vertex  0.939972361516035  0.651077201166181  0.348779615160350
    endloop
  endfacet
  facet normal  0.184655901549425 -0.965138643271017 -0.185498240659984
    outer loop
      vertex  0.798983090379009  0.651272303206997  0.274466044703596
      vertex  0.804581924198251  0.635184839650146  0.363741772594752
      vertex  0.748116229348883  0.635184839650146  0.307532485908649
    endloop
  endfacet
  facet normal  0.185215478987224 -0.965028483462129 -0.185513483203557
    outer loop
      vertex  0.804581924198251  0.635184839650146  0.363741772594752
      vertex  0.798983090379009  0.651272303206997  0.274466044703596
      vertex  0.872838483965015  0.651272303206997  0.348202798833819
    endloop
  endfacet
  facet normal  0.279735257450296 -0.917572520837398 -0.282504610127550
    outer loop
      vertex  0.748116229348883  0.635184839650146  0.307532485908649
      vertex  0.741186239067055  0.607414344023324  0.390868758017493
      vertex  0.696595607385811  0.607414344023324  0.346715241982507
    endloop
  endfacet
  facet normal  0.281009019797696 -0.917249030659704 -0.282290889945411
    outer loop
      vertex  0.741186239067055  0.607414344023324  0.390868758017493
      vertex  0.748116229348883  0.635184839650146  0.307532485908649
      vertex  0.804581924198251  0.635184839650146  0.363741772594752
    endloop
  endfacet
  facet normal  0.345889364120469 -0.869812255306531 -0.351834035174120
    outer loop
      vertex  0.696595607385811  0.607414344023324  0.346715241982507
      vertex  0.688634985422741  0.572560349854227  0.425055976676385
      vertex  0.649943440233236  0.572560349854227  0.387018172983479
    endloop
  endfacet
  facet normal  0.347911413434998 -0.869198951868216 -0.351355703629324
    outer loop
      vertex  0.688634985422741  0.572560349854227  0.425055976676385
      vertex  0.696595607385811  0.607414344023324  0.346715241982507
      vertex  0.741186239067055  0.607414344023324  0.390868758017493
    endloop
  endfacet
  facet normal  0.410753623358328 -0.809044810941951 -0.420390241068829
    outer loop
      vertex  0.649943440233236  0.572560349854227  0.387018172983479
      vertex  0.652911720116618  0.535222390670554  0.461775650145773
      vertex  0.613681943634597  0.535222390670554  0.423445138969874
    endloop
  endfacet
  facet normal  0.412923617834882 -0.808131774491054 -0.420020381519864
    outer loop
      vertex  0.652911720116618  0.535222390670554  0.461775650145773
      vertex  0.649943440233236  0.572560349854227  0.387018172983479
      vertex  0.688634985422741  0.572560349854227  0.425055976676385
    endloop
  endfacet
  facet normal  0.502735855025023 -0.693819828221905 -0.515626517974382
    outer loop
      vertex  0.613681943634597  0.535222390670554  0.423445138969874
      vertex  0.640000000000000  0.500000000000000  0.496500000000000
      vertex  0.593333333333333  0.500000000000000  0.451000000000000
    endloop
  endfacet
  facet normal  0.503814808604321 -0.693030645775940 -0.515634718232175
    outer loop
      vertex  0.640000000000000  0.500000000000000  0.496500000000000
      vertex  0.613681943634597  0.535222390670554  0.423445138969874
      vertex  0.652911720116618  0.535222390670554  0.461775650145773
    endloop
  endfacet
  facet normal -0.000000000000000 -0.333297169473508  0.942821826657056
    outer loop
      vertex  0.939972361516035  0.939972361516035  0.348779615160350
      vertex  1.000000000000000  1.000000000000000  0.370000000000000
      vertex  0.876666666666667  1.000000000000000  0.370000000000000
    endloop
  endfacet
  facet normal -0.000000000000000 -0.333297169473508  0.942821826657056
    outer loop
      vertex  0.939972361516035  0.939972361516035  0.348779615160350
      vertex  0.876666666666667  1.000000000000000  0.370000000000000
      vertex  0.753333333333333  1.000000000000000  0.370000000000000
    endloop
  endfacet
  facet normal -0.000000000000000 -0.333297169473508  0.942821826657056
    outer loop
      vertex  0.939972361516035  0.939972361516035  0.348779615160350
      vertex  0.630000000000000  1.000000000000000  0.370000000000000
      vertex  0.651077201166181  0.939972361516035  0.348779615160350
    endloop
  endfacet
  facet normal -0.000000000000000 -0.333297169473509  0.942821826657056
    outer loop
      vertex  0.939972361516035  0.939972361516035  0.348779615160350
      vertex  0.753333333333333  1.000000000000000  0.370000000000000
      vertex  0.630000000000000  1.000000000000000  0.370000000000000
    endloop
  endfacet
  facet normal -0.000000000000000 -0.008591713417989  0.999963090549118
    outer loop
      vertex  0.872838483965015  0.872838483965015  0.348202798833819
      vertex  0.651077201166181  0.939972361516035  0.348779615160350
      vertex  0.651272303206997  0.872838483965015  0.348202798833819
    endloop
  endfacet
  facet normal -0.000000000000000 -0.008591713417989  0.999963090549118
    outer loop
      vertex  0.872838483965015  0.872838483965015  0.348202798833819
      vertex  0.939972361516035  0.939972361516035  0.348779615160350
      vertex  0.651077201166181  0.939972361516035  0.348779615160350
    endloop
  endfacet
  facet normal -0.000000000000000  0.221975879467819  0.975052157032888
    outer loop
      vertex  0.804581924198251  0.804581924198251  0.363741772594752
      vertex  0.651272303206997  0.872838483965015  0.348202798833819
      vertex  0.635184839650146  0.804581924198251  0.363741772594752
    endloop
  endfacet
  facet normal  0.000000000000000  0.221975879467819  0.975052157032889
    outer loop
      vertex  0.804581924198251  0.804581924198251  0.363741772594752
      vertex  0.872838483965015  0.872838483965015  0.348202798833819
      vertex  0.651272303206997  0.872838483965015  0.348202798833819
    endloop
  endfacet
  facet normal -0.000000000000000  0.393397385166435  0.919368531843575
    outer loop
      vertex  0.741186239067055  0.741186239067055  0.390868758017493
      vertex  0.635184839650146  0.804581924198251  0.363741772594752
      vertex  0.607414344023324  0.741186239067055  0.390868758017493
    endloop
  endfacet
  facet normal  0.000000000000000  0.393397385166436  0.919368531843575
    outer loop
      vertex  0.741186239067055  0.741186239067055  0.390868758017493
      vertex  0.804581924198251  0.804581924198251  0.363741772594752
      vertex  0.635184839650146  0.804581924198251  0.363741772594752
    endloop
  endfacet
  facet normal -0.000000000000000  0.545312413686427  0.838232886183478
    outer loop
      vertex  0.688634985422741  0.688634985422741  0.425055976676385
      vertex  0.607414344023324  0.741186239067055  0.390868758017493
      vertex  0.572560349854227  0.688634985422741  0.425055976676385
    endloop
  endfacet
  facet normal  0.000000000000000  0.545312413686427  0.838232886183478
    outer loop
      vertex  0.688634985422741  0.688634985422741  0.425055976676385
      vertex  0.741186239067055  0.741186239067055  0.390868758017493
      vertex  0.607414344023324  0.741186239067055  0.390868758017493
    endloop
  endfacet
  facet normal -0.000000000000000  0.716764804294541  0.697315004373639
    outer loop
      vertex  0.652911720116618  0.652911720116618  0.461775650145773
      vertex  0.572560349854227  0.688634985422741  0.425055976676385
      vertex  0.535222390670554  0.652911720116618  0.461775650145773
    endloop
  endfacet
  facet normal  0.000000000000000  0.716764804294541  0.697315004373639
    outer loop
      vertex  0.652911720116618  0.652911720116618  0.461775650145773
      vertex  0.688634985422741  0.688634985422741  0.425055976676385
      vertex  0.572560349854227  0.688634985422741  0.425055976676385
    endloop
  endfacet
  facet normal  0.000000000000000  0.937300946997778  0.348521067881225
    outer loop
      vertex  0.535222390670554  0.652911720116618  0.461775650145773
      vertex  0.500000000000000  0.640000000000000  0.496500000000000
      vertex  0.546666666666667  0.640000000000000  0.496500000000000
    endloop
  endfacet
  facet normal -0.000000000000003  0.937300946997777  0.348521067881225
    outer loop
      vertex  0.535222390670554  0.652911720116618  0.461775650145773
      vertex  0.546666666666667  0.640000000000000  0.496500000000000
      vertex  0.593333333333333  0.640000000000000  0.496500000000000
    endloop
  endfacet
  facet normal  0.000000000000000  0.937300946997778  0.348521067881224
    outer loop
      vertex  0.535222390670554  0.652911720116618  0.461775650145773
      vertex  0.640000000000000  0.640000000000000  0.496500000000000
      vertex  0.652911720116618  0.652911720116618  0.461775650145773
    endloop
  endfacet
  facet normal  0.000000000000002  0.937300946997780  0.348521067881218
    outer loop
      vertex  0.535222390670554  0.652911720116618  0.461775650145773
      vertex  0.593333333333333  0.640000000000000  0.496500000000000
      vertex  0.640000000000000  0.640000000000000  0.496500000000000
    endloop
  endfacet
  facet normal -0.793856712886110 -0.429926221395261  0.430063906370267
    outer loop
      vertex  0.630000000000000  0.630000000000000  0.000000000000000
      vertex  0.651077201166181  0.651077201166181  0.059976944606414
      vertex  0.651077201166181  0.747375587949466  0.156244501457726
    endloop
  endfacet
  facet normal -0.793525882110829 -0.430300287253117  0.430300287253117
    outer loop
      vertex  0.651077201166181  0.747375587949466  0.156244501457726
      vertex  0.630000000000000  0.753333333333333  0.123333333333333
      vertex  0.630000000000000  0.630000000000000  0.000000000000000
    endloop
  endfacet
  facet normal -0.999991488677295 -0.002915064868054  0.002919755089553
    outer loop
      vertex  0.651077201166181  0.651077201166181  0.059976944606414
      vertex  0.651272303206997  0.651272303206997  0.126992536443149
      vertex  0.651272303206997  0.725127696793003  0.200729290573372
    endloop
  endfacet
  facet normal -0.999991453376081 -0.002922986617872  0.002923922711833
    outer loop
      vertex  0.651272303206997  0.725127696793003  0.200729290573372
      vertex  0.651077201166181  0.747375587949466  0.156244501457726
      vertex  0.651077201166181  0.651077201166181  0.059976944606414
    endloop
  endfacet
  facet normal -0.965478592272617  0.183769256949183 -0.184607551480514
    outer loop
      vertex  0.651272303206997  0.651272303206997  0.126992536443149
      vertex  0.635184839650146  0.635184839650146  0.195113912536443
      vertex  0.635184839650146  0.691650534499514  0.251323199222546
    endloop
  endfacet
  facet normal -0.965289660048833  0.184534825872572 -0.184831734945566
    outer loop
      vertex  0.635184839650146  0.691650534499514  0.251323199222546
      vertex  0.651272303206997  0.725127696793003  0.200729290573372
      vertex  0.651272303206997  0.651272303206997  0.126992536443149
    endloop
  endfacet
  facet normal -0.918520110466844  0.278191395807234 -0.280945464399766
    outer loop
      vertex  0.635184839650146  0.635184839650146  0.195113912536443
      vertex  0.607414344023324  0.607414344023324  0.258408209912536
      vertex  0.607414344023324  0.652004975704567  0.302561725947522
    endloop
  endfacet
  facet normal -0.918000891598282  0.279784350671481 -0.281060634283950
    outer loop
      vertex  0.607414344023324  0.652004975704567  0.302561725947522
      vertex  0.635184839650146  0.691650534499514  0.251323199222546
      vertex  0.635184839650146  0.635184839650146  0.195113912536443
    endloop
  endfacet
  facet normal -0.871353853911728  0.343977078301057 -0.349888883613994
    outer loop
      vertex  0.607414344023324  0.607414344023324  0.258408209912536
      vertex  0.572560349854227  0.572560349854227  0.310942565597668
      vertex  0.572560349854227  0.611251895043732  0.348980369290573
    endloop
  endfacet
  facet normal -0.870542132240958  0.346244809762007 -0.349672600737086
    outer loop
      vertex  0.572560349854227  0.611251895043732  0.348980369290573
      vertex  0.607414344023324  0.652004975704567  0.302561725947522
      vertex  0.607414344023324  0.607414344023324  0.258408209912536
    endloop
  endfacet
  facet normal -0.810847216323176  0.409014102084558 -0.418609909195804
    outer loop
      vertex  0.572560349854227  0.572560349854227  0.310942565597668
      vertex  0.535222390670554  0.535222390670554  0.346784116618076
      vertex  0.535222390670554  0.574452167152575  0.385114627793975
    endloop
  endfacet
  facet normal -0.809965310981970  0.411154192572649 -0.418220545807848
    outer loop
      vertex  0.535222390670554  0.574452167152575  0.385114627793975
      vertex  0.572560349854227  0.611251895043732  0.348980369290573
      vertex  0.572560349854227  0.572560349854227  0.310942565597668
    endloop
  endfacet
  facet normal -0.695053953087107  0.501904384691978 -0.514773727889208
    outer loop
      vertex  0.535222390670554  0.535222390670554  0.346784116618076
      vertex  0.500000000000000  0.500000000000000  0.360000000000000
      vertex  0.500000000000000  0.546666666666667  0.405500000000000
    endloop
  endfacet
  facet normal -0.694501161651287  0.502824841760542 -0.514621525952324
    outer loop
      vertex  0.500000000000000  0.546666666666667  0.405500000000000
      vertex  0.535222390670554  0.574452167152575  0.385114627793975
      vertex  0.535222390670554  0.535222390670554  0.346784116618076
    endloop
  endfacet
  facet normal -0.793558499056701 -0.430201318731016  0.430339091806649
    outer loop
      vertex  0.630000000000000  0.753333333333333  0.123333333333333
      vertex  0.651077201166181  0.747375587949466  0.156244501457726
      vertex  0.651077201166181  0.843673974732750  0.252512058309038
    endloop
  endfacet
  facet normal -0.793292627651487 -0.430515276682372  0.430515276682372
    outer loop
      vertex  0.651077201166181  0.843673974732750  0.252512058309038
      vertex  0.630000000000000  0.876666666666667  0.246666666666667
      vertex  0.630000000000000  0.753333333333333  0.123333333333333
    endloop
  endfacet
  facet normal -0.999991457035976 -0.002920478276866  0.002925177208321
    outer loop
      vertex  0.651077201166181  0.747375587949466  0.156244501457726
      vertex  0.651272303206997  0.725127696793003  0.200729290573372
      vertex  0.651272303206997  0.798983090379009  0.274466044703596
    endloop
  endfacet
  facet normal -0.999991428989319 -0.002927153824612  0.002928091253131
    outer loop
      vertex  0.651272303206997  0.798983090379009  0.274466044703596
      vertex  0.651077201166181  0.843673974732750  0.252512058309038
      vertex  0.651077201166181  0.747375587949466  0.156244501457726
    endloop
  endfacet
  facet normal -0.965309231356537  0.184211551389062 -0.185051863521250
    outer loop
      vertex  0.651272303206997  0.725127696793003  0.200729290573372
      vertex  0.635184839650146  0.691650534499514  0.251323199222546
      vertex  0.635184839650146  0.748116229348883  0.307532485908649
    endloop
  endfacet
  facet normal -0.965159432344367  0.184874548964685 -0.185172004638398
    outer loop
      vertex  0.635184839650146  0.748116229348883  0.307532485908649
      vertex  0.651272303206997  0.798983090379009  0.274466044703596
      vertex  0.651272303206997  0.725127696793003  0.200729290573372
    endloop
  endfacet
  facet normal -0.918048282233296  0.278961389777331 -0.281723081237579
    outer loop
      vertex  0.635184839650146  0.691650534499514  0.251323199222546
      vertex  0.607414344023324  0.652004975704567  0.302561725947522
      vertex  0.607414344023324  0.696595607385811  0.346715241982507
    endloop
  endfacet
  facet normal -0.917626192571360  0.280395473437697 -0.281674544789974
    outer loop
      vertex  0.607414344023324  0.696595607385811  0.346715241982507
      vertex  0.635184839650146  0.748116229348883  0.307532485908649
      vertex  0.635184839650146  0.691650534499514  0.251323199222546
    endloop
  endfacet
  facet normal -0.870586259546233  0.344930994085325 -0.350859193991848
    outer loop
      vertex  0.607414344023324  0.652004975704567  0.302561725947522
      vertex  0.572560349854227  0.611251895043732  0.348980369290573
      vertex  0.572560349854227  0.649943440233236  0.387018172983479
    endloop
  endfacet
  facet normal -0.869872960688179  0.347076432593986 -0.350512456556704
    outer loop
      vertex  0.572560349854227  0.649943440233236  0.387018172983479
      vertex  0.607414344023324  0.696595607385811  0.346715241982507
      vertex  0.607414344023324  0.652004975704567  0.302561725947522
    endloop
  endfacet
  facet normal -0.809948882115506  0.409882500990458 -0.419498681454006
    outer loop
      vertex  0.572560349854227  0.611251895043732  0.348980369290573
      vertex  0.535222390670554  0.574452167152575  0.385114627793975
      vertex  0.535222390670554  0.613681943634597  0.423445138969874
    endloop
  endfacet
  facet normal -0.809051495403177  0.412037506834301 -0.419119041261139
    outer loop
      vertex  0.535222390670554  0.613681943634597  0.423445138969874
      vertex  0.572560349854227  0.649943440233236  0.387018172983479
      vertex  0.572560349854227  0.611251895043732  0.348980369290573
    endloop
  endfacet
  facet normal -0.694437656703479  0.502319960490234 -0.515199959477163
    outer loop
      vertex  0.535222390670554  0.574452167152575  0.385114627793975
      vertex  0.500000000000000  0.546666666666667  0.405500000000000
      vertex  0.500000000000000  0.593333333333333  0.451000000000000
    endloop
  endfacet
  facet normal -0.693766988333519  0.503319600690200 -0.515127892333250
    outer loop
      vertex  0.500000000000000  0.593333333333333  0.451000000000000
      vertex  0.535222390670554  0.613681943634597  0.423445138969874
      vertex  0.535222390670554  0.574452167152575  0.385114627793975
    endloop
  endfacet
  facet normal -0.793259712330108 -0.430476664687521  0.430614525943402
    outer loop
      vertex  0.630000000000000  0.876666666666667  0.246666666666667
      vertex  0.651077201166181  0.843673974732750  0.252512058309038
      vertex  0.651077201166181  0.939972361516035  0.348779615160350
    endloop
  endfacet
  facet normal -0.793059023361148 -0.430730417700829  0.430730417700829
    outer loop
      vertex  0.651077201166181  0.939972361516035  0.348779615160350
      vertex  0.630000000000000  1.000000000000000  0.370000000000000
      vertex  0.630000000000000  0.876666666666667  0.246666666666667
    endloop
  endfacet
  facet normal -0.999991425217887 -0.002925911828808  0.002930619502628
    outer loop
      vertex  0.651077201166181  0.843673974732750  0.252512058309038
      vertex  0.651272303206997  0.798983090379009  0.274466044703596
      vertex  0.651272303206997  0.872838483965015  0.348202798833819
    endloop
  endfacet
  facet normal -0.999991404498031 -0.002931332930316  0.002932271697204
    outer loop
      vertex  0.651272303206997  0.872838483965015  0.348202798833819
      vertex  0.651077201166181  0.939972361516035  0.348779615160350
      vertex  0.651077201166181  0.843673974732750  0.252512058309038
    endloop
  endfacet
  facet normal -0.965138643271017  0.184655901549425 -0.185498240659984
    outer loop
      vertex  0.651272303206997  0.798983090379009  0.274466044703596
      vertex  0.635184839650146  0.748116229348883  0.307532485908649
      vertex  0.635184839650146  0.804581924198251  0.363741772594752
    endloop
  endfacet
  facet normal -0.965028483462129  0.185215478987224 -0.185513483203557
    outer loop
      vertex  0.635184839650146  0.804581924198251  0.363741772594752
      vertex  0.651272303206997  0.872838483965015  0.348202798833819
      vertex  0.651272303206997  0.798983090379009  0.274466044703596
    endloop
  endfacet
  facet normal -0.917572520837398  0.279735257450296 -0.282504610127550
    outer loop
      vertex  0.635184839650146  0.748116229348883  0.307532485908649
      vertex  0.607414344023324  0.696595607385811  0.346715241982507
      vertex  0.607414344023324  0.741186239067055  0.390868758017493
    endloop
  endfacet
  facet normal -0.917249030659704  0.281009019797696 -0.282290889945411
    outer loop
      vertex  0.607414344023324  0.741186239067055  0.390868758017493
      vertex  0.635184839650146  0.804581924198251  0.363741772594752
      vertex  0.635184839650146  0.748116229348883  0.307532485908649
    endloop
  endfacet
  facet normal -0.869812255306531  0.345889364120469 -0.351834035174120
    outer loop
      vertex  0.607414344023324  0.696595607385811  0.346715241982507
      vertex  0.572560349854227  0.649943440233236  0.387018172983479
      vertex  0.572560349854227  0.688634985422741  0.425055976676385
    endloop
  endfacet
  facet normal -0.869198951868216  0.347911413434998 -0.351355703629324
    outer loop
      vertex  0.572560349854227  0.688634985422741  0.425055976676385
      vertex  0.607414344023324  0.741186239067055  0.390868758017493
      vertex  0.607414344023324  0.696595607385811  0.346715241982507
    endloop
  endfacet
  facet normal -0.809044810941951  0.410753623358328 -0.420390241068829
    outer loop
      vertex  0.572560349854227  0.649943440233236  0.387018172983479
      vertex  0.535222390670554  0.613681943634597  0.423445138969874
      vertex  0.535222390670554  0.652911720116618  0.461775650145773
    endloop
  endfacet
  facet normal -0.808131774491054  0.412923617834882 -0.420020381519864
    outer loop
      vertex  0.535222390670554  0.652911720116618  0.461775650145773
      vertex  0.572560349854227  0.688634985422741  0.425055976676385
      vertex  0.572560349854227  0.649943440233236  0.387018172983479
    endloop
  endfacet
  facet normal -0.693819828221905  0.502735855025023 -0.515626517974382
    outer loop
      vertex  0.535222390670554  0.613681943634597  0.423445138969874
      vertex  0.500000000000000  0.593333333333333  0.451000000000000
      vertex  0.500000000000000  0.640000000000000  0.496500000000000
    endloop
  endfacet
  facet normal -0.693030645775940  0.503814808604321 -0.515634718232175
    outer loop
      vertex  0.500000000000000  0.640000000000000  0.496500000000000
      vertex  0.535222390670554  0.652911720116618  0.461775650145773
      vertex  0.535222390670554  0.613681943634597  0.423445138969874
    endloop
  endfacet
  facet normal -0.333297169473509 -0.000000000000000  0.942821826657056
    outer loop
      vertex  0.939972361516035  0.651077201166181  0.348779615160350
      vertex  1.000000000000000  0.630000000000000  0.370000000000000
      vertex  1.000000000000000  0.753333333333333  0.370000000000000
    endloop
  endfacet
  facet normal -0.333297169473508 -0.000000000000000  0.942821826657056
    outer loop
      vertex  0.939972361516035  0.651077201166181  0.348779615160350
      vertex  1.000000000000000  0.753333333333333  0.370000000000000
      vertex  1.000000000000000  0.876666666666667  0.370000000000000
    endloop
  endfacet
  facet normal -0.333297169473508 -0.000000000000000  0.942821826657056
    outer loop
      vertex  0.939972361516035  0.651077201166181  0.348779615160350
      vertex  1.000000000000000  1.000000000000000  0.370000000000000
      vertex  0.939972361516035  0.939972361516035  0.348779615160350
    endloop
  endfacet
  facet normal -0.333297169473508 -0.000000000000000  0.942821826657056
    outer loop
      vertex  0.939972361516035  0.651077201166181  0.348779615160350
      vertex  1.000000000000000  0.876666666666667  0.370000000000000
      vertex  1.000000000000000  1.000000000000000  0.370000000000000
    endloop
  endfacet
  facet normal -0.008591713417989 -0.000000000000000  0.999963090549118
    outer loop
      vertex  0.872838483965015  0.872838483965015  0.348202798833819
      vertex  0.939972361516035  0.651077201166181  0.348779615160350
      vertex  0.939972361516035  0.939972361516035  0.348779615160350
    endloop
  endfacet
  facet normal -0.008591713417989 -0.000000000000000  0.999963090549118
    outer loop
      vertex  0.872838483965015  0.872838483965015  0.348202798833819
      vertex  0.872838483965015  0.651272303206997  0.348202798833819
      vertex  0.939972361516035  0.651077201166181  0.348779615160350
    endloop
  endfacet
  facet normal  0.221975879467819 -0.000000000000000  0.975052157032889
    outer loop
      vertex  0.804581924198251  0.804581924198251  0.363741772594752
      vertex  0.872838483965015  0.651272303206997  0.348202798833819
      vertex  0.872838483965015  0.872838483965015  0.348202798833819
    endloop
  endfacet
  facet normal  0.221975879467819 -0.000000000000000  0.975052157032888
    outer loop
      vertex  0.804581924198251  0.804581924198251  0.363741772594752
      vertex  0.804581924198251  0.635184839650146  0.363741772594752
      vertex  0.872838483965015  0.651272303206997  0.348202798833819
    endloop
  endfacet
  facet normal  0.393397385166436 -0.000000000000000  0.919368531843575
    outer loop
      vertex  0.741186239067055  0.741186239067055  0.390868758017493
      vertex  0.804581924198251  0.635184839650146  0.363741772594752
      vertex  0.804581924198251  0.804581924198251  0.363741772594752
    endloop
  endfacet
  facet normal  0.393397385166435 -0.000000000000000  0.919368531843575
    outer loop
      vertex  0.741186239067055  0.741186239067055  0.390868758017493
      vertex  0.741186239067055  0.607414344023324  0.390868758017493
      vertex  0.804581924198251  0.635184839650146  0.363741772594752
    endloop
  endfacet
  facet normal  0.545312413686427 -0.000000000000000  0.838232886183478
    outer loop
      vertex  0.688634985422741  0.688634985422741  0.425055976676385
      vertex  0.741186239067055  0.607414344023324  0.390868758017493
      vertex  0.741186239067055  0.741186239067055  0.390868758017493
    endloop
  endfacet
  facet normal  0.545312413686427 -0.000000000000000  0.838232886183478
    outer loop
      vertex  0.688634985422741  0.688634985422741  0.425055976676385
      vertex  0.688634985422741  0.572560349854227  0.425055976676385
      vertex  0.741186239067055  0.607414344023324  0.390868758017493
    endloop
  endfacet
  facet normal  0.716764804294541 -0.000000000000000  0.697315004373639
    outer loop
      vertex  0.652911720116618  0.652911720116618  0.461775650145773
      vertex  0.688634985422741  0.572560349854227  0.425055976676385
      vertex  0.688634985422741  0.688634985422741  0.425055976676385
    endloop
  endfacet
  facet normal  0.716764804294541 -0.000000000000000  0.697315004373639
    outer loop
      vertex  0.652911720116618  0.652911720116618  0.461775650145773
      vertex  0.652911720116618  0.535222390670554  0.461775650145773
      vertex  0.688634985422741  0.572560349854227  0.425055976676385
    endloop
  endfacet
  facet normal  0.937300946997778  0.000000000000002  0.348521067881225
    outer loop
      vertex  0.652911720116618  0.652911720116618  0.461775650145773
      vertex  0.640000000000000  0.640000000000000  0.496500000000000
      vertex  0.640000000000000  0.593333333333333  0.496500000000000
    endloop
  endfacet
  facet normal  0.937300946997780 -0.000000000000003  0.348521067881218
    outer loop
      vertex  0.652911720116618  0.652911720116618  0.461775650145773
      vertex  0.640000000000000  0.593333333333333  0.496500000000000
      vertex  0.640000000000000  0.546666666666667  0.496500000000000
    endloop
  endfacet
  facet normal  0.937300946997778 -0.000000000000000  0.348521067881224
    outer loop
      vertex  0.652911720116618  0.652911720116618  0.461775650145773
      vertex  0.640000000000000  0.500000000000000  0.496500000000000
      vertex  0.652911720116618  0.535222390670554  0.461775650145773
    endloop
  endfacet
  facet normal  0.937300946997777  0.000000000000000  0.348521067881226
    outer loop
      vertex  0.652911720116618  0.652911720116618  0.461775650145773
      vertex  0.640000000000000  0.546666666666667  0.496500000000000
      vertex  0.640000000000000  0.500000000000000  0.496500000000000
    endloop
  endfacet
  facet normal -0.426401432711221 -0.639602149066831  0.639602149066831
    outer loop
      vertex  0.370000000000000  0.370000000000000  1.000000000000000
      vertex  0.246666666666667  0.246666666666667  0.794444444444445
      vertex  0.370000000000000  0.246666666666667  0.876666666666667
    endloop
  endfacet
  facet normal -0.639602149066831 -0.426401432711221  0.639602149066831
    outer loop
      vertex  0.246666666666667  0.246666666666667  0.794444444444445
      vertex  0.370000000000000  0.370000000000000  1.000000000000000
      vertex  0.246666666666667  0.370000000000000  0.876666666666667
    endloop
  endfacet
  facet normal -0.229415733870562 -0.688247201611685  0.688247201611685
    outer loop
      vertex  0.370000000000000  0.246666666666667  0.876666666666667
      vertex  0.246666666666667  0.123333333333333  0.712222222222222
      vertex  0.370000000000000  0.123333333333333  0.753333333333333
    endloop
  endfacet
  facet normal -0.485071250072666 -0.485071250072666  0.727606875108999
    outer loop
      vertex  0.246666666666667  0.123333333333333  0.712222222222222
      vertex  0.370000000000000  0.246666666666667  0.876666666666667
      vertex  0.246666666666667  0.246666666666667  0.794444444444445
    endloop
  endfacet
  facet normal -0.000000000000000 -0.707106781186548  0.707106781186547
    outer loop
      vertex  0.370000000000000  0.123333333333333  0.753333333333333
      vertex  0.246666666666667  0.000000000000000  0.630000000000000
      vertex  0.370000000000000  0.000000000000000  0.630000000000000
    endloop
  endfacet
  facet normal -0.267261241912424 -0.534522483824849  0.801783725737273
    outer loop
      vertex  0.246666666666667  0.000000000000000  0.630000000000000
      vertex  0.370000000000000  0.123333333333333  0.753333333333333
      vertex  0.246666666666667  0.123333333333333  0.712222222222222
    endloop
  endfacet
  facet normal -0.485071250072666 -0.485071250072666  0.727606875108999
    outer loop
      vertex  0.246666666666667  0.370000000000000  0.876666666666667
      vertex  0.123333333333333  0.246666666666667  0.712222222222222
      vertex  0.246666666666667  0.246666666666667  0.794444444444445
    endloop
  endfacet
  facet normal -0.688247201611685 -0.229415733870562  0.688247201611685
    outer loop
      vertex  0.123333333333333  0.246666666666667  0.712222222222222
      vertex  0.246666666666667  0.370000000000000  0.876666666666667
      vertex  0.123333333333333  0.370000000000000  0.753333333333333
    endloop
  endfacet
  facet normal -0.267261241912424 -0.534522483824849  0.801783725737273
    outer loop
      vertex  0.246666666666667  0.246666666666667  0.794444444444445
      vertex  0.123333333333333  0.123333333333333  0.671111111111111
      vertex  0.246666666666667  0.123333333333333  0.712222222222222
    endloop
  endfacet
  facet normal -0.534522483824849 -0.267261241912424  0.801783725737273
    outer loop
      vertex  0.123333333333333  0.123333333333333  0.671111111111111
      vertex  0.246666666666667  0.246666666666667  0.794444444444445
      vertex  0.123333333333333  0.246666666666667  0.712222222222222
    endloop
  endfacet
  facet normal -0.000000000000000 -0.554700196225230  0.832050294337843
    outer loop
      vertex  0.246666666666667  0.123333333333333  0.712222222222222
      vertex  0.123333333333333  0.000000000000000  0.630000000000000
      vertex  0.246666666666667  0.000000000000000  0.630000000000000
    endloop
  endfacet
  facet normal -0.301511344577763 -0.301511344577764  0.904534033733291
    outer loop
      vertex  0.123333333333333  0.000000000000000  0.630000000000000
      vertex  0.246666666666667  0.123333333333333  0.712222222222222
      vertex  0.123333333333333  0.123333333333333  0.671111111111111
    endloop
  endfacet
  facet normal -0.534522483824849 -0.267261241912424  0.801783725737273
    outer loop
      vertex  0.123333333333333  0.370000000000000  0.753333333333333
      vertex  0.000000000000000  0.246666666666667  0.630000000000000
      vertex  0.123333333333333  0.246666666666667  0.712222222222222
    endloop
  endfacet
  facet normal -0.707106781186548 -0.000000000000000  0.707106781186547
    outer loop
      vertex  0.000000000000000  0.246666666666667  0.630000000000000
      vertex  0.123333333333333  0.370000000000000  0.753333333333333
      vertex  0.000000000000000  0.370000000000000  0.630000000000000
    endloop
  endfacet
  facet normal -0.301511344577764 -0.301511344577763  0.904534033733291
    outer loop
      vertex  0.123333333333333  0.246666666666667  0.712222222222222
      vertex  0.000000000000000  0.123333333333333  0.630000000000000
      vertex  0.123333333333333  0.123333333333333  0.671111111111111
    endloop
  endfacet
  facet normal -0.554700196225230 -0.000000000000000  0.832050294337843
    outer loop
      vertex  0.000000000000000  0.123333333333333  0.630000000000000
      vertex  0.123333333333333  0.246666666666667  0.712222222222222
      vertex  0.000000000000000  0.246666666666667  0.630000000000000
    endloop
  endfacet
  facet normal -0.000000000000000 -0.316227766016839  0.948683298050514
    outer loop
      vertex  0.123333333333333  0.123333333333333  0.671111111111111
      vertex  0.000000000000000  0.000000000000000  0.630000000000000
      vertex  0.123333333333333  0.000000000000000  0.630000000000000
    endloop
  endfacet
  facet normal -0.316227766016839 -0.000000000000000  0.948683298050514
    outer loop
      vertex  0.000000000000000  0.000000000000000  0.630000000000000
      vertex  0.123333333333333  0.123333333333333  0.671111111111111
      vertex  0.000000000000000  0.123333333333333  0.630000000000000
    endloop
  endfacet
  facet normal  0.421942283990625  0.632913425985938 -0.649141975370194
    outer loop
      vertex  0.500000000000000  0.500000000000000  0.640000000000000
      vertex  0.500000000000000  0.453333333333333  0.594500000000000
      vertex  0.453333333333333  0.453333333333333  0.564166666666667
    endloop
  endfacet
  facet normal  0.632913425985938  0.421942283990625 -0.649141975370194
    outer loop
      vertex  0.453333333333333  0.453333333333333  0.564166666666667
      vertex  0.453333333333333  0.500000000000000  0.594500000000000
      vertex  0.500000000000000  0.500000000000000  0.640000000000000
    endloop
  endfacet
  facet normal  0.226644614220180  0.679933842660548 -0.697368043754406
    outer loop
      vertex  0.500000000000000  0.453333333333333  0.594500000000000
      vertex  0.500000000000000  0.406666666666667  0.549000000000000
      vertex  0.453333333333333  0.406666666666667  0.533833333333333
    endloop
  endfacet
  facet normal  0.478536612991001  0.478536612991003 -0.736210173832310
    outer loop
      vertex  0.453333333333333  0.406666666666667  0.533833333333333
      vertex  0.453333333333333  0.453333333333333  0.564166666666667
      vertex  0.500000000000000  0.453333333333333  0.594500000000000
    endloop
  endfacet
  facet normal -0.000000000000000  0.698100136129540 -0.716000139620041
    outer loop
      vertex  0.500000000000000  0.406666666666667  0.549000000000000
      vertex  0.500000000000000  0.360000000000000  0.503500000000000
      vertex  0.453333333333333  0.360000000000000  0.503500000000000
    endloop
  endfacet
  facet normal  0.262908072140676  0.525816144281358 -0.808947914279009
    outer loop
      vertex  0.453333333333333  0.360000000000000  0.503500000000000
      vertex  0.453333333333333  0.406666666666667  0.533833333333333
      vertex  0.500000000000000  0.406666666666667  0.549000000000000
    endloop
  endfacet
  facet normal  0.478536612991003  0.478536612991000 -0.736210173832310
    outer loop
      vertex  0.453333333333333  0.500000000000000  0.594500000000000
      vertex  0.453333333333333  0.453333333333333  0.564166666666667
      vertex  0.406666666666667  0.453333333333333  0.533833333333333
    endloop
  endfacet
  facet normal  0.679933842660548  0.226644614220181 -0.697368043754406
    outer loop
      vertex  0.406666666666667  0.453333333333333  0.533833333333333
      vertex  0.406666666666667  0.500000000000000  0.549000000000000
      vertex  0.453333333333333  0.500000000000000  0.594500000000000
    endloop
  endfacet
  facet normal  0.262908072140680  0.525816144281356 -0.808947914279009
    outer loop
      vertex  0.453333333333333  0.453333333333333  0.564166666666667
      vertex  0.453333333333333  0.406666666666667  0.533833333333333
      vertex  0.406666666666667  0.406666666666667  0.518666666666667
    endloop
  endfacet
  facet normal  0.525816144281358  0.262908072140679 -0.808947914279008
    outer loop
      vertex  0.406666666666667  0.406666666666667  0.518666666666667
      vertex  0.406666666666667  0.453333333333333  0.533833333333333
      vertex  0.453333333333333  0.453333333333333  0.564166666666667
    endloop
  endfacet
  facet normal -0.000000000000000  0.544988350595415 -0.838443616300636
    outer loop
      vertex  0.453333333333333  0.406666666666667  0.533833333333333
      vertex  0.453333333333333  0.360000000000000  0.503500000000000
      vertex  0.406666666666667  0.360000000000000  0.503500000000000
    endloop
  endfacet
  facet normal  0.295302052775768  0.295302052775765 -0.908621700848509
    outer loop
      vertex  0.406666666666667  0.360000000000000  0.503500000000000
      vertex  0.406666666666667  0.406666666666667  0.518666666666667
      vertex  0.453333333333333  0.406666666666667  0.533833333333333
    endloop
  endfacet
  facet normal  0.525816144281357  0.262908072140677 -0.808947914279010
    outer loop
      vertex  0.406666666666667  0.500000000000000  0.549000000000000
      vertex  0.406666666666667  0.453333333333333  0.533833333333333
      vertex  0.360000000000000  0.453333333333333  0.503500000000000
    endloop
  endfacet
  facet normal  0.698100136129540 -0.000000000000000 -0.716000139620041
    outer loop
      vertex  0.360000000000000  0.453333333333333  0.503500000000000
      vertex  0.360000000000000  0.500000000000000  0.503500000000000
      vertex  0.406666666666667  0.500000000000000  0.549000000000000
    endloop
  endfacet
  facet normal  0.295302052775765  0.295302052775766 -0.908621700848509
    outer loop
      vertex  0.406666666666667  0.453333333333333  0.533833333333333
      vertex  0.406666666666667  0.406666666666667  0.518666666666667
      vertex  0.360000000000000  0.406666666666667  0.503500000000000
    endloop
  endfacet
  facet normal  0.544988350595414 -0.000000000000000 -0.838443616300637
    outer loop
      vertex  0.360000000000000  0.406666666666667  0.503500000000000
      vertex  0.360000000000000  0.453333333333333  0.503500000000000
      vertex  0.406666666666667  0.453333333333333  0.533833333333333
    endloop
  endfacet
  facet normal -0.000000000000000  0.309086072337558 -0.951034068730948
    outer loop
      vertex  0.406666666666667  0.406666666666667  0.518666666666667
      vertex  0.406666666666667  0.360000000000000  0.503500000000000
      vertex  0.360000000000000  0.360000000000000  0.503500000000000
    endloop
  endfacet
  facet normal  0.309086072337558 -0.000000000000000 -0.951034068730948
    outer loop
      vertex  0.360000000000000  0.360000000000000  0.503500000000000
      vertex  0.360000000000000  0.406666666666667  0.503500000000000
      vertex  0.406666666666667  0.406666666666667  0.518666666666667
    endloop
  endfacet
  facet normal  0.429926221395258  0.793856712886112 -0.430063906370265
    outer loop
      vertex  0.370000000000000  0.370000000000000  1.000000000000000
      vertex  0.348922798833819  0.348922798833819  0.940023055393586
      vertex  0.252624412050535  0.348922798833819  0.843755498542274
    endloop
  endfacet
  facet normal  0.430300287253116  0.793525882110831 -0.430300287253116
    outer loop
      vertex  0.252624412050535  0.348922798833819  0.843755498542274
      vertex  0.246666666666667  0.370000000000000  0.876666666666667
      vertex  0.370000000000000  0.370000000000000  1.000000000000000
    endloop
  endfacet
  facet normal  0.002915064868054  0.999991488677295 -0.002919755089553
    outer loop
      vertex  0.348922798833819  0.348922798833819  0.940023055393586
      vertex  0.348727696793003  0.348727696793003  0.873007463556851
      vertex  0.274872303206997  0.348727696793003  0.799270709426628
    endloop
  endfacet
  facet normal  0.002922986617872  0.999991453376081 -0.002923922711833
    outer loop
      vertex  0.274872303206997  0.348727696793003  0.799270709426628
      vertex  0.252624412050535  0.348922798833819  0.843755498542274
      vertex  0.348922798833819  0.348922798833819  0.940023055393586
    endloop
  endfacet
  facet normal -0.183769256949182  0.965478592272617  0.184607551480513
    outer loop
      vertex  0.348727696793003  0.348727696793003  0.873007463556851
      vertex  0.364815160349854  0.364815160349854  0.804886087463557
      vertex  0.308349465500486  0.364815160349854  0.748676800777454
    endloop
  endfacet
  facet normal -0.184534825872571  0.965289660048834  0.184831734945565
    outer loop
      vertex  0.308349465500486  0.364815160349854  0.748676800777454
      vertex  0.274872303206997  0.348727696793003  0.799270709426628
      vertex  0.348727696793003  0.348727696793003  0.873007463556851
    endloop
  endfacet
  facet normal -0.278191395807232  0.918520110466845  0.280945464399764
    outer loop
      vertex  0.364815160349854  0.364815160349854  0.804886087463557
      vertex  0.392585655976676  0.392585655976676  0.741591790087463
      vertex  0.347995024295432  0.392585655976676  0.697438274052478
    endloop
  endfacet
  facet normal -0.279784350671480  0.918000891598283  0.281060634283949
    outer loop
      vertex  0.347995024295432  0.392585655976676  0.697438274052478
      vertex  0.308349465500486  0.364815160349854  0.748676800777454
      vertex  0.364815160349854  0.364815160349854  0.804886087463557
    endloop
  endfacet
  facet normal -0.343977078301058  0.871353853911727  0.349888883613995
    outer loop
      vertex  0.392585655976676  0.392585655976676  0.741591790087463
      vertex  0.427439650145773  0.427439650145773  0.689057434402332
      vertex  0.388748104956268  0.427439650145773  0.651019630709427
    endloop
  endfacet
  facet normal -0.346244809762008  0.870542132240957  0.349672600737088
    outer loop
      vertex  0.388748104956268  0.427439650145773  0.651019630709427
      vertex  0.347995024295432  0.392585655976676  0.697438274052478
      vertex  0.392585655976676  0.392585655976676  0.741591790087463
    endloop
  endfacet
  facet normal -0.409014102084559  0.810847216323174  0.418609909195807
    outer loop
      vertex  0.427439650145773  0.427439650145773  0.689057434402332
      vertex  0.464777609329446  0.464777609329446  0.653215883381924
      vertex  0.425547832847425  0.464777609329446  0.614885372206025
    endloop
  endfacet
  facet normal -0.411154192572650  0.809965310981968  0.418220545807851
    outer loop
      vertex  0.425547832847425  0.464777609329446  0.614885372206025
      vertex  0.388748104956268  0.427439650145773  0.651019630709427
      vertex  0.427439650145773  0.427439650145773  0.689057434402332
    endloop
  endfacet
  facet normal -0.501904384691976  0.695053953087109  0.514773727889207
    outer loop
      vertex  0.464777609329446  0.464777609329446  0.653215883381924
      vertex  0.500000000000000  0.500000000000000  0.640000000000000
      vertex  0.453333333333333  0.500000000000000  0.594500000000000
    endloop
  endfacet
  facet normal -0.502824841760539  0.694501161651290  0.514621525952323
    outer loop
      vertex  0.453333333333333  0.500000000000000  0.594500000000000
      vertex  0.425547832847425  0.464777609329446  0.614885372206025
      vertex  0.464777609329446  0.464777609329446  0.653215883381924
    endloop
  endfacet
  facet normal  0.430201318731015  0.793558499056702 -0.430339091806647
    outer loop
      vertex  0.246666666666667  0.370000000000000  0.876666666666667
      vertex  0.252624412050535  0.348922798833819  0.843755498542274
      vertex  0.156326025267250  0.348922798833819  0.747487941690962
    endloop
  endfacet
  facet normal  0.430515276682370  0.793292627651489 -0.430515276682370
    outer loop
      vertex  0.156326025267250  0.348922798833819  0.747487941690962
      vertex  0.123333333333333  0.370000000000000  0.753333333333333
      vertex  0.246666666666667  0.370000000000000  0.876666666666667
    endloop
  endfacet
  facet normal  0.002920478276866  0.999991457035976 -0.002925177208321
    outer loop
      vertex  0.252624412050535  0.348922798833819  0.843755498542274
      vertex  0.274872303206997  0.348727696793003  0.799270709426628
      vertex  0.201016909620991  0.348727696793003  0.725533955296404
    endloop
  endfacet
  facet normal  0.002927153824612  0.999991428989319 -0.002928091253131
    outer loop
      vertex  0.201016909620991  0.348727696793003  0.725533955296404
      vertex  0.156326025267250  0.348922798833819  0.747487941690962
      vertex  0.252624412050535  0.348922798833819  0.843755498542274
    endloop
  endfacet
  facet normal -0.184211551389061  0.965309231356537  0.185051863521249
    outer loop
      vertex  0.274872303206997  0.348727696793003  0.799270709426628
      vertex  0.308349465500486  0.364815160349854  0.748676800777454
      vertex  0.251883770651118  0.364815160349854  0.692467514091351
    endloop
  endfacet
  facet normal -0.184874548964684  0.965159432344368  0.185172004638397
    outer loop
      vertex  0.251883770651118  0.364815160349854  0.692467514091351
      vertex  0.201016909620991  0.348727696793003  0.725533955296404
      vertex  0.274872303206997  0.348727696793003  0.799270709426628
    endloop
  endfacet
  facet normal -0.278961389777330  0.918048282233296  0.281723081237577
    outer loop
      vertex  0.308349465500486  0.364815160349854  0.748676800777454
      vertex  0.347995024295432  0.392585655976676  0.697438274052478
      vertex  0.303404392614189  0.392585655976676  0.653284758017493
    endloop
  endfacet
  facet normal -0.280395473437695  0.917626192571361  0.281674544789972
    outer loop
      vertex  0.303404392614189  0.392585655976676  0.653284758017493
      vertex  0.251883770651118  0.364815160349854  0.692467514091351
      vertex  0.308349465500486  0.364815160349854  0.748676800777454
    endloop
  endfacet
  facet normal -0.344930994085327  0.870586259546232  0.350859193991849
    outer loop
      vertex  0.347995024295432  0.392585655976676  0.697438274052478
      vertex  0.388748104956268  0.427439650145773  0.651019630709427
      vertex  0.350056559766764  0.427439650145773  0.612981827016521
    endloop
  endfacet
  facet normal -0.347076432593989  0.869872960688177  0.350512456556705
    outer loop
      vertex  0.350056559766764  0.427439650145773  0.612981827016521
      vertex  0.303404392614189  0.392585655976676  0.653284758017493
      vertex  0.347995024295432  0.392585655976676  0.697438274052478
    endloop
  endfacet
  facet normal -0.409882500990460  0.809948882115504  0.419498681454007
    outer loop
      vertex  0.388748104956268  0.427439650145773  0.651019630709427
      vertex  0.425547832847425  0.464777609329446  0.614885372206025
      vertex  0.386318056365403  0.464777609329446  0.576554861030126
    endloop
  endfacet
  facet normal -0.412037506834303  0.809051495403175  0.419119041261141
    outer loop
      vertex  0.386318056365403  0.464777609329446  0.576554861030126
      vertex  0.350056559766764  0.427439650145773  0.612981827016521
      vertex  0.388748104956268  0.427439650145773  0.651019630709427
    endloop
  endfacet
  facet normal -0.502319960490233  0.694437656703482  0.515199959477160
    outer loop
      vertex  0.425547832847425  0.464777609329446  0.614885372206025
      vertex  0.453333333333333  0.500000000000000  0.594500000000000
      vertex  0.406666666666667  0.500000000000000  0.549000000000000
    endloop
  endfacet
  facet normal -0.503319600690199  0.693766988333522  0.515127892333247
    outer loop
      vertex  0.406666666666667  0.500000000000000  0.549000000000000
      vertex  0.386318056365403  0.464777609329446  0.576554861030126
      vertex  0.425547832847425  0.464777609329446  0.614885372206025
    endloop
  endfacet
  facet normal  0.430476664687519  0.793259712330110 -0.430614525943401
    outer loop
      vertex  0.123333333333333  0.370000000000000  0.753333333333333
      vertex  0.156326025267250  0.348922798833819  0.747487941690962
      vertex  0.060027638483965  0.348922798833819  0.651220384839650
    endloop
  endfacet
  facet normal  0.430730417700829  0.793059023361148 -0.430730417700829
    outer loop
      vertex  0.060027638483965  0.348922798833819  0.651220384839650
      vertex  0.000000000000000  0.370000000000000  0.630000000000000
      vertex  0.123333333333333  0.370000000000000  0.753333333333333
    endloop
  endfacet
  facet normal  0.002925911828808  0.999991425217887 -0.002930619502628
    outer loop
      vertex  0.156326025267250  0.348922798833819  0.747487941690962
      vertex  0.201016909620991  0.348727696793003  0.725533955296404
      vertex  0.127161516034985  0.348727696793003  0.651797201166181
    endloop
  endfacet
  facet normal  0.002931332930316  0.999991404498031 -0.002932271697204
    outer loop
      vertex  0.127161516034985  0.348727696793003  0.651797201166181
      vertex  0.060027638483965  0.348922798833819  0.651220384839650
      vertex  0.156326025267250  0.348922798833819  0.747487941690962
    endloop
  endfacet
  facet normal -0.184655901549424  0.965138643271018  0.185498240659983
    outer loop
      vertex  0.201016909620991  0.348727696793003  0.725533955296404
      vertex  0.251883770651118  0.364815160349854  0.692467514091351
      vertex  0.195418075801749  0.364815160349854  0.636258227405248
    endloop
  endfacet
  facet normal -0.185215478987223  0.965028483462130  0.185513483203555
    outer loop
      vertex  0.195418075801749  0.364815160349854  0.636258227405248
      vertex  0.127161516034985  0.348727696793003  0.651797201166181
      vertex  0.201016909620991  0.348727696793003  0.725533955296404
    endloop
  endfacet
  facet normal -0.279735257450293  0.917572520837399  0.282504610127548
    outer loop
      vertex  0.251883770651118  0.364815160349854  0.692467514091351
      vertex  0.303404392614189  0.392585655976676  0.653284758017493
      vertex  0.258813760932945  0.392585655976676  0.609131241982507
    endloop
  endfacet
  facet normal -0.281009019797695  0.917249030659704  0.282290889945410
    outer loop
      vertex  0.258813760932945  0.392585655976676  0.609131241982507
      vertex  0.195418075801749  0.364815160349854  0.636258227405248
      vertex  0.251883770651118  0.364815160349854  0.692467514091351
    endloop
  endfacet
  facet normal -0.345889364120471  0.869812255306529  0.351834035174122
    outer loop
      vertex  0.303404392614189  0.392585655976676  0.653284758017493
      vertex  0.350056559766764  0.427439650145773  0.612981827016521
      vertex  0.311365014577260  0.427439650145773  0.574944023323615
    endloop
  endfacet
  facet normal -0.347911413434998  0.869198951868215  0.351355703629326
    outer loop
      vertex  0.311365014577260  0.427439650145773  0.574944023323615
      vertex  0.258813760932945  0.392585655976676  0.609131241982507
      vertex  0.303404392614189  0.392585655976676  0.653284758017493
    endloop
  endfacet
  facet normal -0.410753623358329  0.809044810941949  0.420390241068831
    outer loop
      vertex  0.350056559766764  0.427439650145773  0.612981827016521
      vertex  0.386318056365403  0.464777609329446  0.576554861030126
      vertex  0.347088279883382  0.464777609329446  0.538224349854228
    endloop
  endfacet
  facet normal -0.412923617834884  0.808131774491052  0.420020381519866
    outer loop
      vertex  0.347088279883382  0.464777609329446  0.538224349854228
      vertex  0.311365014577260  0.427439650145773  0.574944023323615
      vertex  0.350056559766764  0.427439650145773  0.612981827016521
    endloop
  endfacet
  facet normal -0.502735855025020  0.693819828221908  0.515626517974380
    outer loop
      vertex  0.386318056365403  0.464777609329446  0.576554861030126
      vertex  0.406666666666667  0.500000000000000  0.549000000000000
      vertex  0.360000000000000  0.500000000000000  0.503500000000000
    endloop
  endfacet
  facet normal -0.503814808604319  0.693030645775943  0.515634718232173
    outer loop
      vertex  0.360000000000000  0.500000000000000  0.503500000000000
      vertex  0.347088279883382  0.464777609329446  0.538224349854228
      vertex  0.386318056365403  0.464777609329446  0.576554861030126
    endloop
  endfacet
  facet normal -0.000000000000000  0.333297169473511 -0.942821826657055
    outer loop
      vertex  0.348922798833819  0.060027638483965  0.651220384839650
      vertex  0.370000000000000  0.000000000000000  0.630000000000000
      vertex  0.246666666666667  0.000000000000000  0.630000000000000
    endloop
  endfacet
  facet normal -0.000000000000000  0.333297169473511 -0.942821826657055
    outer loop
      vertex  0.348922798833819  0.060027638483965  0.651220384839650
      vertex  0.246666666666667  0.000000000000000  0.630000000000000
      vertex  0.123333333333333  0.000000000000000  0.630000000000000
    endloop
  endfacet
  facet normal -0.000000000000000  0.333297169473511 -0.942821826657055
    outer loop
      vertex  0.348922798833819  0.060027638483965  0.651220384839650
      vertex  0.000000000000000  0.000000000000000  0.630000000000000
      vertex  0.060027638483965  0.060027638483965  0.651220384839650
    endloop
  endfacet
  facet normal -0.000000000000000  0.333297169473511 -0.942821826657055
    outer loop
      vertex  0.348922798833819  0.060027638483965  0.651220384839650
      vertex  0.123333333333333  0.000000000000000  0.630000000000000
      vertex  0.000000000000000  0.000000000000000  0.630000000000000
    endloop
  endfacet
  facet normal -0.000000000000000  0.008591713417988 -0.999963090549118
    outer loop
      vertex  0.127161516034985  0.127161516034985  0.651797201166181
      vertex  0.348922798833819  0.060027638483965  0.651220384839650
      vertex  0.060027638483965  0.060027638483965  0.651220384839650
    endloop
  endfacet
  facet normal -0.000000000000000  0.008591713417988 -0.999963090549118
    outer loop
      vertex  0.127161516034985  0.127161516034985  0.651797201166181
      vertex  0.348727696793003  0.127161516034985  0.651797201166181
      vertex  0.348922798833819  0.060027638483965  0.651220384839650
    endloop
  endfacet
  facet normal -0.000000000000000 -0.221975879467818 -0.975052157032888
    outer loop
      vertex  0.195418075801749  0.195418075801749  0.636258227405248
      vertex  0.348727696793003  0.127161516034985  0.651797201166181
      vertex  0.127161516034985  0.127161516034985  0.651797201166181
    endloop
  endfacet
  facet normal -0.000000000000000 -0.221975879467818 -0.975052157032888
    outer loop
      vertex  0.195418075801749  0.195418075801749  0.636258227405248
      vertex  0.364815160349854  0.195418075801749  0.636258227405248
      vertex  0.348727696793003  0.127161516034985  0.651797201166181
    endloop
  endfacet
  facet normal -0.000000000000000 -0.393397385166438 -0.919368531843574
    outer loop
      vertex  0.258813760932945  0.258813760932945  0.609131241982507
      vertex  0.364815160349854  0.195418075801749  0.636258227405248
      vertex  0.195418075801749  0.195418075801749  0.636258227405248
    endloop
  endfacet
  facet normal -0.000000000000000 -0.393397385166438 -0.919368531843574
    outer loop
      vertex  0.258813760932945  0.258813760932945  0.609131241982507
      vertex  0.392585655976676  0.258813760932945  0.609131241982507
      vertex  0.364815160349854  0.195418075801749  0.636258227405248
    endloop
  endfacet
  facet normal -0.000000000000000 -0.545312413686423 -0.838232886183480
    outer loop
      vertex  0.311365014577260  0.311365014577260  0.574944023323615
      vertex  0.392585655976676  0.258813760932945  0.609131241982507
      vertex  0.258813760932945  0.258813760932945  0.609131241982507
    endloop
  endfacet
  facet normal -0.000000000000000 -0.545312413686423 -0.838232886183480
    outer loop
      vertex  0.311365014577260  0.311365014577260  0.574944023323615
      vertex  0.427439650145773  0.311365014577260  0.574944023323615
      vertex  0.392585655976676  0.258813760932945  0.609131241982507
    endloop
  endfacet
  facet normal -0.000000000000000 -0.716764804294538 -0.697315004373642
    outer loop
      vertex  0.347088279883382  0.347088279883382  0.538224349854228
      vertex  0.427439650145773  0.311365014577260  0.574944023323615
      vertex  0.311365014577260  0.311365014577260  0.574944023323615
    endloop
  endfacet
  facet normal -0.000000000000000 -0.716764804294538 -0.697315004373642
    outer loop
      vertex  0.347088279883382  0.347088279883382  0.538224349854228
      vertex  0.464777609329446  0.347088279883382  0.538224349854228
      vertex  0.427439650145773  0.311365014577260  0.574944023323615
    endloop
  endfacet
  facet normal -0.000000000000000 -0.937300946997781 -0.348521067881216
    outer loop
      vertex  0.347088279883382  0.347088279883382  0.538224349854228
      vertex  0.360000000000000  0.360000000000000  0.503500000000000
      vertex  0.406666666666667  0.360000000000000  0.503500000000000
    endloop
  endfacet
  facet normal  0.000000000000000 -0.937300946997781 -0.348521067881216
    outer loop
      vertex  0.347088279883382  0.347088279883382  0.538224349854228
      vertex  0.406666666666667  0.360000000000000  0.503500000000000
      vertex  0.453333333333333  0.360000000000000  0.503500000000000
    endloop
  endfacet
  facet normal -0.000000000000000 -0.937300946997781 -0.348521067881217
    outer loop
      vertex  0.347088279883382  0.347088279883382  0.538224349854228
      vertex  0.500000000000000  0.360000000000000  0.503500000000000
      vertex  0.464777609329446  0.347088279883382  0.538224349854228
    endloop
  endfacet
  facet normal  0.000000000000000 -0.937300946997781 -0.348521067881217
    outer loop
      vertex  0.347088279883382  0.347088279883382  0.538224349854228
      vertex  0.453333333333333  0.360000000000000  0.503500000000000
      vertex  0.500000000000000  0.360000000000000  0.503500000000000
    endloop
  endfacet
  facet normal  0.793856712886112  0.429926221395258 -0.430063906370265
    outer loop
      vertex  0.370000000000000  0.370000000000000  1.000000000000000
      vertex  0.348922798833819  0.252624412050535  0.843755498542274
      vertex  0.348922798833819  0.348922798833819  0.940023055393586
    endloop
  endfacet
  facet normal  0.793525882110831  0.430300287253116 -0.430300287253116
    outer loop
      vertex  0.348922798833819  0.252624412050535  0.843755498542274
      vertex  0.370000000000000  0.370000000000000  1.000000000000000
      vertex  0.370000000000000  0.246666666666667  0.876666666666667
    endloop
  endfacet
  facet normal  0.999991488677295  0.002915064868054 -0.002919755089553
    outer loop
      vertex  0.348922798833819  0.348922798833819  0.940023055393586
      vertex  0.348727696793003  0.274872303206997  0.799270709426628
      vertex  0.348727696793003  0.348727696793003  0.873007463556851
    endloop
  endfacet
  facet normal  0.999991453376081  0.002922986617872 -0.002923922711833
    outer loop
      vertex  0.348727696793003  0.274872303206997  0.799270709426628
      vertex  0.348922798833819  0.348922798833819  0.940023055393586
      vertex  0.348922798833819  0.252624412050535  0.843755498542274
    endloop
  endfacet
  facet normal  0.965478592272617 -0.183769256949182  0.184607551480513
    outer loop
      vertex  0.348727696793003  0.348727696793003  0.873007463556851
      vertex  0.364815160349854  0.308349465500486  0.748676800777454
      vertex  0.364815160349854  0.364815160349854  0.804886087463557
    endloop
  endfacet
  facet normal  0.965289660048834 -0.184534825872571  0.184831734945565
    outer loop
      vertex  0.364815160349854  0.308349465500486  0.748676800777454
      vertex  0.348727696793003  0.348727696793003  0.873007463556851
      vertex  0.348727696793003  0.274872303206997  0.799270709426628
    endloop
  endfacet
  facet normal  0.918520110466845 -0.278191395807232  0.280945464399764
    outer loop
      vertex  0.364815160349854  0.364815160349854  0.804886087463557
      vertex  0.392585655976676  0.347995024295432  0.697438274052478
      vertex  0.392585655976676  0.392585655976676  0.741591790087463
    endloop
  endfacet
  facet normal  0.918000891598283 -0.279784350671480  0.281060634283949
    outer loop
      vertex  0.392585655976676  0.347995024295432  0.697438274052478
      vertex  0.364815160349854  0.364815160349854  0.804886087463557
      vertex  0.364815160349854  0.308349465500486  0.748676800777454
    endloop
  endfacet
  facet normal  0.871353853911727 -0.343977078301058  0.349888883613995
    outer loop
      vertex  0.392585655976676  0.392585655976676  0.741591790087463
      vertex  0.427439650145773  0.388748104956268  0.651019630709427
      vertex  0.427439650145773  0.427439650145773  0.689057434402332
    endloop
  endfacet
  facet normal  0.870542132240957 -0.346244809762008  0.349672600737088
    outer loop
      vertex  0.427439650145773  0.388748104956268  0.651019630709427
      vertex  0.392585655976676  0.392585655976676  0.741591790087463
      vertex  0.392585655976676  0.347995024295432  0.697438274052478
    endloop
  endfacet
  facet normal  0.810847216323174 -0.409014102084559  0.418609909195807
    outer loop
      vertex  0.427439650145773  0.427439650145773  0.689057434402332
      vertex  0.464777609329446  0.425547832847425  0.614885372206025
      vertex  0.464777609329446  0.464777609329446  0.653215883381924
    endloop
  endfacet
  facet normal  0.809965310981968 -0.411154192572650  0.418220545807851
    outer loop
      vertex  0.464777609329446  0.425547832847425  0.614885372206025
      vertex  0.427439650145773  0.427439650145773  0.689057434402332
      vertex  0.427439650145773  0.388748104956268  0.651019630709427
    endloop
  endfacet
  facet normal  0.695053953087109 -0.501904384691976  0.514773727889207
    outer loop
      vertex  0.464777609329446  0.464777609329446  0.653215883381924
      vertex  0.500000000000000  0.453333333333333  0.594500000000000
      vertex  0.500000000000000  0.500000000000000  0.640000000000000
    endloop
  endfacet
  facet normal  0.694501161651290 -0.502824841760539  0.514621525952323
    outer loop
      vertex  0.500000000000000  0.453333333333333  0.594500000000000
      vertex  0.464777609329446  0.464777609329446  0.653215883381924
      vertex  0.464777609329446  0.425547832847425  0.614885372206025
    endloop
  endfacet
  facet normal  0.793558499056702  0.430201318731015 -0.430339091806647
    outer loop
      vertex  0.370000000000000  0.246666666666667  0.876666666666667
      vertex  0.348922798833819  0.156326025267250  0.747487941690962
      vertex  0.348922798833819  0.252624412050535  0.843755498542274
    endloop
  endfacet
  facet normal  0.793292627651489  0.430515276682370 -0.430515276682370
    outer loop
      vertex  0.348922798833819  0.156326025267250  0.747487941690962
      vertex  0.370000000000000  0.246666666666667  0.876666666666667
      vertex  0.370000000000000  0.123333333333333  0.753333333333333
    endloop
  endfacet
  facet normal  0.999991457035976  0.002920478276866 -0.002925177208321
    outer loop
      vertex  0.348922798833819  0.252624412050535  0.843755498542274
      vertex  0.348727696793003  0.201016909620991  0.725533955296404
      vertex  0.348727696793003  0.274872303206997  0.799270709426628
    endloop
  endfacet
  facet normal  0.999991428989319  0.002927153824612 -0.002928091253131
    outer loop
      vertex  0.348727696793003  0.201016909620991  0.725533955296404
      vertex  0.348922798833819  0.252624412050535  0.843755498542274
      vertex  0.348922798833819  0.156326025267250  0.747487941690962
    endloop
  endfacet
  facet normal  0.965309231356537 -0.184211551389061  0.185051863521249
    outer loop
      vertex  0.348727696793003  0.274872303206997  0.799270709426628
      vertex  0.364815160349854  0.251883770651118  0.692467514091351
      vertex  0.364815160349854  0.308349465500486  0.748676800777454
    endloop
  endfacet
  facet normal  0.965159432344368 -0.184874548964684  0.185172004638397
    outer loop
      vertex  0.364815160349854  0.251883770651118  0.692467514091351
      vertex  0.348727696793003  0.274872303206997  0.799270709426628
      vertex  0.348727696793003  0.201016909620991  0.725533955296404
    endloop
  endfacet
  facet normal  0.918048282233296 -0.278961389777330  0.281723081237577
    outer loop
      vertex  0.364815160349854  0.308349465500486  0.748676800777454
      vertex  0.392585655976676  0.303404392614189  0.653284758017493
      vertex  0.392585655976676  0.347995024295432  0.697438274052478
    endloop
  endfacet
  facet normal  0.917626192571361 -0.280395473437695  0.281674544789972
    outer loop
      vertex  0.392585655976676  0.303404392614189  0.653284758017493
      vertex  0.364815160349854  0.308349465500486  0.748676800777454
      vertex  0.364815160349854  0.251883770651118  0.692467514091351
    endloop
  endfacet
  facet normal  0.870586259546232 -0.344930994085327  0.350859193991849
    outer loop
      vertex  0.392585655976676  0.347995024295432  0.697438274052478
      vertex  0.427439650145773  0.350056559766764  0.612981827016521
      vertex  0.427439650145773  0.388748104956268  0.651019630709427
    endloop
  endfacet
  facet normal  0.869872960688177 -0.347076432593989  0.350512456556705
    outer loop
      vertex  0.427439650145773  0.350056559766764  0.612981827016521
      vertex  0.392585655976676  0.347995024295432  0.697438274052478
      vertex  0.392585655976676  0.303404392614189  0.653284758017493
    endloop
  endfacet
  facet normal  0.809948882115504 -0.409882500990460  0.419498681454007
    outer loop
      vertex  0.427439650145773  0.388748104956268  0.651019630709427
      vertex  0.464777609329446  0.386318056365403  0.576554861030126
      vertex  0.464777609329446  0.425547832847425  0.614885372206025
    endloop
  endfacet
  facet normal  0.809051495403175 -0.412037506834303  0.419119041261141
    outer loop
      vertex  0.464777609329446  0.386318056365403  0.576554861030126
      vertex  0.427439650145773  0.388748104956268  0.651019630709427
      vertex  0.427439650145773  0.350056559766764  0.612981827016521
    endloop
  endfacet
  facet normal  0.694437656703482 -0.502319960490233  0.515199959477160
    outer loop
      vertex  0.464777609329446  0.425547832847425  0.614885372206025
      vertex  0.500000000000000  0.406666666666667  0.549000000000000
      vertex  0.500000000000000  0.453333333333333  0.594500000000000
    endloop
  endfacet
  facet normal  0.693766988333522 -0.503319600690199  0.515127892333247
    outer loop
      vertex  0.500000000000000  0.406666666666667  0.549000000000000
      vertex  0.464777609329446  0.425547832847425  0.614885372206025
      vertex  0.464777609329446  0.386318056365403  0.576554861030126
    endloop
  endfacet
  facet normal  0.793259712330110  0.430476664687519 -0.430614525943401
    outer loop
      vertex  0.370000000000000  0.123333333333333  0.753333333333333
      vertex  0.348922798833819  0.060027638483965  0.651220384839650
      vertex  0.348922798833819  0.156326025267250  0.747487941690962
    endloop
  endfacet
  facet normal  0.793059023361148  0.430730417700829 -0.430730417700829
    outer loop
      vertex  0.348922798833819  0.060027638483965  0.651220384839650
      vertex  0.370000000000000  0.123333333333333  0.753333333333333
      vertex  0.370000000000000  0.000000000000000  0.630000000000000
    endloop
  endfacet
  facet normal  0.999991425217887  0.002925911828808 -0.002930619502628
    outer loop
      vertex  0.348922798833819  0.156326025267250  0.747487941690962
      vertex  0.348727696793003  0.127161516034985  0.651797201166181
      vertex  0.348727696793003  0.201016909620991  0.725533955296404
    endloop
  endfacet
  facet normal  0.999991404498031  0.002931332930316 -0.002932271697204
    outer loop
      vertex  0.348727696793003  0.127161516034985  0.651797201166181
      vertex  0.348922798833819  0.156326025267250  0.747487941690962
      vertex  0.348922798833819  0.060027638483965  0.651220384839650
    endloop
  endfacet
  facet normal  0.965138643271018 -0.184655901549424  0.185498240659983
    outer loop
      vertex  0.348727696793003  0.201016909620991  0.725533955296404
      vertex  0.364815160349854  0.195418075801749  0.636258227405248
      vertex  0.364815160349854  0.251883770651118  0.692467514091351
    endloop
  endfacet
  facet normal  0.965028483462130 -0.185215478987223  0.185513483203555
    outer loop
      vertex  0.364815160349854  0.195418075801749  0.636258227405248
      vertex  0.348727696793003  0.201016909620991  0.725533955296404
      vertex  0.348727696793003  0.127161516034985  0.651797201166181
    endloop
  endfacet
  facet normal  0.917572520837399 -0.279735257450293  0.282504610127548
    outer loop
      vertex  0.364815160349854  0.251883770651118  0.692467514091351
      vertex  0.392585655976676  0.258813760932945  0.609131241982507
      vertex  0.392585655976676  0.303404392614189  0.653284758017493
    endloop
  endfacet
  facet normal  0.917249030659704 -0.281009019797695  0.282290889945410
    outer loop
      vertex  0.392585655976676  0.258813760932945  0.609131241982507
      vertex  0.364815160349854  0.251883770651118  0.692467514091351
      vertex  0.364815160349854  0.195418075801749  0.636258227405248
    endloop
  endfacet
  facet normal  0.869812255306529 -0.345889364120471  0.351834035174122
    outer loop
      vertex  0.392585655976676  0.303404392614189  0.653284758017493
      vertex  0.427439650145773  0.311365014577260  0.574944023323615
      vertex  0.427439650145773  0.350056559766764  0.612981827016521
    endloop
  endfacet
  facet normal  0.869198951868215 -0.347911413434998  0.351355703629326
    outer loop
      vertex  0.427439650145773  0.311365014577260  0.574944023323615
      vertex  0.392585655976676  0.303404392614189  0.653284758017493
      vertex  0.392585655976676  0.258813760932945  0.609131241982507
    endloop
  endfacet
  facet normal  0.809044810941949 -0.410753623358329  0.420390241068831
    outer loop
      vertex  0.427439650145773  0.350056559766764  0.612981827016521
      vertex  0.464777609329446  0.347088279883382  0.538224349854228
      vertex  0.464777609329446  0.386318056365403  0.576554861030126
    endloop
  endfacet
  facet normal  0.808131774491052 -0.412923617834884  0.420020381519866
    outer loop
      vertex  0.464777609329446  0.347088279883382  0.538224349854228
      vertex  0.427439650145773  0.350056559766764  0.612981827016521
      vertex  0.427439650145773  0.311365014577260  0.574944023323615
    endloop
  endfacet
  facet normal  0.693819828221908 -0.502735855025020  0.515626517974380
    outer loop
      vertex  0.464777609329446  0.386318056365403  0.576554861030126
      vertex  0.500000000000000  0.360000000000000  0.503500000000000
      vertex  0.500000000000000  0.406666666666667  0.549000000000000
    endloop
  endfacet
  facet normal  0.693030645775943 -0.503814808604319  0.515634718232173
    outer loop
      vertex  0.500000000000000  0.360000000000000  0.503500000000000
      vertex  0.464777609329446  0.386318056365403  0.576554861030126
      vertex  0.464777609329446  0.347088279883382  0.538224349854228
    endloop
  endfacet
  facet normal  0.333297169473511 -0.000000000000000 -0.942821826657055
    outer loop
      vertex  0.060027638483965  0.060027638483965  0.651220384839650
      vertex  0.000000000000000  0.000000000000000  0.630000000000000
      vertex  0.000000000000000  0.123333333333333  0.630000000000000
    endloop
  endfacet
  facet normal  0.333297169473511 -0.000000000000000 -0.942821826657055
    outer loop
      vertex  0.060027638483965  0.060027638483965  0.651220384839650
      vertex  0.000000000000000  0.123333333333333  0.630000000000000
      vertex  0.000000000000000  0.246666666666667  0.630000000000000
    endloop
  endfacet
  facet normal  0.333297169473511 -0.000000000000000 -0.942821826657055
    outer loop
      vertex  0.060027638483965  0.060027638483965  0.651220384839650
      vertex  0.000000000000000  0.370000000000000  0.630000000000000
      vertex  0.060027638483965  0.348922798833819  0.651220384839650
    endloop
  endfacet
  facet normal  0.333297169473511 -0.000000000000000 -0.942821826657055
    outer loop
      vertex  0.060027638483965  0.060027638483965  0.651220384839650
      vertex  0.000000000000000  0.246666666666667  0.630000000000000
      vertex  0.000000000000000  0.370000000000000  0.630000000000000
    endloop
  endfacet
  facet normal  0.008591713417988 -0.000000000000000 -0.999963090549118
    outer loop
      vertex  0.127161516034985  0.127161516034985  0.651797201166181
      vertex  0.060027638483965  0.348922798833819  0.651220384839650
      vertex  0.127161516034985  0.348727696793003  0.651797201166181
    endloop
  endfacet
  facet normal  0.008591713417988 -0.000000000000000 -0.999963090549118
    outer loop
      vertex  0.127161516034985  0.127161516034985  0.651797201166181
      vertex  0.060027638483965  0.060027638483965  0.651220384839650
      vertex  0.060027638483965  0.348922798833819  0.651220384839650
    endloop
  endfacet
  facet normal -0.221975879467818 -0.000000000000000 -0.975052157032888
    outer loop
      vertex  0.195418075801749  0.195418075801749  0.636258227405248
      vertex  0.127161516034985  0.348727696793003  0.651797201166181
      vertex  0.195418075801749  0.364815160349854  0.636258227405248
    endloop
  endfacet
  facet normal -0.221975879467818  0.000000000000000 -0.975052157032888
    outer loop
      vertex  0.195418075801749  0.195418075801749  0.636258227405248
      vertex  0.127161516034985  0.127161516034985  0.651797201166181
      vertex  0.127161516034985  0.348727696793003  0.651797201166181
    endloop
  endfacet
  facet normal -0.393397385166438 -0.000000000000000 -0.919368531843574
    outer loop
      vertex  0.258813760932945  0.258813760932945  0.609131241982507
      vertex  0.195418075801749  0.364815160349854  0.636258227405248
      vertex  0.258813760932945  0.392585655976676  0.609131241982507
    endloop
  endfacet
  facet normal -0.393397385166438  0.000000000000000 -0.919368531843574
    outer loop
      vertex  0.258813760932945  0.258813760932945  0.609131241982507
      vertex  0.195418075801749  0.195418075801749  0.636258227405248
      vertex  0.195418075801749  0.364815160349854  0.636258227405248
    endloop
  endfacet
  facet normal -0.545312413686423 -0.000000000000000 -0.838232886183480
    outer loop
      vertex  0.311365014577260  0.311365014577260  0.574944023323615
      vertex  0.258813760932945  0.392585655976676  0.609131241982507
      vertex  0.311365014577260  0.427439650145773  0.574944023323615
    endloop
  endfacet
  facet normal -0.545312413686423  0.000000000000000 -0.838232886183480
    outer loop
      vertex  0.311365014577260  0.311365014577260  0.574944023323615
      vertex  0.258813760932945  0.258813760932945  0.609131241982507
      vertex  0.258813760932945  0.392585655976676  0.609131241982507
    endloop
  endfacet
  facet normal -0.716764804294538 -0.000000000000000 -0.697315004373642
    outer loop
      vertex  0.347088279883382  0.347088279883382  0.538224349854228
      vertex  0.311365014577260  0.427439650145773  0.574944023323615
      vertex  0.347088279883382  0.464777609329446  0.538224349854228
    endloop
  endfacet
  facet normal -0.716764804294538 -0.000000000000000 -0.697315004373642
    outer loop
      vertex  0.347088279883382  0.347088279883382  0.538224349854228
      vertex  0.311365014577260  0.311365014577260  0.574944023323615
      vertex  0.311365014577260  0.427439650145773  0.574944023323615
    endloop
  endfacet
  facet normal -0.937300946997781 -0.000000000000000 -0.348521067881217
    outer loop
      vertex  0.347088279883382  0.464777609329446  0.538224349854228
      vertex  0.360000000000000  0.500000000000000  0.503500000000000
      vertex  0.360000000000000  0.453333333333333  0.503500000000000
    endloop
  endfacet
  facet normal -0.937300946997781 -0.000000000000000 -0.348521067881216
    outer loop
      vertex  0.347088279883382  0.464777609329446  0.538224349854228
      vertex  0.360000000000000  0.453333333333333  0.503500000000000
      vertex  0.360000000000000  0.406666666666667  0.503500000000000
    endloop
  endfacet
  facet normal -0.937300946997781 -0.000000000000000 -0.348521067881216
    outer loop
      vertex  0.347088279883382  0.464777609329446  0.538224349854228
      vertex  0.360000000000000  0.360000000000000  0.503500000000000
      vertex  0.347088279883382  0.347088279883382  0.538224349854228
    endloop
  endfacet
  facet normal -0.937300946997781 -0.000000000000000 -0.348521067881216
    outer loop
      vertex  0.347088279883382  0.464777609329446  0.538224349854228
      vertex  0.360000000000000  0.406666666666667  0.503500000000000
      vertex  0.360000000000000  0.360000000000000  0.503500000000000
    endloop
  endfacet
  facet normal -0.426401432711221  0.639602149066831 -0.639602149066832
    outer loop
      vertex  0.630000000000000  0.370000000000000  1.000000000000000
      vertex  0.753333333333333  0.246666666666667  0.794444444444445
      vertex  0.630000000000000  0.246666666666667  0.876666666666667
    endloop
  endfacet
  facet normal -0.639602149066831  0.426401432711221 -0.639602149066832
    outer loop
      vertex  0.753333333333333  0.246666666666667  0.794444444444445
      vertex  0.630000000000000  0.370000000000000  1.000000000000000
      vertex  0.753333333333333  0.370000000000000  0.876666666666667
    endloop
  endfacet
  facet normal -0.229415733870562  0.688247201611685 -0.688247201611685
    outer loop
      vertex  0.630000000000000  0.246666666666667  0.876666666666667
      vertex  0.753333333333333  0.123333333333333  0.712222222222222
      vertex  0.630000000000000  0.123333333333333  0.753333333333333
    endloop
  endfacet
  facet normal -0.485071250072666  0.485071250072666 -0.727606875108999
    outer loop
      vertex  0.753333333333333  0.123333333333333  0.712222222222222
      vertex  0.630000000000000  0.246666666666667  0.876666666666667
      vertex  0.753333333333333  0.246666666666667  0.794444444444445
    endloop
  endfacet
  facet normal -0.000000000000000  0.707106781186548 -0.707106781186547
    outer loop
      vertex  0.630000000000000  0.123333333333333  0.753333333333333
      vertex  0.753333333333333  0.000000000000000  0.630000000000000
      vertex  0.630000000000000  0.000000000000000  0.630000000000000
    endloop
  endfacet
  facet normal -0.267261241912424  0.534522483824849 -0.801783725737273
    outer loop
      vertex  0.753333333333333  0.000000000000000  0.630000000000000
      vertex  0.630000000000000  0.123333333333333  0.753333333333333
      vertex  0.753333333333333  0.123333333333333  0.712222222222222
    endloop
  endfacet
  facet normal -0.485071250072666  0.485071250072666 -0.727606875108999
    outer loop
      vertex  0.753333333333333  0.370000000000000  0.876666666666667
      vertex  0.876666666666667  0.246666666666667  0.712222222222222
      vertex  0.753333333333333  0.246666666666667  0.794444444444445
    endloop
  endfacet
  facet normal -0.688247201611685  0.229415733870562 -0.688247201611685
    outer loop
      vertex  0.876666666666667  0.246666666666667  0.712222222222222
      vertex  0.753333333333333  0.370000000000000  0.876666666666667
      vertex  0.876666666666667  0.370000000000000  0.753333333333333
    endloop
  endfacet
  facet normal -0.267261241912424  0.534522483824849 -0.801783725737273
    outer loop
      vertex  0.753333333333333  0.246666666666667  0.794444444444445
      vertex  0.876666666666667  0.123333333333333  0.671111111111111
      vertex  0.753333333333333  0.123333333333333  0.712222222222222
    endloop
  endfacet
  facet normal -0.534522483824849  0.267261241912424 -0.801783725737273
    outer loop
      vertex  0.876666666666667  0.123333333333333  0.671111111111111
      vertex  0.753333333333333  0.246666666666667  0.794444444444445
      vertex  0.876666666666667  0.246666666666667  0.712222222222222
    endloop
  endfacet
  facet normal -0.000000000000000  0.554700196225229 -0.832050294337843
    outer loop
      vertex  0.753333333333333  0.123333333333333  0.712222222222222
      vertex  0.876666666666667  0.000000000000000  0.630000000000000
      vertex  0.753333333333333  0.000000000000000  0.630000000000000
    endloop
  endfacet
  facet normal -0.301511344577764  0.301511344577764 -0.904534033733291
    outer loop
      vertex  0.876666666666667  0.000000000000000  0.630000000000000
      vertex  0.753333333333333  0.123333333333333  0.712222222222222
      vertex  0.876666666666667  0.123333333333333  0.671111111111111
    endloop
  endfacet
  facet normal -0.534522483824849  0.267261241912424 -0.801783725737273
    outer loop
      vertex  0.876666666666667  0.370000000000000  0.753333333333333
      vertex  1.000000000000000  0.246666666666667  0.630000000000000
      vertex  0.876666666666667  0.246666666666667  0.712222222222222
    endloop
  endfacet
  facet normal -0.707106781186548 -0.000000000000000 -0.707106781186547
    outer loop
      vertex  1.000000000000000  0.246666666666667  0.630000000000000
      vertex  0.876666666666667  0.370000000000000  0.753333333333333
      vertex  1.000000000000000  0.370000000000000  0.630000000000000
    endloop
  endfacet
  facet normal -0.301511344577764  0.301511344577763 -0.904534033733291
    outer loop
      vertex  0.876666666666667  0.246666666666667  0.712222222222222
      vertex  1.000000000000000  0.123333333333333  0.630000000000000
      vertex  0.876666666666667  0.123333333333333  0.671111111111111
    endloop
  endfacet
  facet normal -0.554700196225230 -0.000000000000000 -0.832050294337843
    outer loop
      vertex  1.000000000000000  0.123333333333333  0.630000000000000
      vertex  0.876666666666667  0.246666666666667  0.712222222222222
      vertex  1.000000000000000  0.246666666666667  0.630000000000000
    endloop
  endfacet
  facet normal -0.000000000000000  0.316227766016839 -0.948683298050514
    outer loop
      vertex  0.876666666666667  0.123333333333333  0.671111111111111
      vertex  1.000000000000000  0.000000000000000  0.630000000000000
      vertex  0.876666666666667  0.000000000000000  0.630000000000000
    endloop
  endfacet
  facet normal -0.316227766016839 -0.000000000000000 -0.948683298050514
    outer loop
      vertex  1.000000000000000  0.000000000000000  0.630000000000000
      vertex  0.876666666666667  0.123333333333333  0.671111111111111
      vertex  1.000000000000000  0.123333333333333  0.630000000000000
    endloop
  endfacet
  facet normal -0.421942283990626  0.632913425985938 -0.649141975370193
    outer loop
      vertex  0.500000000000000  0.500000000000000  0.640000000000000
      vertex  0.546666666666667  0.453333333333333  0.564166666666667
      vertex  0.500000000000000  0.453333333333333  0.594500000000000
    endloop
  endfacet
  facet normal -0.632913425985939  0.421942283990625 -0.649141975370193
    outer loop
      vertex  0.546666666666667  0.453333333333333  0.564166666666667
      vertex  0.500000000000000  0.500000000000000  0.640000000000000
      vertex  0.546666666666667  0.500000000000000  0.594500000000000
    endloop
  endfacet
  facet normal -0.226644614220180  0.679933842660548 -0.697368043754406
    outer loop
      vertex  0.500000000000000  0.453333333333333  0.594500000000000
      vertex  0.546666666666667  0.406666666666667  0.533833333333333
      vertex  0.500000000000000  0.406666666666667  0.549000000000000
    endloop
  endfacet
  facet normal -0.478536612991002  0.478536612991002 -0.736210173832310
    outer loop
      vertex  0.546666666666667  0.406666666666667  0.533833333333333
      vertex  0.500000000000000  0.453333333333333  0.594500000000000
      vertex  0.546666666666667  0.453333333333333  0.564166666666667
    endloop
  endfacet
  facet normal -0.000000000000000  0.698100136129539 -0.716000139620041
    outer loop
      vertex  0.500000000000000  0.406666666666667  0.549000000000000
      vertex  0.546666666666667  0.360000000000000  0.503500000000000
      vertex  0.500000000000000  0.360000000000000  0.503500000000000
    endloop
  endfacet
  facet normal -0.262908072140676  0.525816144281358 -0.808947914279009
    outer loop
      vertex  0.546666666666667  0.360000000000000  0.503500000000000
      vertex  0.500000000000000  0.406666666666667  0.549000000000000
      vertex  0.546666666666667  0.406666666666667  0.533833333333333
    endloop
  endfacet
  facet normal -0.478536612991002  0.478536612991001 -0.736210173832310
    outer loop
      vertex  0.546666666666667  0.500000000000000  0.594500000000000
      vertex  0.593333333333333  0.453333333333333  0.533833333333333
      vertex  0.546666666666667  0.453333333333333  0.564166666666667
    endloop
  endfacet
  facet normal -0.679933842660547  0.226644614220182 -0.697368043754406
    outer loop
      vertex  0.593333333333333  0.453333333333333  0.533833333333333
      vertex  0.546666666666667  0.500000000000000  0.594500000000000
      vertex  0.593333333333333  0.500000000000000  0.549000000000000
    endloop
  endfacet
  facet normal -0.262908072140679  0.525816144281356 -0.808947914279009
    outer loop
      vertex  0.546666666666667  0.453333333333333  0.564166666666667
      vertex  0.593333333333333  0.406666666666667  0.518666666666667
      vertex  0.546666666666667  0.406666666666667  0.533833333333333
    endloop
  endfacet
  facet normal -0.525816144281357  0.262908072140678 -0.808947914279009
    outer loop
      vertex  0.593333333333333  0.406666666666667  0.518666666666667
      vertex  0.546666666666667  0.453333333333333  0.564166666666667
      vertex  0.593333333333333  0.453333333333333  0.533833333333333
    endloop
  endfacet
  facet normal -0.000000000000000  0.544988350595415 -0.838443616300636
    outer loop
      vertex  0.546666666666667  0.406666666666667  0.533833333333333
      vertex  0.593333333333333  0.360000000000000  0.503500000000000
      vertex  0.546666666666667  0.360000000000000  0.503500000000000
    endloop
  endfacet
  facet normal -0.295302052775767  0.295302052775765 -0.908621700848509
    outer loop
      vertex  0.593333333333333  0.360000000000000  0.503500000000000
      vertex  0.546666666666667  0.406666666666667  0.533833333333333
      vertex  0.593333333333333  0.406666666666667  0.518666666666667
    endloop
  endfacet
  facet normal -0.525816144281356  0.262908072140678 -0.808947914279009
    outer loop
      vertex  0.593333333333333  0.500000000000000  0.549000000000000
      vertex  0.640000000000000  0.453333333333333  0.503500000000000
      vertex  0.593333333333333  0.453333333333333  0.533833333333333
    endloop
  endfacet
  facet normal -0.698100136129540 -0.000000000000000 -0.716000139620041
    outer loop
      vertex  0.640000000000000  0.453333333333333  0.503500000000000
      vertex  0.593333333333333  0.500000000000000  0.549000000000000
      vertex  0.640000000000000  0.500000000000000  0.503500000000000
    endloop
  endfacet
  facet normal -0.295302052775765  0.295302052775766 -0.908621700848509
    outer loop
      vertex  0.593333333333333  0.453333333333333  0.533833333333333
      vertex  0.640000000000000  0.406666666666667  0.503500000000000
      vertex  0.593333333333333  0.406666666666667  0.518666666666667
    endloop
  endfacet
  facet normal -0.544988350595414 -0.000000000000001 -0.838443616300637
    outer loop
      vertex  0.640000000000000  0.406666666666667  0.503500000000000
      vertex  0.593333333333333  0.453333333333333  0.533833333333333
      vertex  0.640000000000000  0.453333333333333  0.503500000000000
    endloop
  endfacet
  facet normal -0.000000000000000  0.309086072337558 -0.951034068730948
    outer loop
      vertex  0.593333333333333  0.406666666666667  0.518666666666667
      vertex  0.640000000000000  0.360000000000000  0.503500000000000
      vertex  0.593333333333333  0.360000000000000  0.503500000000000
    endloop
  endfacet
  facet normal -0.309086072337558  0.000000000000001 -0.951034068730948
    outer loop
      vertex  0.640000000000000  0.360000000000000  0.503500000000000
      vertex  0.593333333333333  0.406666666666667  0.518666666666667
      vertex  0.640000000000000  0.406666666666667  0.503500000000000
    endloop
  endfacet
  facet normal -0.429926221395259  0.793856712886112 -0.430063906370265
    outer loop
      vertex  0.630000000000000  0.370000000000000  1.000000000000000
      vertex  0.747375587949466  0.348922798833819  0.843755498542274
      vertex  0.651077201166181  0.348922798833819  0.940023055393586
    endloop
  endfacet
  facet normal -0.430300287253116  0.793525882110830 -0.430300287253116
    outer loop
      vertex  0.747375587949466  0.348922798833819  0.843755498542274
      vertex  0.630000000000000  0.370000000000000  1.000000000000000
      vertex  0.753333333333333  0.370000000000000  0.876666666666667
    endloop
  endfacet
  facet normal -0.002915064868054  0.999991488677295 -0.002919755089553
    outer loop
      vertex  0.651077201166181  0.348922798833819  0.940023055393586
      vertex  0.725127696793003  0.348727696793003  0.799270709426628
      vertex  0.651272303206997  0.348727696793003  0.873007463556851
    endloop
  endfacet
  facet normal -0.002922986617872  0.999991453376081 -0.002923922711833
    outer loop
      vertex  0.725127696793003  0.348727696793003  0.799270709426628
      vertex  0.651077201166181  0.348922798833819  0.940023055393586
      vertex  0.747375587949466  0.348922798833819  0.843755498542274
    endloop
  endfacet
  facet normal  0.183769256949182  0.965478592272618  0.184607551480513
    outer loop
      vertex  0.651272303206997  0.348727696793003  0.873007463556851
      vertex  0.691650534499514  0.364815160349854  0.748676800777454
      vertex  0.635184839650146  0.364815160349854  0.804886087463557
    endloop
  endfacet
  facet normal  0.184534825872571  0.965289660048833  0.184831734945565
    outer loop
      vertex  0.691650534499514  0.364815160349854  0.748676800777454
      vertex  0.651272303206997  0.348727696793003  0.873007463556851
      vertex  0.725127696793003  0.348727696793003  0.799270709426628
    endloop
  endfacet
  facet normal  0.278191395807231  0.918520110466845  0.280945464399764
    outer loop
      vertex  0.635184839650146  0.364815160349854  0.804886087463557
      vertex  0.652004975704567  0.392585655976676  0.697438274052478
      vertex  0.607414344023324  0.392585655976676  0.741591790087463
    endloop
  endfacet
  facet normal  0.279784350671479  0.918000891598283  0.281060634283948
    outer loop
      vertex  0.652004975704567  0.392585655976676  0.697438274052478
      vertex  0.635184839650146  0.364815160349854  0.804886087463557
      vertex  0.691650534499514  0.364815160349854  0.748676800777454
    endloop
  endfacet
  facet normal  0.343977078301059  0.871353853911727  0.349888883613996
    outer loop
      vertex  0.607414344023324  0.392585655976676  0.741591790087463
      vertex  0.611251895043732  0.427439650145773  0.651019630709427
      vertex  0.572560349854227  0.427439650145773  0.689057434402332
    endloop
  endfacet
  facet normal  0.346244809762009  0.870542132240956  0.349672600737089
    outer loop
      vertex  0.611251895043732  0.427439650145773  0.651019630709427
      vertex  0.607414344023324  0.392585655976676  0.741591790087463
      vertex  0.652004975704567  0.392585655976676  0.697438274052478
    endloop
  endfacet
  facet normal  0.409014102084561  0.810847216323173  0.418609909195806
    outer loop
      vertex  0.572560349854227  0.427439650145773  0.689057434402332
      vertex  0.574452167152575  0.464777609329446  0.614885372206025
      vertex  0.535222390670554  0.464777609329446  0.653215883381924
    endloop
  endfacet
  facet normal  0.411154192572650  0.809965310981968  0.418220545807851
    outer loop
      vertex  0.574452167152575  0.464777609329446  0.614885372206025
      vertex  0.572560349854227  0.427439650145773  0.689057434402332
      vertex  0.611251895043732  0.427439650145773  0.651019630709427
    endloop
  endfacet
  facet normal  0.501904384691975  0.695053953087111  0.514773727889205
    outer loop
      vertex  0.535222390670554  0.464777609329446  0.653215883381924
      vertex  0.546666666666667  0.500000000000000  0.594500000000000
      vertex  0.500000000000000  0.500000000000000  0.640000000000000
    endloop
  endfacet
  facet normal  0.502824841760540  0.694501161651291  0.514621525952321
    outer loop
      vertex  0.546666666666667  0.500000000000000  0.594500000000000
      vertex  0.535222390670554  0.464777609329446  0.653215883381924
      vertex  0.574452167152575  0.464777609329446  0.614885372206025
    endloop
  endfacet
  facet normal -0.430201318731015  0.793558499056702 -0.430339091806648
    outer loop
      vertex  0.753333333333333  0.370000000000000  0.876666666666667
      vertex  0.843673974732750  0.348922798833819  0.747487941690962
      vertex  0.747375587949466  0.348922798833819  0.843755498542274
    endloop
  endfacet
  facet normal -0.430515276682371  0.793292627651489 -0.430515276682371
    outer loop
      vertex  0.843673974732750  0.348922798833819  0.747487941690962
      vertex  0.753333333333333  0.370000000000000  0.876666666666667
      vertex  0.876666666666667  0.370000000000000  0.753333333333333
    endloop
  endfacet
  facet normal -0.002920478276866  0.999991457035976 -0.002925177208321
    outer loop
      vertex  0.747375587949466  0.348922798833819  0.843755498542274
      vertex  0.798983090379009  0.348727696793003  0.725533955296404
      vertex  0.725127696793003  0.348727696793003  0.799270709426628
    endloop
  endfacet
  facet normal -0.002927153824612  0.999991428989319 -0.002928091253131
    outer loop
      vertex  0.798983090379009  0.348727696793003  0.725533955296404
      vertex  0.747375587949466  0.348922798833819  0.843755498542274
      vertex  0.843673974732750  0.348922798833819  0.747487941690962
    endloop
  endfacet
  facet normal  0.184211551389061  0.965309231356537  0.185051863521249
    outer loop
      vertex  0.725127696793003  0.348727696793003  0.799270709426628
      vertex  0.748116229348883  0.364815160349854  0.692467514091351
      vertex  0.691650534499514  0.364815160349854  0.748676800777454
    endloop
  endfacet
  facet normal  0.184874548964684  0.965159432344368  0.185172004638397
    outer loop
      vertex  0.748116229348883  0.364815160349854  0.692467514091351
      vertex  0.725127696793003  0.348727696793003  0.799270709426628
      vertex  0.798983090379009  0.348727696793003  0.725533955296404
    endloop
  endfacet
  facet normal  0.278961389777330  0.918048282233297  0.281723081237576
    outer loop
      vertex  0.691650534499514  0.364815160349854  0.748676800777454
      vertex  0.696595607385811  0.392585655976676  0.653284758017493
      vertex  0.652004975704567  0.392585655976676  0.697438274052478
    endloop
  endfacet
  facet normal  0.280395473437694  0.917626192571362  0.281674544789971
    outer loop
      vertex  0.696595607385811  0.392585655976676  0.653284758017493
      vertex  0.691650534499514  0.364815160349854  0.748676800777454
      vertex  0.748116229348883  0.364815160349854  0.692467514091351
    endloop
  endfacet
  facet normal  0.344930994085327  0.870586259546231  0.350859193991850
    outer loop
      vertex  0.652004975704567  0.392585655976676  0.697438274052478
      vertex  0.649943440233236  0.427439650145773  0.612981827016521
      vertex  0.611251895043732  0.427439650145773  0.651019630709427
    endloop
  endfacet
  facet normal  0.347076432593989  0.869872960688176  0.350512456556706
    outer loop
      vertex  0.649943440233236  0.427439650145773  0.612981827016521
      vertex  0.652004975704567  0.392585655976676  0.697438274052478
      vertex  0.696595607385811  0.392585655976676  0.653284758017493
    endloop
  endfacet
  facet normal  0.409882500990459  0.809948882115504  0.419498681454008
    outer loop
      vertex  0.611251895043732  0.427439650145773  0.651019630709427
      vertex  0.613681943634597  0.464777609329446  0.576554861030126
      vertex  0.574452167152575  0.464777609329446  0.614885372206025
    endloop
  endfacet
  facet normal  0.412037506834303  0.809051495403174  0.419119041261142
    outer loop
      vertex  0.613681943634597  0.464777609329446  0.576554861030126
      vertex  0.611251895043732  0.427439650145773  0.651019630709427
      vertex  0.649943440233236  0.427439650145773  0.612981827016521
    endloop
  endfacet
  facet normal  0.502319960490231  0.694437656703483  0.515199959477160
    outer loop
      vertex  0.574452167152575  0.464777609329446  0.614885372206025
      vertex  0.593333333333333  0.500000000000000  0.549000000000000
      vertex  0.546666666666667  0.500000000000000  0.594500000000000
    endloop
  endfacet
  facet normal  0.503319600690196  0.693766988333524  0.515127892333247
    outer loop
      vertex  0.593333333333333  0.500000000000000  0.549000000000000
      vertex  0.574452167152575  0.464777609329446  0.614885372206025
      vertex  0.613681943634597  0.464777609329446  0.576554861030126
    endloop
  endfacet
  facet normal -0.430476664687519  0.793259712330110 -0.430614525943401
    outer loop
      vertex  0.876666666666667  0.370000000000000  0.753333333333333
      vertex  0.939972361516035  0.348922798833819  0.651220384839650
      vertex  0.843673974732750  0.348922798833819  0.747487941690962
    endloop
  endfacet
  facet normal -0.430730417700829  0.793059023361149 -0.430730417700829
    outer loop
      vertex  0.939972361516035  0.348922798833819  0.651220384839650
      vertex  0.876666666666667  0.370000000000000  0.753333333333333
      vertex  1.000000000000000  0.370000000000000  0.630000000000000
    endloop
  endfacet
  facet normal -0.002925911828808  0.999991425217887 -0.002930619502628
    outer loop
      vertex  0.843673974732750  0.348922798833819  0.747487941690962
      vertex  0.872838483965015  0.348727696793003  0.651797201166181
      vertex  0.798983090379009  0.348727696793003  0.725533955296404
    endloop
  endfacet
  facet normal -0.002931332930316  0.999991404498031 -0.002932271697204
    outer loop
      vertex  0.872838483965015  0.348727696793003  0.651797201166181
      vertex  0.843673974732750  0.348922798833819  0.747487941690962
      vertex  0.939972361516035  0.348922798833819  0.651220384839650
    endloop
  endfacet
  facet normal  0.184655901549424  0.965138643271018  0.185498240659983
    outer loop
      vertex  0.798983090379009  0.348727696793003  0.725533955296404
      vertex  0.804581924198251  0.364815160349854  0.636258227405248
      vertex  0.748116229348883  0.364815160349854  0.692467514091351
    endloop
  endfacet
  facet normal  0.185215478987223  0.965028483462130  0.185513483203555
    outer loop
      vertex  0.804581924198251  0.364815160349854  0.636258227405248
      vertex  0.798983090379009  0.348727696793003  0.725533955296404
      vertex  0.872838483965015  0.348727696793003  0.651797201166181
    endloop
  endfacet
  facet normal  0.279735257450293  0.917572520837400  0.282504610127547
    outer loop
      vertex  0.748116229348883  0.364815160349854  0.692467514091351
      vertex  0.741186239067055  0.392585655976676  0.609131241982507
      vertex  0.696595607385811  0.392585655976676  0.653284758017493
    endloop
  endfacet
  facet normal  0.281009019797695  0.917249030659705  0.282290889945409
    outer loop
      vertex  0.741186239067055  0.392585655976676  0.609131241982507
      vertex  0.748116229348883  0.364815160349854  0.692467514091351
      vertex  0.804581924198251  0.364815160349854  0.636258227405248
    endloop
  endfacet
  facet normal  0.345889364120472  0.869812255306529  0.351834035174122
    outer loop
      vertex  0.696595607385811  0.392585655976676  0.653284758017493
      vertex  0.688634985422741  0.427439650145773  0.574944023323615
      vertex  0.649943440233236  0.427439650145773  0.612981827016521
    endloop
  endfacet
  facet normal  0.347911413434999  0.869198951868214  0.351355703629327
    outer loop
      vertex  0.688634985422741  0.427439650145773  0.574944023323615
      vertex  0.696595607385811  0.392585655976676  0.653284758017493
      vertex  0.741186239067055  0.392585655976676  0.609131241982507
    endloop
  endfacet
  facet normal  0.410753623358330  0.809044810941948  0.420390241068831
    outer loop
      vertex  0.649943440233236  0.427439650145773  0.612981827016521
      vertex  0.652911720116618  0.464777609329446  0.538224349854228
      vertex  0.613681943634597  0.464777609329446  0.576554861030126
    endloop
  endfacet
  facet normal  0.412923617834885  0.808131774491052  0.420020381519866
    outer loop
      vertex  0.652911720116618  0.464777609329446  0.538224349854228
      vertex  0.649943440233236  0.427439650145773  0.612981827016521
      vertex  0.688634985422741  0.427439650145773  0.574944023323615
    endloop
  endfacet
  facet normal  0.502735855025019  0.693819828221910  0.515626517974379
    outer loop
      vertex  0.613681943634597  0.464777609329446  0.576554861030126
      vertex  0.640000000000000  0.500000000000000  0.503500000000000
      vertex  0.593333333333333  0.500000000000000  0.549000000000000
    endloop
  endfacet
  facet normal  0.503814808604318  0.693030645775945  0.515634718232172
    outer loop
      vertex  0.640000000000000  0.500000000000000  0.503500000000000
      vertex  0.613681943634597  0.464777609329446  0.576554861030126
      vertex  0.652911720116618  0.464777609329446  0.538224349854228
    endloop
  endfacet
  facet normal -0.000000000000000  0.333297169473511 -0.942821826657055
    outer loop
      vertex  0.939972361516035  0.060027638483965  0.651220384839650
      vertex  1.000000000000000  0.000000000000000  0.630000000000000
      vertex  0.876666666666667  0.000000000000000  0.630000000000000
    endloop
  endfacet
  facet normal -0.000000000000000  0.333297169473511 -0.942821826657055
    outer loop
      vertex  0.939972361516035  0.060027638483965  0.651220384839650
      vertex  0.876666666666667  0.000000000000000  0.630000000000000
      vertex  0.753333333333333  0.000000000000000  0.630000000000000
    endloop
  endfacet
  facet normal -0.000000000000000  0.333297169473511 -0.942821826657055
    outer loop
      vertex  0.939972361516035  0.060027638483965  0.651220384839650
      vertex  0.630000000000000  0.000000000000000  0.630000000000000
      vertex  0.651077201166181  0.060027638483965  0.651220384839650
    endloop
  endfacet
  facet normal -0.000000000000000  0.333297169473511 -0.942821826657055
    outer loop
      vertex  0.939972361516035  0.060027638483965  0.651220384839650
      vertex  0.753333333333333  0.000000000000000  0.630000000000000
      vertex  0.630000000000000  0.000000000000000  0.630000000000000
    endloop
  endfacet
  facet normal -0.000000000000000  0.008591713417988 -0.999963090549118
    outer loop
      vertex  0.872838483965015  0.127161516034985  0.651797201166181
      vertex  0.651077201166181  0.060027638483965  0.651220384839650
      vertex  0.651272303206997  0.127161516034985  0.651797201166181
    endloop
  endfacet
  facet normal -0.000000000000000  0.008591713417988 -0.999963090549118
    outer loop
      vertex  0.872838483965015  0.127161516034985  0.651797201166181
      vertex  0.939972361516035  0.060027638483965  0.651220384839650
      vertex  0.651077201166181  0.060027638483965  0.651220384839650
    endloop
  endfacet
  facet normal  0.000000000000000 -0.221975879467818 -0.975052157032888
    outer loop
      vertex  0.804581924198251  0.195418075801749  0.636258227405248
      vertex  0.651272303206997  0.127161516034985  0.651797201166181
      vertex  0.635184839650146  0.195418075801749  0.636258227405248
    endloop
  endfacet
  facet normal -0.000000000000000 -0.221975879467818 -0.975052157032889
    outer loop
      vertex  0.804581924198251  0.195418075801749  0.636258227405248
      vertex  0.872838483965015  0.127161516034985  0.651797201166181
      vertex  0.651272303206997  0.127161516034985  0.651797201166181
    endloop
  endfacet
  facet normal  0.000000000000000 -0.393397385166438 -0.919368531843574
    outer loop
      vertex  0.741186239067055  0.258813760932945  0.609131241982507
      vertex  0.635184839650146  0.195418075801749  0.636258227405248
      vertex  0.607414344023324  0.258813760932945  0.609131241982507
    endloop
  endfacet
  facet normal -0.000000000000000 -0.393397385166438 -0.919368531843574
    outer loop
      vertex  0.741186239067055  0.258813760932945  0.609131241982507
      vertex  0.804581924198251  0.195418075801749  0.636258227405248
      vertex  0.635184839650146  0.195418075801749  0.636258227405248
    endloop
  endfacet
  facet normal  0.000000000000000 -0.545312413686423 -0.838232886183480
    outer loop
      vertex  0.688634985422741  0.311365014577260  0.574944023323615
      vertex  0.607414344023324  0.258813760932945  0.609131241982507
      vertex  0.572560349854227  0.311365014577260  0.574944023323615
    endloop
  endfacet
  facet normal -0.000000000000000 -0.545312413686423 -0.838232886183480
    outer loop
      vertex  0.688634985422741  0.311365014577260  0.574944023323615
      vertex  0.741186239067055  0.258813760932945  0.609131241982507
      vertex  0.607414344023324  0.258813760932945  0.609131241982507
    endloop
  endfacet
  facet normal  0.000000000000000 -0.716764804294538 -0.697315004373642
    outer loop
      vertex  0.652911720116618  0.347088279883382  0.538224349854228
      vertex  0.572560349854227  0.311365014577260  0.574944023323615
      vertex  0.535222390670554  0.347088279883382  0.538224349854228
    endloop
  endfacet
  facet normal -0.000000000000000 -0.716764804294538 -0.697315004373642
    outer loop
      vertex  0.652911720116618  0.347088279883382  0.538224349854228
      vertex  0.688634985422741  0.311365014577260  0.574944023323615
      vertex  0.572560349854227  0.311365014577260  0.574944023323615
    endloop
  endfacet
  facet normal  0.000000000000000 -0.937300946997781 -0.348521067881216
    outer loop
      vertex  0.535222390670554  0.347088279883382  0.538224349854228
      vertex  0.500000000000000  0.360000000000000  0.503500000000000
      vertex  0.546666666666667  0.360000000000000  0.503500000000000
    endloop
  endfacet
  facet normal  0.000000000000000 -0.937300946997781 -0.348521067881216
    outer loop
      vertex  0.535222390670554  0.347088279883382  0.538224349854228
      vertex  0.546666666666667  0.360000000000000  0.503500000000000
      vertex  0.593333333333333  0.360000000000000  0.503500000000000
    endloop
  endfacet
  facet normal -0.000000000000000 -0.937300946997781 -0.348521067881216
    outer loop
      vertex  0.535222390670554  0.347088279883382  0.538224349854228
      vertex  0.640000000000000  0.360000000000000  0.503500000000000
      vertex  0.652911720116618  0.347088279883382  0.538224349854228
    endloop
  endfacet
  facet normal  0.000000000000000 -0.937300946997781 -0.348521067881216
    outer loop
      vertex  0.535222390670554  0.347088279883382  0.538224349854228
      vertex  0.593333333333333  0.360000000000000  0.503500000000000
      vertex  0.640000000000000  0.360000000000000  0.503500000000000
    endloop
  endfacet
  facet normal -0.793856712886111  0.429926221395260 -0.430063906370266
    outer loop
      vertex  0.630000000000000  0.370000000000000  1.000000000000000
      vertex  0.651077201166181  0.348922798833819  0.940023055393586
      vertex  0.651077201166181  0.252624412050535  0.843755498542274
    endloop
  endfacet
  facet normal -0.793525882110829  0.430300287253117 -0.430300287253117
    outer loop
      vertex  0.651077201166181  0.252624412050535  0.843755498542274
      vertex  0.630000000000000  0.246666666666667  0.876666666666667
      vertex  0.630000000000000  0.370000000000000  1.000000000000000
    endloop
  endfacet
  facet normal -0.999991488677295  0.002915064868054 -0.002919755089553
    outer loop
      vertex  0.651077201166181  0.348922798833819  0.940023055393586
      vertex  0.651272303206997  0.348727696793003  0.873007463556851
      vertex  0.651272303206997  0.274872303206997  0.799270709426628
    endloop
  endfacet
  facet normal -0.999991453376081  0.002922986617872 -0.002923922711833
    outer loop
      vertex  0.651272303206997  0.274872303206997  0.799270709426628
      vertex  0.651077201166181  0.252624412050535  0.843755498542274
      vertex  0.651077201166181  0.348922798833819  0.940023055393586
    endloop
  endfacet
  facet normal -0.965478592272617 -0.183769256949183  0.184607551480514
    outer loop
      vertex  0.651272303206997  0.348727696793003  0.873007463556851
      vertex  0.635184839650146  0.364815160349854  0.804886087463557
      vertex  0.635184839650146  0.308349465500486  0.748676800777454
    endloop
  endfacet
  facet normal -0.965289660048833 -0.184534825872572  0.184831734945566
    outer loop
      vertex  0.635184839650146  0.308349465500486  0.748676800777454
      vertex  0.651272303206997  0.274872303206997  0.799270709426628
      vertex  0.651272303206997  0.348727696793003  0.873007463556851
    endloop
  endfacet
  facet normal -0.918520110466844 -0.278191395807233  0.280945464399766
    outer loop
      vertex  0.635184839650146  0.364815160349854  0.804886087463557
      vertex  0.607414344023324  0.392585655976676  0.741591790087463
      vertex  0.607414344023324  0.347995024295432  0.697438274052478
    endloop
  endfacet
  facet normal -0.918000891598282 -0.279784350671481  0.281060634283950
    outer loop
      vertex  0.607414344023324  0.347995024295432  0.697438274052478
      vertex  0.635184839650146  0.308349465500486  0.748676800777454
      vertex  0.635184839650146  0.364815160349854  0.804886087463557
    endloop
  endfacet
  facet normal -0.871353853911729 -0.343977078301056  0.349888883613994
    outer loop
      vertex  0.607414344023324  0.392585655976676  0.741591790087463
      vertex  0.572560349854227  0.427439650145773  0.689057434402332
      vertex  0.572560349854227  0.388748104956268  0.651019630709427
    endloop
  endfacet
  facet normal -0.870542132240958 -0.346244809762007  0.349672600737086
    outer loop
      vertex  0.572560349854227  0.388748104956268  0.651019630709427
      vertex  0.607414344023324  0.347995024295432  0.697438274052478
      vertex  0.607414344023324  0.392585655976676  0.741591790087463
    endloop
  endfacet
  facet normal -0.810847216323176 -0.409014102084557  0.418609909195805
    outer loop
      vertex  0.572560349854227  0.427439650145773  0.689057434402332
      vertex  0.535222390670554  0.464777609329446  0.653215883381924
      vertex  0.535222390670554  0.425547832847425  0.614885372206025
    endloop
  endfacet
  facet normal -0.809965310981969 -0.411154192572649  0.418220545807849
    outer loop
      vertex  0.535222390670554  0.425547832847425  0.614885372206025
      vertex  0.572560349854227  0.388748104956268  0.651019630709427
      vertex  0.572560349854227  0.427439650145773  0.689057434402332
    endloop
  endfacet
  facet normal -0.695053953087106 -0.501904384691978  0.514773727889209
    outer loop
      vertex  0.535222390670554  0.464777609329446  0.653215883381924
      vertex  0.500000000000000  0.500000000000000  0.640000000000000
      vertex  0.500000000000000  0.453333333333333  0.594500000000000
    endloop
  endfacet
  facet normal -0.694501161651287 -0.502824841760541  0.514621525952325
    outer loop
      vertex  0.500000000000000  0.453333333333333  0.594500000000000
      vertex  0.535222390670554  0.425547832847425  0.614885372206025
      vertex  0.535222390670554  0.464777609329446  0.653215883381924
    endloop
  endfacet
  facet normal -0.793558499056701  0.430201318731016 -0.430339091806649
    outer loop
      vertex  0.630000000000000  0.246666666666667  0.876666666666667
      vertex  0.651077201166181  0.252624412050535  0.843755498542274
      vertex  0.651077201166181  0.156326025267250  0.747487941690962
    endloop
  endfacet
  facet normal -0.793292627651488  0.430515276682372 -0.430515276682372
    outer loop
      vertex  0.651077201166181  0.156326025267250  0.747487941690962
      vertex  0.630000000000000  0.123333333333333  0.753333333333333
      vertex  0.630000000000000  0.246666666666667  0.876666666666667
    endloop
  endfacet
  facet normal -0.999991457035976  0.002920478276866 -0.002925177208321
    outer loop
      vertex  0.651077201166181  0.252624412050535  0.843755498542274
      vertex  0.651272303206997  0.274872303206997  0.799270709426628
      vertex  0.651272303206997  0.201016909620991  0.725533955296404
    endloop
  endfacet
  facet normal -0.999991428989319  0.002927153824612 -0.002928091253131
    outer loop
      vertex  0.651272303206997  0.201016909620991  0.725533955296404
      vertex  0.651077201166181  0.156326025267250  0.747487941690962
      vertex  0.651077201166181  0.252624412050535  0.843755498542274
    endloop
  endfacet
  facet normal -0.965309231356537 -0.184211551389062  0.185051863521250
    outer loop
      vertex  0.651272303206997  0.274872303206997  0.799270709426628
      vertex  0.635184839650146  0.308349465500486  0.748676800777454
      vertex  0.635184839650146  0.251883770651118  0.692467514091351
    endloop
  endfacet
  facet normal -0.965159432344367 -0.184874548964685  0.185172004638398
    outer loop
      vertex  0.635184839650146  0.251883770651118  0.692467514091351
      vertex  0.651272303206997  0.201016909620991  0.725533955296404
      vertex  0.651272303206997  0.274872303206997  0.799270709426628
    endloop
  endfacet
  facet normal -0.918048282233295 -0.278961389777332  0.281723081237578
    outer loop
      vertex  0.635184839650146  0.308349465500486  0.748676800777454
      vertex  0.607414344023324  0.347995024295432  0.697438274052478
      vertex  0.607414344023324  0.303404392614189  0.653284758017493
    endloop
  endfacet
  facet normal -0.917626192571360 -0.280395473437696  0.281674544789973
    outer loop
      vertex  0.607414344023324  0.303404392614189  0.653284758017493
      vertex  0.635184839650146  0.251883770651118  0.692467514091351
      vertex  0.635184839650146  0.308349465500486  0.748676800777454
    endloop
  endfacet
  facet normal -0.870586259546233 -0.344930994085325  0.350859193991847
    outer loop
      vertex  0.607414344023324  0.347995024295432  0.697438274052478
      vertex  0.572560349854227  0.388748104956268  0.651019630709427
      vertex  0.572560349854227  0.350056559766764  0.612981827016521
    endloop
  endfacet
  facet normal -0.869872960688178 -0.347076432593987  0.350512456556703
    outer loop
      vertex  0.572560349854227  0.350056559766764  0.612981827016521
      vertex  0.607414344023324  0.303404392614189  0.653284758017493
      vertex  0.607414344023324  0.347995024295432  0.697438274052478
    endloop
  endfacet
  facet normal -0.809948882115506 -0.409882500990459  0.419498681454005
    outer loop
      vertex  0.572560349854227  0.388748104956268  0.651019630709427
      vertex  0.535222390670554  0.425547832847425  0.614885372206025
      vertex  0.535222390670554  0.386318056365403  0.576554861030126
    endloop
  endfacet
  facet normal -0.809051495403177 -0.412037506834301  0.419119041261139
    outer loop
      vertex  0.535222390670554  0.386318056365403  0.576554861030126
      vertex  0.572560349854227  0.350056559766764  0.612981827016521
      vertex  0.572560349854227  0.388748104956268  0.651019630709427
    endloop
  endfacet
  facet normal -0.694437656703480 -0.502319960490235  0.515199959477162
    outer loop
      vertex  0.535222390670554  0.425547832847425  0.614885372206025
      vertex  0.500000000000000  0.453333333333333  0.594500000000000
      vertex  0.500000000000000  0.406666666666667  0.549000000000000
    endloop
  endfacet
  facet normal -0.693766988333519 -0.503319600690202  0.515127892333248
    outer loop
      vertex  0.500000000000000  0.406666666666667  0.549000000000000
      vertex  0.535222390670554  0.386318056365403  0.576554861030126
      vertex  0.535222390670554  0.425547832847425  0.614885372206025
    endloop
  endfacet
  facet normal -0.793259712330109  0.430476664687520 -0.430614525943402
    outer loop
      vertex  0.630000000000000  0.123333333333333  0.753333333333333
      vertex  0.651077201166181  0.156326025267250  0.747487941690962
      vertex  0.651077201166181  0.060027638483965  0.651220384839650
    endloop
  endfacet
  facet normal -0.793059023361147  0.430730417700831 -0.430730417700831
    outer loop
      vertex  0.651077201166181  0.060027638483965  0.651220384839650
      vertex  0.630000000000000  0.000000000000000  0.630000000000000
      vertex  0.630000000000000  0.123333333333333  0.753333333333333
    endloop
  endfacet
  facet normal -0.999991425217887  0.002925911828808 -0.002930619502628
    outer loop
      vertex  0.651077201166181  0.156326025267250  0.747487941690962
      vertex  0.651272303206997  0.201016909620991  0.725533955296404
      vertex  0.651272303206997  0.127161516034985  0.651797201166181
    endloop
  endfacet
  facet normal -0.999991404498031  0.002931332930316 -0.002932271697204
    outer loop
      vertex  0.651272303206997  0.127161516034985  0.651797201166181
      vertex  0.651077201166181  0.060027638483965  0.651220384839650
      vertex  0.651077201166181  0.156326025267250  0.747487941690962
    endloop
  endfacet
  facet normal -0.965138643271017 -0.184655901549425  0.185498240659984
    outer loop
      vertex  0.651272303206997  0.201016909620991  0.725533955296404
      vertex  0.635184839650146  0.251883770651118  0.692467514091351
      vertex  0.635184839650146  0.195418075801749  0.636258227405248
    endloop
  endfacet
  facet normal -0.965028483462129 -0.185215478987224  0.185513483203557
    outer loop
      vertex  0.635184839650146  0.195418075801749  0.636258227405248
      vertex  0.651272303206997  0.127161516034985  0.651797201166181
      vertex  0.651272303206997  0.201016909620991  0.725533955296404
    endloop
  endfacet
  facet normal -0.917572520837399 -0.279735257450295  0.282504610127550
    outer loop
      vertex  0.635184839650146  0.251883770651118  0.692467514091351
      vertex  0.607414344023324  0.303404392614189  0.653284758017493
      vertex  0.607414344023324  0.258813760932945  0.609131241982507
    endloop
  endfacet
  facet normal -0.917249030659703 -0.281009019797696  0.282290889945411
    outer loop
      vertex  0.607414344023324  0.258813760932945  0.609131241982507
      vertex  0.635184839650146  0.195418075801749  0.636258227405248
      vertex  0.635184839650146  0.251883770651118  0.692467514091351
    endloop
  endfacet
  facet normal -0.869812255306531 -0.345889364120470  0.351834035174120
    outer loop
      vertex  0.607414344023324  0.303404392614189  0.653284758017493
      vertex  0.572560349854227  0.350056559766764  0.612981827016521
      vertex  0.572560349854227  0.311365014577260  0.574944023323615
    endloop
  endfacet
  facet normal -0.869198951868216 -0.347911413434996  0.351355703629324
    outer loop
      vertex  0.572560349854227  0.311365014577260  0.574944023323615
      vertex  0.607414344023324  0.258813760932945  0.609131241982507
      vertex  0.607414344023324  0.303404392614189  0.653284758017493
    endloop
  endfacet
  facet normal -0.809044810941951 -0.410753623358327  0.420390241068829
    outer loop
      vertex  0.572560349854227  0.350056559766764  0.612981827016521
      vertex  0.535222390670554  0.386318056365403  0.576554861030126
      vertex  0.535222390670554  0.347088279883382  0.538224349854228
    endloop
  endfacet
  facet normal -0.808131774491054 -0.412923617834883  0.420020381519864
    outer loop
      vertex  0.535222390670554  0.347088279883382  0.538224349854228
      vertex  0.572560349854227  0.311365014577260  0.574944023323615
      vertex  0.572560349854227  0.350056559766764  0.612981827016521
    endloop
  endfacet
  facet normal -0.693819828221905 -0.502735855025022  0.515626517974382
    outer loop
      vertex  0.535222390670554  0.386318056365403  0.576554861030126
      vertex  0.500000000000000  0.406666666666667  0.549000000000000
      vertex  0.500000000000000  0.360000000000000  0.503500000000000
    endloop
  endfacet
  facet normal -0.693030645775940 -0.503814808604320  0.515634718232176
    outer loop
      vertex  0.500000000000000  0.360000000000000  0.503500000000000
      vertex  0.535222390670554  0.347088279883382  0.538224349854228
      vertex  0.535222390670554  0.386318056365403  0.576554861030126
    endloop
  endfacet
  facet normal -0.333297169473511 -0.000000000000000 -0.942821826657055
    outer loop
      vertex  0.939972361516035  0.348922798833819  0.651220384839650
      vertex  1.000000000000000  0.370000000000000  0.630000000000000
      vertex  1.000000000000000  0.246666666666667  0.630000000000000
    endloop
  endfacet
  facet normal -0.333297169473511 -0.000000000000000 -0.942821826657055
    outer loop
      vertex  0.939972361516035  0.348922798833819  0.651220384839650
      vertex  1.000000000000000  0.246666666666667  0.630000000000000
      vertex  1.000000000000000  0.123333333333333  0.630000000000000
    endloop
  endfacet
  facet normal -0.333297169473511  0.000000000000000 -0.942821826657055
    outer loop
      vertex  0.939972361516035  0.348922798833819  0.651220384839650
      vertex  1.000000000000000  0.000000000000000  0.630000000000000
      vertex  0.939972361516035  0.060027638483965  0.651220384839650
    endloop
  endfacet
  facet normal -0.333297169473511 -0.000000000000000 -0.942821826657055
    outer loop
      vertex  0.939972361516035  0.348922798833819  0.651220384839650
      vertex  1.000000000000000  0.123333333333333  0.630000000000000
      vertex  1.000000000000000  0.000000000000000  0.630000000000000
    endloop
  endfacet
  facet normal -0.008591713417988 -0.000000000000000 -0.999963090549118
    outer loop
      vertex  0.872838483965015  0.127161516034985  0.651797201166181
      vertex  0.939972361516035  0.348922798833819  0.651220384839650
      vertex  0.939972361516035  0.060027638483965  0.651220384839650
    endloop
  endfacet
  facet normal -0.008591713417988 -0.000000000000000 -0.999963090549118
    outer loop
      vertex  0.872838483965015  0.127161516034985  0.651797201166181
      vertex  0.872838483965015  0.348727696793003  0.651797201166181
      vertex  0.939972361516035  0.348922798833819  0.651220384839650
    endloop
  endfacet
  facet normal  0.221975879467819 -0.000000000000000 -0.975052157032888
    outer loop
      vertex  0.804581924198251  0.195418075801749  0.636258227405248
      vertex  0.872838483965015  0.348727696793003  0.651797201166181
      vertex  0.872838483965015  0.127161516034985  0.651797201166181
    endloop
  endfacet
  facet normal  0.221975879467819 -0.000000000000000 -0.975052157032888
    outer loop
      vertex  0.804581924198251  0.195418075801749  0.636258227405248
      vertex  0.804581924198251  0.364815160349854  0.636258227405248
      vertex  0.872838483965015  0.348727696793003  0.651797201166181
    endloop
  endfacet
  facet normal  0.393397385166438 -0.000000000000000 -0.919368531843575
    outer loop
      vertex  0.741186239067055  0.258813760932945  0.609131241982507
      vertex  0.804581924198251  0.364815160349854  0.636258227405248
      vertex  0.804581924198251  0.195418075801749  0.636258227405248
    endloop
  endfacet
  facet normal  0.393397385166437 -0.000000000000000 -0.919368531843574
    outer loop
      vertex  0.741186239067055  0.258813760932945  0.609131241982507
      vertex  0.741186239067055  0.392585655976676  0.609131241982507
      vertex  0.804581924198251  0.364815160349854  0.636258227405248
    endloop
  endfacet
  facet normal  0.545312413686425 -0.000000000000000 -0.838232886183479
    outer loop
      vertex  0.688634985422741  0.311365014577260  0.574944023323615
      vertex  0.741186239067055  0.392585655976676  0.609131241982507
      vertex  0.741186239067055  0.258813760932945  0.609131241982507
    endloop
  endfacet
  facet normal  0.545312413686425 -0.000000000000000 -0.838232886183479
    outer loop
      vertex  0.688634985422741  0.311365014577260  0.574944023323615
      vertex  0.688634985422741  0.427439650145773  0.574944023323615
      vertex  0.741186239067055  0.392585655976676  0.609131241982507
    endloop
  endfacet
  facet normal  0.716764804294540 -0.000000000000000 -0.697315004373641
    outer loop
      vertex  0.652911720116618  0.347088279883382  0.538224349854228
      vertex  0.688634985422741  0.427439650145773  0.574944023323615
      vertex  0.688634985422741  0.311365014577260  0.574944023323615
    endloop
  endfacet
  facet normal  0.716764804294539 -0.000000000000000 -0.697315004373641
    outer loop
      vertex  0.652911720116618  0.347088279883382  0.538224349854228
      vertex  0.652911720116618  0.464777609329446  0.538224349854228
      vertex  0.688634985422741  0.427439650145773  0.574944023323615
    endloop
  endfacet
  facet normal  0.937300946997779 -0.000000000000002 -0.348521067881222
    outer loop
      vertex  0.652911720116618  0.347088279883382  0.538224349854228
      vertex  0.640000000000000  0.360000000000000  0.503500000000000
      vertex  0.640000000000000  0.406666666666667  0.503500000000000
    endloop
  endfacet
  facet normal  0.937300946997781  0.000000000000002 -0.348521067881216
    outer loop
      vertex  0.652911720116618  0.347088279883382  0.538224349854228
      vertex  0.640000000000000  0.406666666666667  0.503500000000000
      vertex  0.640000000000000  0.453333333333333  0.503500000000000
    endloop
  endfacet
  facet normal  0.937300946997779 -0.000000000000000 -0.348521067881222
    outer loop
      vertex  0.652911720116618  0.347088279883382  0.538224349854228
      vertex  0.640000000000000  0.500000000000000  0.503500000000000
      vertex  0.652911720116618  0.464777609329446  0.538224349854228
    endloop
  endfacet
  facet normal  0.937300946997779 -0.000000000000000 -0.348521067881222
    outer loop
      vertex  0.652911720116618  0.347088279883382  0.538224349854228
      vertex  0.640000000000000  0.453333333333333  0.503500000000000
      vertex  0.640000000000000  0.500000000000000  0.503500000000000
    endloop
  endfacet
  facet normal  0.426401432711221 -0.639602149066831 -0.639602149066832
    outer loop
      vertex  0.370000000000000  0.630000000000000  1.000000000000000
      vertex  0.246666666666667  0.753333333333333  0.794444444444445
      vertex  0.370000000000000  0.753333333333333  0.876666666666667
    endloop
  endfacet
  facet normal  0.639602149066831 -0.426401432711221 -0.639602149066832
    outer loop
      vertex  0.246666666666667  0.753333333333333  0.794444444444445
      vertex  0.370000000000000  0.630000000000000  1.000000000000000
      vertex  0.246666666666667  0.630000000000000  0.876666666666667
    endloop
  endfacet
  facet normal  0.229415733870562 -0.688247201611685 -0.688247201611685
    outer loop
      vertex  0.370000000000000  0.753333333333333  0.876666666666667
      vertex  0.246666666666667  0.876666666666667  0.712222222222222
      vertex  0.370000000000000  0.876666666666667  0.753333333333333
    endloop
  endfacet
  facet normal  0.485071250072666 -0.485071250072666 -0.727606875108999
    outer loop
      vertex  0.246666666666667  0.876666666666667  0.712222222222222
      vertex  0.370000000000000  0.753333333333333  0.876666666666667
      vertex  0.246666666666667  0.753333333333333  0.794444444444445
    endloop
  endfacet
  facet normal  0.000000000000000 -0.707106781186548 -0.707106781186547
    outer loop
      vertex  0.370000000000000  0.876666666666667  0.753333333333333
      vertex  0.246666666666667  1.000000000000000  0.630000000000000
      vertex  0.370000000000000  1.000000000000000  0.630000000000000
    endloop
  endfacet
  facet normal  0.267261241912424 -0.534522483824849 -0.801783725737273
    outer loop
      vertex  0.246666666666667  1.000000000000000  0.630000000000000
      vertex  0.370000000000000  0.876666666666667  0.753333333333333
      vertex  0.246666666666667  0.876666666666667  0.712222222222222
    endloop
  endfacet
  facet normal  0.485071250072666 -0.485071250072666 -0.727606875108999
    outer loop
      vertex  0.246666666666667  0.630000000000000  0.876666666666667
      vertex  0.123333333333333  0.753333333333333  0.712222222222222
      vertex  0.246666666666667  0.753333333333333  0.794444444444445
    endloop
  endfacet
  facet normal  0.688247201611685 -0.229415733870562 -0.688247201611685
    outer loop
      vertex  0.123333333333333  0.753333333333333  0.712222222222222
      vertex  0.246666666666667  0.630000000000000  0.876666666666667
      vertex  0.123333333333333  0.630000000000000  0.753333333333333
    endloop
  endfacet
  facet normal  0.267261241912424 -0.534522483824849 -0.801783725737273
    outer loop
      vertex  0.246666666666667  0.753333333333333  0.794444444444445
      vertex  0.123333333333333  0.876666666666667  0.671111111111111
      vertex  0.246666666666667  0.876666666666667  0.712222222222222
    endloop
  endfacet
  facet normal  0.534522483824849 -0.267261241912424 -0.801783725737273
    outer loop
      vertex  0.123333333333333  0.876666666666667  0.671111111111111
      vertex  0.246666666666667  0.753333333333333  0.794444444444445
      vertex  0.123333333333333  0.753333333333333  0.712222222222222
    endloop
  endfacet
  facet normal  0.000000000000000 -0.554700196225230 -0.832050294337843
    outer loop
      vertex  0.246666666666667  0.876666666666667  0.712222222222222
      vertex  0.123333333333333  1.000000000000000  0.630000000000000
      vertex  0.246666666666667  1.000000000000000  0.630000000000000
    endloop
  endfacet
  facet normal  0.301511344577763 -0.301511344577764 -0.904534033733291
    outer loop
      vertex  0.123333333333333  1.000000000000000  0.630000000000000
      vertex  0.246666666666667  0.876666666666667  0.712222222222222
      vertex  0.123333333333333  0.876666666666667  0.671111111111111
    endloop
  endfacet
  facet normal  0.534522483824849 -0.267261241912424 -0.801783725737273
    outer loop
      vertex  0.123333333333333  0.630000000000000  0.753333333333333
      vertex  0.000000000000000  0.753333333333333  0.630000000000000
      vertex  0.123333333333333  0.753333333333333  0.712222222222222
    endloop
  endfacet
  facet normal  0.707106781186548 -0.000000000000000 -0.707106781186547
    outer loop
      vertex  0.000000000000000  0.753333333333333  0.630000000000000
      vertex  0.123333333333333  0.630000000000000  0.753333333333333
      vertex  0.000000000000000  0.630000000000000  0.630000000000000
    endloop
  endfacet
  facet normal  0.301511344577764 -0.301511344577764 -0.904534033733291
    outer loop
      vertex  0.123333333333333  0.753333333333333  0.712222222222222
      vertex  0.000000000000000  0.876666666666667  0.630000000000000
      vertex  0.123333333333333  0.876666666666667  0.671111111111111
    endloop
  endfacet
  facet normal  0.554700196225229 -0.000000000000000 -0.832050294337843
    outer loop
      vertex  0.000000000000000  0.876666666666667  0.630000000000000
      vertex  0.123333333333333  0.753333333333333  0.712222222222222
      vertex  0.000000000000000  0.753333333333333  0.630000000000000
    endloop
  endfacet
  facet normal  0.000000000000000 -0.316227766016839 -0.948683298050514
    outer loop
      vertex  0.123333333333333  0.876666666666667  0.671111111111111
      vertex  0.000000000000000  1.000000000000000  0.630000000000000
      vertex  0.123333333333333  1.000000000000000  0.630000000000000
    endloop
  endfacet
  facet normal  0.316227766016839 -0.000000000000000 -0.948683298050514
    outer loop
      vertex  0.000000000000000  1.000000000000000  0.630000000000000
      vertex  0.123333333333333  0.876666666666667  0.671111111111111
      vertex  0.000000000000000  0.876666666666667  0.630000000000000
    endloop
  endfacet
  facet normal  0.421942283990625 -0.632913425985939 -0.649141975370193
    outer loop
      vertex  0.500000000000000  0.500000000000000  0.640000000000000
      vertex  0.453333333333333  0.546666666666667  0.564166666666667
      vertex  0.500000000000000  0.546666666666667  0.594500000000000
    endloop
  endfacet
  facet normal  0.632913425985938 -0.421942283990625 -0.649141975370193
    outer loop
      vertex  0.453333333333333  0.546666666666667  0.564166666666667
      vertex  0.500000000000000  0.500000000000000  0.640000000000000
      vertex  0.453333333333333  0.500000000000000  0.594500000000000
    endloop
  endfacet
  facet normal  0.226644614220180 -0.679933842660547 -0.697368043754407
    outer loop
      vertex  0.500000000000000  0.546666666666667  0.594500000000000
      vertex  0.453333333333333  0.593333333333333  0.533833333333333
      vertex  0.500000000000000  0.593333333333333  0.549000000000000
    endloop
  endfacet
  facet normal  0.478536612991001 -0.478536612991002 -0.736210173832311
    outer loop
      vertex  0.453333333333333  0.593333333333333  0.533833333333333
      vertex  0.500000000000000  0.546666666666667  0.594500000000000
      vertex  0.453333333333333  0.546666666666667  0.564166666666667
    endloop
  endfacet
  facet normal  0.000000000000000 -0.698100136129540 -0.716000139620041
    outer loop
      vertex  0.500000000000000  0.593333333333333  0.549000000000000
      vertex  0.453333333333333  0.640000000000000  0.503500000000000
      vertex  0.500000000000000  0.640000000000000  0.503500000000000
    endloop
  endfacet
  facet normal  0.262908072140676 -0.525816144281358 -0.808947914279009
    outer loop
      vertex  0.453333333333333  0.640000000000000  0.503500000000000
      vertex  0.500000000000000  0.593333333333333  0.549000000000000
      vertex  0.453333333333333  0.593333333333333  0.533833333333333
    endloop
  endfacet
  facet normal  0.478536612991002 -0.478536612991001 -0.736210173832310
    outer loop
      vertex  0.453333333333333  0.500000000000000  0.594500000000000
      vertex  0.406666666666667  0.546666666666667  0.533833333333333
      vertex  0.453333333333333  0.546666666666667  0.564166666666667
    endloop
  endfacet
  facet normal  0.679933842660548 -0.226644614220181 -0.697368043754406
    outer loop
      vertex  0.406666666666667  0.546666666666667  0.533833333333333
      vertex  0.453333333333333  0.500000000000000  0.594500000000000
      vertex  0.406666666666667  0.500000000000000  0.549000000000000
    endloop
  endfacet
  facet normal  0.262908072140679 -0.525816144281356 -0.808947914279010
    outer loop
      vertex  0.453333333333333  0.546666666666667  0.564166666666667
      vertex  0.406666666666667  0.593333333333333  0.518666666666667
      vertex  0.453333333333333  0.593333333333333  0.533833333333333
    endloop
  endfacet
  facet normal  0.525816144281357 -0.262908072140678 -0.808947914279009
    outer loop
      vertex  0.406666666666667  0.593333333333333  0.518666666666667
      vertex  0.453333333333333  0.546666666666667  0.564166666666667
      vertex  0.406666666666667  0.546666666666667  0.533833333333333
    endloop
  endfacet
  facet normal -0.000000000000001 -0.544988350595416 -0.838443616300636
    outer loop
      vertex  0.453333333333333  0.593333333333333  0.533833333333333
      vertex  0.406666666666667  0.640000000000000  0.503500000000000
      vertex  0.453333333333333  0.640000000000000  0.503500000000000
    endloop
  endfacet
  facet normal  0.295302052775767 -0.295302052775765 -0.908621700848509
    outer loop
      vertex  0.406666666666667  0.640000000000000  0.503500000000000
      vertex  0.453333333333333  0.593333333333333  0.533833333333333
      vertex  0.406666666666667  0.593333333333333  0.518666666666667
    endloop
  endfacet
  facet normal  0.525816144281357 -0.262908072140677 -0.808947914279010
    outer loop
      vertex  0.406666666666667  0.500000000000000  0.549000000000000
      vertex  0.360000000000000  0.546666666666667  0.503500000000000
      vertex  0.406666666666667  0.546666666666667  0.533833333333333
    endloop
  endfacet
  facet normal  0.698100136129539 -0.000000000000000 -0.716000139620041
    outer loop
      vertex  0.360000000000000  0.546666666666667  0.503500000000000
      vertex  0.406666666666667  0.500000000000000  0.549000000000000
      vertex  0.360000000000000  0.500000000000000  0.503500000000000
    endloop
  endfacet
  facet normal  0.295302052775766 -0.295302052775765 -0.908621700848509
    outer loop
      vertex  0.406666666666667  0.546666666666667  0.533833333333333
      vertex  0.360000000000000  0.593333333333333  0.503500000000000
      vertex  0.406666666666667  0.593333333333333  0.518666666666667
    endloop
  endfacet
  facet normal  0.544988350595414 -0.000000000000000 -0.838443616300637
    outer loop
      vertex  0.360000000000000  0.593333333333333  0.503500000000000
      vertex  0.406666666666667  0.546666666666667  0.533833333333333
      vertex  0.360000000000000  0.546666666666667  0.503500000000000
    endloop
  endfacet
  facet normal  0.000000000000001 -0.309086072337558 -0.951034068730948
    outer loop
      vertex  0.406666666666667  0.593333333333333  0.518666666666667
      vertex  0.360000000000000  0.640000000000000  0.503500000000000
      vertex  0.406666666666667  0.640000000000000  0.503500000000000
    endloop
  endfacet
  facet normal  0.309086072337558 -0.000000000000000 -0.951034068730948
    outer loop
      vertex  0.360000000000000  0.640000000000000  0.503500000000000
      vertex  0.406666666666667  0.593333333333333  0.518666666666667
      vertex  0.360000000000000  0.593333333333333  0.503500000000000
    endloop
  endfacet
  facet normal  0.429926221395260 -0.793856712886111 -0.430063906370266
    outer loop
      vertex  0.370000000000000  0.630000000000000  1.000000000000000
      vertex  0.252624412050535  0.651077201166181  0.843755498542274
      vertex  0.348922798833819  0.651077201166181  0.940023055393586
    endloop
  endfacet
  facet normal  0.430300287253117 -0.793525882110829 -0.430300287253117
    outer loop
      vertex  0.252624412050535  0.651077201166181  0.843755498542274
      vertex  0.370000000000000  0.630000000000000  1.000000000000000
      vertex  0.246666666666667  0.630000000000000  0.876666666666667
    endloop
  endfacet
  facet normal  0.002915064868054 -0.999991488677295 -0.002919755089553
    outer loop
      vertex  0.348922798833819  0.651077201166181  0.940023055393586
      vertex  0.274872303206997  0.651272303206997  0.799270709426628
      vertex  0.348727696793003  0.651272303206997  0.873007463556851
    endloop
  endfacet
  facet normal  0.002922986617872 -0.999991453376081 -0.002923922711833
    outer loop
      vertex  0.274872303206997  0.651272303206997  0.799270709426628
      vertex  0.348922798833819  0.651077201166181  0.940023055393586
      vertex  0.252624412050535  0.651077201166181  0.843755498542274
    endloop
  endfacet
  facet normal -0.183769256949183 -0.965478592272617  0.184607551480514
    outer loop
      vertex  0.348727696793003  0.651272303206997  0.873007463556851
      vertex  0.308349465500486  0.635184839650146  0.748676800777454
      vertex  0.364815160349854  0.635184839650146  0.804886087463557
    endloop
  endfacet
  facet normal -0.184534825872572 -0.965289660048833  0.184831734945566
    outer loop
      vertex  0.308349465500486  0.635184839650146  0.748676800777454
      vertex  0.348727696793003  0.651272303206997  0.873007463556851
      vertex  0.274872303206997  0.651272303206997  0.799270709426628
    endloop
  endfacet
  facet normal -0.278191395807233 -0.918520110466844  0.280945464399766
    outer loop
      vertex  0.364815160349854  0.635184839650146  0.804886087463557
      vertex  0.347995024295432  0.607414344023324  0.697438274052478
      vertex  0.392585655976676  0.607414344023324  0.741591790087463
    endloop
  endfacet
  facet normal -0.279784350671481 -0.918000891598282  0.281060634283950
    outer loop
      vertex  0.347995024295432  0.607414344023324  0.697438274052478
      vertex  0.364815160349854  0.635184839650146  0.804886087463557
      vertex  0.308349465500486  0.635184839650146  0.748676800777454
    endloop
  endfacet
  facet normal -0.343977078301056 -0.871353853911729  0.349888883613994
    outer loop
      vertex  0.392585655976676  0.607414344023324  0.741591790087463
      vertex  0.388748104956268  0.572560349854227  0.651019630709427
      vertex  0.427439650145773  0.572560349854227  0.689057434402332
    endloop
  endfacet
  facet normal -0.346244809762007 -0.870542132240958  0.349672600737086
    outer loop
      vertex  0.388748104956268  0.572560349854227  0.651019630709427
      vertex  0.392585655976676  0.607414344023324  0.741591790087463
      vertex  0.347995024295432  0.607414344023324  0.697438274052478
    endloop
  endfacet
  facet normal -0.409014102084557 -0.810847216323176  0.418609909195805
    outer loop
      vertex  0.427439650145773  0.572560349854227  0.689057434402332
      vertex  0.425547832847425  0.535222390670554  0.614885372206025
      vertex  0.464777609329446  0.535222390670554  0.653215883381924
    endloop
  endfacet
  facet normal -0.411154192572649 -0.809965310981969  0.418220545807849
    outer loop
      vertex  0.425547832847425  0.535222390670554  0.614885372206025
      vertex  0.427439650145773  0.572560349854227  0.689057434402332
      vertex  0.388748104956268  0.572560349854227  0.651019630709427
    endloop
  endfacet
  facet normal -0.501904384691978 -0.695053953087106  0.514773727889209
    outer loop
      vertex  0.464777609329446  0.535222390670554  0.653215883381924
      vertex  0.453333333333333  0.500000000000000  0.594500000000000
      vertex  0.500000000000000  0.500000000000000  0.640000000000000
    endloop
  endfacet
  facet normal -0.502824841760541 -0.694501161651287  0.514621525952325
    outer loop
      vertex  0.453333333333333  0.500000000000000  0.594500000000000
      vertex  0.464777609329446  0.535222390670554  0.653215883381924
      vertex  0.425547832847425  0.535222390670554  0.614885372206025
    endloop
  endfacet
  facet normal  0.430201318731016 -0.793558499056701 -0.430339091806649
    outer loop
      vertex  0.246666666666667  0.630000000000000  0.876666666666667
      vertex  0.156326025267250  0.651077201166181  0.747487941690962
      vertex  0.252624412050535  0.651077201166181  0.843755498542274
    endloop
  endfacet
  facet normal  0.430515276682372 -0.793292627651488 -0.430515276682372
    outer loop
      vertex  0.156326025267250  0.651077201166181  0.747487941690962
      vertex  0.246666666666667  0.630000000000000  0.876666666666667
      vertex  0.123333333333333  0.630000000000000  0.753333333333333
    endloop
  endfacet
  facet normal  0.002920478276866 -0.999991457035976 -0.002925177208321
    outer loop
      vertex  0.252624412050535  0.651077201166181  0.843755498542274
      vertex  0.201016909620991  0.651272303206997  0.725533955296404
      vertex  0.274872303206997  0.651272303206997  0.799270709426628
    endloop
  endfacet
  facet normal  0.002927153824612 -0.999991428989319 -0.002928091253131
    outer loop
      vertex  0.201016909620991  0.651272303206997  0.725533955296404
      vertex  0.252624412050535  0.651077201166181  0.843755498542274
      vertex  0.156326025267250  0.651077201166181  0.747487941690962
    endloop
  endfacet
  facet normal -0.184211551389062 -0.965309231356537  0.185051863521250
    outer loop
      vertex  0.274872303206997  0.651272303206997  0.799270709426628
      vertex  0.251883770651118  0.635184839650146  0.692467514091351
      vertex  0.308349465500486  0.635184839650146  0.748676800777454
    endloop
  endfacet
  facet normal -0.184874548964685 -0.965159432344367  0.185172004638398
    outer loop
      vertex  0.251883770651118  0.635184839650146  0.692467514091351
      vertex  0.274872303206997  0.651272303206997  0.799270709426628
      vertex  0.201016909620991  0.651272303206997  0.725533955296404
    endloop
  endfacet
  facet normal -0.278961389777332 -0.918048282233295  0.281723081237578
    outer loop
      vertex  0.308349465500486  0.635184839650146  0.748676800777454
      vertex  0.303404392614189  0.607414344023324  0.653284758017493
      vertex  0.347995024295432  0.607414344023324  0.697438274052478
    endloop
  endfacet
  facet normal -0.280395473437696 -0.917626192571360  0.281674544789973
    outer loop
      vertex  0.303404392614189  0.607414344023324  0.653284758017493
      vertex  0.308349465500486  0.635184839650146  0.748676800777454
      vertex  0.251883770651118  0.635184839650146  0.692467514091351
    endloop
  endfacet
  facet normal -0.344930994085325 -0.870586259546233  0.350859193991847
    outer loop
      vertex  0.347995024295432  0.607414344023324  0.697438274052478
      vertex  0.350056559766764  0.572560349854227  0.612981827016521
      vertex  0.388748104956268  0.572560349854227  0.651019630709427
    endloop
  endfacet
  facet normal -0.347076432593987 -0.869872960688178  0.350512456556703
    outer loop
      vertex  0.350056559766764  0.572560349854227  0.612981827016521
      vertex  0.347995024295432  0.607414344023324  0.697438274052478
      vertex  0.303404392614189  0.607414344023324  0.653284758017493
    endloop
  endfacet
  facet normal -0.409882500990459 -0.809948882115506  0.419498681454005
    outer loop
      vertex  0.388748104956268  0.572560349854227  0.651019630709427
      vertex  0.386318056365403  0.535222390670554  0.576554861030126
      vertex  0.425547832847425  0.535222390670554  0.614885372206025
    endloop
  endfacet
  facet normal -0.412037506834301 -0.809051495403177  0.419119041261139
    outer loop
      vertex  0.386318056365403  0.535222390670554  0.576554861030126
      vertex  0.388748104956268  0.572560349854227  0.651019630709427
      vertex  0.350056559766764  0.572560349854227  0.612981827016521
    endloop
  endfacet
  facet normal -0.502319960490235 -0.694437656703480  0.515199959477162
    outer loop
      vertex  0.425547832847425  0.535222390670554  0.614885372206025
      vertex  0.406666666666667  0.500000000000000  0.549000000000000
      vertex  0.453333333333333  0.500000000000000  0.594500000000000
    endloop
  endfacet
  facet normal -0.503319600690202 -0.693766988333519  0.515127892333248
    outer loop
      vertex  0.406666666666667  0.500000000000000  0.549000000000000
      vertex  0.425547832847425  0.535222390670554  0.614885372206025
      vertex  0.386318056365403  0.535222390670554  0.576554861030126
    endloop
  endfacet
  facet normal  0.430476664687520 -0.793259712330109 -0.430614525943402
    outer loop
      vertex  0.123333333333333  0.630000000000000  0.753333333333333
      vertex  0.060027638483965  0.651077201166181  0.651220384839650
      vertex  0.156326025267250  0.651077201166181  0.747487941690962
    endloop
  endfacet
  facet normal  0.430730417700831 -0.793059023361147 -0.430730417700831
    outer loop
      vertex  0.060027638483965  0.651077201166181  0.651220384839650
      vertex  0.123333333333333  0.630000000000000  0.753333333333333
      vertex  0.000000000000000  0.630000000000000  0.630000000000000
    endloop
  endfacet
  facet normal  0.002925911828808 -0.999991425217887 -0.002930619502628
    outer loop
      vertex  0.156326025267250  0.651077201166181  0.747487941690962
      vertex  0.127161516034985  0.651272303206997  0.651797201166181
      vertex  0.201016909620991  0.651272303206997  0.725533955296404
    endloop
  endfacet
  facet normal  0.002931332930316 -0.999991404498031 -0.002932271697204
    outer loop
      vertex  0.127161516034985  0.651272303206997  0.651797201166181
      vertex  0.156326025267250  0.651077201166181  0.747487941690962
      vertex  0.060027638483965  0.651077201166181  0.651220384839650
    endloop
  endfacet
  facet normal -0.184655901549425 -0.965138643271017  0.185498240659984
    outer loop
      vertex  0.201016909620991  0.651272303206997  0.725533955296404
      vertex  0.195418075801749  0.635184839650146  0.636258227405248
      vertex  0.251883770651118  0.635184839650146  0.692467514091351
    endloop
  endfacet
  facet normal -0.185215478987224 -0.965028483462129  0.185513483203557
    outer loop
      vertex  0.195418075801749  0.635184839650146  0.636258227405248
      vertex  0.201016909620991  0.651272303206997  0.725533955296404
      vertex  0.127161516034985  0.651272303206997  0.651797201166181
    endloop
  endfacet
  facet normal -0.279735257450295 -0.917572520837399  0.282504610127550
    outer loop
      vertex  0.251883770651118  0.635184839650146  0.692467514091351
      vertex  0.258813760932945  0.607414344023324  0.609131241982507
      vertex  0.303404392614189  0.607414344023324  0.653284758017493
    endloop
  endfacet
  facet normal -0.281009019797696 -0.917249030659703  0.282290889945411
    outer loop
      vertex  0.258813760932945  0.607414344023324  0.609131241982507
      vertex  0.251883770651118  0.635184839650146  0.692467514091351
      vertex  0.195418075801749  0.635184839650146  0.636258227405248
    endloop
  endfacet
  facet normal -0.345889364120470 -0.869812255306531  0.351834035174120
    outer loop
      vertex  0.303404392614189  0.607414344023324  0.653284758017493
      vertex  0.311365014577260  0.572560349854227  0.574944023323615
      vertex  0.350056559766764  0.572560349854227  0.612981827016521
    endloop
  endfacet
  facet normal -0.347911413434996 -0.869198951868216  0.351355703629324
    outer loop
      vertex  0.311365014577260  0.572560349854227  0.574944023323615
      vertex  0.303404392614189  0.607414344023324  0.653284758017493
      vertex  0.258813760932945  0.607414344023324  0.609131241982507
    endloop
  endfacet
  facet normal -0.410753623358327 -0.809044810941951  0.420390241068829
    outer loop
      vertex  0.350056559766764  0.572560349854227  0.612981827016521
      vertex  0.347088279883382  0.535222390670554  0.538224349854228
      vertex  0.386318056365403  0.535222390670554  0.576554861030126
    endloop
  endfacet
  facet normal -0.412923617834883 -0.808131774491054  0.420020381519864
    outer loop
      vertex  0.347088279883382  0.535222390670554  0.538224349854228
      vertex  0.350056559766764  0.572560349854227  0.612981827016521
      vertex  0.311365014577260  0.572560349854227  0.574944023323615
    endloop
  endfacet
  facet normal -0.502735855025022 -0.693819828221905  0.515626517974382
    outer loop
      vertex  0.386318056365403  0.535222390670554  0.576554861030126
      vertex  0.360000000000000  0.500000000000000  0.503500000000000
      vertex  0.406666666666667  0.500000000000000  0.549000000000000
    endloop
  endfacet
  facet normal -0.503814808604320 -0.693030645775940  0.515634718232176
    outer loop
      vertex  0.360000000000000  0.500000000000000  0.503500000000000
      vertex  0.386318056365403  0.535222390670554  0.576554861030126
      vertex  0.347088279883382  0.535222390670554  0.538224349854228
    endloop
  endfacet
  facet normal  0.000000000000000 -0.333297169473511 -0.942821826657055
    outer loop
      vertex  0.060027638483965  0.939972361516035  0.651220384839650
      vertex  0.000000000000000  1.000000000000000  0.630000000000000
      vertex  0.123333333333333  1.000000000000000  0.630000000000000
    endloop
  endfacet
  facet normal -0.000000000000000 -0.333297169473511 -0.942821826657055
    outer loop
      vertex  0.060027638483965  0.939972361516035  0.651220384839650
      vertex  0.123333333333333  1.000000000000000  0.630000000000000
      vertex  0.246666666666667  1.000000000000000  0.630000000000000
    endloop
  endfacet
  facet normal -0.000000000000000 -0.333297169473511 -0.942821826657055
    outer loop
      vertex  0.060027638483965  0.939972361516035  0.651220384839650
      vertex  0.370000000000000  1.000000000000000  0.630000000000000
      vertex  0.348922798833819  0.939972361516035  0.651220384839650
    endloop
  endfacet
  facet normal  0.000000000000000 -0.333297169473511 -0.942821826657055
    outer loop
      vertex  0.060027638483965  0.939972361516035  0.651220384839650
      vertex  0.246666666666667  1.000000000000000  0.630000000000000
      vertex  0.370000000000000  1.000000000000000  0.630000000000000
    endloop
  endfacet
  facet normal -0.000000000000000 -0.008591713417988 -0.999963090549118
    outer loop
      vertex  0.127161516034985  0.872838483965015  0.651797201166181
      vertex  0.348922798833819  0.939972361516035  0.651220384839650
      vertex  0.348727696793003  0.872838483965015  0.651797201166181
    endloop
  endfacet
  facet normal  0.000000000000000 -0.008591713417988 -0.999963090549118
    outer loop
      vertex  0.127161516034985  0.872838483965015  0.651797201166181
      vertex  0.060027638483965  0.939972361516035  0.651220384839650
      vertex  0.348922798833819  0.939972361516035  0.651220384839650
    endloop
  endfacet
  facet normal -0.000000000000000  0.221975879467819 -0.975052157032888
    outer loop
      vertex  0.195418075801749  0.804581924198251  0.636258227405248
      vertex  0.348727696793003  0.872838483965015  0.651797201166181
      vertex  0.364815160349854  0.804581924198251  0.636258227405248
    endloop
  endfacet
  facet normal -0.000000000000000  0.221975879467819 -0.975052157032888
    outer loop
      vertex  0.195418075801749  0.804581924198251  0.636258227405248
      vertex  0.127161516034985  0.872838483965015  0.651797201166181
      vertex  0.348727696793003  0.872838483965015  0.651797201166181
    endloop
  endfacet
  facet normal -0.000000000000000  0.393397385166437 -0.919368531843574
    outer loop
      vertex  0.258813760932945  0.741186239067055  0.609131241982507
      vertex  0.364815160349854  0.804581924198251  0.636258227405248
      vertex  0.392585655976676  0.741186239067055  0.609131241982507
    endloop
  endfacet
  facet normal -0.000000000000000  0.393397385166438 -0.919368531843575
    outer loop
      vertex  0.258813760932945  0.741186239067055  0.609131241982507
      vertex  0.195418075801749  0.804581924198251  0.636258227405248
      vertex  0.364815160349854  0.804581924198251  0.636258227405248
    endloop
  endfacet
  facet normal -0.000000000000000  0.545312413686425 -0.838232886183479
    outer loop
      vertex  0.311365014577260  0.688634985422741  0.574944023323615
      vertex  0.392585655976676  0.741186239067055  0.609131241982507
      vertex  0.427439650145773  0.688634985422741  0.574944023323615
    endloop
  endfacet
  facet normal -0.000000000000000  0.545312413686425 -0.838232886183479
    outer loop
      vertex  0.311365014577260  0.688634985422741  0.574944023323615
      vertex  0.258813760932945  0.741186239067055  0.609131241982507
      vertex  0.392585655976676  0.741186239067055  0.609131241982507
    endloop
  endfacet
  facet normal -0.000000000000000  0.716764804294539 -0.697315004373641
    outer loop
      vertex  0.347088279883382  0.652911720116618  0.538224349854228
      vertex  0.427439650145773  0.688634985422741  0.574944023323615
      vertex  0.464777609329446  0.652911720116618  0.538224349854228
    endloop
  endfacet
  facet normal -0.000000000000000  0.716764804294540 -0.697315004373641
    outer loop
      vertex  0.347088279883382  0.652911720116618  0.538224349854228
      vertex  0.311365014577260  0.688634985422741  0.574944023323615
      vertex  0.427439650145773  0.688634985422741  0.574944023323615
    endloop
  endfacet
  facet normal -0.000000000000000  0.937300946997779 -0.348521067881222
    outer loop
      vertex  0.464777609329446  0.652911720116618  0.538224349854228
      vertex  0.500000000000000  0.640000000000000  0.503500000000000
      vertex  0.453333333333333  0.640000000000000  0.503500000000000
    endloop
  endfacet
  facet normal  0.000000000000002  0.937300946997778 -0.348521067881222
    outer loop
      vertex  0.464777609329446  0.652911720116618  0.538224349854228
      vertex  0.453333333333333  0.640000000000000  0.503500000000000
      vertex  0.406666666666667  0.640000000000000  0.503500000000000
    endloop
  endfacet
  facet normal -0.000000000000000  0.937300946997779 -0.348521067881222
    outer loop
      vertex  0.464777609329446  0.652911720116618  0.538224349854228
      vertex  0.360000000000000  0.640000000000000  0.503500000000000
      vertex  0.347088279883382  0.652911720116618  0.538224349854228
    endloop
  endfacet
  facet normal -0.000000000000002  0.937300946997781 -0.348521067881216
    outer loop
      vertex  0.464777609329446  0.652911720116618  0.538224349854228
      vertex  0.406666666666667  0.640000000000000  0.503500000000000
      vertex  0.360000000000000  0.640000000000000  0.503500000000000
    endloop
  endfacet
  facet normal  0.793856712886112 -0.429926221395259 -0.430063906370265
    outer loop
      vertex  0.370000000000000  0.630000000000000  1.000000000000000
      vertex  0.348922798833819  0.651077201166181  0.940023055393586
      vertex  0.348922798833819  0.747375587949466  0.843755498542274
    endloop
  endfacet
  facet normal  0.793525882110830 -0.430300287253116 -0.430300287253116
    outer loop
      vertex  0.348922798833819  0.747375587949466  0.843755498542274
      vertex  0.370000000000000  0.753333333333333  0.876666666666667
      vertex  0.370000000000000  0.630000000000000  1.000000000000000
    endloop
  endfacet
  facet normal  0.999991488677295 -0.002915064868054 -0.002919755089553
    outer loop
      vertex  0.348922798833819  0.651077201166181  0.940023055393586
      vertex  0.348727696793003  0.651272303206997  0.873007463556851
      vertex  0.348727696793003  0.725127696793003  0.799270709426628
    endloop
  endfacet
  facet normal  0.999991453376081 -0.002922986617872 -0.002923922711833
    outer loop
      vertex  0.348727696793003  0.725127696793003  0.799270709426628
      vertex  0.348922798833819  0.747375587949466  0.843755498542274
      vertex  0.348922798833819  0.651077201166181  0.940023055393586
    endloop
  endfacet
  facet normal  0.965478592272618  0.183769256949182  0.184607551480513
    outer loop
      vertex  0.348727696793003  0.651272303206997  0.873007463556851
      vertex  0.364815160349854  0.635184839650146  0.804886087463557
      vertex  0.364815160349854  0.691650534499514  0.748676800777454
    endloop
  endfacet
  facet normal  0.965289660048833  0.184534825872571  0.184831734945565
    outer loop
      vertex  0.364815160349854  0.691650534499514  0.748676800777454
      vertex  0.348727696793003  0.725127696793003  0.799270709426628
      vertex  0.348727696793003  0.651272303206997  0.873007463556851
    endloop
  endfacet
  facet normal  0.918520110466845  0.278191395807231  0.280945464399764
    outer loop
      vertex  0.364815160349854  0.635184839650146  0.804886087463557
      vertex  0.392585655976676  0.607414344023324  0.741591790087463
      vertex  0.392585655976676  0.652004975704567  0.697438274052478
    endloop
  endfacet
  facet normal  0.918000891598283  0.279784350671479  0.281060634283948
    outer loop
      vertex  0.392585655976676  0.652004975704567  0.697438274052478
      vertex  0.364815160349854  0.691650534499514  0.748676800777454
      vertex  0.364815160349854  0.635184839650146  0.804886087463557
    endloop
  endfacet
  facet normal  0.871353853911727  0.343977078301059  0.349888883613996
    outer loop
      vertex  0.392585655976676  0.607414344023324  0.741591790087463
      vertex  0.427439650145773  0.572560349854227  0.689057434402332
      vertex  0.427439650145773  0.611251895043732  0.651019630709427
    endloop
  endfacet
  facet normal  0.870542132240956  0.346244809762009  0.349672600737089
    outer loop
      vertex  0.427439650145773  0.611251895043732  0.651019630709427
      vertex  0.392585655976676  0.652004975704567  0.697438274052478
      vertex  0.392585655976676  0.607414344023324  0.741591790087463
    endloop
  endfacet
  facet normal  0.810847216323173  0.409014102084561  0.418609909195806
    outer loop
      vertex  0.427439650145773  0.572560349854227  0.689057434402332
      vertex  0.464777609329446  0.535222390670554  0.653215883381924
      vertex  0.464777609329446  0.574452167152575  0.614885372206025
    endloop
  endfacet
  facet normal  0.809965310981968  0.411154192572650  0.418220545807851
    outer loop
      vertex  0.464777609329446  0.574452167152575  0.614885372206025
      vertex  0.427439650145773  0.611251895043732  0.651019630709427
      vertex  0.427439650145773  0.572560349854227  0.689057434402332
    endloop
  endfacet
  facet normal  0.695053953087111  0.501904384691975  0.514773727889205
    outer loop
      vertex  0.464777609329446  0.535222390670554  0.653215883381924
      vertex  0.500000000000000  0.500000000000000  0.640000000000000
      vertex  0.500000000000000  0.546666666666667  0.594500000000000
    endloop
  endfacet
  facet normal  0.694501161651291  0.502824841760540  0.514621525952321
    outer loop
      vertex  0.500000000000000  0.546666666666667  0.594500000000000
      vertex  0.464777609329446  0.574452167152575  0.614885372206025
      vertex  0.464777609329446  0.535222390670554  0.653215883381924
    endloop
  endfacet
  facet normal  0.793558499056702 -0.430201318731015 -0.430339091806648
    outer loop
      vertex  0.370000000000000  0.753333333333333  0.876666666666667
      vertex  0.348922798833819  0.747375587949466  0.843755498542274
      vertex  0.348922798833819  0.843673974732750  0.747487941690962
    endloop
  endfacet
  facet normal  0.793292627651489 -0.430515276682371 -0.430515276682371
    outer loop
      vertex  0.348922798833819  0.843673974732750  0.747487941690962
      vertex  0.370000000000000  0.876666666666667  0.753333333333333
      vertex  0.370000000000000  0.753333333333333  0.876666666666667
    endloop
  endfacet
  facet normal  0.999991457035976 -0.002920478276866 -0.002925177208321
    outer loop
      vertex  0.348922798833819  0.747375587949466  0.843755498542274
      vertex  0.348727696793003  0.725127696793003  0.799270709426628
      vertex  0.348727696793003  0.798983090379009  0.725533955296404
    endloop
  endfacet
  facet normal  0.999991428989319 -0.002927153824612 -0.002928091253131
    outer loop
      vertex  0.348727696793003  0.798983090379009  0.725533955296404
      vertex  0.348922798833819  0.843673974732750  0.747487941690962
      vertex  0.348922798833819  0.747375587949466  0.843755498542274
    endloop
  endfacet
  facet normal  0.965309231356537  0.184211551389061  0.185051863521249
    outer loop
      vertex  0.348727696793003  0.725127696793003  0.799270709426628
      vertex  0.364815160349854  0.691650534499514  0.748676800777454
      vertex  0.364815160349854  0.748116229348883  0.692467514091351
    endloop
  endfacet
  facet normal  0.965159432344368  0.184874548964684  0.185172004638397
    outer loop
      vertex  0.364815160349854  0.748116229348883  0.692467514091351
      vertex  0.348727696793003  0.798983090379009  0.725533955296404
      vertex  0.348727696793003  0.725127696793003  0.799270709426628
    endloop
  endfacet
  facet normal  0.918048282233297  0.278961389777330  0.281723081237576
    outer loop
      vertex  0.364815160349854  0.691650534499514  0.748676800777454
      vertex  0.392585655976676  0.652004975704567  0.697438274052478
      vertex  0.392585655976676  0.696595607385811  0.653284758017493
    endloop
  endfacet
  facet normal  0.917626192571362  0.280395473437694  0.281674544789971
    outer loop
      vertex  0.392585655976676  0.696595607385811  0.653284758017493
      vertex  0.364815160349854  0.748116229348883  0.692467514091351
      vertex  0.364815160349854  0.691650534499514  0.748676800777454
    endloop
  endfacet
  facet normal  0.870586259546231  0.344930994085327  0.350859193991850
    outer loop
      vertex  0.392585655976676  0.652004975704567  0.697438274052478
      vertex  0.427439650145773  0.611251895043732  0.651019630709427
      vertex  0.427439650145773  0.649943440233236  0.612981827016521
    endloop
  endfacet
  facet normal  0.869872960688176  0.347076432593989  0.350512456556706
    outer loop
      vertex  0.427439650145773  0.649943440233236  0.612981827016521
      vertex  0.392585655976676  0.696595607385811  0.653284758017493
      vertex  0.392585655976676  0.652004975704567  0.697438274052478
    endloop
  endfacet
  facet normal  0.809948882115504  0.409882500990459  0.419498681454008
    outer loop
      vertex  0.427439650145773  0.611251895043732  0.651019630709427
      vertex  0.464777609329446  0.574452167152575  0.614885372206025
      vertex  0.464777609329446  0.613681943634597  0.576554861030126
    endloop
  endfacet
  facet normal  0.809051495403175  0.412037506834303  0.419119041261142
    outer loop
      vertex  0.464777609329446  0.613681943634597  0.576554861030126
      vertex  0.427439650145773  0.649943440233236  0.612981827016521
      vertex  0.427439650145773  0.611251895043732  0.651019630709427
    endloop
  endfacet
  facet normal  0.694437656703483  0.502319960490231  0.515199959477160
    outer loop
      vertex  0.464777609329446  0.574452167152575  0.614885372206025
      vertex  0.500000000000000  0.546666666666667  0.594500000000000
      vertex  0.500000000000000  0.593333333333333  0.549000000000000
    endloop
  endfacet
  facet normal  0.693766988333524  0.503319600690196  0.515127892333247
    outer loop
      vertex  0.500000000000000  0.593333333333333  0.549000000000000
      vertex  0.464777609329446  0.613681943634597  0.576554861030126
      vertex  0.464777609329446  0.574452167152575  0.614885372206025
    endloop
  endfacet
  facet normal  0.793259712330110 -0.430476664687519 -0.430614525943401
    outer loop
      vertex  0.370000000000000  0.876666666666667  0.753333333333333
      vertex  0.348922798833819  0.843673974732750  0.747487941690962
      vertex  0.348922798833819  0.939972361516035  0.651220384839650
    endloop
  endfacet
  facet normal  0.793059023361149 -0.430730417700829 -0.430730417700829
    outer loop
      vertex  0.348922798833819  0.939972361516035  0.651220384839650
      vertex  0.370000000000000  1.000000000000000  0.630000000000000
      vertex  0.370000000000000  0.876666666666667  0.753333333333333
    endloop
  endfacet
  facet normal  0.999991425217887 -0.002925911828808 -0.002930619502628
    outer loop
      vertex  0.348922798833819  0.843673974732750  0.747487941690962
      vertex  0.348727696793003  0.798983090379009  0.725533955296404
      vertex  0.348727696793003  0.872838483965015  0.651797201166181
    endloop
  endfacet
  facet normal  0.999991404498031 -0.002931332930316 -0.002932271697204
    outer loop
      vertex  0.348727696793003  0.872838483965015  0.651797201166181
      vertex  0.348922798833819  0.939972361516035  0.651220384839650
      vertex  0.348922798833819  0.843673974732750  0.747487941690962
    endloop
  endfacet
  facet normal  0.965138643271018  0.184655901549424  0.185498240659983
    outer loop
      vertex  0.348727696793003  0.798983090379009  0.725533955296404
      vertex  0.364815160349854  0.748116229348883  0.692467514091351
      vertex  0.364815160349854  0.804581924198251  0.636258227405248
    endloop
  endfacet
  facet normal  0.965028483462130  0.185215478987223  0.185513483203555
    outer loop
      vertex  0.364815160349854  0.804581924198251  0.636258227405248
      vertex  0.348727696793003  0.872838483965015  0.651797201166181
      vertex  0.348727696793003  0.798983090379009  0.725533955296404
    endloop
  endfacet
  facet normal  0.917572520837400  0.279735257450293  0.282504610127547
    outer loop
      vertex  0.364815160349854  0.748116229348883  0.692467514091351
      vertex  0.392585655976676  0.696595607385811  0.653284758017493
      vertex  0.392585655976676  0.741186239067055  0.609131241982507
    endloop
  endfacet
  facet normal  0.917249030659705  0.281009019797695  0.282290889945409
    outer loop
      vertex  0.392585655976676  0.741186239067055  0.609131241982507
      vertex  0.364815160349854  0.804581924198251  0.636258227405248
      vertex  0.364815160349854  0.748116229348883  0.692467514091351
    endloop
  endfacet
  facet normal  0.869812255306529  0.345889364120472  0.351834035174122
    outer loop
      vertex  0.392585655976676  0.696595607385811  0.653284758017493
      vertex  0.427439650145773  0.649943440233236  0.612981827016521
      vertex  0.427439650145773  0.688634985422741  0.574944023323615
    endloop
  endfacet
  facet normal  0.869198951868214  0.347911413434999  0.351355703629327
    outer loop
      vertex  0.427439650145773  0.688634985422741  0.574944023323615
      vertex  0.392585655976676  0.741186239067055  0.609131241982507
      vertex  0.392585655976676  0.696595607385811  0.653284758017493
    endloop
  endfacet
  facet normal  0.809044810941948  0.410753623358330  0.420390241068831
    outer loop
      vertex  0.427439650145773  0.649943440233236  0.612981827016521
      vertex  0.464777609329446  0.613681943634597  0.576554861030126
      vertex  0.464777609329446  0.652911720116618  0.538224349854228
    endloop
  endfacet
  facet normal  0.808131774491052  0.412923617834885  0.420020381519866
    outer loop
      vertex  0.464777609329446  0.652911720116618  0.538224349854228
      vertex  0.427439650145773  0.688634985422741  0.574944023323615
      vertex  0.427439650145773  0.649943440233236  0.612981827016521
    endloop
  endfacet
  facet normal  0.693819828221910  0.502735855025019  0.515626517974379
    outer loop
      vertex  0.464777609329446  0.613681943634597  0.576554861030126
      vertex  0.500000000000000  0.593333333333333  0.549000000000000
      vertex  0.500000000000000  0.640000000000000  0.503500000000000
    endloop
  endfacet
  facet normal  0.693030645775945  0.503814808604318  0.515634718232172
    outer loop
      vertex  0.500000000000000  0.640000000000000  0.503500000000000
      vertex  0.464777609329446  0.652911720116618  0.538224349854228
      vertex  0.464777609329446  0.613681943634597  0.576554861030126
    endloop
  endfacet
  facet normal  0.333297169473511 -0.000000000000000 -0.942821826657055
    outer loop
      vertex  0.060027638483965  0.651077201166181  0.651220384839650
      vertex  0.000000000000000  0.630000000000000  0.630000000000000
      vertex  0.000000000000000  0.753333333333333  0.630000000000000
    endloop
  endfacet
  facet normal  0.333297169473511 -0.000000000000000 -0.942821826657055
    outer loop
      vertex  0.060027638483965  0.651077201166181  0.651220384839650
      vertex  0.000000000000000  0.753333333333333  0.630000000000000
      vertex  0.000000000000000  0.876666666666667  0.630000000000000
    endloop
  endfacet
  facet normal  0.333297169473511 -0.000000000000000 -0.942821826657055
    outer loop
      vertex  0.060027638483965  0.651077201166181  0.651220384839650
      vertex  0.000000000000000  1.000000000000000  0.630000000000000
      vertex  0.060027638483965  0.939972361516035  0.651220384839650
    endloop
  endfacet
  facet normal  0.333297169473511 -0.000000000000000 -0.942821826657055
    outer loop
      vertex  0.060027638483965  0.651077201166181  0.651220384839650
      vertex  0.000000000000000  0.876666666666667  0.630000000000000
      vertex  0.000000000000000  1.000000000000000  0.630000000000000
    endloop
  endfacet
  facet normal  0.008591713417988 -0.000000000000000 -0.999963090549118
    outer loop
      vertex  0.127161516034985  0.872838483965015  0.651797201166181
      vertex  0.060027638483965  0.651077201166181  0.651220384839650
      vertex  0.060027638483965  0.939972361516035  0.651220384839650
    endloop
  endfacet
  facet normal  0.008591713417988 -0.000000000000000 -0.999963090549118
    outer loop
      vertex  0.127161516034985  0.872838483965015  0.651797201166181
      vertex  0.127161516034985  0.651272303206997  0.651797201166181
      vertex  0.060027638483965  0.651077201166181  0.651220384839650
    endloop
  endfacet
  facet normal -0.221975879467818  0.000000000000000 -0.975052157032889
    outer loop
      vertex  0.195418075801749  0.804581924198251  0.636258227405248
      vertex  0.127161516034985  0.651272303206997  0.651797201166181
      vertex  0.127161516034985  0.872838483965015  0.651797201166181
    endloop
  endfacet
  facet normal -0.221975879467818 -0.000000000000000 -0.975052157032888
    outer loop
      vertex  0.195418075801749  0.804581924198251  0.636258227405248
      vertex  0.195418075801749  0.635184839650146  0.636258227405248
      vertex  0.127161516034985  0.651272303206997  0.651797201166181
    endloop
  endfacet
  facet normal -0.393397385166438  0.000000000000000 -0.919368531843574
    outer loop
      vertex  0.258813760932945  0.741186239067055  0.609131241982507
      vertex  0.195418075801749  0.635184839650146  0.636258227405248
      vertex  0.195418075801749  0.804581924198251  0.636258227405248
    endloop
  endfacet
  facet normal -0.393397385166438 -0.000000000000000 -0.919368531843574
    outer loop
      vertex  0.258813760932945  0.741186239067055  0.609131241982507
      vertex  0.258813760932945  0.607414344023324  0.609131241982507
      vertex  0.195418075801749  0.635184839650146  0.636258227405248
    endloop
  endfacet
  facet normal -0.545312413686423  0.000000000000000 -0.838232886183480
    outer loop
      vertex  0.311365014577260  0.688634985422741  0.574944023323615
      vertex  0.258813760932945  0.607414344023324  0.609131241982507
      vertex  0.258813760932945  0.741186239067055  0.609131241982507
    endloop
  endfacet
  facet normal -0.545312413686423 -0.000000000000000 -0.838232886183480
    outer loop
      vertex  0.311365014577260  0.688634985422741  0.574944023323615
      vertex  0.311365014577260  0.572560349854227  0.574944023323615
      vertex  0.258813760932945  0.607414344023324  0.609131241982507
    endloop
  endfacet
  facet normal -0.716764804294538  0.000000000000000 -0.697315004373642
    outer loop
      vertex  0.347088279883382  0.652911720116618  0.538224349854228
      vertex  0.311365014577260  0.572560349854227  0.574944023323615
      vertex  0.311365014577260  0.688634985422741  0.574944023323615
    endloop
  endfacet
  facet normal -0.716764804294538 -0.000000000000000 -0.697315004373642
    outer loop
      vertex  0.347088279883382  0.652911720116618  0.538224349854228
      vertex  0.347088279883382  0.535222390670554  0.538224349854228
      vertex  0.311365014577260  0.572560349854227  0.574944023323615
    endloop
  endfacet
  facet normal -0.937300946997781 -0.000000000000000 -0.348521067881216
    outer loop
      vertex  0.347088279883382  0.652911720116618  0.538224349854228
      vertex  0.360000000000000  0.640000000000000  0.503500000000000
      vertex  0.360000000000000  0.593333333333333  0.503500000000000
    endloop
  endfacet
  facet normal -0.937300946997781 -0.000000000000000 -0.348521067881216
    outer loop
      vertex  0.347088279883382  0.652911720116618  0.538224349854228
      vertex  0.360000000000000  0.593333333333333  0.503500000000000
      vertex  0.360000000000000  0.546666666666667  0.503500000000000
    endloop
  endfacet
  facet normal -0.937300946997781  0.000000000000000 -0.348521067881216
    outer loop
      vertex  0.347088279883382  0.652911720116618  0.538224349854228
      vertex  0.360000000000000  0.500000000000000  0.503500000000000
      vertex  0.347088279883382  0.535222390670554  0.538224349854228
    endloop
  endfacet
  facet normal -0.937300946997781 -0.000000000000000 -0.348521067881216
    outer loop
      vertex  0.347088279883382  0.652911720116618  0.538224349854228
      vertex  0.360000000000000  0.546666666666667  0.503500000000000
      vertex  0.360000000000000  0.500000000000000  0.503500000000000
    endloop
  endfacet
  facet normal  0.426401432711221  0.639602149066831  0.639602149066832
    outer loop
      vertex  0.630000000000000  0.630000000000000  1.000000000000000
      vertex  0.753333333333333  0.753333333333333  0.794444444444445
      vertex  0.630000000000000  0.753333333333333  0.876666666666667
    endloop
  endfacet
  facet normal  0.639602149066831  0.426401432711221  0.639602149066832
    outer loop
      vertex  0.753333333333333  0.753333333333333  0.794444444444445
      vertex  0.630000000000000  0.630000000000000  1.000000000000000
      vertex  0.753333333333333  0.630000000000000  0.876666666666667
    endloop
  endfacet
  facet normal  0.229415733870562  0.688247201611685  0.688247201611685
    outer loop
      vertex  0.630000000000000  0.753333333333333  0.876666666666667
      vertex  0.753333333333333  0.876666666666667  0.712222222222222
      vertex  0.630000000000000  0.876666666666667  0.753333333333333
    endloop
  endfacet
  facet normal  0.485071250072666  0.485071250072666  0.727606875108999
    outer loop
      vertex  0.753333333333333  0.876666666666667  0.712222222222222
      vertex  0.630000000000000  0.753333333333333  0.876666666666667
      vertex  0.753333333333333  0.753333333333333  0.794444444444445
    endloop
  endfacet
  facet normal  0.000000000000000  0.707106781186548  0.707106781186547
    outer loop
      vertex  0.630000000000000  0.876666666666667  0.753333333333333
      vertex  0.753333333333333  1.000000000000000  0.630000000000000
      vertex  0.630000000000000  1.000000000000000  0.630000000000000
    endloop
  endfacet
  facet normal  0.267261241912424  0.534522483824849  0.801783725737273
    outer loop
      vertex  0.753333333333333  1.000000000000000  0.630000000000000
      vertex  0.630000000000000  0.876666666666667  0.753333333333333
      vertex  0.753333333333333  0.876666666666667  0.712222222222222
    endloop
  endfacet
  facet normal  0.485071250072666  0.485071250072666  0.727606875108999
    outer loop
      vertex  0.753333333333333  0.630000000000000  0.876666666666667
      vertex  0.876666666666667  0.753333333333333  0.712222222222222
      vertex  0.753333333333333  0.753333333333333  0.794444444444445
    endloop
  endfacet
  facet normal  0.688247201611685  0.229415733870562  0.688247201611685
    outer loop
      vertex  0.876666666666667  0.753333333333333  0.712222222222222
      vertex  0.753333333333333  0.630000000000000  0.876666666666667
      vertex  0.876666666666667  0.630000000000000  0.753333333333333
    endloop
  endfacet
  facet normal  0.267261241912424  0.534522483824849  0.801783725737273
    outer loop
      vertex  0.753333333333333  0.753333333333333  0.794444444444445
      vertex  0.876666666666667  0.876666666666667  0.671111111111111
      vertex  0.753333333333333  0.876666666666667  0.712222222222222
    endloop
  endfacet
  facet normal  0.534522483824849  0.267261241912424  0.801783725737273
    outer loop
      vertex  0.876666666666667  0.876666666666667  0.671111111111111
      vertex  0.753333333333333  0.753333333333333  0.794444444444445
      vertex  0.876666666666667  0.753333333333333  0.712222222222222
    endloop
  endfacet
  facet normal  0.000000000000000  0.554700196225230  0.832050294337843
    outer loop
      vertex  0.753333333333333  0.876666666666667  0.712222222222222
      vertex  0.876666666666667  1.000000000000000  0.630000000000000
      vertex  0.753333333333333  1.000000000000000  0.630000000000000
    endloop
  endfacet
  facet normal  0.301511344577764  0.301511344577764  0.904534033733291
    outer loop
      vertex  0.876666666666667  1.000000000000000  0.630000000000000
      vertex  0.753333333333333  0.876666666666667  0.712222222222222
      vertex  0.876666666666667  0.876666666666667  0.671111111111111
    endloop
  endfacet
  facet normal  0.534522483824849  0.267261241912424  0.801783725737273
    outer loop
      vertex  0.876666666666667  0.630000000000000  0.753333333333333
      vertex  1.000000000000000  0.753333333333333  0.630000000000000
      vertex  0.876666666666667  0.753333333333333  0.712222222222222
    endloop
  endfacet
  facet normal  0.707106781186548 -0.000000000000000  0.707106781186547
    outer loop
      vertex  1.000000000000000  0.753333333333333  0.630000000000000
      vertex  0.876666666666667  0.630000000000000  0.753333333333333
      vertex  1.000000000000000  0.630000000000000  0.630000000000000
    endloop
  endfacet
  facet normal  0.301511344577764  0.301511344577764  0.904534033733291
    outer loop
      vertex  0.876666666666667  0.753333333333333  0.712222222222222
      vertex  1.000000000000000  0.876666666666667  0.630000000000000
      vertex  0.876666666666667  0.876666666666667  0.671111111111111
    endloop
  endfacet
  facet normal  0.554700196225230 -0.000000000000000  0.832050294337843
    outer loop
      vertex  1.000000000000000  0.876666666666667  0.630000000000000
      vertex  0.876666666666667  0.753333333333333  0.712222222222222
      vertex  1.000000000000000  0.753333333333333  0.630000000000000
    endloop
  endfacet
  facet normal  0.000000000000000  0.316227766016839  0.948683298050514
    outer loop
      vertex  0.876666666666667  0.876666666666667  0.671111111111111
      vertex  1.000000000000000  1.000000000000000  0.630000000000000
      vertex  0.876666666666667  1.000000000000000  0.630000000000000
    endloop
  endfacet
  facet normal  0.316227766016839 -0.000000000000000  0.948683298050514
    outer loop
      vertex  1.000000000000000  1.000000000000000  0.630000000000000
      vertex  0.876666666666667  0.876666666666667  0.671111111111111
      vertex  1.000000000000000  0.876666666666667  0.630000000000000
    endloop
  endfacet
  facet normal -0.421942283990626 -0.632913425985938 -0.649141975370193
    outer loop
      vertex  0.500000000000000  0.500000000000000  0.640000000000000
      vertex  0.500000000000000  0.546666666666667  0.594500000000000
      vertex  0.546666666666667  0.546666666666667  0.564166666666667
    endloop
  endfacet
  facet normal -0.632913425985938 -0.421942283990626 -0.649141975370193
    outer loop
      vertex  0.546666666666667  0.546666666666667  0.564166666666667
      vertex  0.546666666666667  0.500000000000000  0.594500000000000
      vertex  0.500000000000000  0.500000000000000  0.640000000000000
    endloop
  endfacet
  facet normal -0.226644614220181 -0.679933842660547 -0.697368043754407
    outer loop
      vertex  0.500000000000000  0.546666666666667  0.594500000000000
      vertex  0.500000000000000  0.593333333333333  0.549000000000000
      vertex  0.546666666666667  0.593333333333333  0.533833333333333
    endloop
  endfacet
  facet normal -0.478536612991002 -0.478536612991001 -0.736210173832310
    outer loop
      vertex  0.546666666666667  0.593333333333333  0.533833333333333
      vertex  0.546666666666667  0.546666666666667  0.564166666666667
      vertex  0.500000000000000  0.546666666666667  0.594500000000000
    endloop
  endfacet
  facet normal  0.000000000000000 -0.698100136129540 -0.716000139620041
    outer loop
      vertex  0.500000000000000  0.593333333333333  0.549000000000000
      vertex  0.500000000000000  0.640000000000000  0.503500000000000
      vertex  0.546666666666667  0.640000000000000  0.503500000000000
    endloop
  endfacet
  facet normal -0.262908072140676 -0.525816144281358 -0.808947914279009
    outer loop
      vertex  0.546666666666667  0.640000000000000  0.503500000000000
      vertex  0.546666666666667  0.593333333333333  0.533833333333333
      vertex  0.500000000000000  0.593333333333333  0.549000000000000
    endloop
  endfacet
  facet normal -0.478536612991001 -0.478536612991002 -0.736210173832310
    outer loop
      vertex  0.546666666666667  0.500000000000000  0.594500000000000
      vertex  0.546666666666667  0.546666666666667  0.564166666666667
      vertex  0.593333333333333  0.546666666666667  0.533833333333333
    endloop
  endfacet
  facet normal -0.679933842660547 -0.226644614220182 -0.697368043754407
    outer loop
      vertex  0.593333333333333  0.546666666666667  0.533833333333333
      vertex  0.593333333333333  0.500000000000000  0.549000000000000
      vertex  0.546666666666667  0.500000000000000  0.594500000000000
    endloop
  endfacet
  facet normal -0.262908072140678 -0.525816144281355 -0.808947914279010
    outer loop
      vertex  0.546666666666667  0.546666666666667  0.564166666666667
      vertex  0.546666666666667  0.593333333333333  0.533833333333333
      vertex  0.593333333333333  0.593333333333333  0.518666666666667
    endloop
  endfacet
  facet normal -0.525816144281357 -0.262908072140678 -0.808947914279010
    outer loop
      vertex  0.593333333333333  0.593333333333333  0.518666666666667
      vertex  0.593333333333333  0.546666666666667  0.533833333333333
      vertex  0.546666666666667  0.546666666666667  0.564166666666667
    endloop
  endfacet
  facet normal  0.000000000000001 -0.544988350595416 -0.838443616300636
    outer loop
      vertex  0.546666666666667  0.593333333333333  0.533833333333333
      vertex  0.546666666666667  0.640000000000000  0.503500000000000
      vertex  0.593333333333333  0.640000000000000  0.503500000000000
    endloop
  endfacet
  facet normal -0.295302052775766 -0.295302052775766 -0.908621700848509
    outer loop
      vertex  0.593333333333333  0.640000000000000  0.503500000000000
      vertex  0.593333333333333  0.593333333333333  0.518666666666667
      vertex  0.546666666666667  0.593333333333333  0.533833333333333
    endloop
  endfacet
  facet normal -0.525816144281357 -0.262908072140678 -0.808947914279009
    outer loop
      vertex  0.593333333333333  0.500000000000000  0.549000000000000
      vertex  0.593333333333333  0.546666666666667  0.533833333333333
      vertex  0.640000000000000  0.546666666666667  0.503500000000000
    endloop
  endfacet
  facet normal -0.698100136129540 -0.000000000000000 -0.716000139620041
    outer loop
      vertex  0.640000000000000  0.546666666666667  0.503500000000000
      vertex  0.640000000000000  0.500000000000000  0.503500000000000
      vertex  0.593333333333333  0.500000000000000  0.549000000000000
    endloop
  endfacet
  facet normal -0.295302052775766 -0.295302052775765 -0.908621700848510
    outer loop
      vertex  0.593333333333333  0.546666666666667  0.533833333333333
      vertex  0.593333333333333  0.593333333333333  0.518666666666667
      vertex  0.640000000000000  0.593333333333333  0.503500000000000
    endloop
  endfacet
  facet normal -0.544988350595414  0.000000000000001 -0.838443616300637
    outer loop
      vertex  0.640000000000000  0.593333333333333  0.503500000000000
      vertex  0.640000000000000  0.546666666666667  0.503500000000000
      vertex  0.593333333333333  0.546666666666667  0.533833333333333
    endloop
  endfacet
  facet normal -0.000000000000001 -0.309086072337558 -0.951034068730948
    outer loop
      vertex  0.593333333333333  0.593333333333333  0.518666666666667
      vertex  0.593333333333333  0.640000000000000  0.503500000000000
      vertex  0.640000000000000  0.640000000000000  0.503500000000000
    endloop
  endfacet
  facet normal -0.309086072337558 -0.000000000000001 -0.951034068730948
    outer loop
      vertex  0.640000000000000  0.640000000000000  0.503500000000000
      vertex  0.640000000000000  0.593333333333333  0.503500000000000
      vertex  0.593333333333333  0.593333333333333  0.518666666666667
    endloop
  endfacet
  facet normal -0.429926221395260 -0.793856712886110 -0.430063906370267
    outer loop
      vertex  0.630000000000000  0.630000000000000  1.000000000000000
      vertex  0.651077201166181  0.651077201166181  0.940023055393586
      vertex  0.747375587949466  0.651077201166181  0.843755498542274
    endloop
  endfacet
  facet normal -0.430300287253117 -0.793525882110829 -0.430300287253118
    outer loop
      vertex  0.747375587949466  0.651077201166181  0.843755498542274
      vertex  0.753333333333333  0.630000000000000  0.876666666666667
      vertex  0.630000000000000  0.630000000000000  1.000000000000000
    endloop
  endfacet
  facet normal -0.002915064868054 -0.999991488677295 -0.002919755089553
    outer loop
      vertex  0.651077201166181  0.651077201166181  0.940023055393586
      vertex  0.651272303206997  0.651272303206997  0.873007463556851
      vertex  0.725127696793003  0.651272303206997  0.799270709426628
    endloop
  endfacet
  facet normal -0.002922986617872 -0.999991453376081 -0.002923922711833
    outer loop
      vertex  0.725127696793003  0.651272303206997  0.799270709426628
      vertex  0.747375587949466  0.651077201166181  0.843755498542274
      vertex  0.651077201166181  0.651077201166181  0.940023055393586
    endloop
  endfacet
  facet normal  0.183769256949183 -0.965478592272617  0.184607551480514
    outer loop
      vertex  0.651272303206997  0.651272303206997  0.873007463556851
      vertex  0.635184839650146  0.635184839650146  0.804886087463557
      vertex  0.691650534499514  0.635184839650146  0.748676800777454
    endloop
  endfacet
  facet normal  0.184534825872572 -0.965289660048833  0.184831734945566
    outer loop
      vertex  0.691650534499514  0.635184839650146  0.748676800777454
      vertex  0.725127696793003  0.651272303206997  0.799270709426628
      vertex  0.651272303206997  0.651272303206997  0.873007463556851
    endloop
  endfacet
  facet normal  0.278191395807233 -0.918520110466844  0.280945464399765
    outer loop
      vertex  0.635184839650146  0.635184839650146  0.804886087463557
      vertex  0.607414344023324  0.607414344023324  0.741591790087463
      vertex  0.652004975704567  0.607414344023324  0.697438274052478
    endloop
  endfacet
  facet normal  0.279784350671481 -0.918000891598283  0.281060634283950
    outer loop
      vertex  0.652004975704567  0.607414344023324  0.697438274052478
      vertex  0.691650534499514  0.635184839650146  0.748676800777454
      vertex  0.635184839650146  0.635184839650146  0.804886087463557
    endloop
  endfacet
  facet normal  0.343977078301057 -0.871353853911728  0.349888883613994
    outer loop
      vertex  0.607414344023324  0.607414344023324  0.741591790087463
      vertex  0.572560349854227  0.572560349854227  0.689057434402332
      vertex  0.611251895043732  0.572560349854227  0.651019630709427
    endloop
  endfacet
  facet normal  0.346244809762007 -0.870542132240958  0.349672600737087
    outer loop
      vertex  0.611251895043732  0.572560349854227  0.651019630709427
      vertex  0.652004975704567  0.607414344023324  0.697438274052478
      vertex  0.607414344023324  0.607414344023324  0.741591790087463
    endloop
  endfacet
  facet normal  0.409014102084559 -0.810847216323175  0.418609909195804
    outer loop
      vertex  0.572560349854227  0.572560349854227  0.689057434402332
      vertex  0.535222390670554  0.535222390670554  0.653215883381924
      vertex  0.574452167152575  0.535222390670554  0.614885372206025
    endloop
  endfacet
  facet normal  0.411154192572649 -0.809965310981969  0.418220545807849
    outer loop
      vertex  0.574452167152575  0.535222390670554  0.614885372206025
      vertex  0.611251895043732  0.572560349854227  0.651019630709427
      vertex  0.572560349854227  0.572560349854227  0.689057434402332
    endloop
  endfacet
  facet normal  0.501904384691977 -0.695053953087108  0.514773727889207
    outer loop
      vertex  0.535222390670554  0.535222390670554  0.653215883381924
      vertex  0.500000000000000  0.500000000000000  0.640000000000000
      vertex  0.546666666666667  0.500000000000000  0.594500000000000
    endloop
  endfacet
  facet normal  0.502824841760542 -0.694501161651288  0.514621525952323
    outer loop
      vertex  0.546666666666667  0.500000000000000  0.594500000000000
      vertex  0.574452167152575  0.535222390670554  0.614885372206025
      vertex  0.535222390670554  0.535222390670554  0.653215883381924
    endloop
  endfacet
  facet normal -0.430201318731017 -0.793558499056700 -0.430339091806649
    outer loop
      vertex  0.753333333333333  0.630000000000000  0.876666666666667
      vertex  0.747375587949466  0.651077201166181  0.843755498542274
      vertex  0.843673974732750  0.651077201166181  0.747487941690962
    endloop
  endfacet
  facet normal -0.430515276682372 -0.793292627651487 -0.430515276682372
    outer loop
      vertex  0.843673974732750  0.651077201166181  0.747487941690962
      vertex  0.876666666666667  0.630000000000000  0.753333333333333
      vertex  0.753333333333333  0.630000000000000  0.876666666666667
    endloop
  endfacet
  facet normal -0.002920478276866 -0.999991457035976 -0.002925177208321
    outer loop
      vertex  0.747375587949466  0.651077201166181  0.843755498542274
      vertex  0.725127696793003  0.651272303206997  0.799270709426628
      vertex  0.798983090379009  0.651272303206997  0.725533955296404
    endloop
  endfacet
  facet normal -0.002927153824612 -0.999991428989319 -0.002928091253131
    outer loop
      vertex  0.798983090379009  0.651272303206997  0.725533955296404
      vertex  0.843673974732750  0.651077201166181  0.747487941690962
      vertex  0.747375587949466  0.651077201166181  0.843755498542274
    endloop
  endfacet
  facet normal  0.184211551389062 -0.965309231356537  0.185051863521250
    outer loop
      vertex  0.725127696793003  0.651272303206997  0.799270709426628
      vertex  0.691650534499514  0.635184839650146  0.748676800777454
      vertex  0.748116229348883  0.635184839650146  0.692467514091351
    endloop
  endfacet
  facet normal  0.184874548964685 -0.965159432344367  0.185172004638398
    outer loop
      vertex  0.748116229348883  0.635184839650146  0.692467514091351
      vertex  0.798983090379009  0.651272303206997  0.725533955296404
      vertex  0.725127696793003  0.651272303206997  0.799270709426628
    endloop
  endfacet
  facet normal  0.278961389777331 -0.918048282233296  0.281723081237578
    outer loop
      vertex  0.691650534499514  0.635184839650146  0.748676800777454
      vertex  0.652004975704567  0.607414344023324  0.697438274052478
      vertex  0.696595607385811  0.607414344023324  0.653284758017493
    endloop
  endfacet
  facet normal  0.280395473437695 -0.917626192571361  0.281674544789973
    outer loop
      vertex  0.696595607385811  0.607414344023324  0.653284758017493
      vertex  0.748116229348883  0.635184839650146  0.692467514091351
      vertex  0.691650534499514  0.635184839650146  0.748676800777454
    endloop
  endfacet
  facet normal  0.344930994085325 -0.870586259546232  0.350859193991848
    outer loop
      vertex  0.652004975704567  0.607414344023324  0.697438274052478
      vertex  0.611251895043732  0.572560349854227  0.651019630709427
      vertex  0.649943440233236  0.572560349854227  0.612981827016521
    endloop
  endfacet
  facet normal  0.347076432593987 -0.869872960688178  0.350512456556704
    outer loop
      vertex  0.649943440233236  0.572560349854227  0.612981827016521
      vertex  0.696595607385811  0.607414344023324  0.653284758017493
      vertex  0.652004975704567  0.607414344023324  0.697438274052478
    endloop
  endfacet
  facet normal  0.409882500990458 -0.809948882115506  0.419498681454006
    outer loop
      vertex  0.611251895043732  0.572560349854227  0.651019630709427
      vertex  0.574452167152575  0.535222390670554  0.614885372206025
      vertex  0.613681943634597  0.535222390670554  0.576554861030126
    endloop
  endfacet
  facet normal  0.412037506834301 -0.809051495403177  0.419119041261140
    outer loop
      vertex  0.613681943634597  0.535222390670554  0.576554861030126
      vertex  0.649943440233236  0.572560349854227  0.612981827016521
      vertex  0.611251895043732  0.572560349854227  0.651019630709427
    endloop
  endfacet
  facet normal  0.502319960490233 -0.694437656703480  0.515199959477162
    outer loop
      vertex  0.574452167152575  0.535222390670554  0.614885372206025
      vertex  0.546666666666667  0.500000000000000  0.594500000000000
      vertex  0.593333333333333  0.500000000000000  0.549000000000000
    endloop
  endfacet
  facet normal  0.503319600690199 -0.693766988333521  0.515127892333249
    outer loop
      vertex  0.593333333333333  0.500000000000000  0.549000000000000
      vertex  0.613681943634597  0.535222390670554  0.576554861030126
      vertex  0.574452167152575  0.535222390670554  0.614885372206025
    endloop
  endfacet
  facet normal -0.430476664687521 -0.793259712330109 -0.430614525943402
    outer loop
      vertex  0.876666666666667  0.630000000000000  0.753333333333333
      vertex  0.843673974732750  0.651077201166181  0.747487941690962
      vertex  0.939972361516035  0.651077201166181  0.651220384839650
    endloop
  endfacet
  facet normal -0.430730417700831 -0.793059023361147 -0.430730417700830
    outer loop
      vertex  0.939972361516035  0.651077201166181  0.651220384839650
      vertex  1.000000000000000  0.630000000000000  0.630000000000000
      vertex  0.876666666666667  0.630000000000000  0.753333333333333
    endloop
  endfacet
  facet normal -0.002925911828808 -0.999991425217887 -0.002930619502628
    outer loop
      vertex  0.843673974732750  0.651077201166181  0.747487941690962
      vertex  0.798983090379009  0.651272303206997  0.725533955296404
      vertex  0.872838483965015  0.651272303206997  0.651797201166181
    endloop
  endfacet
  facet normal -0.002931332930316 -0.999991404498031 -0.002932271697204
    outer loop
      vertex  0.872838483965015  0.651272303206997  0.651797201166181
      vertex  0.939972361516035  0.651077201166181  0.651220384839650
      vertex  0.843673974732750  0.651077201166181  0.747487941690962
    endloop
  endfacet
  facet normal  0.184655901549425 -0.965138643271017  0.185498240659984
    outer loop
      vertex  0.798983090379009  0.651272303206997  0.725533955296404
      vertex  0.748116229348883  0.635184839650146  0.692467514091351
      vertex  0.804581924198251  0.635184839650146  0.636258227405248
    endloop
  endfacet
  facet normal  0.185215478987224 -0.965028483462129  0.185513483203556
    outer loop
      vertex  0.804581924198251  0.635184839650146  0.636258227405248
      vertex  0.872838483965015  0.651272303206997  0.651797201166181
      vertex  0.798983090379009  0.651272303206997  0.725533955296404
    endloop
  endfacet
  facet normal  0.279735257450294 -0.917572520837399  0.282504610127549
    outer loop
      vertex  0.748116229348883  0.635184839650146  0.692467514091351
      vertex  0.696595607385811  0.607414344023324  0.653284758017493
      vertex  0.741186239067055  0.607414344023324  0.609131241982507
    endloop
  endfacet
  facet normal  0.281009019797696 -0.917249030659704  0.282290889945410
    outer loop
      vertex  0.741186239067055  0.607414344023324  0.609131241982507
      vertex  0.804581924198251  0.635184839650146  0.636258227405248
      vertex  0.748116229348883  0.635184839650146  0.692467514091351
    endloop
  endfacet
  facet normal  0.345889364120470 -0.869812255306530  0.351834035174121
    outer loop
      vertex  0.696595607385811  0.607414344023324  0.653284758017493
      vertex  0.649943440233236  0.572560349854227  0.612981827016521
      vertex  0.688634985422741  0.572560349854227  0.574944023323615
    endloop
  endfacet
  facet normal  0.347911413434998 -0.869198951868215  0.351355703629325
    outer loop
      vertex  0.688634985422741  0.572560349854227  0.574944023323615
      vertex  0.741186239067055  0.607414344023324  0.609131241982507
      vertex  0.696595607385811  0.607414344023324  0.653284758017493
    endloop
  endfacet
  facet normal  0.410753623358328 -0.809044810941950  0.420390241068829
    outer loop
      vertex  0.649943440233236  0.572560349854227  0.612981827016521
      vertex  0.613681943634597  0.535222390670554  0.576554861030126
      vertex  0.652911720116618  0.535222390670554  0.538224349854228
    endloop
  endfacet
  facet normal  0.412923617834883 -0.808131774491053  0.420020381519865
    outer loop
      vertex  0.652911720116618  0.535222390670554  0.538224349854228
      vertex  0.688634985422741  0.572560349854227  0.574944023323615
      vertex  0.649943440233236  0.572560349854227  0.612981827016521
    endloop
  endfacet
  facet normal  0.502735855025021 -0.693819828221906  0.515626517974381
    outer loop
      vertex  0.613681943634597  0.535222390670554  0.576554861030126
      vertex  0.593333333333333  0.500000000000000  0.549000000000000
      vertex  0.640000000000000  0.500000000000000  0.503500000000000
    endloop
  endfacet
  facet normal  0.503814808604319 -0.693030645775942  0.515634718232174
    outer loop
      vertex  0.640000000000000  0.500000000000000  0.503500000000000
      vertex  0.652911720116618  0.535222390670554  0.538224349854228
      vertex  0.613681943634597  0.535222390670554  0.576554861030126
    endloop
  endfacet
  facet normal  0.000000000000000 -0.333297169473511 -0.942821826657055
    outer loop
      vertex  0.651077201166181  0.939972361516035  0.651220384839650
      vertex  0.630000000000000  1.000000000000000  0.630000000000000
      vertex  0.753333333333333  1.000000000000000  0.630000000000000
    endloop
  endfacet
  facet normal  0.000000000000000 -0.333297169473511 -0.942821826657055
    outer loop
      vertex  0.651077201166181  0.939972361516035  0.651220384839650
      vertex  0.753333333333333  1.000000000000000  0.630000000000000
      vertex  0.876666666666667  1.000000000000000  0.630000000000000
    endloop
  endfacet
  facet normal -0.000000000000000 -0.333297169473511 -0.942821826657055
    outer loop
      vertex  0.651077201166181  0.939972361516035  0.651220384839650
      vertex  1.000000000000000  1.000000000000000  0.630000000000000
      vertex  0.939972361516035  0.939972361516035  0.651220384839650
    endloop
  endfacet
  facet normal  0.000000000000000 -0.333297169473511 -0.942821826657055
    outer loop
      vertex  0.651077201166181  0.939972361516035  0.651220384839650
      vertex  0.876666666666667  1.000000000000000  0.630000000000000
      vertex  1.000000000000000  1.000000000000000  0.630000000000000
    endloop
  endfacet
  facet normal  0.000000000000000 -0.008591713417988 -0.999963090549118
    outer loop
      vertex  0.872838483965015  0.872838483965015  0.651797201166181
      vertex  0.651077201166181  0.939972361516035  0.651220384839650
      vertex  0.939972361516035  0.939972361516035  0.651220384839650
    endloop
  endfacet
  facet normal -0.000000000000000 -0.008591713417988 -0.999963090549118
    outer loop
      vertex  0.872838483965015  0.872838483965015  0.651797201166181
      vertex  0.651272303206997  0.872838483965015  0.651797201166181
      vertex  0.651077201166181  0.939972361516035  0.651220384839650
    endloop
  endfacet
  facet normal -0.000000000000000  0.221975879467819 -0.975052157032889
    outer loop
      vertex  0.804581924198251  0.804581924198251  0.636258227405248
      vertex  0.651272303206997  0.872838483965015  0.651797201166181
      vertex  0.872838483965015  0.872838483965015  0.651797201166181
    endloop
  endfacet
  facet normal -0.000000000000000  0.221975879467819 -0.975052157032888
    outer loop
      vertex  0.804581924198251  0.804581924198251  0.636258227405248
      vertex  0.635184839650146  0.804581924198251  0.636258227405248
      vertex  0.651272303206997  0.872838483965015  0.651797201166181
    endloop
  endfacet
  facet normal -0.000000000000000  0.393397385166438 -0.919368531843575
    outer loop
      vertex  0.741186239067055  0.741186239067055  0.609131241982507
      vertex  0.635184839650146  0.804581924198251  0.636258227405248
      vertex  0.804581924198251  0.804581924198251  0.636258227405248
    endloop
  endfacet
  facet normal -0.000000000000000  0.393397385166438 -0.919368531843574
    outer loop
      vertex  0.741186239067055  0.741186239067055  0.609131241982507
      vertex  0.607414344023324  0.741186239067055  0.609131241982507
      vertex  0.635184839650146  0.804581924198251  0.636258227405248
    endloop
  endfacet
  facet normal -0.000000000000000  0.545312413686425 -0.838232886183479
    outer loop
      vertex  0.688634985422741  0.688634985422741  0.574944023323615
      vertex  0.607414344023324  0.741186239067055  0.609131241982507
      vertex  0.741186239067055  0.741186239067055  0.609131241982507
    endloop
  endfacet
  facet normal -0.000000000000000  0.545312413686425 -0.838232886183479
    outer loop
      vertex  0.688634985422741  0.688634985422741  0.574944023323615
      vertex  0.572560349854227  0.688634985422741  0.574944023323615
      vertex  0.607414344023324  0.741186239067055  0.609131241982507
    endloop
  endfacet
  facet normal -0.000000000000000  0.716764804294539 -0.697315004373641
    outer loop
      vertex  0.652911720116618  0.652911720116618  0.538224349854228
      vertex  0.572560349854227  0.688634985422741  0.574944023323615
      vertex  0.688634985422741  0.688634985422741  0.574944023323615
    endloop
  endfacet
  facet normal -0.000000000000000  0.716764804294539 -0.697315004373641
    outer loop
      vertex  0.652911720116618  0.652911720116618  0.538224349854228
      vertex  0.535222390670554  0.652911720116618  0.538224349854228
      vertex  0.572560349854227  0.688634985422741  0.574944023323615
    endloop
  endfacet
  facet normal  0.000000000000002  0.937300946997778 -0.348521067881222
    outer loop
      vertex  0.652911720116618  0.652911720116618  0.538224349854228
      vertex  0.640000000000000  0.640000000000000  0.503500000000000
      vertex  0.593333333333333  0.640000000000000  0.503500000000000
    endloop
  endfacet
  facet normal -0.000000000000002  0.937300946997781 -0.348521067881216
    outer loop
      vertex  0.652911720116618  0.652911720116618  0.538224349854228
      vertex  0.593333333333333  0.640000000000000  0.503500000000000
      vertex  0.546666666666667  0.640000000000000  0.503500000000000
    endloop
  endfacet
  facet normal -0.000000000000000  0.937300946997779 -0.348521067881222
    outer loop
      vertex  0.652911720116618  0.652911720116618  0.538224349854228
      vertex  0.500000000000000  0.640000000000000  0.503500000000000
      vertex  0.535222390670554  0.652911720116618  0.538224349854228
    endloop
  endfacet
  facet normal -0.000000000000000  0.937300946997779 -0.348521067881222
    outer loop
      vertex  0.652911720116618  0.652911720116618  0.538224349854228
      vertex  0.546666666666667  0.640000000000000  0.503500000000000
      vertex  0.500000000000000  0.640000000000000  0.503500000000000
    endloop
  endfacet
  facet normal -0.793856712886110 -0.429926221395260 -0.430063906370267
    outer loop
      vertex  0.630000000000000  0.630000000000000  1.000000000000000
      vertex  0.651077201166181  0.747375587949466  0.843755498542274
      vertex  0.651077201166181  0.651077201166181  0.940023055393586
    endloop
  endfacet
  facet normal -0.793525882110829 -0.430300287253117 -0.430300287253118
    outer loop
      vertex  0.651077201166181  0.747375587949466  0.843755498542274
      vertex  0.630000000000000  0.630000000000000  1.000000000000000
      vertex  0.630000000000000  0.753333333333333  0.876666666666667
    endloop
  endfacet
  facet normal -0.999991488677295 -0.002915064868054 -0.002919755089553
    outer loop
      vertex  0.651077201166181  0.651077201166181  0.940023055393586
      vertex  0.651272303206997  0.725127696793003  0.799270709426628
      vertex  0.651272303206997  0.651272303206997  0.873007463556851
    endloop
  endfacet
  facet normal -0.999991453376081 -0.002922986617872 -0.002923922711833
    outer loop
      vertex  0.651272303206997  0.725127696793003  0.799270709426628
      vertex  0.651077201166181  0.651077201166181  0.940023055393586
      vertex  0.651077201166181  0.747375587949466  0.843755498542274
    endloop
  endfacet
  facet normal -0.965478592272617  0.183769256949183  0.184607551480514
    outer loop
      vertex  0.651272303206997  0.651272303206997  0.873007463556851
      vertex  0.635184839650146  0.691650534499514  0.748676800777454
      vertex  0.635184839650146  0.635184839650146  0.804886087463557
    endloop
  endfacet
  facet normal -0.965289660048833  0.184534825872572  0.184831734945566
    outer loop
      vertex  0.635184839650146  0.691650534499514  0.748676800777454
      vertex  0.651272303206997  0.651272303206997  0.873007463556851
      vertex  0.651272303206997  0.725127696793003  0.799270709426628
    endloop
  endfacet
  facet normal -0.918520110466844  0.278191395807233  0.280945464399765
    outer loop
      vertex  0.635184839650146  0.635184839650146  0.804886087463557
      vertex  0.607414344023324  0.652004975704567  0.697438274052478
      vertex  0.607414344023324  0.607414344023324  0.741591790087463
    endloop
  endfacet
  facet normal -0.918000891598283  0.279784350671481  0.281060634283950
    outer loop
      vertex  0.607414344023324  0.652004975704567  0.697438274052478
      vertex  0.635184839650146  0.635184839650146  0.804886087463557
      vertex  0.635184839650146  0.691650534499514  0.748676800777454
    endloop
  endfacet
  facet normal -0.871353853911728  0.343977078301057  0.349888883613994
    outer loop
      vertex  0.607414344023324  0.607414344023324  0.741591790087463
      vertex  0.572560349854227  0.611251895043732  0.651019630709427
      vertex  0.572560349854227  0.572560349854227  0.689057434402332
    endloop
  endfacet
  facet normal -0.870542132240958  0.346244809762007  0.349672600737087
    outer loop
      vertex  0.572560349854227  0.611251895043732  0.651019630709427
      vertex  0.607414344023324  0.607414344023324  0.741591790087463
      vertex  0.607414344023324  0.652004975704567  0.697438274052478
    endloop
  endfacet
  facet normal -0.810847216323175  0.409014102084559  0.418609909195804
    outer loop
      vertex  0.572560349854227  0.572560349854227  0.689057434402332
      vertex  0.535222390670554  0.574452167152575  0.614885372206025
      vertex  0.535222390670554  0.535222390670554  0.653215883381924
    endloop
  endfacet
  facet normal -0.809965310981969  0.411154192572649  0.418220545807849
    outer loop
      vertex  0.535222390670554  0.574452167152575  0.614885372206025
      vertex  0.572560349854227  0.572560349854227  0.689057434402332
      vertex  0.572560349854227  0.611251895043732  0.651019630709427
    endloop
  endfacet
  facet normal -0.695053953087108  0.501904384691977  0.514773727889207
    outer loop
      vertex  0.535222390670554  0.535222390670554  0.653215883381924
      vertex  0.500000000000000  0.546666666666667  0.594500000000000
      vertex  0.500000000000000  0.500000000000000  0.640000000000000
    endloop
  endfacet
  facet normal -0.694501161651288  0.502824841760542  0.514621525952323
    outer loop
      vertex  0.500000000000000  0.546666666666667  0.594500000000000
      vertex  0.535222390670554  0.535222390670554  0.653215883381924
      vertex  0.535222390670554  0.574452167152575  0.614885372206025
    endloop
  endfacet
  facet normal -0.793558499056700 -0.430201318731017 -0.430339091806649
    outer loop
      vertex  0.630000000000000  0.753333333333333  0.876666666666667
      vertex  0.651077201166181  0.843673974732750  0.747487941690962
      vertex  0.651077201166181  0.747375587949466  0.843755498542274
    endloop
  endfacet
  facet normal -0.793292627651487 -0.430515276682372 -0.430515276682372
    outer loop
      vertex  0.651077201166181  0.843673974732750  0.747487941690962
      vertex  0.630000000000000  0.753333333333333  0.876666666666667
      vertex  0.630000000000000  0.876666666666667  0.753333333333333
    endloop
  endfacet
  facet normal -0.999991457035976 -0.002920478276866 -0.002925177208321
    outer loop
      vertex  0.651077201166181  0.747375587949466  0.843755498542274
      vertex  0.651272303206997  0.798983090379009  0.725533955296404
      vertex  0.651272303206997  0.725127696793003  0.799270709426628
    endloop
  endfacet
  facet normal -0.999991428989319 -0.002927153824612 -0.002928091253131
    outer loop
      vertex  0.651272303206997  0.798983090379009  0.725533955296404
      vertex  0.651077201166181  0.747375587949466  0.843755498542274
      vertex  0.651077201166181  0.843673974732750  0.747487941690962
    endloop
  endfacet
  facet normal -0.965309231356537  0.184211551389062  0.185051863521250
    outer loop
      vertex  0.651272303206997  0.725127696793003  0.799270709426628
      vertex  0.635184839650146  0.748116229348883  0.692467514091351
      vertex  0.635184839650146  0.691650534499514  0.748676800777454
    endloop
  endfacet
  facet normal -0.965159432344367  0.184874548964685  0.185172004638398
    outer loop
      vertex  0.635184839650146  0.748116229348883  0.692467514091351
      vertex  0.651272303206997  0.725127696793003  0.799270709426628
      vertex  0.651272303206997  0.798983090379009  0.725533955296404
    endloop
  endfacet
  facet normal -0.918048282233296  0.278961389777331  0.281723081237578
    outer loop
      vertex  0.635184839650146  0.691650534499514  0.748676800777454
      vertex  0.607414344023324  0.696595607385811  0.653284758017493
      vertex  0.607414344023324  0.652004975704567  0.697438274052478
    endloop
  endfacet
  facet normal -0.917626192571361  0.280395473437695  0.281674544789973
    outer loop
      vertex  0.607414344023324  0.696595607385811  0.653284758017493
      vertex  0.635184839650146  0.691650534499514  0.748676800777454
      vertex  0.635184839650146  0.748116229348883  0.692467514091351
    endloop
  endfacet
  facet normal -0.870586259546232  0.344930994085325  0.350859193991848
    outer loop
      vertex  0.607414344023324  0.652004975704567  0.697438274052478
      vertex  0.572560349854227  0.649943440233236  0.612981827016521
      vertex  0.572560349854227  0.611251895043732  0.651019630709427
    endloop
  endfacet
  facet normal -0.869872960688178  0.347076432593987  0.350512456556704
    outer loop
      vertex  0.572560349854227  0.649943440233236  0.612981827016521
      vertex  0.607414344023324  0.652004975704567  0.697438274052478
      vertex  0.607414344023324  0.696595607385811  0.653284758017493
    endloop
  endfacet
  facet normal -0.809948882115506  0.409882500990458  0.419498681454006
    outer loop
      vertex  0.572560349854227  0.611251895043732  0.651019630709427
      vertex  0.535222390670554  0.613681943634597  0.576554861030126
      vertex  0.535222390670554  0.574452167152575  0.614885372206025
    endloop
  endfacet
  facet normal -0.809051495403177  0.412037506834301  0.419119041261140
    outer loop
      vertex  0.535222390670554  0.613681943634597  0.576554861030126
      vertex  0.572560349854227  0.611251895043732  0.651019630709427
      vertex  0.572560349854227  0.649943440233236  0.612981827016521
    endloop
  endfacet
  facet normal -0.694437656703480  0.502319960490233  0.515199959477162
    outer loop
      vertex  0.535222390670554  0.574452167152575  0.614885372206025
      vertex  0.500000000000000  0.593333333333333  0.549000000000000
      vertex  0.500000000000000  0.546666666666667  0.594500000000000
    endloop
  endfacet
  facet normal -0.693766988333521  0.503319600690199  0.515127892333249
    outer loop
      vertex  0.500000000000000  0.593333333333333  0.549000000000000
      vertex  0.535222390670554  0.574452167152575  0.614885372206025
      vertex  0.535222390670554  0.613681943634597  0.576554861030126
    endloop
  endfacet
  facet normal -0.793259712330109 -0.430476664687521 -0.430614525943402
    outer loop
      vertex  0.630000000000000  0.876666666666667  0.753333333333333
      vertex  0.651077201166181  0.939972361516035  0.651220384839650
      vertex  0.651077201166181  0.843673974732750  0.747487941690962
    endloop
  endfacet
  facet normal -0.793059023361147 -0.430730417700831 -0.430730417700830
    outer loop
      vertex  0.651077201166181  0.939972361516035  0.651220384839650
      vertex  0.630000000000000  0.876666666666667  0.753333333333333
      vertex  0.630000000000000  1.000000000000000  0.630000000000000
    endloop
  endfacet
  facet normal -0.999991425217887 -0.002925911828808 -0.002930619502628
    outer loop
      vertex  0.651077201166181  0.843673974732750  0.747487941690962
      vertex  0.651272303206997  0.872838483965015  0.651797201166181
      vertex  0.651272303206997  0.798983090379009  0.725533955296404
    endloop
  endfacet
  facet normal -0.999991404498031 -0.002931332930316 -0.002932271697204
    outer loop
      vertex  0.651272303206997  0.872838483965015  0.651797201166181
      vertex  0.651077201166181  0.843673974732750  0.747487941690962
      vertex  0.651077201166181  0.939972361516035  0.651220384839650
    endloop
  endfacet
  facet normal -0.965138643271017  0.184655901549425  0.185498240659984
    outer loop
      vertex  0.651272303206997  0.798983090379009  0.725533955296404
      vertex  0.635184839650146  0.804581924198251  0.636258227405248
      vertex  0.635184839650146  0.748116229348883  0.692467514091351
    endloop
  endfacet
  facet normal -0.965028483462129  0.185215478987224  0.185513483203556
    outer loop
      vertex  0.635184839650146  0.804581924198251  0.636258227405248
      vertex  0.651272303206997  0.798983090379009  0.725533955296404
      vertex  0.651272303206997  0.872838483965015  0.651797201166181
    endloop
  endfacet
  facet normal -0.917572520837399  0.279735257450294  0.282504610127549
    outer loop
      vertex  0.635184839650146  0.748116229348883  0.692467514091351
      vertex  0.607414344023324  0.741186239067055  0.609131241982507
      vertex  0.607414344023324  0.696595607385811  0.653284758017493
    endloop
  endfacet
  facet normal -0.917249030659704  0.281009019797696  0.282290889945410
    outer loop
      vertex  0.607414344023324  0.741186239067055  0.609131241982507
      vertex  0.635184839650146  0.748116229348883  0.692467514091351
      vertex  0.635184839650146  0.804581924198251  0.636258227405248
    endloop
  endfacet
  facet normal -0.869812255306530  0.345889364120470  0.351834035174121
    outer loop
      vertex  0.607414344023324  0.696595607385811  0.653284758017493
      vertex  0.572560349854227  0.688634985422741  0.574944023323615
      vertex  0.572560349854227  0.649943440233236  0.612981827016521
    endloop
  endfacet
  facet normal -0.869198951868215  0.347911413434998  0.351355703629325
    outer loop
      vertex  0.572560349854227  0.688634985422741  0.574944023323615
      vertex  0.607414344023324  0.696595607385811  0.653284758017493
      vertex  0.607414344023324  0.741186239067055  0.609131241982507
    endloop
  endfacet
  facet normal -0.809044810941950  0.410753623358328  0.420390241068829
    outer loop
      vertex  0.572560349854227  0.649943440233236  0.612981827016521
      vertex  0.535222390670554  0.652911720116618  0.538224349854228
      vertex  0.535222390670554  0.613681943634597  0.576554861030126
    endloop
  endfacet
  facet normal -0.808131774491053  0.412923617834883  0.420020381519865
    outer loop
      vertex  0.535222390670554  0.652911720116618  0.538224349854228
      vertex  0.572560349854227  0.649943440233236  0.612981827016521
      vertex  0.572560349854227  0.688634985422741  0.574944023323615
    endloop
  endfacet
  facet normal -0.693819828221906  0.502735855025021  0.515626517974381
    outer loop
      vertex  0.535222390670554  0.613681943634597  0.576554861030126
      vertex  0.500000000000000  0.640000000000000  0.503500000000000
      vertex  0.500000000000000  0.593333333333333  0.549000000000000
    endloop
  endfacet
  facet normal -0.693030645775942  0.503814808604319  0.515634718232174
    outer loop
      vertex  0.500000000000000  0.640000000000000  0.503500000000000
      vertex  0.535222390670554  0.613681943634597  0.576554861030126
      vertex  0.535222390670554  0.652911720116618  0.538224349854228
    endloop
  endfacet
  facet normal -0.333297169473511 -0.000000000000000 -0.942821826657055
    outer loop
      vertex  0.939972361516035  0.939972361516035  0.651220384839650
      vertex  1.000000000000000  1.000000000000000  0.630000000000000
      vertex  1.000000000000000  0.876666666666667  0.630000000000000
    endloop
  endfacet
  facet normal -0.333297169473511 -0.000000000000000 -0.942821826657055
    outer loop
      vertex  0.939972361516035  0.939972361516035  0.651220384839650
      vertex  1.000000000000000  0.876666666666667  0.630000000000000
      vertex  1.000000000000000  0.753333333333333  0.630000000000000
    endloop
  endfacet
  facet normal -0.333297169473511  0.000000000000000 -0.942821826657055
    outer loop
      vertex  0.939972361516035  0.939972361516035  0.651220384839650
      vertex  1.000000000000000  0.630000000000000  0.630000000000000
      vertex  0.939972361516035  0.651077201166181  0.651220384839650
    endloop
  endfacet
  facet normal -0.333297169473511 -0.000000000000000 -0.942821826657055
    outer loop
      vertex  0.939972361516035  0.939972361516035  0.651220384839650
      vertex  1.000000000000000  0.753333333333333  0.630000000000000
      vertex  1.000000000000000  0.630000000000000  0.630000000000000
    endloop
  endfacet
  facet normal -0.008591713417988  0.000000000000000 -0.999963090549118
    outer loop
      vertex  0.872838483965015  0.872838483965015  0.651797201166181
      vertex  0.939972361516035  0.651077201166181  0.651220384839650
      vertex  0.872838483965015  0.651272303206997  0.651797201166181
    endloop
  endfacet
  facet normal -0.008591713417988 -0.000000000000000 -0.999963090549118
    outer loop
      vertex  0.872838483965015  0.872838483965015  0.651797201166181
      vertex  0.939972361516035  0.939972361516035  0.651220384839650
      vertex  0.939972361516035  0.651077201166181  0.651220384839650
    endloop
  endfacet
  facet normal  0.221975879467819 -0.000000000000000 -0.975052157032888
    outer loop
      vertex  0.804581924198251  0.804581924198251  0.636258227405248
      vertex  0.872838483965015  0.651272303206997  0.651797201166181
      vertex  0.804581924198251  0.635184839650146  0.636258227405248
    endloop
  endfacet
  facet normal  0.221975879467819 -0.000000000000000 -0.975052157032889
    outer loop
      vertex  0.804581924198251  0.804581924198251  0.636258227405248
      vertex  0.872838483965015  0.872838483965015  0.651797201166181
      vertex  0.872838483965015  0.651272303206997  0.651797201166181
    endloop
  endfacet
  facet normal  0.393397385166438 -0.000000000000000 -0.919368531843574
    outer loop
      vertex  0.741186239067055  0.741186239067055  0.609131241982507
      vertex  0.804581924198251  0.635184839650146  0.636258227405248
      vertex  0.741186239067055  0.607414344023324  0.609131241982507
    endloop
  endfacet
  facet normal  0.393397385166438 -0.000000000000000 -0.919368531843575
    outer loop
      vertex  0.741186239067055  0.741186239067055  0.609131241982507
      vertex  0.804581924198251  0.804581924198251  0.636258227405248
      vertex  0.804581924198251  0.635184839650146  0.636258227405248
    endloop
  endfacet
  facet normal  0.545312413686425 -0.000000000000000 -0.838232886183479
    outer loop
      vertex  0.688634985422741  0.688634985422741  0.574944023323615
      vertex  0.741186239067055  0.607414344023324  0.609131241982507
      vertex  0.688634985422741  0.572560349854227  0.574944023323615
    endloop
  endfacet
  facet normal  0.545312413686425 -0.000000000000000 -0.838232886183479
    outer loop
      vertex  0.688634985422741  0.688634985422741  0.574944023323615
      vertex  0.741186239067055  0.741186239067055  0.609131241982507
      vertex  0.741186239067055  0.607414344023324  0.609131241982507
    endloop
  endfacet
  facet normal  0.716764804294539 -0.000000000000000 -0.697315004373641
    outer loop
      vertex  0.652911720116618  0.652911720116618  0.538224349854228
      vertex  0.688634985422741  0.572560349854227  0.574944023323615
      vertex  0.652911720116618  0.535222390670554  0.538224349854228
    endloop
  endfacet
  facet normal  0.716764804294539 -0.000000000000000 -0.697315004373641
    outer loop
      vertex  0.652911720116618  0.652911720116618  0.538224349854228
      vertex  0.688634985422741  0.688634985422741  0.574944023323615
      vertex  0.688634985422741  0.572560349854227  0.574944023323615
    endloop
  endfacet
  facet normal  0.937300946997779 -0.000000000000000 -0.348521067881222
    outer loop
      vertex  0.652911720116618  0.535222390670554  0.538224349854228
      vertex  0.640000000000000  0.500000000000000  0.503500000000000
      vertex  0.640000000000000  0.546666666666667  0.503500000000000
    endloop
  endfacet
  facet normal  0.937300946997778 -0.000000000000002 -0.348521067881222
    outer loop
      vertex  0.652911720116618  0.535222390670554  0.538224349854228
      vertex  0.640000000000000  0.546666666666667  0.503500000000000
      vertex  0.640000000000000  0.593333333333333  0.503500000000000
    endloop
  endfacet
  facet normal  0.937300946997779 -0.000000000000000 -0.348521067881222
    outer loop
      vertex  0.652911720116618  0.535222390670554  0.538224349854228
      vertex  0.640000000000000  0.640000000000000  0.503500000000000
      vertex  0.652911720116618  0.652911720116618  0.538224349854228
    endloop
  endfacet
  facet normal  0.937300946997781  0.000000000000002 -0.348521067881216
    outer loop
      vertex  0.652911720116618  0.535222390670554  0.538224349854228
      vertex  0.640000000000000  0.593333333333333  0.503500000000000
      vertex  0.640000000000000  0.640000000000000  0.503500000000000
    endloop
  endfacet
  facet normal  0.426401432711221  0.639602149066831  0.639602149066831
    outer loop
      vertex  0.370000000000000  0.370000000000000  0.000000000000000
      vertex  0.246666666666667  0.246666666666667  0.205555555555556
      vertex  0.370000000000000  0.246666666666667  0.123333333333333
    endloop
  endfacet
  facet normal  0.639602149066831  0.426401432711221  0.639602149066831
    outer loop
      vertex  0.246666666666667  0.246666666666667  0.205555555555556
      vertex  0.370000000000000  0.370000000000000  0.000000000000000
      vertex  0.246666666666667  0.370000000000000  0.123333333333333
    endloop
  endfacet
  facet normal  0.229415733870562  0.688247201611685  0.688247201611685
    outer loop
      vertex  0.370000000000000  0.246666666666667  0.123333333333333
      vertex  0.246666666666667  0.123333333333333  0.287777777777778
      vertex  0.370000000000000  0.123333333333333  0.246666666666667
    endloop
  endfacet
  facet normal  0.485071250072666  0.485071250072666  0.727606875108999
    outer loop
      vertex  0.246666666666667  0.123333333333333  0.287777777777778
      vertex  0.370000000000000  0.246666666666667  0.123333333333333
      vertex  0.246666666666667  0.246666666666667  0.205555555555556
    endloop
  endfacet
  facet normal -0.000000000000000  0.707106781186547  0.707106781186548
    outer loop
      vertex  0.370000000000000  0.123333333333333  0.246666666666667
      vertex  0.246666666666667  0.000000000000000  0.370000000000000
      vertex  0.370000000000000  0.000000000000000  0.370000000000000
    endloop
  endfacet
  facet normal  0.267261241912424  0.534522483824849  0.801783725737273
    outer loop
      vertex  0.246666666666667  0.000000000000000  0.370000000000000
      vertex  0.370000000000000  0.123333333333333  0.246666666666667
      vertex  0.246666666666667  0.123333333333333  0.287777777777778
    endloop
  endfacet
  facet normal  0.485071250072666  0.485071250072666  0.727606875108999
    outer loop
      vertex  0.246666666666667  0.370000000000000  0.123333333333333
      vertex  0.123333333333333  0.246666666666667  0.287777777777778
      vertex  0.246666666666667  0.246666666666667  0.205555555555556
    endloop
  endfacet
  facet normal  0.688247201611685  0.229415733870562  0.688247201611685
    outer loop
      vertex  0.123333333333333  0.246666666666667  0.287777777777778
      vertex  0.246666666666667  0.370000000000000  0.123333333333333
      vertex  0.123333333333333  0.370000000000000  0.246666666666667
    endloop
  endfacet
  facet normal  0.267261241912424  0.534522483824849  0.801783725737273
    outer loop
      vertex  0.246666666666667  0.246666666666667  0.205555555555556
      vertex  0.123333333333333  0.123333333333333  0.328888888888889
      vertex  0.246666666666667  0.123333333333333  0.287777777777778
    endloop
  endfacet
  facet normal  0.534522483824849  0.267261241912424  0.801783725737273
    outer loop
      vertex  0.123333333333333  0.123333333333333  0.328888888888889
      vertex  0.246666666666667  0.246666666666667  0.205555555555556
      vertex  0.123333333333333  0.246666666666667  0.287777777777778
    endloop
  endfacet
  facet normal -0.000000000000000  0.554700196225229  0.832050294337844
    outer loop
      vertex  0.246666666666667  0.123333333333333  0.287777777777778
      vertex  0.123333333333333  0.000000000000000  0.370000000000000
      vertex  0.246666666666667  0.000000000000000  0.370000000000000
    endloop
  endfacet
  facet normal  0.301511344577764  0.301511344577764  0.904534033733291
    outer loop
      vertex  0.123333333333333  0.000000000000000  0.370000000000000
      vertex  0.246666666666667  0.123333333333333  0.287777777777778
      vertex  0.123333333333333  0.123333333333333  0.328888888888889
    endloop
  endfacet
  facet normal  0.534522483824849  0.267261241912424  0.801783725737273
    outer loop
      vertex  0.123333333333333  0.370000000000000  0.246666666666667
      vertex  0.000000000000000  0.246666666666667  0.370000000000000
      vertex  0.123333333333333  0.246666666666667  0.287777777777778
    endloop
  endfacet
  facet normal  0.707106781186547  0.000000000000000  0.707106781186548
    outer loop
      vertex  0.000000000000000  0.246666666666667  0.370000000000000
      vertex  0.123333333333333  0.370000000000000  0.246666666666667
      vertex  0.000000000000000  0.370000000000000  0.370000000000000
    endloop
  endfacet
  facet normal  0.301511344577764  0.301511344577764  0.904534033733291
    outer loop
      vertex  0.123333333333333  0.246666666666667  0.287777777777778
      vertex  0.000000000000000  0.123333333333333  0.370000000000000
      vertex  0.123333333333333  0.123333333333333  0.328888888888889
    endloop
  endfacet
  facet normal  0.554700196225229  0.000000000000000  0.832050294337844
    outer loop
      vertex  0.000000000000000  0.123333333333333  0.370000000000000
      vertex  0.123333333333333  0.246666666666667  0.287777777777778
      vertex  0.000000000000000  0.246666666666667  0.370000000000000
    endloop
  endfacet
  facet normal -0.000000000000000  0.316227766016838  0.948683298050514
    outer loop
      vertex  0.123333333333333  0.123333333333333  0.328888888888889
      vertex  0.000000000000000  0.000000000000000  0.370000000000000
      vertex  0.123333333333333  0.000000000000000  0.370000000000000
    endloop
  endfacet
  facet normal  0.316227766016838  0.000000000000000  0.948683298050514
    outer loop
      vertex  0.000000000000000  0.000000000000000  0.370000000000000
      vertex  0.123333333333333  0.123333333333333  0.328888888888889
      vertex  0.000000000000000  0.123333333333333  0.370000000000000
    endloop
  endfacet
  facet normal -0.000000000000000 -0.000000000000000 -1.000000000000000
    outer loop
      vertex  0.000000000000000  0.000000000000000  0.000000000000000
      vertex  0.370000000000000  0.370000000000000  0.000000000000000
      vertex  0.370000000000000  0.000000000000000  0.000000000000000
    endloop
  endfacet
  facet normal  0.000000000000000 -0.000000000000000 -1.000000000000000
    outer loop
      vertex  0.000000000000000  0.000000000000000  0.000000000000000
      vertex  0.000000000000000  0.370000000000000  0.000000000000000
      vertex  0.370000000000000  0.370000000000000  0.000000000000000
    endloop
  endfacet
  facet normal -0.000000000000000  1.000000000000000  0.000000000000000
    outer loop
      vertex  0.000000000000000  0.370000000000000  0.000000000000000
      vertex  0.000000000000000  0.370000000000000  0.370000000000000
      vertex  0.123333333333333  0.370000000000000  0.246666666666667
    endloop
  endfacet
  facet normal -0.000000000000000  1.000000000000000  0.000000000000000
    outer loop
      vertex  0.000000000000000  0.370000000000000  0.000000000000000
      vertex  0.123333333333333  0.370000000000000  0.246666666666667
      vertex  0.246666666666667  0.370000000000000  0.123333333333333
    endloop
  endfacet
  facet normal  0.000000000000000  1.000000000000000  0.000000000000000
    outer loop
      vertex  0.000000000000000  0.370000000000000  0.000000000000000
      vertex  0.246666666666667  0.370000000000000  0.123333333333333
      vertex  0.370000000000000  0.370000000000000  0.000000000000000
    endloop
  endfacet
  facet normal -0.000000000000000 -1.000000000000000 -0.000000000000000
    outer loop
      vertex  0.370000000000000  0.000000000000000  0.000000000000000
      vertex  0.370000000000000  0.000000000000000  0.370000000000000
      vertex  0.246666666666667  0.000000000000000  0.370000000000000
    endloop
  endfacet
  facet normal -0.000000000000000 -1.000000000000000 -0.000000000000000
    outer loop
      vertex  0.370000000000000  0.000000000000000  0.000000000000000
      vertex  0.246666666666667  0.000000000000000  0.370000000000000
      vertex  0.123333333333333  0.000000000000000  0.370000000000000
    endloop
  endfacet
  facet normal  0.000000000000000 -1.000000000000000 -0.000000000000000
    outer loop
      vertex  0.370000000000000  0.000000000000000  0.000000000000000
      vertex  0.000000000000000  0.000000000000000  0.370000000000000
      vertex  0.000000000000000  0.000000000000000  0.000000000000000
    endloop
  endfacet
  facet normal -0.000000000000000 -1.000000000000000 -0.000000000000000
    outer loop
      vertex  0.370000000000000  0.000000000000000  0.000000000000000
      vertex  0.123333333333333  0.000000000000000  0.370000000000000
      vertex  0.000000000000000  0.000000000000000  0.370000000000000
    endloop
  endfacet
  facet normal  1.000000000000000  0.000000000000000 -0.000000000000000
    outer loop
      vertex  0.370000000000000  0.000000000000000  0.000000000000000
      vertex  0.370000000000000  0.370000000000000  0.000000000000000
      vertex  0.370000000000000  0.246666666666667  0.123333333333333
    endloop
  endfacet
  facet normal  1.000000000000000  0.000000000000000 -0.000000000000000
    outer loop
      vertex  0.370000000000000  0.000000000000000  0.000000000000000
      vertex  0.370000000000000  0.246666666666667  0.123333333333333
      vertex  0.370000000000000  0.123333333333333  0.246666666666667
    endloop
  endfacet
  facet normal  1.000000000000000  0.000000000000000  0.000000000000000
    outer loop
      vertex  0.370000000000000  0.000000000000000  0.000000000000000
      vertex  0.370000000000000  0.123333333333333  0.246666666666667
      vertex  0.370000000000000  0.000000000000000  0.370000000000000
    endloop
  endfacet
  facet normal -1.000000000000000  0.000000000000000 -0.000000000000000
    outer loop
      vertex  0.000000000000000  0.000000000000000  0.000000000000000
      vertex  0.000000000000000  0.000000000000000  0.370000000000000
      vertex  0.000000000000000  0.123333333333333  0.370000000000000
    endloop
  endfacet
  facet normal -1.000000000000000  0.000000000000000 -0.000000000000000
    outer loop
      vertex  0.000000000000000  0.000000000000000  0.000000000000000
      vertex  0.000000000000000  0.123333333333333  0.370000000000000
      vertex  0.000000000000000  0.246666666666667  0.370000000000000
    endloop
  endfacet
  facet normal -1.000000000000000 -0.000000000000000 -0.000000000000000
    outer loop
      vertex  0.000000000000000  0.000000000000000  0.000000000000000
      vertex  0.000000000000000  0.370000000000000  0.370000000000000
      vertex  0.000000000000000  0.370000000000000  0.000000000000000
    endloop
  endfacet
  facet normal -1.000000000000000  0.000000000000000 -0.000000000000000
    outer loop
      vertex  0.000000000000000  0.000000000000000  0.000000000000000
      vertex  0.000000000000000  0.246666666666667  0.370000000000000
      vertex  0.000000000000000  0.370000000000000  0.370000000000000
    endloop
  endfacet
  facet normal -0.426401432711221  0.639602149066831  0.639602149066831
    outer loop
      vertex  0.630000000000000  0.370000000000000  0.000000000000000
      vertex  0.630000000000000  0.246666666666667  0.123333333333333
      vertex  0.753333333333333  0.246666666666667  0.205555555555556
    endloop
  endfacet
  facet normal -0.639602149066831  0.426401432711221  0.639602149066831
    outer loop
      vertex  0.753333333333333  0.246666666666667  0.205555555555556
      vertex  0.753333333333333  0.370000000000000  0.123333333333333
      vertex  0.630000000000000  0.370000000000000  0.000000000000000
    endloop
  endfacet
  facet normal -0.229415733870562  0.688247201611686  0.688247201611685
    outer loop
      vertex  0.630000000000000  0.246666666666667  0.123333333333333
      vertex  0.630000000000000  0.123333333333333  0.246666666666667
      vertex  0.753333333333333  0.123333333333333  0.287777777777778
    endloop
  endfacet
  facet normal -0.485071250072666  0.485071250072666  0.727606875108999
    outer loop
      vertex  0.753333333333333  0.123333333333333  0.287777777777778
      vertex  0.753333333333333  0.246666666666667  0.205555555555556
      vertex  0.630000000000000  0.246666666666667  0.123333333333333
    endloop
  endfacet
  facet normal -0.000000000000000  0.707106781186547  0.707106781186548
    outer loop
      vertex  0.630000000000000  0.123333333333333  0.246666666666667
      vertex  0.630000000000000  0.000000000000000  0.370000000000000
      vertex  0.753333333333333  0.000000000000000  0.370000000000000
    endloop
  endfacet
  facet normal -0.267261241912424  0.534522483824849  0.801783725737273
    outer loop
      vertex  0.753333333333333  0.000000000000000  0.370000000000000
      vertex  0.753333333333333  0.123333333333333  0.287777777777778
      vertex  0.630000000000000  0.123333333333333  0.246666666666667
    endloop
  endfacet
  facet normal -0.485071250072666  0.485071250072666  0.727606875108999
    outer loop
      vertex  0.753333333333333  0.370000000000000  0.123333333333333
      vertex  0.753333333333333  0.246666666666667  0.205555555555556
      vertex  0.876666666666667  0.246666666666667  0.287777777777778
    endloop
  endfacet
  facet normal -0.688247201611685  0.229415733870562  0.688247201611685
    outer loop
      vertex  0.876666666666667  0.246666666666667  0.287777777777778
      vertex  0.876666666666667  0.370000000000000  0.246666666666667
      vertex  0.753333333333333  0.370000000000000  0.123333333333333
    endloop
  endfacet
  facet normal -0.267261241912424  0.534522483824849  0.801783725737273
    outer loop
      vertex  0.753333333333333  0.246666666666667  0.205555555555556
      vertex  0.753333333333333  0.123333333333333  0.287777777777778
      vertex  0.876666666666667  0.123333333333333  0.328888888888889
    endloop
  endfacet
  facet normal -0.534522483824849  0.267261241912424  0.801783725737273
    outer loop
      vertex  0.876666666666667  0.123333333333333  0.328888888888889
      vertex  0.876666666666667  0.246666666666667  0.287777777777778
      vertex  0.753333333333333  0.246666666666667  0.205555555555556
    endloop
  endfacet
  facet normal -0.000000000000000  0.554700196225229  0.832050294337844
    outer loop
      vertex  0.753333333333333  0.123333333333333  0.287777777777778
      vertex  0.753333333333333  0.000000000000000  0.370000000000000
      vertex  0.876666666666667  0.000000000000000  0.370000000000000
    endloop
  endfacet
  facet normal -0.301511344577764  0.301511344577764  0.904534033733291
    outer loop
      vertex  0.876666666666667  0.000000000000000  0.370000000000000
      vertex  0.876666666666667  0.123333333333333  0.328888888888889
      vertex  0.753333333333333  0.123333333333333  0.287777777777778
    endloop
  endfacet
  facet normal -0.534522483824849  0.267261241912424  0.801783725737273
    outer loop
      vertex  0.876666666666667  0.370000000000000  0.246666666666667
      vertex  0.876666666666667  0.246666666666667  0.287777777777778
      vertex  1.000000000000000  0.246666666666667  0.370000000000000
    endloop
  endfacet
  facet normal -0.707106781186547 -0.000000000000000  0.707106781186547
    outer loop
      vertex  1.000000000000000  0.246666666666667  0.370000000000000
      vertex  1.000000000000000  0.370000000000000  0.370000000000000
      vertex  0.876666666666667  0.370000000000000  0.246666666666667
    endloop
  endfacet
  facet normal -0.301511344577764  0.301511344577764  0.904534033733291
    outer loop
      vertex  0.876666666666667  0.246666666666667  0.287777777777778
      vertex  0.876666666666667  0.123333333333333  0.328888888888889
      vertex  1.000000000000000  0.123333333333333  0.370000000000000
    endloop
  endfacet
  facet normal -0.554700196225229 -0.000000000000000  0.832050294337844
    outer loop
      vertex  1.000000000000000  0.123333333333333  0.370000000000000
      vertex  1.000000000000000  0.246666666666667  0.370000000000000
      vertex  0.876666666666667  0.246666666666667  0.287777777777778
    endloop
  endfacet
  facet normal -0.000000000000000  0.316227766016838  0.948683298050514
    outer loop
      vertex  0.876666666666667  0.123333333333333  0.328888888888889
      vertex  0.876666666666667  0.000000000000000  0.370000000000000
      vertex  1.000000000000000  0.000000000000000  0.370000000000000
    endloop
  endfacet
  facet normal -0.316227766016838 -0.000000000000000  0.948683298050514
    outer loop
      vertex  1.000000000000000  0.000000000000000  0.370000000000000
      vertex  1.000000000000000  0.123333333333333  0.370000000000000
      vertex  0.876666666666667  0.123333333333333  0.328888888888889
    endloop
  endfacet
  facet normal  0.000000000000000 -0.000000000000000 -1.000000000000000
    outer loop
      vertex  1.000000000000000  0.000000000000000  0.000000000000000
      vertex  0.630000000000000  0.370000000000000  0.000000000000000
      vertex  1.000000000000000  0.370000000000000  0.000000000000000
    endloop
  endfacet
  facet normal  0.000000000000000 -0.000000000000000 -1.000000000000000
    outer loop
      vertex  1.000000000000000  0.000000000000000  0.000000000000000
      vertex  0.630000000000000  0.000000000000000  0.000000000000000
      vertex  0.630000000000000  0.370000000000000  0.000000000000000
    endloop
  endfacet
  facet normal -0.000000000000000  1.000000000000000 -0.000000000000000
    outer loop
      vertex  1.000000000000000  0.370000000000000  0.000000000000000
      vertex  0.630000000000000  0.370000000000000  0.000000000000000
      vertex  0.753333333333333  0.370000000000000  0.123333333333333
    endloop
  endfacet
  facet normal -0.000000000000000  1.000000000000000 -0.000000000000000
    outer loop
      vertex  1.000000000000000  0.370000000000000  0.000000000000000
      vertex  0.753333333333333  0.370000000000000  0.123333333333333
      vertex  0.876666666666667  0.370000000000000  0.246666666666667
    endloop
  endfacet
  facet normal -0.000000000000000  1.000000000000000 -0.000000000000000
    outer loop
      vertex  1.000000000000000  0.370000000000000  0.000000000000000
      vertex  0.876666666666667  0.370000000000000  0.246666666666667
      vertex  1.000000000000000  0.370000000000000  0.370000000000000
    endloop
  endfacet
  facet normal -0.000000000000000 -1.000000000000000 -0.000000000000000
    outer loop
      vertex  1.000000000000000  0.000000000000000  0.000000000000000
      vertex  1.000000000000000  0.000000000000000  0.370000000000000
      vertex  0.876666666666667  0.000000000000000  0.370000000000000
    endloop
  endfacet
  facet normal -0.000000000000000 -1.000000000000000 -0.000000000000000
    outer loop
      vertex  1.000000000000000  0.000000000000000  0.000000000000000
      vertex  0.876666666666667  0.000000000000000  0.370000000000000
      vertex  0.753333333333333  0.000000000000000  0.370000000000000
    endloop
  endfacet
  facet normal  0.000000000000000 -1.000000000000000 -0.000000000000000
    outer loop
      vertex  1.000000000000000  0.000000000000000  0.000000000000000
      vertex  0.630000000000000  0.000000000000000  0.370000000000000
      vertex  0.630000000000000  0.000000000000000  0.000000000000000
    endloop
  endfacet
  facet normal -0.000000000000000 -1.000000000000000 -0.000000000000000
    outer loop
      vertex  1.000000000000000  0.000000000000000  0.000000000000000
      vertex  0.753333333333333  0.000000000000000  0.370000000000000
      vertex  0.630000000000000  0.000000000000000  0.370000000000000
    endloop
  endfacet
  facet normal -1.000000000000000 -0.000000000000000 -0.000000000000000
    outer loop
      vertex  0.630000000000000  0.000000000000000  0.000000000000000
      vertex  0.630000000000000  0.000000000000000  0.370000000000000
      vertex  0.630000000000000  0.123333333333333  0.246666666666667
    endloop
  endfacet
  facet normal -1.000000000000000 -0.000000000000000 -0.000000000000000
    outer loop
      vertex  0.630000000000000  0.000000000000000  0.000000000000000
      vertex  0.630000000000000  0.123333333333333  0.246666666666667
      vertex  0.630000000000000  0.246666666666667  0.123333333333333
    endloop
  endfacet
  facet normal -1.000000000000000 -0.000000000000000 -0.000000000000000
    outer loop
      vertex  0.630000000000000  0.000000000000000  0.000000000000000
      vertex  0.630000000000000  0.246666666666667  0.123333333333333
      vertex  0.630000000000000  0.370000000000000  0.000000000000000
    endloop
  endfacet
  facet normal  1.000000000000000  0.000000000000000  0.000000000000000
    outer loop
      vertex  1.000000000000000  0.370000000000000  0.000000000000000
      vertex  1.000000000000000  0.370000000000000  0.370000000000000
      vertex  1.000000000000000  0.246666666666667  0.370000000000000
    endloop
  endfacet
  facet normal  1.000000000000000  0.000000000000000  0.000000000000000
    outer loop
      vertex  1.000000000000000  0.370000000000000  0.000000000000000
      vertex  1.000000000000000  0.246666666666667  0.370000000000000
      vertex  1.000000000000000  0.123333333333333  0.370000000000000
    endloop
  endfacet
  facet normal  1.000000000000000 -0.000000000000000 -0.000000000000000
    outer loop
      vertex  1.000000000000000  0.370000000000000  0.000000000000000
      vertex  1.000000000000000  0.000000000000000  0.370000000000000
      vertex  1.000000000000000  0.000000000000000  0.000000000000000
    endloop
  endfacet
  facet normal  1.000000000000000  0.000000000000000  0.000000000000000
    outer loop
      vertex  1.000000000000000  0.370000000000000  0.000000000000000
      vertex  1.000000000000000  0.123333333333333  0.370000000000000
      vertex  1.000000000000000  0.000000000000000  0.370000000000000
    endloop
  endfacet
  facet normal  0.426401432711221 -0.639602149066831  0.639602149066831
    outer loop
      vertex  0.370000000000000  0.630000000000000  0.000000000000000
      vertex  0.370000000000000  0.753333333333333  0.123333333333333
      vertex  0.246666666666667  0.753333333333333  0.205555555555556
    endloop
  endfacet
  facet normal  0.639602149066831 -0.426401432711221  0.639602149066831
    outer loop
      vertex  0.246666666666667  0.753333333333333  0.205555555555556
      vertex  0.246666666666667  0.630000000000000  0.123333333333333
      vertex  0.370000000000000  0.630000000000000  0.000000000000000
    endloop
  endfacet
  facet normal  0.229415733870562 -0.688247201611685  0.688247201611685
    outer loop
      vertex  0.370000000000000  0.753333333333333  0.123333333333333
      vertex  0.370000000000000  0.876666666666667  0.246666666666667
      vertex  0.246666666666667  0.876666666666667  0.287777777777778
    endloop
  endfacet
  facet normal  0.485071250072666 -0.485071250072666  0.727606875108999
    outer loop
      vertex  0.246666666666667  0.876666666666667  0.287777777777778
      vertex  0.246666666666667  0.753333333333333  0.205555555555556
      vertex  0.370000000000000  0.753333333333333  0.123333333333333
    endloop
  endfacet
  facet normal -0.000000000000000 -0.707106781186547  0.707106781186547
    outer loop
      vertex  0.370000000000000  0.876666666666667  0.246666666666667
      vertex  0.370000000000000  1.000000000000000  0.370000000000000
      vertex  0.246666666666667  1.000000000000000  0.370000000000000
    endloop
  endfacet
  facet normal  0.267261241912424 -0.534522483824849  0.801783725737273
    outer loop
      vertex  0.246666666666667  1.000000000000000  0.370000000000000
      vertex  0.246666666666667  0.876666666666667  0.287777777777778
      vertex  0.370000000000000  0.876666666666667  0.246666666666667
    endloop
  endfacet
  facet normal  0.485071250072666 -0.485071250072666  0.727606875108999
    outer loop
      vertex  0.246666666666667  0.630000000000000  0.123333333333333
      vertex  0.246666666666667  0.753333333333333  0.205555555555556
      vertex  0.123333333333333  0.753333333333333  0.287777777777778
    endloop
  endfacet
  facet normal  0.688247201611686 -0.229415733870562  0.688247201611685
    outer loop
      vertex  0.123333333333333  0.753333333333333  0.287777777777778
      vertex  0.123333333333333  0.630000000000000  0.246666666666667
      vertex  0.246666666666667  0.630000000000000  0.123333333333333
    endloop
  endfacet
  facet normal  0.267261241912424 -0.534522483824849  0.801783725737273
    outer loop
      vertex  0.246666666666667  0.753333333333333  0.205555555555556
      vertex  0.246666666666667  0.876666666666667  0.287777777777778
      vertex  0.123333333333333  0.876666666666667  0.328888888888889
    endloop
  endfacet
  facet normal  0.534522483824849 -0.267261241912424  0.801783725737273
    outer loop
      vertex  0.123333333333333  0.876666666666667  0.328888888888889
      vertex  0.123333333333333  0.753333333333333  0.287777777777778
      vertex  0.246666666666667  0.753333333333333  0.205555555555556
    endloop
  endfacet
  facet normal -0.000000000000000 -0.554700196225229  0.832050294337844
    outer loop
      vertex  0.246666666666667  0.876666666666667  0.287777777777778
      vertex  0.246666666666667  1.000000000000000  0.370000000000000
      vertex  0.123333333333333  1.000000000000000  0.370000000000000
    endloop
  endfacet
  facet normal  0.301511344577764 -0.301511344577764  0.904534033733291
    outer loop
      vertex  0.123333333333333  1.000000000000000  0.370000000000000
      vertex  0.123333333333333  0.876666666666667  0.328888888888889
      vertex  0.246666666666667  0.876666666666667  0.287777777777778
    endloop
  endfacet
  facet normal  0.534522483824849 -0.267261241912424  0.801783725737273
    outer loop
      vertex  0.123333333333333  0.630000000000000  0.246666666666667
      vertex  0.123333333333333  0.753333333333333  0.287777777777778
      vertex  0.000000000000000  0.753333333333333  0.370000000000000
    endloop
  endfacet
  facet normal  0.707106781186547 -0.000000000000000  0.707106781186548
    outer loop
      vertex  0.000000000000000  0.753333333333333  0.370000000000000
      vertex  0.000000000000000  0.630000000000000  0.370000000000000
      vertex  0.123333333333333  0.630000000000000  0.246666666666667
    endloop
  endfacet
  facet normal  0.301511344577764 -0.301511344577764  0.904534033733291
    outer loop
      vertex  0.123333333333333  0.753333333333333  0.287777777777778
      vertex  0.123333333333333  0.876666666666667  0.328888888888889
      vertex  0.000000000000000  0.876666666666667  0.370000000000000
    endloop
  endfacet
  facet normal  0.554700196225229 -0.000000000000000  0.832050294337844
    outer loop
      vertex  0.000000000000000  0.876666666666667  0.370000000000000
      vertex  0.000000000000000  0.753333333333333  0.370000000000000
      vertex  0.123333333333333  0.753333333333333  0.287777777777778
    endloop
  endfacet
  facet normal -0.000000000000000 -0.316227766016838  0.948683298050514
    outer loop
      vertex  0.123333333333333  0.876666666666667  0.328888888888889
      vertex  0.123333333333333  1.000000000000000  0.370000000000000
      vertex  0.000000000000000  1.000000000000000  0.370000000000000
    endloop
  endfacet
  facet normal  0.316227766016838 -0.000000000000000  0.948683298050514
    outer loop
      vertex  0.000000000000000  1.000000000000000  0.370000000000000
      vertex  0.000000000000000  0.876666666666667  0.370000000000000
      vertex  0.123333333333333  0.876666666666667  0.328888888888889
    endloop
  endfacet
  facet normal -0.000000000000000  0.000000000000000 -1.000000000000000
    outer loop
      vertex  0.000000000000000  1.000000000000000  0.000000000000000
      vertex  0.370000000000000  0.630000000000000  0.000000000000000
      vertex  0.000000000000000  0.630000000000000  0.000000000000000
    endloop
  endfacet
  facet normal -0.000000000000000 -0.000000000000000 -1.000000000000000
    outer loop
      vertex  0.000000000000000  1.000000000000000  0.000000000000000
      vertex  0.370000000000000  1.000000000000000  0.000000000000000
      vertex  0.370000000000000  0.630000000000000  0.000000000000000
    endloop
  endfacet
  facet normal -0.000000000000000 -1.000000000000000 -0.000000000000000
    outer loop
      vertex  0.000000000000000  0.630000000000000  0.000000000000000
      vertex  0.370000000000000  0.630000000000000  0.000000000000000
      vertex  0.246666666666667  0.630000000000000  0.123333333333333
    endloop
  endfacet
  facet normal -0.000000000000000 -1.000000000000000 -0.000000000000000
    outer loop
      vertex  0.000000000000000  0.630000000000000  0.000000000000000
      vertex  0.246666666666667  0.630000000000000  0.123333333333333
      vertex  0.123333333333333  0.630000000000000  0.246666666666667
    endloop
  endfacet
  facet normal -0.000000000000000 -1.000000000000000 -0.000000000000000
    outer loop
      vertex  0.000000000000000  0.630000000000000  0.000000000000000
      vertex  0.123333333333333  0.630000000000000  0.246666666666667
      vertex  0.000000000000000  0.630000000000000  0.370000000000000
    endloop
  endfacet
  facet normal -0.000000000000000  1.000000000000000  0.000000000000000
    outer loop
      vertex  0.000000000000000  1.000000000000000  0.000000000000000
      vertex  0.000000000000000  1.000000000000000  0.370000000000000
      vertex  0.123333333333333  1.000000000000000  0.370000000000000
    endloop
  endfacet
  facet normal -0.000000000000000  1.000000000000000  0.000000000000000
    outer loop
      vertex  0.000000000000000  1.000000000000000  0.000000000000000
      vertex  0.123333333333333  1.000000000000000  0.370000000000000
      vertex  0.246666666666667  1.000000000000000  0.370000000000000
    endloop
  endfacet
  facet normal  0.000000000000000  1.000000000000000  0.000000000000000
    outer loop
      vertex  0.000000000000000  1.000000000000000  0.000000000000000
      vertex  0.370000000000000  1.000000000000000  0.370000000000000
      vertex  0.370000000000000  1.000000000000000  0.000000000000000
    endloop
  endfacet
  facet normal -0.000000000000000  1.000000000000000  0.000000000000000
    outer loop
      vertex  0.000000000000000  1.000000000000000  0.000000000000000
      vertex  0.246666666666667  1.000000000000000  0.370000000000000
      vertex  0.370000000000000  1.000000000000000  0.370000000000000
    endloop
  endfacet
  facet normal  1.000000000000000 -0.000000000000000  0.000000000000000
    outer loop
      vertex  0.370000000000000  1.000000000000000  0.000000000000000
      vertex  0.370000000000000  1.000000000000000  0.370000000000000
      vertex  0.370000000000000  0.876666666666667  0.246666666666667
    endloop
  endfacet
  facet normal  1.000000000000000 -0.000000000000000  0.000000000000000
    outer loop
      vertex  0.370000000000000  1.000000000000000  0.000000000000000
      vertex  0.370000000000000  0.876666666666667  0.246666666666667
      vertex  0.370000000000000  0.753333333333333  0.123333333333333
    endloop
  endfacet
  facet normal  1.000000000000000 -0.000000000000000  0.000000000000000
    outer loop
      vertex  0.370000000000000  1.000000000000000  0.000000000000000
      vertex  0.370000000000000  0.753333333333333  0.123333333333333
      vertex  0.370000000000000  0.630000000000000  0.000000000000000
    endloop
  endfacet
  facet normal -1.000000000000000  0.000000000000000 -0.000000000000000
    outer loop
      vertex  0.000000000000000  0.630000000000000  0.000000000000000
      vertex  0.000000000000000  0.630000000000000  0.370000000000000
      vertex  0.000000000000000  0.753333333333333  0.370000000000000
    endloop
  endfacet
  facet normal -1.000000000000000  0.000000000000000 -0.000000000000000
    outer loop
      vertex  0.000000000000000  0.630000000000000  0.000000000000000
      vertex  0.000000000000000  0.753333333333333  0.370000000000000
      vertex  0.000000000000000  0.876666666666667  0.370000000000000
    endloop
  endfacet
  facet normal -1.000000000000000 -0.000000000000000 -0.000000000000000
    outer loop
      vertex  0.000000000000000  0.630000000000000  0.000000000000000
      vertex  0.000000000000000  1.000000000000000  0.370000000000000
      vertex  0.000000000000000  1.000000000000000  0.000000000000000
    endloop
  endfacet
  facet normal -1.000000000000000  0.000000000000000 -0.000000000000000
    outer loop
      vertex  0.000000000000000  0.630000000000000  0.000000000000000
      vertex  0.000000000000000  0.876666666666667  0.370000000000000
      vertex  0.000000000000000  1.000000000000000  0.370000000000000
    endloop
  endfacet
  facet normal -0.426401432711221 -0.639602149066831  0.639602149066831
    outer loop
      vertex  0.630000000000000  0.630000000000000  0.000000000000000
      vertex  0.753333333333333  0.753333333333333  0.205555555555556
      vertex  0.630000000000000  0.753333333333333  0.123333333333333
    endloop
  endfacet
  facet normal -0.639602149066831 -0.426401432711221  0.639602149066831
    outer loop
      vertex  0.753333333333333  0.753333333333333  0.205555555555556
      vertex  0.630000000000000  0.630000000000000  0.000000000000000
      vertex  0.753333333333333  0.630000000000000  0.123333333333333
    endloop
  endfacet
  facet normal -0.229415733870562 -0.688247201611686  0.688247201611685
    outer loop
      vertex  0.630000000000000  0.753333333333333  0.123333333333333
      vertex  0.753333333333333  0.876666666666667  0.287777777777778
      vertex  0.630000000000000  0.876666666666667  0.246666666666667
    endloop
  endfacet
  facet normal -0.485071250072666 -0.485071250072666  0.727606875108999
    outer loop
      vertex  0.753333333333333  0.876666666666667  0.287777777777778
      vertex  0.630000000000000  0.753333333333333  0.123333333333333
      vertex  0.753333333333333  0.753333333333333  0.205555555555556
    endloop
  endfacet
  facet normal -0.000000000000000 -0.707106781186547  0.707106781186547
    outer loop
      vertex  0.630000000000000  0.876666666666667  0.246666666666667
      vertex  0.753333333333333  1.000000000000000  0.370000000000000
      vertex  0.630000000000000  1.000000000000000  0.370000000000000
    endloop
  endfacet
  facet normal -0.267261241912424 -0.534522483824849  0.801783725737273
    outer loop
      vertex  0.753333333333333  1.000000000000000  0.370000000000000
      vertex  0.630000000000000  0.876666666666667  0.246666666666667
      vertex  0.753333333333333  0.876666666666667  0.287777777777778
    endloop
  endfacet
  facet normal -0.485071250072666 -0.485071250072666  0.727606875108999
    outer loop
      vertex  0.753333333333333  0.630000000000000  0.123333333333333
      vertex  0.876666666666667  0.753333333333333  0.287777777777778
      vertex  0.753333333333333  0.753333333333333  0.205555555555556
    endloop
  endfacet
  facet normal -0.688247201611686 -0.229415733870562  0.688247201611685
    outer loop
      vertex  0.876666666666667  0.753333333333333  0.287777777777778
      vertex  0.753333333333333  0.630000000000000  0.123333333333333
      vertex  0.876666666666667  0.630000000000000  0.246666666666667
    endloop
  endfacet
  facet normal -0.267261241912424 -0.534522483824849  0.801783725737273
    outer loop
      vertex  0.753333333333333  0.753333333333333  0.205555555555556
      vertex  0.876666666666667  0.876666666666667  0.328888888888889
      vertex  0.753333333333333  0.876666666666667  0.287777777777778
    endloop
  endfacet
  facet normal -0.534522483824849 -0.267261241912424  0.801783725737273
    outer loop
      vertex  0.876666666666667  0.876666666666667  0.328888888888889
      vertex  0.753333333333333  0.753333333333333  0.205555555555556
      vertex  0.876666666666667  0.753333333333333  0.287777777777778
    endloop
  endfacet
  facet normal -0.000000000000000 -0.554700196225229  0.832050294337844
    outer loop
      vertex  0.753333333333333  0.876666666666667  0.287777777777778
      vertex  0.876666666666667  1.000000000000000  0.370000000000000
      vertex  0.753333333333333  1.000000000000000  0.370000000000000
    endloop
  endfacet
  facet normal -0.301511344577764 -0.301511344577764  0.904534033733291
    outer loop
      vertex  0.876666666666667  1.000000000000000  0.370000000000000
      vertex  0.753333333333333  0.876666666666667  0.287777777777778
      vertex  0.876666666666667  0.876666666666667  0.328888888888889
    endloop
  endfacet
  facet normal -0.534522483824849 -0.267261241912424  0.801783725737273
    outer loop
      vertex  0.876666666666667  0.630000000000000  0.246666666666667
      vertex  1.000000000000000  0.753333333333333  0.370000000000000
      vertex  0.876666666666667  0.753333333333333  0.287777777777778
    endloop
  endfacet
  facet normal -0.707106781186547 -0.000000000000000  0.707106781186547
    outer loop
      vertex  1.000000000000000  0.753333333333333  0.370000000000000
      vertex  0.876666666666667  0.630000000000000  0.246666666666667
      vertex  1.000000000000000  0.630000000000000  0.370000000000000
    endloop
  endfacet
  facet normal -0.301511344577764 -0.301511344577764  0.904534033733291
    outer loop
      vertex  0.876666666666667  0.753333333333333  0.287777777777778
      vertex  1.000000000000000  0.876666666666667  0.370000000000000
      vertex  0.876666666666667  0.876666666666667  0.328888888888889
    endloop
  endfacet
  facet normal -0.554700196225229 -0.000000000000000  0.832050294337844
    outer loop
      vertex  1.000000000000000  0.876666666666667  0.370000000000000
      vertex  0.876666666666667  0.753333333333333  0.287777777777778
      vertex  1.000000000000000  0.753333333333333  0.370000000000000
    endloop
  endfacet
  facet normal -0.000000000000000 -0.316227766016838  0.948683298050514
    outer loop
      vertex  0.876666666666667  0.876666666666667  0.328888888888889
      vertex  1.000000000000000  1.000000000000000  0.370000000000000
      vertex  0.876666666666667  1.000000000000000  0.370000000000000
    endloop
  endfacet
  facet normal -0.316227766016838 -0.000000000000000  0.948683298050514
    outer loop
      vertex  1.000000000000000  1.000000000000000  0.370000000000000
      vertex  0.876666666666667  0.876666666666667  0.328888888888889
      vertex  1.000000000000000  0.876666666666667  0.370000000000000
    endloop
  endfacet
  facet normal -0.000000000000000 -0.000000000000000 -1.000000000000000
    outer loop
      vertex  1.000000000000000  1.000000000000000  0.000000000000000
      vertex  0.630000000000000  0.630000000000000  0.000000000000000
      vertex  0.630000000000000  1.000000000000000  0.000000000000000
    endloop
  endfacet
  facet normal -0.000000000000000  0.000000000000000 -1.000000000000000
    outer loop
      vertex  1.000000000000000  1.000000000000000  0.000000000000000
      vertex  1.000000000000000  0.630000000000000  0.000000000000000
      vertex  0.630000000000000  0.630000000000000  0.000000000000000
    endloop
  endfacet
  facet normal -0.000000000000000 -1.000000000000000 -0.000000000000000
    outer loop
      vertex  1.000000000000000  0.630000000000000  0.000000000000000
      vertex  1.000000000000000  0.630000000000000  0.370000000000000
      vertex  0.876666666666667  0.630000000000000  0.246666666666667
    endloop
  endfacet
  facet normal -0.000000000000000 -1.000000000000000 -0.000000000000000
    outer loop
      vertex  1.000000000000000  0.630000000000000  0.000000000000000
      vertex  0.876666666666667  0.630000000000000  0.246666666666667
      vertex  0.753333333333333  0.630000000000000  0.123333333333333
    endloop
  endfacet
  facet normal  0.000000000000000 -1.000000000000000 -0.000000000000000
    outer loop
      vertex  1.000000000000000  0.630000000000000  0.000000000000000
      vertex  0.753333333333333  0.630000000000000  0.123333333333333
      vertex  0.630000000000000  0.630000000000000  0.000000000000000
    endloop
  endfacet
  facet normal -0.000000000000000  1.000000000000000  0.000000000000000
    outer loop
      vertex  0.630000000000000  1.000000000000000  0.000000000000000
      vertex  0.630000000000000  1.000000000000000  0.370000000000000
      vertex  0.753333333333333  1.000000000000000  0.370000000000000
    endloop
  endfacet
  facet normal -0.000000000000000  1.000000000000000  0.000000000000000
    outer loop
      vertex  0.630000000000000  1.000000000000000  0.000000000000000
      vertex  0.753333333333333  1.000000000000000  0.370000000000000
      vertex  0.876666666666667  1.000000000000000  0.370000000000000
    endloop
  endfacet
  facet normal  0.000000000000000  1.000000000000000  0.000000000000000
    outer loop
      vertex  0.630000000000000  1.000000000000000  0.000000000000000
      vertex  1.000000000000000  1.000000000000000  0.370000000000000
      vertex  1.000000000000000  1.000000000000000  0.000000000000000
    endloop
  endfacet
  facet normal -0.000000000000000  1.000000000000000  0.000000000000000
    outer loop
      vertex  0.630000000000000  1.000000000000000  0.000000000000000
      vertex  0.876666666666667  1.000000000000000  0.370000000000000
      vertex  1.000000000000000  1.000000000000000  0.370000000000000
    endloop
  endfacet
  facet normal -1.000000000000000  0.000000000000000 -0.000000000000000
    outer loop
      vertex  0.630000000000000  1.000000000000000  0.000000000000000
      vertex  0.630000000000000  0.630000000000000  0.000000000000000
      vertex  0.630000000000000  0.753333333333333  0.123333333333333
    endloop
  endfacet
  facet normal -1.000000000000000  0.000000000000000 -0.000000000000000
    outer loop
      vertex  0.630000000000000  1.000000000000000  0.000000000000000
      vertex  0.630000000000000  0.753333333333333  0.123333333333333
      vertex  0.630000000000000  0.876666666666667  0.246666666666667
    endloop
  endfacet
  facet normal -1.000000000000000  0.000000000000000 -0.000000000000000
    outer loop
      vertex  0.630000000000000  1.000000000000000  0.000000000000000
      vertex  0.630000000000000  0.876666666666667  0.246666666666667
      vertex  0.630000000000000  1.000000000000000  0.370000000000000
    endloop
  endfacet
  facet normal  1.000000000000000  0.000000000000000  0.000000000000000
    outer loop
      vertex  1.000000000000000  1.000000000000000  0.000000000000000
      vertex  1.000000000000000  1.000000000000000  0.370000000000000
      vertex  1.000000000000000  0.876666666666667  0.370000000000000
    endloop
  endfacet
  facet normal  1.000000000000000  0.000000000000000  0.000000000000000
    outer loop
      vertex  1.000000000000000  1.000000000000000  0.000000000000000
      vertex  1.000000000000000  0.876666666666667  0.370000000000000
      vertex  1.000000000000000  0.753333333333333  0.370000000000000
    endloop
  endfacet
  facet normal  1.000000000000000 -0.000000000000000 -0.000000000000000
    outer loop
      vertex  1.000000000000000  1.000000000000000  0.000000000000000
      vertex  1.000000000000000  0.630000000000000  0.370000000000000
      vertex  1.000000000000000  0.630000000000000  0.000000000000000
    endloop
  endfacet
  facet normal  1.000000000000000  0.000000000000000  0.000000000000000
    outer loop
      vertex  1.000000000000000  1.000000000000000  0.000000000000000
      vertex  1.000000000000000  0.753333333333333  0.370000000000000
      vertex  1.000000000000000  0.630000000000000  0.370000000000000
    endloop
  endfacet
  facet normal  0.426401432711221  0.639602149066831 -0.639602149066831
    outer loop
      vertex  0.370000000000000  0.370000000000000  1.000000000000000
      vertex  0.370000000000000  0.246666666666667  0.876666666666667
      vertex  0.246666666666667  0.246666666666667  0.794444444444445
    endloop
  endfacet
  facet normal  0.639602149066831  0.426401432711221 -0.639602149066831
    outer loop
      vertex  0.246666666666667  0.246666666666667  0.794444444444445
      vertex  0.246666666666667  0.370000000000000  0.876666666666667
      vertex  0.370000000000000  0.370000000000000  1.000000000000000
    endloop
  endfacet
  facet normal  0.229415733870562  0.688247201611685 -0.688247201611685
    outer loop
      vertex  0.370000000000000  0.246666666666667  0.876666666666667
      vertex  0.370000000000000  0.123333333333333  0.753333333333333
      vertex  0.246666666666667  0.123333333333333  0.712222222222222
    endloop
  endfacet
  facet normal  0.485071250072666  0.485071250072666 -0.727606875108999
    outer loop
      vertex  0.246666666666667  0.123333333333333  0.712222222222222
      vertex  0.246666666666667  0.246666666666667  0.794444444444445
      vertex  0.370000000000000  0.246666666666667  0.876666666666667
    endloop
  endfacet
  facet normal -0.000000000000000  0.707106781186548 -0.707106781186547
    outer loop
      vertex  0.370000000000000  0.123333333333333  0.753333333333333
      vertex  0.370000000000000  0.000000000000000  0.630000000000000
      vertex  0.246666666666667  0.000000000000000  0.630000000000000
    endloop
  endfacet
  facet normal  0.267261241912424  0.534522483824849 -0.801783725737273
    outer loop
      vertex  0.246666666666667  0.000000000000000  0.630000000000000
      vertex  0.246666666666667  0.123333333333333  0.712222222222222
      vertex  0.370000000000000  0.123333333333333  0.753333333333333
    endloop
  endfacet
  facet normal  0.485071250072666  0.485071250072666 -0.727606875108999
    outer loop
      vertex  0.246666666666667  0.370000000000000  0.876666666666667
      vertex  0.246666666666667  0.246666666666667  0.794444444444445
      vertex  0.123333333333333  0.246666666666667  0.712222222222222
    endloop
  endfacet
  facet normal  0.688247201611685  0.229415733870562 -0.688247201611685
    outer loop
      vertex  0.123333333333333  0.246666666666667  0.712222222222222
      vertex  0.123333333333333  0.370000000000000  0.753333333333333
      vertex  0.246666666666667  0.370000000000000  0.876666666666667
    endloop
  endfacet
  facet normal  0.267261241912424  0.534522483824849 -0.801783725737273
    outer loop
      vertex  0.246666666666667  0.246666666666667  0.794444444444445
      vertex  0.246666666666667  0.123333333333333  0.712222222222222
      vertex  0.123333333333333  0.123333333333333  0.671111111111111
    endloop
  endfacet
  facet normal  0.534522483824849  0.267261241912424 -0.801783725737273
    outer loop
      vertex  0.123333333333333  0.123333333333333  0.671111111111111
      vertex  0.123333333333333  0.246666666666667  0.712222222222222
      vertex  0.246666666666667  0.246666666666667  0.794444444444445
    endloop
  endfacet
  facet normal -0.000000000000000  0.554700196225230 -0.832050294337843
    outer loop
      vertex  0.246666666666667  0.123333333333333  0.712222222222222
      vertex  0.246666666666667  0.000000000000000  0.630000000000000
      vertex  0.123333333333333  0.000000000000000  0.630000000000000
    endloop
  endfacet
  facet normal  0.301511344577763  0.301511344577764 -0.904534033733291
    outer loop
      vertex  0.123333333333333  0.000000000000000  0.630000000000000
      vertex  0.123333333333333  0.123333333333333  0.671111111111111
      vertex  0.246666666666667  0.123333333333333  0.712222222222222
    endloop
  endfacet
  facet normal  0.534522483824849  0.267261241912424 -0.801783725737273
    outer loop
      vertex  0.123333333333333  0.370000000000000  0.753333333333333
      vertex  0.123333333333333  0.246666666666667  0.712222222222222
      vertex  0.000000000000000  0.246666666666667  0.630000000000000
    endloop
  endfacet
  facet normal  0.707106781186548 -0.000000000000000 -0.707106781186547
    outer loop
      vertex  0.000000000000000  0.246666666666667  0.630000000000000
      vertex  0.000000000000000  0.370000000000000  0.630000000000000
      vertex  0.123333333333333  0.370000000000000  0.753333333333333
    endloop
  endfacet
  facet normal  0.301511344577764  0.301511344577763 -0.904534033733291
    outer loop
      vertex  0.123333333333333  0.246666666666667  0.712222222222222
      vertex  0.123333333333333  0.123333333333333  0.671111111111111
      vertex  0.000000000000000  0.123333333333333  0.630000000000000
    endloop
  endfacet
  facet normal  0.554700196225230 -0.000000000000000 -0.832050294337843
    outer loop
      vertex  0.000000000000000  0.123333333333333  0.630000000000000
      vertex  0.000000000000000  0.246666666666667  0.630000000000000
      vertex  0.123333333333333  0.246666666666667  0.712222222222222
    endloop
  endfacet
  facet normal -0.000000000000000  0.316227766016839 -0.948683298050514
    outer loop
      vertex  0.123333333333333  0.123333333333333  0.671111111111111
      vertex  0.123333333333333  0.000000000000000  0.630000000000000
      vertex  0.000000000000000  0.000000000000000  0.630000000000000
    endloop
  endfacet
  facet normal  0.316227766016839 -0.000000000000000 -0.948683298050514
    outer loop
      vertex  0.000000000000000  0.000000000000000  0.630000000000000
      vertex  0.000000000000000  0.123333333333333  0.630000000000000
      vertex  0.123333333333333  0.123333333333333  0.671111111111111
    endloop
  endfacet
  facet normal  0.000000000000000  0.000000000000000  1.000000000000000
    outer loop
      vertex  0.000000000000000  0.000000000000000  1.000000000000000
      vertex  0.370000000000000  0.370000000000000  1.000000000000000
      vertex  0.000000000000000  0.370000000000000  1.000000000000000
    endloop
  endfacet
  facet normal  0.000000000000000 -0.000000000000000  1.000000000000000
    outer loop
      vertex  0.000000000000000  0.000000000000000  1.000000000000000
      vertex  0.370000000000000  0.000000000000000  1.000000000000000
      vertex  0.370000000000000  0.370000000000000  1.000000000000000
    endloop
  endfacet
  facet normal  0.000000000000000  1.000000000000000 -0.000000000000000
    outer loop
      vertex  0.000000000000000  0.370000000000000  1.000000000000000
      vertex  0.370000000000000  0.370000000000000  1.000000000000000
      vertex  0.246666666666667  0.370000000000000  0.876666666666667
    endloop
  endfacet
  facet normal  0.000000000000000  1.000000000000000 -0.000000000000000
    outer loop
      vertex  0.000000000000000  0.370000000000000  1.000000000000000
      vertex  0.246666666666667  0.370000000000000  0.876666666666667
      vertex  0.123333333333333  0.370000000000000  0.753333333333333
    endloop
  endfacet
  facet normal  0.000000000000000  1.000000000000000 -0.000000000000000
    outer loop
      vertex  0.000000000000000  0.370000000000000  1.000000000000000
      vertex  0.123333333333333  0.370000000000000  0.753333333333333
      vertex  0.000000000000000  0.370000000000000  0.630000000000000
    endloop
  endfacet
  facet normal -0.000000000000000 -1.000000000000000  0.000000000000000
    outer loop
      vertex  0.000000000000000  0.000000000000000  1.000000000000000
      vertex  0.000000000000000  0.000000000000000  0.630000000000000
      vertex  0.123333333333333  0.000000000000000  0.630000000000000
    endloop
  endfacet
  facet normal -0.000000000000000 -1.000000000000000  0.000000000000000
    outer loop
      vertex  0.000000000000000  0.000000000000000  1.000000000000000
      vertex  0.123333333333333  0.000000000000000  0.630000000000000
      vertex  0.246666666666667  0.000000000000000  0.630000000000000
    endloop
  endfacet
  facet normal -0.000000000000000 -1.000000000000000  0.000000000000000
    outer loop
      vertex  0.000000000000000  0.000000000000000  1.000000000000000
      vertex  0.370000000000000  0.000000000000000  0.630000000000000
      vertex  0.370000000000000  0.000000000000000  1.000000000000000
    endloop
  endfacet
  facet normal -0.000000000000000 -1.000000000000000  0.000000000000000
    outer loop
      vertex  0.000000000000000  0.000000000000000  1.000000000000000
      vertex  0.246666666666667  0.000000000000000  0.630000000000000
      vertex  0.370000000000000  0.000000000000000  0.630000000000000
    endloop
  endfacet
  facet normal  1.000000000000000 -0.000000000000000 -0.000000000000000
    outer loop
      vertex  0.370000000000000  0.000000000000000  1.000000000000000
      vertex  0.370000000000000  0.000000000000000  0.630000000000000
      vertex  0.370000000000000  0.123333333333333  0.753333333333333
    endloop
  endfacet
  facet normal  1.000000000000000 -0.000000000000000 -0.000000000000000
    outer loop
      vertex  0.370000000000000  0.000000000000000  1.000000000000000
      vertex  0.370000000000000  0.123333333333333  0.753333333333333
      vertex  0.370000000000000  0.246666666666667  0.876666666666667
    endloop
  endfacet
  facet normal  1.000000000000000 -0.000000000000000 -0.000000000000000
    outer loop
      vertex  0.370000000000000  0.000000000000000  1.000000000000000
      vertex  0.370000000000000  0.246666666666667  0.876666666666667
      vertex  0.370000000000000  0.370000000000000  1.000000000000000
    endloop
  endfacet
  facet normal -1.000000000000000 -0.000000000000000  0.000000000000000
    outer loop
      vertex  0.000000000000000  0.370000000000000  1.000000000000000
      vertex  0.000000000000000  0.370000000000000  0.630000000000000
      vertex  0.000000000000000  0.246666666666667  0.630000000000000
    endloop
  endfacet
  facet normal -1.000000000000000 -0.000000000000000  0.000000000000000
    outer loop
      vertex  0.000000000000000  0.370000000000000  1.000000000000000
      vertex  0.000000000000000  0.246666666666667  0.630000000000000
      vertex  0.000000000000000  0.123333333333333  0.630000000000000
    endloop
  endfacet
  facet normal -1.000000000000000 -0.000000000000000 -0.000000000000000
    outer loop
      vertex  0.000000000000000  0.370000000000000  1.000000000000000
      vertex  0.000000000000000  0.000000000000000  0.630000000000000
      vertex  0.000000000000000  0.000000000000000  1.000000000000000
    endloop
  endfacet
  facet normal -1.000000000000000 -0.000000000000000  0.000000000000000
    outer loop
      vertex  0.000000000000000  0.370000000000000  1.000000000000000
      vertex  0.000000000000000  0.123333333333333  0.630000000000000
      vertex  0.000000000000000  0.000000000000000  0.630000000000000
    endloop
  endfacet
  facet normal -0.426401432711221  0.639602149066831 -0.639602149066832
    outer loop
      vertex  0.630000000000000  0.370000000000000  1.000000000000000
      vertex  0.753333333333333  0.246666666666667  0.794444444444445
      vertex  0.630000000000000  0.246666666666667  0.876666666666667
    endloop
  endfacet
  facet normal -0.639602149066831  0.426401432711221 -0.639602149066832
    outer loop
      vertex  0.753333333333333  0.246666666666667  0.794444444444445
      vertex  0.630000000000000  0.370000000000000  1.000000000000000
      vertex  0.753333333333333  0.370000000000000  0.876666666666667
    endloop
  endfacet
  facet normal -0.229415733870562  0.688247201611685 -0.688247201611685
    outer loop
      vertex  0.630000000000000  0.246666666666667  0.876666666666667
      vertex  0.753333333333333  0.123333333333333  0.712222222222222
      vertex  0.630000000000000  0.123333333333333  0.753333333333333
    endloop
  endfacet
  facet normal -0.485071250072666  0.485071250072666 -0.727606875108999
    outer loop
      vertex  0.753333333333333  0.123333333333333  0.712222222222222
      vertex  0.630000000000000  0.246666666666667  0.876666666666667
      vertex  0.753333333333333  0.246666666666667  0.794444444444445
    endloop
  endfacet
  facet normal -0.000000000000000  0.707106781186548 -0.707106781186547
    outer loop
      vertex  0.630000000000000  0.123333333333333  0.753333333333333
      vertex  0.753333333333333  0.000000000000000  0.630000000000000
      vertex  0.630000000000000  0.000000000000000  0.630000000000000
    endloop
  endfacet
  facet normal -0.267261241912424  0.534522483824849 -0.801783725737273
    outer loop
      vertex  0.753333333333333  0.000000000000000  0.630000000000000
      vertex  0.630000000000000  0.123333333333333  0.753333333333333
      vertex  0.753333333333333  0.123333333333333  0.712222222222222
    endloop
  endfacet
  facet normal -0.485071250072666  0.485071250072666 -0.727606875108999
    outer loop
      vertex  0.753333333333333  0.370000000000000  0.876666666666667
      vertex  0.876666666666667  0.246666666666667  0.712222222222222
      vertex  0.753333333333333  0.246666666666667  0.794444444444445
    endloop
  endfacet
  facet normal -0.688247201611685  0.229415733870562 -0.688247201611685
    outer loop
      vertex  0.876666666666667  0.246666666666667  0.712222222222222
      vertex  0.753333333333333  0.370000000000000  0.876666666666667
      vertex  0.876666666666667  0.370000000000000  0.753333333333333
    endloop
  endfacet
  facet normal -0.267261241912424  0.534522483824849 -0.801783725737273
    outer loop
      vertex  0.753333333333333  0.246666666666667  0.794444444444445
      vertex  0.876666666666667  0.123333333333333  0.671111111111111
      vertex  0.753333333333333  0.123333333333333  0.712222222222222
    endloop
  endfacet
  facet normal -0.534522483824849  0.267261241912424 -0.801783725737273
    outer loop
      vertex  0.876666666666667  0.123333333333333  0.671111111111111
      vertex  0.753333333333333  0.246666666666667  0.794444444444445
      vertex  0.876666666666667  0.246666666666667  0.712222222222222
    endloop
  endfacet
  facet normal -0.000000000000000  0.554700196225229 -0.832050294337843
    outer loop
      vertex  0.753333333333333  0.123333333333333  0.712222222222222
      vertex  0.876666666666667  0.000000000000000  0.630000000000000
      vertex  0.753333333333333  0.000000000000000  0.630000000000000
    endloop
  endfacet
  facet normal -0.301511344577764  0.301511344577764 -0.904534033733291
    outer loop
      vertex  0.876666666666667  0.000000000000000  0.630000000000000
      vertex  0.753333333333333  0.123333333333333  0.712222222222222
      vertex  0.876666666666667  0.123333333333333  0.671111111111111
    endloop
  endfacet
  facet normal -0.534522483824849  0.267261241912424 -0.801783725737273
    outer loop
      vertex  0.876666666666667  0.370000000000000  0.753333333333333
      vertex  1.000000000000000  0.246666666666667  0.630000000000000
      vertex  0.876666666666667  0.246666666666667  0.712222222222222
    endloop
  endfacet
  facet normal -0.707106781186548 -0.000000000000000 -0.707106781186547
    outer loop
      vertex  1.000000000000000  0.246666666666667  0.630000000000000
      vertex  0.876666666666667  0.370000000000000  0.753333333333333
      vertex  1.000000000000000  0.370000000000000  0.630000000000000
    endloop
  endfacet
  facet normal -0.301511344577764  0.301511344577763 -0.904534033733291
    outer loop
      vertex  0.876666666666667  0.246666666666667  0.712222222222222
      vertex  1.000000000000000  0.123333333333333  0.630000000000000
      vertex  0.876666666666667  0.123333333333333  0.671111111111111
    endloop
  endfacet
  facet normal -0.554700196225230 -0.000000000000000 -0.832050294337843
    outer loop
      vertex  1.000000000000000  0.123333333333333  0.630000000000000
      vertex  0.876666666666667  0.246666666666667  0.712222222222222
      vertex  1.000000000000000  0.246666666666667  0.630000000000000
    endloop
  endfacet
  facet normal -0.000000000000000  0.316227766016839 -0.948683298050514
    outer loop
      vertex  0.876666666666667  0.123333333333333  0.671111111111111
      vertex  1.000000000000000  0.000000000000000  0.630000000000000
      vertex  0.876666666666667  0.000000000000000  0.630000000000000
    endloop
  endfacet
  facet normal -0.316227766016839 -0.000000000000000 -0.948683298050514
    outer loop
      vertex  1.000000000000000  0.000000000000000  0.630000000000000
      vertex  0.876666666666667  0.123333333333333  0.671111111111111
      vertex  1.000000000000000  0.123333333333333  0.630000000000000
    endloop
  endfacet
  facet normal -0.000000000000000 -0.000000000000000  1.000000000000000
    outer loop
      vertex  1.000000000000000  0.000000000000000  1.000000000000000
      vertex  0.630000000000000  0.370000000000000  1.000000000000000
      vertex  0.630000000000000  0.000000000000000  1.000000000000000
    endloop
  endfacet
  facet normal  0.000000000000000  0.000000000000000  1.000000000000000
    outer loop
      vertex  1.000000000000000  0.000000000000000  1.000000000000000
      vertex  1.000000000000000  0.370000000000000  1.000000000000000
      vertex  0.630000000000000  0.370000000000000  1.000000000000000
    endloop
  endfacet
  facet normal -0.000000000000000  1.000000000000000 -0.000000000000000
    outer loop
      vertex  1.000000000000000  0.370000000000000  1.000000000000000
      vertex  1.000000000000000  0.370000000000000  0.630000000000000
      vertex  0.876666666666667  0.370000000000000  0.753333333333333
    endloop
  endfacet
  facet normal -0.000000000000000  1.000000000000000 -0.000000000000000
    outer loop
      vertex  1.000000000000000  0.370000000000000  1.000000000000000
      vertex  0.876666666666667  0.370000000000000  0.753333333333333
      vertex  0.753333333333333  0.370000000000000  0.876666666666667
    endloop
  endfacet
  facet normal -0.000000000000000  1.000000000000000 -0.000000000000000
    outer loop
      vertex  1.000000000000000  0.370000000000000  1.000000000000000
      vertex  0.753333333333333  0.370000000000000  0.876666666666667
      vertex  0.630000000000000  0.370000000000000  1.000000000000000
    endloop
  endfacet
  facet normal -0.000000000000000 -1.000000000000000  0.000000000000000
    outer loop
      vertex  0.630000000000000  0.000000000000000  1.000000000000000
      vertex  0.630000000000000  0.000000000000000  0.630000000000000
      vertex  0.753333333333333  0.000000000000000  0.630000000000000
    endloop
  endfacet
  facet normal -0.000000000000000 -1.000000000000000  0.000000000000000
    outer loop
      vertex  0.630000000000000  0.000000000000000  1.000000000000000
      vertex  0.753333333333333  0.000000000000000  0.630000000000000
      vertex  0.876666666666667  0.000000000000000  0.630000000000000
    endloop
  endfacet
  facet normal -0.000000000000000 -1.000000000000000  0.000000000000000
    outer loop
      vertex  0.630000000000000  0.000000000000000  1.000000000000000
      vertex  1.000000000000000  0.000000000000000  0.630000000000000
      vertex  1.000000000000000  0.000000000000000  1.000000000000000
    endloop
  endfacet
  facet normal -0.000000000000000 -1.000000000000000  0.000000000000000
    outer loop
      vertex  0.630000000000000  0.000000000000000  1.000000000000000
      vertex  0.876666666666667  0.000000000000000  0.630000000000000
      vertex  1.000000000000000  0.000000000000000  0.630000000000000
    endloop
  endfacet
  facet normal -1.000000000000000 -0.000000000000000 -0.000000000000000
    outer loop
      vertex  0.630000000000000  0.000000000000000  1.000000000000000
      vertex  0.630000000000000  0.370000000000000  1.000000000000000
      vertex  0.630000000000000  0.246666666666667  0.876666666666667
    endloop
  endfacet
  facet normal -1.000000000000000 -0.000000000000000 -0.000000000000000
    outer loop
      vertex  0.630000000000000  0.000000000000000  1.000000000000000
      vertex  0.630000000000000  0.246666666666667  0.876666666666667
      vertex  0.630000000000000  0.123333333333333  0.753333333333333
    endloop
  endfacet
  facet normal -1.000000000000000 -0.000000000000000  0.000000000000000
    outer loop
      vertex  0.630000000000000  0.000000000000000  1.000000000000000
      vertex  0.630000000000000  0.123333333333333  0.753333333333333
      vertex  0.630000000000000  0.000000000000000  0.630000000000000
    endloop
  endfacet
  facet normal  1.000000000000000 -0.000000000000000 -0.000000000000000
    outer loop
      vertex  1.000000000000000  0.000000000000000  1.000000000000000
      vertex  1.000000000000000  0.000000000000000  0.630000000000000
      vertex  1.000000000000000  0.123333333333333  0.630000000000000
    endloop
  endfacet
  facet normal  1.000000000000000 -0.000000000000000 -0.000000000000000
    outer loop
      vertex  1.000000000000000  0.000000000000000  1.000000000000000
      vertex  1.000000000000000  0.123333333333333  0.630000000000000
      vertex  1.000000000000000  0.246666666666667  0.630000000000000
    endloop
  endfacet
  facet normal  1.000000000000000 -0.000000000000000 -0.000000000000000
    outer loop
      vertex  1.000000000000000  0.000000000000000  1.000000000000000
      vertex  1.000000000000000  0.370000000000000  0.630000000000000
      vertex  1.000000000000000  0.370000000000000  1.000000000000000
    endloop
  endfacet
  facet normal  1.000000000000000 -0.000000000000000 -0.000000000000000
    outer loop
      vertex  1.000000000000000  0.000000000000000  1.000000000000000
      vertex  1.000000000000000  0.246666666666667  0.630000000000000
      vertex  1.000000000000000  0.370000000000000  0.630000000000000
    endloop
  endfacet
  facet normal  0.426401432711221 -0.639602149066831 -0.639602149066832
    outer loop
      vertex  0.370000000000000  0.630000000000000  1.000000000000000
      vertex  0.246666666666667  0.753333333333333  0.794444444444445
      vertex  0.370000000000000  0.753333333333333  0.876666666666667
    endloop
  endfacet
  facet normal  0.639602149066831 -0.426401432711221 -0.639602149066832
    outer loop
      vertex  0.246666666666667  0.753333333333333  0.794444444444445
      vertex  0.370000000000000  0.630000000000000  1.000000000000000
      vertex  0.246666666666667  0.630000000000000  0.876666666666667
    endloop
  endfacet
  facet normal  0.229415733870562 -0.688247201611685 -0.688247201611685
    outer loop
      vertex  0.370000000000000  0.753333333333333  0.876666666666667
      vertex  0.246666666666667  0.876666666666667  0.712222222222222
      vertex  0.370000000000000  0.876666666666667  0.753333333333333
    endloop
  endfacet
  facet normal  0.485071250072666 -0.485071250072666 -0.727606875108999
    outer loop
      vertex  0.246666666666667  0.876666666666667  0.712222222222222
      vertex  0.370000000000000  0.753333333333333  0.876666666666667
      vertex  0.246666666666667  0.753333333333333  0.794444444444445
    endloop
  endfacet
  facet normal  0.000000000000000 -0.707106781186548 -0.707106781186547
    outer loop
      vertex  0.370000000000000  0.876666666666667  0.753333333333333
      vertex  0.246666666666667  1.000000000000000  0.630000000000000
      vertex  0.370000000000000  1.000000000000000  0.630000000000000
    endloop
  endfacet
  facet normal  0.267261241912424 -0.534522483824849 -0.801783725737273
    outer loop
      vertex  0.246666666666667  1.000000000000000  0.630000000000000
      vertex  0.370000000000000  0.876666666666667  0.753333333333333
      vertex  0.246666666666667  0.876666666666667  0.712222222222222
    endloop
  endfacet
  facet normal  0.485071250072666 -0.485071250072666 -0.727606875108999
    outer loop
      vertex  0.246666666666667  0.630000000000000  0.876666666666667
      vertex  0.123333333333333  0.753333333333333  0.712222222222222
      vertex  0.246666666666667  0.753333333333333  0.794444444444445
    endloop
  endfacet
  facet normal  0.688247201611685 -0.229415733870562 -0.688247201611685
    outer loop
      vertex  0.123333333333333  0.753333333333333  0.712222222222222
      vertex  0.246666666666667  0.630000000000000  0.876666666666667
      vertex  0.123333333333333  0.630000000000000  0.753333333333333
    endloop
  endfacet
  facet normal  0.267261241912424 -0.534522483824849 -0.801783725737273
    outer loop
      vertex  0.246666666666667  0.753333333333333  0.794444444444445
      vertex  0.123333333333333  0.876666666666667  0.671111111111111
      vertex  0.246666666666667  0.876666666666667  0.712222222222222
    endloop
  endfacet
  facet normal  0.534522483824849 -0.267261241912424 -0.801783725737273
    outer loop
      vertex  0.123333333333333  0.876666666666667  0.671111111111111
      vertex  0.246666666666667  0.753333333333333  0.794444444444445
      vertex  0.123333333333333  0.753333333333333  0.712222222222222
    endloop
  endfacet
  facet normal  0.000000000000000 -0.554700196225230 -0.832050294337843
    outer loop
      vertex  0.246666666666667  0.876666666666667  0.712222222222222
      vertex  0.123333333333333  1.000000000000000  0.630000000000000
      vertex  0.246666666666667  1.000000000000000  0.630000000000000
    endloop
  endfacet
  facet normal  0.301511344577763 -0.301511344577764 -0.904534033733291
    outer loop
      vertex  0.123333333333333  1.000000000000000  0.630000000000000
      vertex  0.246666666666667  0.876666666666667  0.712222222222222
      vertex  0.123333333333333  0.876666666666667  0.671111111111111
    endloop
  endfacet
  facet normal  0.534522483824849 -0.267261241912424 -0.801783725737273
    outer loop
      vertex  0.123333333333333  0.630000000000000  0.753333333333333
      vertex  0.000000000000000  0.753333333333333  0.630000000000000
      vertex  0.123333333333333  0.753333333333333  0.712222222222222
    endloop
  endfacet
  facet normal  0.707106781186548 -0.000000000000000 -0.707106781186547
    outer loop
      vertex  0.000000000000000  0.753333333333333  0.630000000000000
      vertex  0.123333333333333  0.630000000000000  0.753333333333333
      vertex  0.000000000000000  0.630000000000000  0.630000000000000
    endloop
  endfacet
  facet normal  0.301511344577764 -0.301511344577764 -0.904534033733291
    outer loop
      vertex  0.123333333333333  0.753333333333333  0.712222222222222
      vertex  0.000000000000000  0.876666666666667  0.630000000000000
      vertex  0.123333333333333  0.876666666666667  0.671111111111111
    endloop
  endfacet
  facet normal  0.554700196225229 -0.000000000000000 -0.832050294337843
    outer loop
      vertex  0.000000000000000  0.876666666666667  0.630000000000000
      vertex  0.123333333333333  0.753333333333333  0.712222222222222
      vertex  0.000000000000000  0.753333333333333  0.630000000000000
    endloop
  endfacet
  facet normal  0.000000000000000 -0.316227766016839 -0.948683298050514
    outer loop
      vertex  0.123333333333333  0.876666666666667  0.671111111111111
      vertex  0.000000000000000  1.000000000000000  0.630000000000000
      vertex  0.123333333333333  1.000000000000000  0.630000000000000
    endloop
  endfacet
  facet normal  0.316227766016839 -0.000000000000000 -0.948683298050514
    outer loop
      vertex  0.000000000000000  1.000000000000000  0.630000000000000
      vertex  0.123333333333333  0.876666666666667  0.671111111111111
      vertex  0.000000000000000  0.876666666666667  0.630000000000000
    endloop
  endfacet
  facet normal -0.000000000000000 -0.000000000000000  1.000000000000000
    outer loop
      vertex  0.000000000000000  1.000000000000000  1.000000000000000
      vertex  0.370000000000000  0.630000000000000  1.000000000000000
      vertex  0.370000000000000  1.000000000000000  1.000000000000000
    endloop
  endfacet
  facet normal -0.000000000000000 -0.000000000000000  1.000000000000000
    outer loop
      vertex  0.000000000000000  1.000000000000000  1.000000000000000
      vertex  0.000000000000000  0.630000000000000  1.000000000000000
      vertex  0.370000000000000  0.630000000000000  1.000000000000000
    endloop
  endfacet
  facet normal -0.000000000000000 -1.000000000000000  0.000000000000000
    outer loop
      vertex  0.000000000000000  0.630000000000000  1.000000000000000
      vertex  0.000000000000000  0.630000000000000  0.630000000000000
      vertex  0.123333333333333  0.630000000000000  0.753333333333333
    endloop
  endfacet
  facet normal -0.000000000000000 -1.000000000000000  0.000000000000000
    outer loop
      vertex  0.000000000000000  0.630000000000000  1.000000000000000
      vertex  0.123333333333333  0.630000000000000  0.753333333333333
      vertex  0.246666666666667  0.630000000000000  0.876666666666667
    endloop
  endfacet
  facet normal -0.000000000000000 -1.000000000000000  0.000000000000000
    outer loop
      vertex  0.000000000000000  0.630000000000000  1.000000000000000
      vertex  0.246666666666667  0.630000000000000  0.876666666666667
      vertex  0.370000000000000  0.630000000000000  1.000000000000000
    endloop
  endfacet
  facet normal -0.000000000000000  1.000000000000000 -0.000000000000000
    outer loop
      vertex  0.370000000000000  1.000000000000000  1.000000000000000
      vertex  0.370000000000000  1.000000000000000  0.630000000000000
      vertex  0.246666666666667  1.000000000000000  0.630000000000000
    endloop
  endfacet
  facet normal -0.000000000000000  1.000000000000000 -0.000000000000000
    outer loop
      vertex  0.370000000000000  1.000000000000000  1.000000000000000
      vertex  0.246666666666667  1.000000000000000  0.630000000000000
      vertex  0.123333333333333  1.000000000000000  0.630000000000000
    endloop
  endfacet
  facet normal -0.000000000000000  1.000000000000000 -0.000000000000000
    outer loop
      vertex  0.370000000000000  1.000000000000000  1.000000000000000
      vertex  0.000000000000000  1.000000000000000  0.630000000000000
      vertex  0.000000000000000  1.000000000000000  1.000000000000000
    endloop
  endfacet
  facet normal -0.000000000000000  1.000000000000000 -0.000000000000000
    outer loop
      vertex  0.370000000000000  1.000000000000000  1.000000000000000
      vertex  0.123333333333333  1.000000000000000  0.630000000000000
      vertex  0.000000000000000  1.000000000000000  0.630000000000000
    endloop
  endfacet
  facet normal  1.000000000000000 -0.000000000000000 -0.000000000000000
    outer loop
      vertex  0.370000000000000  1.000000000000000  1.000000000000000
      vertex  0.370000000000000  0.630000000000000  1.000000000000000
      vertex  0.370000000000000  0.753333333333333  0.876666666666667
    endloop
  endfacet
  facet normal  1.000000000000000 -0.000000000000000 -0.000000000000000
    outer loop
      vertex  0.370000000000000  1.000000000000000  1.000000000000000
      vertex  0.370000000000000  0.753333333333333  0.876666666666667
      vertex  0.370000000000000  0.876666666666667  0.753333333333333
    endloop
  endfacet
  facet normal  1.000000000000000 -0.000000000000000 -0.000000000000000
    outer loop
      vertex  0.370000000000000  1.000000000000000  1.000000000000000
      vertex  0.370000000000000  0.876666666666667  0.753333333333333
      vertex  0.370000000000000  1.000000000000000  0.630000000000000
    endloop
  endfacet
  facet normal -1.000000000000000 -0.000000000000000  0.000000000000000
    outer loop
      vertex  0.000000000000000  1.000000000000000  1.000000000000000
      vertex  0.000000000000000  1.000000000000000  0.630000000000000
      vertex  0.000000000000000  0.876666666666667  0.630000000000000
    endloop
  endfacet
  facet normal -1.000000000000000 -0.000000000000000  0.000000000000000
    outer loop
      vertex  0.000000000000000  1.000000000000000  1.000000000000000
      vertex  0.000000000000000  0.876666666666667  0.630000000000000
      vertex  0.000000000000000  0.753333333333333  0.630000000000000
    endloop
  endfacet
  facet normal -1.000000000000000 -0.000000000000000 -0.000000000000000
    outer loop
      vertex  0.000000000000000  1.000000000000000  1.000000000000000
      vertex  0.000000000000000  0.630000000000000  0.630000000000000
      vertex  0.000000000000000  0.630000000000000  1.000000000000000
    endloop
  endfacet
  facet normal -1.000000000000000 -0.000000000000000  0.000000000000000
    outer loop
      vertex  0.000000000000000  1.000000000000000  1.000000000000000
      vertex  0.000000000000000  0.753333333333333  0.630000000000000
      vertex  0.000000000000000  0.630000000000000  0.630000000000000
    endloop
  endfacet
  facet normal -0.426401432711221 -0.639602149066831 -0.639602149066832
    outer loop
      vertex  0.630000000000000  0.630000000000000  1.000000000000000
      vertex  0.630000000000000  0.753333333333333  0.876666666666667
      vertex  0.753333333333333  0.753333333333333  0.794444444444445
    endloop
  endfacet
  facet normal -0.639602149066831 -0.426401432711221 -0.639602149066832
    outer loop
      vertex  0.753333333333333  0.753333333333333  0.794444444444445
      vertex  0.753333333333333  0.630000000000000  0.876666666666667
      vertex  0.630000000000000  0.630000000000000  1.000000000000000
    endloop
  endfacet
  facet normal -0.229415733870562 -0.688247201611685 -0.688247201611685
    outer loop
      vertex  0.630000000000000  0.753333333333333  0.876666666666667
      vertex  0.630000000000000  0.876666666666667  0.753333333333333
      vertex  0.753333333333333  0.876666666666667  0.712222222222222
    endloop
  endfacet
  facet normal -0.485071250072666 -0.485071250072666 -0.727606875108999
    outer loop
      vertex  0.753333333333333  0.876666666666667  0.712222222222222
      vertex  0.753333333333333  0.753333333333333  0.794444444444445
      vertex  0.630000000000000  0.753333333333333  0.876666666666667
    endloop
  endfacet
  facet normal  0.000000000000000 -0.707106781186548 -0.707106781186547
    outer loop
      vertex  0.630000000000000  0.876666666666667  0.753333333333333
      vertex  0.630000000000000  1.000000000000000  0.630000000000000
      vertex  0.753333333333333  1.000000000000000  0.630000000000000
    endloop
  endfacet
  facet normal -0.267261241912424 -0.534522483824849 -0.801783725737273
    outer loop
      vertex  0.753333333333333  1.000000000000000  0.630000000000000
      vertex  0.753333333333333  0.876666666666667  0.712222222222222
      vertex  0.630000000000000  0.876666666666667  0.753333333333333
    endloop
  endfacet
  facet normal -0.485071250072666 -0.485071250072666 -0.727606875108999
    outer loop
      vertex  0.753333333333333  0.630000000000000  0.876666666666667
      vertex  0.753333333333333  0.753333333333333  0.794444444444445
      vertex  0.876666666666667  0.753333333333333  0.712222222222222
    endloop
  endfacet
  facet normal -0.688247201611685 -0.229415733870562 -0.688247201611685
    outer loop
      vertex  0.876666666666667  0.753333333333333  0.712222222222222
      vertex  0.876666666666667  0.630000000000000  0.753333333333333
      vertex  0.753333333333333  0.630000000000000  0.876666666666667
    endloop
  endfacet
  facet normal -0.267261241912424 -0.534522483824849 -0.801783725737273
    outer loop
      vertex  0.753333333333333  0.753333333333333  0.794444444444445
      vertex  0.753333333333333  0.876666666666667  0.712222222222222
      vertex  0.876666666666667  0.876666666666667  0.671111111111111
    endloop
  endfacet
  facet normal -0.534522483824849 -0.267261241912424 -0.801783725737273
    outer loop
      vertex  0.876666666666667  0.876666666666667  0.671111111111111
      vertex  0.876666666666667  0.753333333333333  0.712222222222222
      vertex  0.753333333333333  0.753333333333333  0.794444444444445
    endloop
  endfacet
  facet normal  0.000000000000000 -0.554700196225230 -0.832050294337843
    outer loop
      vertex  0.753333333333333  0.876666666666667  0.712222222222222
      vertex  0.753333333333333  1.000000000000000  0.630000000000000
      vertex  0.876666666666667  1.000000000000000  0.630000000000000
    endloop
  endfacet
  facet normal -0.301511344577764 -0.301511344577764 -0.904534033733291
    outer loop
      vertex  0.876666666666667  1.000000000000000  0.630000000000000
      vertex  0.876666666666667  0.876666666666667  0.671111111111111
      vertex  0.753333333333333  0.876666666666667  0.712222222222222
    endloop
  endfacet
  facet normal -0.534522483824849 -0.267261241912424 -0.801783725737273
    outer loop
      vertex  0.876666666666667  0.630000000000000  0.753333333333333
      vertex  0.876666666666667  0.753333333333333  0.712222222222222
      vertex  1.000000000000000  0.753333333333333  0.630000000000000
    endloop
  endfacet
  facet normal -0.707106781186548 -0.000000000000000 -0.707106781186547
    outer loop
      vertex  1.000000000000000  0.753333333333333  0.630000000000000
      vertex  1.000000000000000  0.630000000000000  0.630000000000000
      vertex  0.876666666666667  0.630000000000000  0.753333333333333
    endloop
  endfacet
  facet normal -0.301511344577764 -0.301511344577764 -0.904534033733291
    outer loop
      vertex  0.876666666666667  0.753333333333333  0.712222222222222
      vertex  0.876666666666667  0.876666666666667  0.671111111111111
      vertex  1.000000000000000  0.876666666666667  0.630000000000000
    endloop
  endfacet
  facet normal -0.554700196225230 -0.000000000000000 -0.832050294337843
    outer loop
      vertex  1.000000000000000  0.876666666666667  0.630000000000000
      vertex  1.000000000000000  0.753333333333333  0.630000000000000
      vertex  0.876666666666667  0.753333333333333  0.712222222222222
    endloop
  endfacet
  facet normal  0.000000000000000 -0.316227766016839 -0.948683298050514
    outer loop
      vertex  0.876666666666667  0.876666666666667  0.671111111111111
      vertex  0.876666666666667  1.000000000000000  0.630000000000000
      vertex  1.000000000000000  1.000000000000000  0.630000000000000
    endloop
  endfacet
  facet normal -0.316227766016839 -0.000000000000000 -0.948683298050514
    outer loop
      vertex  1.000000000000000  1.000000000000000  0.630000000000000
      vertex  1.000000000000000  0.876666666666667  0.630000000000000
      vertex  0.876666666666667  0.876666666666667  0.671111111111111
    endloop
  endfacet
  facet normal -0.000000000000000 -0.000000000000000  1.000000000000000
    outer loop
      vertex  1.000000000000000  1.000000000000000  1.000000000000000
      vertex  0.630000000000000  0.630000000000000  1.000000000000000
      vertex  1.000000000000000  0.630000000000000  1.000000000000000
    endloop
  endfacet
  facet normal -0.000000000000000 -0.000000000000000  1.000000000000000
    outer loop
      vertex  1.000000000000000  1.000000000000000  1.000000000000000
      vertex  0.630000000000000  1.000000000000000  1.000000000000000
      vertex  0.630000000000000  0.630000000000000  1.000000000000000
    endloop
  endfacet
  facet normal  0.000000000000000 -1.000000000000000 -0.000000000000000
    outer loop
      vertex  1.000000000000000  0.630000000000000  1.000000000000000
      vertex  0.630000000000000  0.630000000000000  1.000000000000000
      vertex  0.753333333333333  0.630000000000000  0.876666666666667
    endloop
  endfacet
  facet normal  0.000000000000000 -1.000000000000000 -0.000000000000000
    outer loop
      vertex  1.000000000000000  0.630000000000000  1.000000000000000
      vertex  0.753333333333333  0.630000000000000  0.876666666666667
      vertex  0.876666666666667  0.630000000000000  0.753333333333333
    endloop
  endfacet
  facet normal  0.000000000000000 -1.000000000000000 -0.000000000000000
    outer loop
      vertex  1.000000000000000  0.630000000000000  1.000000000000000
      vertex  0.876666666666667  0.630000000000000  0.753333333333333
      vertex  1.000000000000000  0.630000000000000  0.630000000000000
    endloop
  endfacet
  facet normal -0.000000000000000  1.000000000000000 -0.000000000000000
    outer loop
      vertex  1.000000000000000  1.000000000000000  1.000000000000000
      vertex  1.000000000000000  1.000000000000000  0.630000000000000
      vertex  0.876666666666667  1.000000000000000  0.630000000000000
    endloop
  endfacet
  facet normal -0.000000000000000  1.000000000000000 -0.000000000000000
    outer loop
      vertex  1.000000000000000  1.000000000000000  1.000000000000000
      vertex  0.876666666666667  1.000000000000000  0.630000000000000
      vertex  0.753333333333333  1.000000000000000  0.630000000000000
    endloop
  endfacet
  facet normal -0.000000000000000  1.000000000000000 -0.000000000000000
    outer loop
      vertex  1.000000000000000  1.000000000000000  1.000000000000000
      vertex  0.630000000000000  1.000000000000000  0.630000000000000
      vertex  0.630000000000000  1.000000000000000  1.000000000000000
    endloop
  endfacet
  facet normal -0.000000000000000  1.000000000000000 -0.000000000000000
    outer loop
      vertex  1.000000000000000  1.000000000000000  1.000000000000000
      vertex  0.753333333333333  1.000000000000000  0.630000000000000
      vertex  0.630000000000000  1.000000000000000  0.630000000000000
    endloop
  endfacet
  facet normal -1.000000000000000 -0.000000000000000  0.000000000000000
    outer loop
      vertex  0.630000000000000  1.000000000000000  1.000000000000000
      vertex  0.630000000000000  1.000000000000000  0.630000000000000
      vertex  0.630000000000000  0.876666666666667  0.753333333333333
    endloop
  endfacet
  facet normal -1.000000000000000 -0.000000000000000  0.000000000000000
    outer loop
      vertex  0.630000000000000  1.000000000000000  1.000000000000000
      vertex  0.630000000000000  0.876666666666667  0.753333333333333
      vertex  0.630000000000000  0.753333333333333  0.876666666666667
    endloop
  endfacet
  facet normal -1.000000000000000 -0.000000000000000  0.000000000000000
    outer loop
      vertex  0.630000000000000  1.000000000000000  1.000000000000000
      vertex  0.630000000000000  0.753333333333333  0.876666666666667
      vertex  0.630000000000000  0.630000000000000  1.000000000000000
    endloop
  endfacet
  facet normal  1.000000000000000 -0.000000000000000 -0.000000000000000
    outer loop
      vertex  1.000000000000000  0.630000000000000  1.000000000000000
      vertex  1.000000000000000  0.630000000000000  0.630000000000000
      vertex  1.000000000000000  0.753333333333333  0.630000000000000
    endloop
  endfacet
  facet normal  1.000000000000000 -0.000000000000000 -0.000000000000000
    outer loop
      vertex  1.000000000000000  0.630000000000000  1.000000000000000
      vertex  1.000000000000000  0.753333333333333  0.630000000000000
      vertex  1.000000000000000  0.876666666666667  0.630000000000000
    endloop
  endfacet
  facet normal  1.000000000000000 -0.000000000000000 -0.000000000000000
    outer loop
      vertex  1.000000000000000  0.630000000000000  1.000000000000000
      vertex  1.000000000000000  1.000000000000000  0.630000000000000
      vertex  1.000000000000000  1.000000000000000  1.000000000000000
    endloop
  endfacet
  facet normal  1.000000000000000 -0.000000000000000 -0.000000000000000
    outer loop
      vertex  1.000000000000000  0.630000000000000  1.000000000000000
      vertex  1.000000000000000  0.876666666666667  0.630000000000000
      vertex  1.000000000000000  1.000000000000000  0.630000000000000
    endloop
  endfacet
endsolid

